order_id,customer_id,order_status,order_purchase_timestamp,order_approved_at,order_delivered_carrier_date,order_delivered_customer_date,order_estimated_delivery_date
2e7a8482f6fb09756ca50c10d7bfc047,08c5351a6aca1c1589a38f244edeee9d,shipped,2016-09-04 21:15:19,2016-10-07 13:18:03,2016-10-18 13:14:51,,2016-10-20 00:00:00
e5fa5a7210941f7d56d0208e4e071d35,683c54fc24d40ee9f8a6fc179fd9856c,canceled,2016-09-05 00:15:34,2016-10-07 13:17:15,,,2016-10-28 00:00:00
809a282bbd5dbcabb6f2f724fca862ec,622e13439d6b5a0b486c435618b2679e,canceled,2016-09-13 15:24:19,2016-10-07 13:16:46,,,2016-09-30 00:00:00
bfbd0f9bdef84302105ad712db648a6c,86dc2ffce2dfff336de2f386a786e574,delivered,2016-09-15 12:16:38,2016-09-15 12:16:38,2016-11-07 17:11:53,2016-11-09 07:47:38,2016-10-04 00:00:00
71303d7e93b399f5bcd537d124c0bcfa,b106b360fe2ef8849fbbd056f777b4d5,canceled,2016-10-02 22:07:52,2016-10-06 15:50:56,,,2016-10-25 00:00:00
3b697a20d9e427646d92567910af6d57,355077684019f7f60a031656bd7262b8,delivered,2016-10-03 09:44:50,2016-10-06 15:50:54,2016-10-23 14:02:13,2016-10-26 14:02:13,2016-10-27 00:00:00
be5bc2f0da14d8071e2d45451ad119d9,7ec40b22510fdbea1b08921dd39e63d8,delivered,2016-10-03 16:56:50,2016-10-06 16:03:44,2016-10-21 16:33:46,2016-10-27 18:19:38,2016-11-07 00:00:00
65d1e226dfaeb8cdc42f665422522d14,70fc57eeae292675927697fe03ad3ff5,canceled,2016-10-03 21:01:41,2016-10-04 10:18:57,2016-10-25 12:14:28,2016-11-08 10:58:34,2016-11-25 00:00:00
a41c8759fbe7aab36ea07e038b2d4465,6f989332712d3222b6571b1cf5b835ce,delivered,2016-10-03 21:13:36,2016-10-05 03:11:49,2016-10-25 11:57:59,2016-11-03 10:58:07,2016-11-29 00:00:00
d207cc272675637bfed0062edffd0818,b8cf418e97ae795672d326288dfab7a7,delivered,2016-10-03 22:06:03,2016-10-04 10:28:07,2016-10-21 14:23:37,2016-10-31 11:07:42,2016-11-23 00:00:00
cd3b8574c82b42fc8129f6d502690c3e,7812fcebfc5e8065d31e1bb5f0017dae,delivered,2016-10-03 22:31:31,2016-10-04 10:19:23,2016-10-08 10:34:01,2016-10-14 16:08:00,2016-11-23 00:00:00
ae8a60e4b03c5a4ba9ca0672c164b181,e6f959bf384d1d53b6d68826699bba12,delivered,2016-10-03 22:44:10,2016-10-04 10:28:25,2016-10-30 14:22:04,2016-11-03 14:04:50,2016-12-01 00:00:00
ef1b29b591d31d57c0d7337460dd83c9,dc607dc98d6a11d5d04d9f2a70aa6c34,delivered,2016-10-03 22:51:30,2016-10-04 10:28:19,2016-10-21 14:23:36,2016-11-01 15:14:45,2016-11-25 00:00:00
0a0837a5eee9e7a9ce2b1fa831944d27,4f3f778022aefa22b9f9e52d2c47edf3,delivered,2016-10-04 09:06:10,2016-10-06 11:43:20,2016-10-15 10:33:08,2016-10-22 14:51:18,2016-11-24 00:00:00
1ff217aa612f6cd7c4255c9bfe931c8b,b3a9bf200375f53cc5c6991919c356fd,delivered,2016-10-04 09:16:33,2016-10-04 09:43:32,2016-10-21 16:33:45,2016-10-24 16:33:45,2016-11-24 00:00:00
ed8c7b1b3eb256c70ce0c74231e1da88,da0ba2a9935bca5b4610b0e3bca9d3b4,delivered,2016-10-04 09:59:03,2016-10-04 10:25:46,2016-11-11 15:29:14,2016-11-18 08:51:07,2016-11-24 00:00:00
1aecadf4362edaca7fa033e882076c8d,e81a9f176936e3124dfd90c483bf3289,canceled,2016-10-04 10:05:45,2016-10-04 10:26:40,,,2016-11-24 00:00:00
c3d9e402b6a0fbe2a5f7fc5b41117c38,5720a15d022c09d2634c71c80c8d4102,delivered,2016-10-04 10:16:04,2016-10-04 10:45:33,2016-10-28 15:34:00,2016-11-08 10:41:54,2016-12-08 00:00:00
46046adea0e222a29259bad3d922fee8,e9722ab28655e07763e0ca2751c61c90,delivered,2016-10-04 10:41:17,2016-10-04 11:06:07,2016-10-21 16:29:32,2016-10-24 16:29:32,2016-11-28 00:00:00
80606b26965c5ed21e85a085e0667b63,9e241a9965210ac822859a94c0f33162,delivered,2016-10-04 11:03:14,2016-10-06 07:46:47,2016-11-17 11:21:15,2016-11-17 19:14:41,2016-12-08 00:00:00
620b0acb9258b51defbc51804c5298d5,9012f48ac2c416c82819101da4e4b75e,canceled,2016-10-04 11:44:01,2016-10-05 08:45:09,,,2016-12-06 00:00:00
79ffdd52a918bbe867895a4b183d6457,f9808148a262b51d20e2d777eee6676c,delivered,2016-10-04 12:06:11,2016-10-04 12:25:20,2016-10-25 14:16:48,2016-10-26 16:41:21,2016-11-24 00:00:00
c4b41c36dd589e901f6879f25a74ec1d,4bb880cac21c7a9e1371ab1ebd601706,delivered,2016-10-04 12:53:17,2016-10-04 13:26:11,2016-11-07 16:21:26,2016-11-09 13:37:38,2016-11-24 00:00:00
dd359d3c294458c6d642b2eea9212bf5,5c58d1ea5a893380ecdd96dd6dfd5ec5,invoiced,2016-10-04 13:02:10,2016-10-05 03:08:27,,,2016-11-24 00:00:00
36989eb07a0de2d3d3129eea35553875,aadd27185177fc7ac9b364898ac09343,delivered,2016-10-04 13:11:29,2016-10-04 13:46:31,2016-10-08 13:46:32,2016-10-11 13:46:32,2016-12-06 00:00:00
3f72d2b757e725cd48a4726f831c7789,e0de521fbb397bd7e83d079fe66357b5,delivered,2016-10-04 13:15:46,2016-10-04 13:47:04,2016-10-10 16:45:50,2016-10-17 11:25:59,2016-11-28 00:00:00
f3f12fc90564a9b036680a887cd64668,3c521eac04e2dca4702dcc69789618c2,delivered,2016-10-04 13:15:52,2016-10-04 13:47:06,2016-10-30 13:37:48,2016-11-01 18:07:25,2016-11-24 00:00:00
5b1376fe61863fe3508011db309e35fe,b9c504b633cd3d85d4128856a67209c2,delivered,2016-10-04 13:16:57,2016-10-05 03:11:34,2016-10-14 23:20:15,2016-10-17 20:24:25,2016-12-08 00:00:00
63638a6806d67773f3adba8534553fff,16e14c1e6e050fe6730c961ff638ca23,delivered,2016-10-04 13:22:56,2016-10-04 13:47:45,2016-11-17 15:53:01,2016-11-25 13:17:37,2016-11-28 00:00:00
fbbc9a4fa88f1ccd651790df665b3e57,eba930c3950c6964961c7c72f7f6a461,delivered,2016-10-04 13:30:13,2016-10-05 02:45:16,2016-10-09 02:45:17,2016-10-28 17:05:47,2016-12-02 00:00:00
711b9be9c346d9ecdb9d38a5e1e7e39b,81e4aed5ab4253757305267b80712689,invoiced,2016-10-04 13:38:37,2016-10-04 14:08:38,,,2016-11-24 00:00:00
4d66b3a9d12facad48a3b23cc9fe7898,bd6048a0960b15881f1ae5dca277fb52,delivered,2016-10-04 13:40:43,2016-10-04 14:09:08,2016-10-15 10:33:12,2016-10-17 19:41:12,2016-11-28 00:00:00
22613579f7d11cc59c4347526fc3c79e,53cc5d344077104b59d4f6836a90eb0b,delivered,2016-10-04 13:45:08,2016-10-04 14:27:49,2016-10-15 10:12:47,2016-10-18 22:35:47,2016-11-28 00:00:00
7033745709b7cf1bac7d2533663592de,7f0ca17bb33b230b47459437cf0682c7,delivered,2016-10-04 14:13:22,2016-10-04 14:46:48,2016-10-08 14:46:49,2016-10-11 14:46:49,2016-11-30 00:00:00
35d3a51724a47ef1d0b89911e39cc4ff,27ab53f26192510ff85872aeb3759dcc,delivered,2016-10-04 14:23:50,2016-10-05 02:44:29,2016-10-14 02:44:30,2016-10-26 15:03:52,2016-12-20 00:00:00
356b492aba2d1a7da886e54e0b6212b7,68c74d748a55f9d29e6698f4b01a0df7,delivered,2016-10-04 14:44:33,2016-10-06 16:05:43,2016-10-30 14:23:50,2016-10-31 14:23:50,2016-11-28 00:00:00
60762802b48bb6d256d55b013d115013,01be2c0c2d55c597b5ec011e26e4b0d1,delivered,2016-10-04 14:49:13,2016-10-06 16:03:34,2016-10-30 10:04:46,2016-10-31 23:13:42,2016-11-24 00:00:00
bfd31c6f76ff82a41e7beb05565aec4d,6c65055adfbc0007dbb4c5a22ea5ba8c,canceled,2016-10-04 14:51:15,2016-10-06 15:56:40,,,2016-12-14 00:00:00
5cb8558cbb7c0c2f00f43468579d3e3c,2ff5a6455514da421bd25d6e4ceb1d12,shipped,2016-10-04 15:02:37,2016-10-05 03:10:59,2016-10-15 10:14:10,,2016-12-02 00:00:00
51725d3e4bdfc97e28b40543310da8a3,a0f95ab56c6d3a5ba0036b7fdfeda07f,delivered,2016-10-04 15:02:53,2016-10-05 17:06:51,2016-10-09 17:06:52,2016-10-26 13:21:41,2016-11-28 00:00:00
83812118bb682267a9880ea1b261ac4b,6b4acd0818e5852c5271cb061ccbb493,delivered,2016-10-04 15:07:21,2016-10-07 10:12:10,2016-10-11 10:12:10,2016-10-31 21:57:07,2016-12-08 00:00:00
a041155864e5141116458291313b35c2,8fbab2ff4df1a7cc9531b14a686bb3ce,delivered,2016-10-04 15:10:15,2016-10-06 15:56:27,2016-10-10 15:56:28,2016-10-13 15:56:28,2016-11-24 00:00:00
de1404a068c6c8c909897886a314bad7,5116eacd8d620b734c26a0f04e19b60a,delivered,2016-10-04 15:12:18,2016-10-06 16:05:04,2016-10-18 16:13:50,2016-10-24 20:35:44,2016-12-16 00:00:00
985db56d4cabd2577d0960194dd2cd5a,93b0959b3704e65ceaf6cd4bcdfea834,delivered,2016-10-04 15:35:35,2016-10-06 15:57:13,2016-10-21 16:33:54,2016-10-28 15:03:48,2016-11-30 00:00:00
98974b076b01553d49ee6467905675a7,dc7cdb748679fb6f280f66d7582c5e59,delivered,2016-10-04 15:44:44,2016-10-06 15:57:59,2016-11-11 15:29:15,2016-11-17 08:38:57,2016-11-24 00:00:00
39d0be719247e3b3a38846ba810197ea,0f51eea87ae9e277d0f099d51637772d,delivered,2016-10-04 16:02:18,2016-10-06 15:58:44,2016-10-21 16:18:29,2016-11-07 16:55:57,2016-12-12 00:00:00
d2292ff2201e74c5db154d1b7ae68cbb,53a400fdb22676639e4cbf33197e2a6e,delivered,2016-10-04 16:05:29,2016-10-06 15:59:12,2016-10-21 14:23:38,2016-11-03 10:08:51,2016-11-24 00:00:00
50013835d7b14aefb452825864d3e414,66ab9fd5f2a463fcfa0995c05f46680c,delivered,2016-10-04 16:08:52,2016-10-06 15:53:12,2016-10-21 14:38:42,2016-10-21 16:19:17,2016-11-24 00:00:00
a6475bb7a50387e3c665534e15bd40ac,442d66f0d96f656096dd70f1b0391e40,invoiced,2016-10-04 16:28:25,2016-10-05 02:46:17,,,2016-11-28 00:00:00
6eb51c1c9c69f78ea9fd4665fb98b7d2,7235fa173d845addc1fab54a111725f4,delivered,2016-10-04 16:40:07,2016-10-06 15:56:10,2016-10-10 15:56:11,2016-10-13 15:56:11,2016-11-24 00:00:00
cb29497c3782a76b57327c055d58b0e0,663c23427108785957931a3ac88f6085,delivered,2016-10-04 16:41:59,2016-10-06 15:55:55,2016-10-24 07:05:30,2016-10-29 12:53:41,2016-11-28 00:00:00
6b3ee7697a02619a0ace2b3f0aa46bde,21a6abdf0197fbe57451bd0a1d3c59a2,delivered,2016-10-04 17:08:39,2016-10-06 15:46:02,2016-11-07 16:53:44,2016-11-21 10:38:51,2016-11-24 00:00:00
5204d67853f827d1ee32810bf8f2d6c2,3dc7eb6da6c008460353d9a171e8fe6d,delivered,2016-10-04 17:25:09,2016-10-06 15:45:42,2016-10-10 15:45:44,2016-10-13 15:45:44,2016-11-28 00:00:00
ae0913baa54f18027667d8049c36fde2,c6045ecabc5f74048d727035f82c3826,delivered,2016-10-04 18:02:37,2016-10-06 02:46:32,2016-10-21 16:33:37,2016-10-31 13:17:48,2016-11-30 00:00:00
b0cfee6ce5503781be6004e0e31e4309,9e18a290b9d17b14fe33b68a0ea2bfeb,delivered,2016-10-04 18:07:24,2016-10-06 15:43:50,2016-11-21 09:33:44,2016-11-29 15:23:44,2016-11-28 00:00:00
95e01270fcbae9863423400103359279,7a692b1ff18c8c21156b886e02e80040,delivered,2016-10-04 18:52:56,2016-10-06 15:51:42,2016-11-01 07:27:42,2016-11-04 17:54:00,2016-11-24 00:00:00
03128233e78ed8ade6738f2043f4cf8d,da1c9a7e7fa9de1d48ecd6d6e027313e,delivered,2016-10-04 19:01:13,2016-10-06 15:43:49,2016-10-30 10:41:08,2016-10-31 17:06:03,2016-11-28 00:00:00
90aea7c4e52538a18cb9bbfd16f09185,85f0e92957e9fb9c5f72ba5378f492a0,delivered,2016-10-04 19:25:29,2016-10-06 15:51:51,2016-11-10 13:58:50,2016-11-17 13:07:53,2016-11-28 00:00:00
d1eb8e4e276a4eea13a5c462c0765e60,9031f9dcde5860b34e6c65ac5c796d30,delivered,2016-10-04 19:30:28,2016-10-06 03:10:33,2016-10-10 03:10:34,2016-10-13 03:10:34,2016-12-06 00:00:00
ddaec6fff982b13e7e048b627a11d6da,68f4ad79cc0c2ad06e19088f5c00e9fa,canceled,2016-10-04 19:41:32,,,,2016-11-16 00:00:00
6e0d2539e48e84296bae6290de41058c,1fc56719b52f82c03caddc5faf531fbb,delivered,2016-10-04 19:41:52,2016-10-06 15:51:37,2016-11-10 16:47:52,2016-11-17 09:23:50,2016-11-30 00:00:00
966f96af9d189dc428ff04ebbca821b8,90e1931af4fb878dbe45c79e6e458015,canceled,2016-10-04 20:41:45,2016-10-06 15:57:38,,,2016-11-24 00:00:00
893dc49276696129a9bf6f2a9fe23e57,483da61b9de320d057934319d30504b5,delivered,2016-10-04 20:41:55,2016-10-06 15:45:18,2016-10-31 14:38:06,2016-11-03 15:17:39,2016-11-28 00:00:00
bb9fd560a08ca7403789dedaca85da14,fa56d5dbed23c641e19a12b6d7392833,delivered,2016-10-04 21:25:32,2016-10-06 15:46:29,2016-10-27 19:02:09,2016-11-05 11:04:57,2016-11-28 00:00:00
8d47519f5c9c42540b37bd3db0492878,5dd777a48c8124ad7284bf0ae14057e9,delivered,2016-10-04 21:32:35,2016-10-06 15:45:52,2016-10-30 13:25:25,2016-11-07 15:11:47,2016-11-30 00:00:00
88130f20a472f28fcca9dd5d50358820,8eff66e5b7c425dfbbe9a2cbf0f3883f,delivered,2016-10-04 21:35:54,2016-10-06 15:44:28,2016-10-15 10:29:52,2016-10-18 22:57:42,2016-11-28 00:00:00
5cc475c7c03290048eb2e742cd64cb5e,75e8f990b9e289013b1d092614b52487,delivered,2016-10-04 21:54:52,2016-10-05 03:10:31,2016-12-06 17:24:00,2016-12-12 20:31:54,2016-11-24 00:00:00
cfdc6f2061897ed3b3f1a9ac3437c6f9,1365d1374ca6c72869ff0c56963f176c,delivered,2016-10-04 22:03:46,2016-10-06 15:44:09,2016-10-10 15:44:09,2016-10-17 15:36:53,2016-11-28 00:00:00
d2d67121a09535b3a7b6a000e58d8625,a17dc8aaea9743dbccaca067b5ac3b43,delivered,2016-10-04 22:15:11,2016-10-06 16:00:41,2016-10-10 16:00:43,2016-10-13 16:00:43,2016-11-24 00:00:00
8b388d845a3e8700444b971fa2bef902,00474d2582fd72663036795b7ab8cfc1,delivered,2016-10-04 22:33:44,2016-10-06 03:10:59,2016-10-28 13:28:35,2016-11-08 14:03:58,2016-12-06 00:00:00
a9fc3ae13c740ad46532fd50b61c69d5,04a043776b45158df5f274435321c199,delivered,2016-10-04 22:43:33,2016-10-06 15:44:56,2016-10-10 15:44:57,2016-10-13 15:44:57,2016-11-28 00:00:00
dd11631d8b02780b78bd97ec44a1ca8c,a05daaa7b79d7053da895ee3b342cf2d,delivered,2016-10-04 23:08:08,2016-10-06 15:50:14,2016-10-31 14:38:06,2016-11-04 12:45:51,2016-11-28 00:00:00
1c4deb98d216d2fda120204a5fcfb57d,76329463ae17ce6629dd04e014aa72e4,delivered,2016-10-04 23:26:51,2016-10-06 15:51:36,2016-10-30 10:47:42,2016-10-31 21:49:01,2016-11-30 00:00:00
a8c3f65a43b2e956cbfca10db4300853,c2c97a4df7be5639a8976ed8b8516e81,delivered,2016-10-04 23:39:01,2016-10-06 15:46:26,2016-10-15 12:39:45,2016-10-20 19:14:53,2016-11-24 00:00:00
f001655c8c646cd1b5185bbc2e7534f3,ce210e14256d0dea4b6b487c2ed032d0,delivered,2016-10-04 23:45:54,2016-10-07 16:37:42,2016-10-21 16:25:22,2016-10-24 16:25:22,2016-11-28 00:00:00
bcbc0973414b1dd97555e6f8e9713cfa,3f6f000d5b0a959f38481fad4ab7cac2,delivered,2016-10-04 23:59:01,2016-10-05 03:45:41,2016-10-09 03:45:42,2016-10-16 10:41:50,2016-11-28 00:00:00
7a7d2c889e27d93b2005462a8788e168,88927ff4f54b497957d9947e926ec6fe,delivered,2016-10-05 00:32:31,2016-10-06 15:57:05,2016-10-30 14:03:48,2016-10-31 14:03:48,2016-11-25 00:00:00
a68ce1686d536ca72bd2dadc4b8671e5,d7bed5fac093a4136216072abaf599d5,shipped,2016-10-05 01:47:40,2016-10-07 03:11:22,2016-11-07 16:37:37,,2016-12-01 00:00:00
cbbb524a0e1646aa6cf7a3c0bbe517ad,dacb079d55ffb1d3955c5d923df3ebb7,delivered,2016-10-05 07:31:49,2016-10-06 02:46:24,2016-10-10 02:46:24,2016-10-16 14:36:00,2016-12-07 00:00:00
18dad78c0f87f4c45ef196daeaa3ffbb,e4780f4524969db38b49dd1c82e03fcc,delivered,2016-10-05 08:01:47,2016-10-06 15:55:39,2016-10-15 10:31:16,2016-10-17 16:47:46,2016-11-29 00:00:00
b2f92b2f7047cd8b35580d629d7b3bfb,1cbeb91a58bd89ee2df1bc32f3311209,delivered,2016-10-05 08:04:21,2016-10-06 15:57:10,2016-11-11 07:31:31,2016-11-17 16:23:47,2016-11-25 00:00:00
34c718970b33419ed6d537a90366231b,ac68706c6f747bf0f7e7986a7ba40155,delivered,2016-10-05 08:41:18,2016-10-06 15:44:00,2016-10-24 16:33:49,2016-10-31 21:41:26,2016-11-29 00:00:00
0c7fc95baa5e16992ed412ccea7f28b3,a25c191eb1025845e8e9d1d806fa2605,delivered,2016-10-05 08:46:55,2016-10-07 03:10:06,2016-10-11 03:10:07,2016-10-14 03:10:07,2016-12-01 00:00:00
86df4a2f1f5cd47ee3f5bf1781240d1a,b0db02848249cbe57e7e5732976ced8e,delivered,2016-10-05 09:19:46,2016-10-06 15:58:45,2016-10-10 15:58:46,2016-10-26 10:38:43,2016-11-29 00:00:00
acf83f0e8fb878cb25197344426ed10b,46fc16f07712c5cdcdd55911a3297e16,delivered,2016-10-05 09:46:43,2016-10-07 02:49:21,2016-10-11 02:49:22,2016-10-14 02:49:22,2016-12-09 00:00:00
c46b48abd599551232324a6e9077bf19,f760b83264231599706a6e4df91fd137,delivered,2016-10-05 11:01:40,2016-10-06 15:49:47,2016-10-10 15:49:48,2016-10-13 15:49:48,2016-12-05 00:00:00
e2eaf909eb6ba881117aa407992a5ffb,4aa9a7eb520f8efdf80da20ba889f190,delivered,2016-10-05 11:05:52,2016-10-07 02:49:09,2016-11-01 07:13:36,2016-11-14 15:03:36,2016-11-25 00:00:00
92b44b87f1f7670b8911c5f0e642435e,e561a3f61440b031d3be286a696d06eb,delivered,2016-10-05 11:08:46,2016-10-06 07:45:47,2016-10-10 07:45:48,2016-10-13 07:45:48,2016-11-25 00:00:00
92d731517f17c26f16182d45498c4c3d,95c44daefa7bfb91c6bb0665a0cd22fc,canceled,2016-10-05 11:23:13,,,,2016-11-14 00:00:00
98750f114ae6088d04ea0d3cfe3f137f,01fc05160cf790b9ed54ec795ff07688,delivered,2016-10-05 11:44:41,2016-10-06 03:07:51,2016-10-10 03:07:51,2016-10-28 12:23:43,2016-11-29 00:00:00
97d2f8fe76f2f253b8291e17b5383884,5458c93e0db88f9b885bc7dbc3bfa2a3,shipped,2016-10-05 11:54:15,2016-10-06 15:51:26,2016-11-14 09:28:51,,2016-12-07 00:00:00
31b0dd6152d2e471443debf037ae171d,031f08a1ebdcfb5e706831bf64de3860,delivered,2016-10-05 12:32:55,2016-10-06 16:03:45,2016-10-10 16:03:46,2016-10-13 16:03:46,2016-11-23 00:00:00
cac247cece621e1bc64748d44331d22d,a39a11e156aa248ef573dbb7c65580d2,delivered,2016-10-05 12:34:04,2016-10-06 15:49:11,2016-10-30 15:24:49,2016-11-04 14:31:26,2016-12-07 00:00:00
ad1aeeb1a99c9f021e38a49865bb812c,6deeb4ffef6cf320ef5a642302f04104,delivered,2016-10-05 12:41:38,2016-10-07 02:49:06,2016-10-21 16:23:50,2016-10-26 13:31:53,2016-12-09 00:00:00
3b2ca3293a7ce539ea2379d704fa37ce,06a70917afd2dcd59396e1eac836c646,delivered,2016-10-05 12:44:09,2016-10-06 15:47:17,2016-11-17 11:54:02,2016-11-17 19:53:49,2016-11-25 00:00:00
dc5f6cd4492bbffe5bcda9b87856c9a5,2ebf822bbf33241c7bffb42235519f92,delivered,2016-10-05 13:12:43,2016-10-06 15:47:29,2016-10-21 16:34:58,2016-10-27 12:33:29,2016-11-29 00:00:00
e04f1da1f48bf2bbffcf57b9824f76e1,0d00d77134cae4c58695086ad8d85100,invoiced,2016-10-05 13:22:20,2016-10-06 15:51:38,,,2016-11-29 00:00:00
dc18a044b56ed174037ca164cdf2e921,4a06381959b6670756de02e07b83815f,unavailable,2016-10-05 14:16:28,2016-10-06 15:56:49,,,2016-11-29 00:00:00
3f913d30288c117e41ffe5cc74743dc9,7aae6b74d7e0a2a11051bf8a16e16021,shipped,2016-10-05 14:36:55,2016-10-06 15:53:06,2016-10-15 12:24:42,,2016-11-29 00:00:00
59e7ca596664da0a459a145eb95cc9c5,c851e38392f26d6a33bfe6f717c0fba8,delivered,2016-10-05 14:40:44,2016-10-06 16:02:26,2016-10-21 16:20:49,2016-10-24 16:20:49,2016-11-25 00:00:00
719628a909505f12f342015fd53a8d43,5bef68c4d2d04c09aee2195ff540f131,delivered,2016-10-05 14:49:49,2016-10-06 15:52:44,2016-10-15 12:39:19,2016-10-18 19:17:36,2016-11-25 00:00:00
ac2b7c522d811acba0aa270ed3e112e4,ef21aebbb093a6db29ccc6aa0b89c347,delivered,2016-10-05 15:08:00,2016-10-06 15:44:26,2016-10-10 15:44:27,2016-10-13 15:44:27,2016-11-29 00:00:00
03ffce741877a000ca0fb3520673d4c4,e937151346d1bec664f5b80cd798bdd2,delivered,2016-10-05 15:17:57,2016-10-06 16:02:36,2016-10-15 12:39:28,2016-10-25 20:28:33,2016-12-09 00:00:00
cda873529ca7ab71f677d5ec11a40304,76c74aaff2f3f7355f46d9818ad092b8,shipped,2016-10-05 16:57:30,2016-10-06 15:52:49,2016-11-14 11:14:39,,2016-12-01 00:00:00
2d9e3c3c7f0f3ba8a8fa3db2f1211ceb,6b79d5d9914b88e0e05a19e76dfe926b,delivered,2016-10-05 17:09:07,2016-10-06 15:50:35,2016-10-31 14:36:53,2016-11-07 13:55:07,2016-11-29 00:00:00
cb2b577a4ebd84bf84ff3990084d490f,ebd67b458c0b8b23fa5d869779adc761,delivered,2016-10-05 17:11:49,2016-10-06 15:54:57,2016-10-30 15:14:54,2016-10-31 21:41:43,2016-11-29 00:00:00
ca3b8093576a51bea61c9782c7771f62,4ab07666a1b8ff428bda51600a94f753,delivered,2016-10-05 17:14:27,2016-10-06 16:02:42,2016-10-21 16:33:31,2016-10-24 16:33:31,2016-11-25 00:00:00
8729a8f7c27d03afe731463091711489,11ec73ddb032be97ae8f0219cce6cfa3,delivered,2016-10-05 17:16:17,2016-10-06 15:52:09,2016-10-30 14:02:20,2016-11-01 18:18:59,2016-12-01 00:00:00
2fd1c83dd4714cf3cf796fffb6c8de62,7f51c513004ef3f35e834c142f286778,unavailable,2016-10-05 17:21:29,2016-10-06 15:55:40,,,2016-11-29 00:00:00
1612081119e8f23745698ad3367cc14b,20d32833d8983a835cafcd54099631a0,unavailable,2016-10-05 18:06:48,2017-04-11 15:17:38,,,2016-11-17 00:00:00
14b01335f19b97fce1437168032ae388,10d74e1a3adaeada0d8da4a2b2891cc3,delivered,2016-10-05 19:09:33,2016-10-06 15:59:18,2016-10-15 12:26:22,2016-10-18 20:37:33,2016-11-29 00:00:00
cf47ad2fb60cae3f74b943646f685c94,053716fea805d6b29d6f8b6113fefe4d,delivered,2016-10-05 20:09:05,2016-10-06 15:44:36,2016-10-15 12:40:42,2016-10-24 18:11:32,2016-12-09 00:00:00
f7886facb594e65f0c41cdbb0583b560,a6d276e9c75cfeb2db5ddec9add0565e,delivered,2016-10-05 20:20:57,2016-10-07 02:48:30,2016-10-14 23:21:18,2016-10-20 18:14:50,2016-11-29 00:00:00
5da2004d85f2828349d887c989da2adc,95f592086150f0c95d3082aea047b816,delivered,2016-10-05 20:20:59,2016-10-07 02:48:26,2016-11-21 10:23:41,2016-11-26 08:16:49,2016-11-29 00:00:00
389815397a4bcdf3dcf64b90c25b3140,3a47005be3c2748d25859444f49b0048,delivered,2016-10-05 20:36:39,2016-10-06 16:02:59,2016-10-10 16:03:01,2016-10-16 17:51:52,2016-11-29 00:00:00
2ce9683175cdab7d1c95bcbb3e36f478,b2d7ae0415dbbca535b5f7b38056dd1f,invoiced,2016-10-05 21:03:33,2016-10-06 07:46:39,,,2016-11-25 00:00:00
64f5569ef96004a1e1137bdf28fd4c45,abd49ba4cf56e622b951f281361f56ad,delivered,2016-10-05 21:10:56,2016-10-06 15:59:50,2016-10-30 13:27:40,2016-10-31 13:27:40,2016-11-29 00:00:00
b330d4bdde86ff11a726ee57dd2a7d75,dfac72372f9e21b7edd69eddd81c7b63,delivered,2016-10-05 22:24:40,2016-10-06 16:06:05,2016-10-14 18:31:23,2016-10-17 19:31:23,2016-11-25 00:00:00
85841af0d94e5d0cd3a9c0e42e565b74,603dd05a409bcfe63ca922996c72bdfb,delivered,2016-10-05 22:39:46,2016-10-06 16:03:32,2016-10-10 16:03:33,2016-10-13 16:03:33,2016-11-25 00:00:00
d3c8851a6651eeff2f73b0e011ac45d0,957f8e082185574de25992dc659ebbc0,processing,2016-10-05 22:44:13,2016-10-06 15:51:05,,,2016-12-09 00:00:00
799dc0fd216e2a8e571a2684ddb6f940,f3fecb293f31350518ee2ac197202282,canceled,2016-10-05 22:49:57,2016-10-06 15:54:47,,,2016-12-23 00:00:00
27c7c6aa7b6f3de99d2a3a64674d296f,f7b55e33b283db33596d6be05d796448,delivered,2016-10-05 22:53:45,2016-10-06 16:03:31,2016-10-15 10:12:45,2016-10-18 20:14:38,2016-12-01 00:00:00
7a36fa82d4bcff7d936c10be470b9c8e,bfebb91e718433a55143ee450423c983,delivered,2016-10-05 23:14:34,2016-10-07 03:12:09,2016-10-14 23:21:27,2016-10-19 20:57:33,2016-12-05 00:00:00
62246c16a32a0866943f17d7b42db940,6443519fe0538b895632d5d7817aaff3,delivered,2016-10-06 00:06:17,2016-10-06 15:58:16,2016-10-21 16:30:18,2016-10-31 09:45:54,2016-12-02 00:00:00
f69ae31bce06a78d626762b53067c7e0,08c95eb831d93a76079d7e24a117db29,invoiced,2016-10-06 00:12:47,2016-10-06 16:03:56,,,2016-12-02 00:00:00
2e32dea8a4d1ae5499a67674b387bc6a,7fd973e7865ee210512c6222d387e7aa,delivered,2016-10-06 02:53:39,2016-10-06 15:53:39,2016-10-21 16:32:48,2016-10-27 14:02:34,2016-11-28 00:00:00
d0fc18b01244d3a08b0fd12deede8201,da70cbcb5012f2055b4f2c90d28725fc,delivered,2016-10-06 07:08:15,2016-10-07 03:09:23,2016-10-21 16:18:05,2016-10-31 11:27:54,2016-11-30 00:00:00
1970f2fb4b83ff962a75b064abc37f4c,45b5b5e9424ca746ad6a3161de453e00,delivered,2016-10-06 07:53:10,2016-10-07 02:47:36,2016-10-21 16:32:32,2016-10-28 10:24:36,2016-11-30 00:00:00
2631dba338efbcea9c3ace77ce210c01,8e941206a8be5ff6eff0de04fa1629e5,delivered,2016-10-06 08:28:19,2016-10-06 15:49:04,2016-11-30 10:53:48,2016-12-15 13:35:55,2017-01-09 00:00:00
f781dacd75aa73166785a35929546894,6fa16a8d44a2d9a89710e9758688c7f2,delivered,2016-10-06 08:58:04,2016-10-06 16:08:04,2016-10-28 14:12:59,2016-11-08 13:08:37,2016-11-28 00:00:00
ab8e5f9b860cd703f5f647200c2c7b58,ddd605e2739b3dfa7ad248ba164ff869,delivered,2016-10-06 09:07:52,2016-10-06 15:53:38,2016-10-21 14:23:38,2016-10-31 21:42:17,2016-12-02 00:00:00
a241bea87dcdd0160ca94ebdba5bdbb9,b031d0752ca02dd1a780af8278140571,delivered,2016-10-06 09:22:35,2016-10-06 16:03:06,2016-10-10 16:03:06,2016-10-13 16:03:06,2016-11-28 00:00:00
f205336be829af209878b6339cf02c7e,bea482168e59ee99ecadacecb808d058,delivered,2016-10-06 09:59:13,2016-10-06 15:56:43,2016-10-21 11:36:05,2016-10-27 17:55:56,2016-11-30 00:00:00
1c4cafd25254eee31c8c9b8c141fb10a,b03bfe9da81252f5e3b39196ba3518c0,delivered,2016-10-06 10:12:12,2016-10-06 16:01:15,2016-10-21 16:38:22,2016-10-27 11:43:40,2016-12-06 00:00:00
7cb5aaf8b7b7b439174c2e4efdf4c7a3,c54f3adc4e82b43d49101975a9bedb2c,delivered,2016-10-06 10:13:53,2016-10-06 16:07:50,2016-10-30 14:58:48,2016-11-07 13:14:44,2016-11-30 00:00:00
05bfcf9e287cad216cadb8a850f8db5c,51cc1e38d0489d588d7a687da73b2458,delivered,2016-10-06 10:47:15,2016-10-06 16:05:51,2016-10-30 10:54:35,2016-11-07 11:18:58,2016-11-30 00:00:00
1b2d622f7ebb8e65f7de3e389f052540,0dc0162bbe9965694a426d8c6f1a56fb,delivered,2016-10-06 11:05:43,2016-10-06 15:51:13,2016-10-10 15:51:13,2016-10-27 08:14:36,2016-11-28 00:00:00
59fa27082bb77c5dbd8a6568f3b34380,1013b3cb87e89aa951b7f556f8c26d33,delivered,2016-10-06 11:32:00,2016-10-06 16:05:17,2016-10-30 14:37:41,2016-11-01 15:04:41,2016-11-28 00:00:00
f31853a4f30d4851c847e4494663e749,ed7a6b3de20e5e5593996b3605307300,delivered,2016-10-06 12:21:47,2016-10-06 14:21:55,2016-10-15 12:52:21,2016-10-24 20:55:37,2016-11-30 00:00:00
dc91dbf7defabdf37c52672a989bad1b,63b1c99583effeec017dd7546c6a97ae,delivered,2016-10-06 12:22:07,2016-10-06 16:00:13,2016-10-26 11:49:34,2016-10-27 05:38:36,2016-12-02 00:00:00
35b8e54d765e6b217e2dc5ab34f6b323,1aaa5eaa9dd9bafb385aadc1930ef8e4,invoiced,2016-10-06 12:23:07,2016-10-07 03:10:10,,,2016-11-30 00:00:00
b8b9d7046c083150cb5360b83a8ebb51,ec271753df25bad1135a375ed6d7f113,delivered,2016-10-06 12:51:54,2016-10-06 16:05:19,2016-10-15 12:24:17,2016-10-18 13:24:17,2016-11-28 00:00:00
d743f434cc2921729af830ce00d474b3,407136bd5649e73981dce394b201897d,delivered,2016-10-06 13:02:32,2016-10-06 16:00:00,2016-10-15 12:24:13,2016-10-24 18:13:49,2016-11-30 00:00:00
aef214f769de82d355c5d2ab49e15891,d83a72326816260884edd05238aaa508,invoiced,2016-10-06 13:07:13,2016-10-06 16:03:13,,,2016-12-02 00:00:00
9aa3197e4887919fde0307fc23601d7a,31a4ecf0bd3ea9436b7132bac1a1bdb3,delivered,2016-10-06 13:16:56,2016-10-06 16:06:59,2016-10-14 18:08:17,2016-10-17 19:08:17,2016-11-28 00:00:00
c549f0d88f33bfe43351b893f1fb55ac,ea26950075411d4c3569a71853ee7388,canceled,2016-10-06 13:21:05,,,,2016-11-16 00:00:00
dbbbc904081f8e928028432e2e3d7686,1d34ed25963d5aae4cf3d7f3a4cda173,canceled,2016-10-06 13:24:15,2016-10-07 10:16:33,,,2016-12-14 00:00:00
54bb06e1ca86bd99ee2a8d6288bf4ede,98bfbf477ed9f40a0264f5e527a446be,unavailable,2016-10-06 13:38:39,2016-10-06 14:22:19,,,2016-12-12 00:00:00
11837ac14fcdfb163c0b78d91be89498,96fc2a988f8ec40a078ab92f1623bdd4,delivered,2016-10-06 13:39:20,2016-10-06 14:22:12,2016-11-01 14:32:03,2016-11-16 10:54:00,2016-12-02 00:00:00
60856ac7677a70cd87ad25d9b34d051b,bf3143805b420affe47047794eae0872,invoiced,2016-10-06 14:36:59,2016-10-06 15:41:47,,,2016-11-28 00:00:00
262118ce178bb3e4590a3adcf6d62e6b,2a69da30b726b7f3db7f1059af5d4304,delivered,2016-10-06 14:59:56,2016-10-07 12:13:49,2016-11-17 08:27:59,2016-11-17 16:23:46,2016-11-30 00:00:00
b1d88d1e4179448cac98b8d433e23316,65d08e2bfce2c91a832885c4995025de,delivered,2016-10-06 15:14:09,2016-10-07 03:14:14,2016-10-26 11:51:17,2016-10-27 12:27:36,2016-12-02 00:00:00
10d1e90a86d2be981a52b6a927c97dc5,6b3ed42b480bc5831a094f35dc11b668,delivered,2016-10-06 15:19:40,2016-10-07 10:11:30,2016-10-26 14:11:25,2016-11-07 16:26:10,2016-12-12 00:00:00
4eca6c2d172953276c75dd0e1bedce25,8f3419df1806ae4718c94209d5fed4ea,delivered,2016-10-06 16:13:30,2016-10-06 16:51:46,2016-10-10 16:51:46,2016-10-13 16:51:46,2016-11-28 00:00:00
b7026ba7432929d99880463305b8ce98,dd0cb909d16aa0eecf68d37defbb7f7f,delivered,2016-10-06 16:17:56,2016-10-06 16:52:11,2016-11-04 16:33:54,2016-11-10 15:14:34,2016-12-06 00:00:00
edb2a55c055efbb898171ec9fd840ab9,193fc54759c7948c87e0795ada003c69,invoiced,2016-10-06 16:34:16,2016-10-06 17:11:59,,,2016-11-28 00:00:00
ed90ba41c41da31da8e891ff43a584d1,51d9009f107df3256dcb608b5cb40a7c,delivered,2016-10-06 16:43:26,2016-10-07 15:59:09,2016-10-11 15:59:10,2016-10-14 15:59:10,2016-11-28 00:00:00
7d0eb8de17d494f4151e4470cd1b0605,80a9f7586c30dab1b6cf315b01f20174,delivered,2016-10-06 17:10:05,2016-10-06 17:53:05,2016-10-14 18:29:03,2016-10-17 19:29:03,2016-11-28 00:00:00
2276cb38c742033aac3f4a4d67b57ab3,39ecef3d8a542ee6b91e7bfd7e9a6b87,delivered,2016-10-06 17:42:49,2016-10-06 18:11:59,2016-10-30 11:38:48,2016-10-31 11:38:48,2016-11-30 00:00:00
1add1aa4c6e709fd74a4eb691a9fc6bc,076a5ddb5b1240c532093a399dcb47f5,delivered,2016-10-06 17:45:30,2016-10-07 08:29:50,2016-10-11 08:29:50,2016-10-14 08:29:50,2016-12-06 00:00:00
ac00d3859c095d282f6bef69e0ed1b38,503d0a7d55227b38ccce96ec23251f5a,delivered,2016-10-06 18:03:01,2016-10-06 18:32:03,2016-10-14 18:00:00,2016-10-15 18:32:03,2016-12-20 00:00:00
509a52223ecac6d67fb765b3b37c6974,efc07f50d0a9346ec00e1c37b5b10748,delivered,2016-10-06 18:11:11,2016-10-06 18:50:35,2016-10-21 16:23:01,2016-10-26 12:21:06,2016-12-08 00:00:00
0e556f5eafbf3eb399290101b183b10e,198b639c2da0e7f71ae2b720ad67f47d,delivered,2016-10-06 18:50:25,2016-10-06 19:31:39,2016-10-10 19:31:39,2016-10-13 19:31:39,2016-12-02 00:00:00
3d58fd1ee438a43f2a826dda6b013519,96c492da7645ca77d09a59b20d415cfe,delivered,2016-10-06 19:33:34,2016-10-07 10:13:16,2016-10-21 16:21:57,2016-10-24 16:21:57,2016-12-06 00:00:00
d2945e686c883978378a10e49be7fb24,73cb441c896a460a30affe43bff3df82,delivered,2016-10-06 19:38:12,2016-10-07 10:11:09,2016-10-14 23:21:11,2016-10-18 18:34:50,2016-11-28 00:00:00
323dad8c483c7f8b818a825d257f4aa0,021833e9737a1145b5a6e3053f0f4329,delivered,2016-10-06 20:05:04,2016-10-07 10:16:03,2016-10-11 10:16:04,2016-10-14 10:16:04,2016-11-28 00:00:00
e2144124f98f3bf46939bc5183104041,bd0342f59a3b8ddc416bd048b2b5d0fb,delivered,2016-10-06 20:06:26,2016-10-08 11:00:24,2016-10-12 11:00:25,2016-10-15 11:00:25,2016-11-28 00:00:00
6ece326e25f193d084e3dc092bbdd93b,3f63878c497f2703038d3eb23f8516b0,delivered,2016-10-06 20:15:20,2016-10-06 20:50:33,2016-10-21 16:17:54,2016-10-24 16:17:54,2016-11-30 00:00:00
9bd5312d12f48b04a460f702baff3d8c,4d145fd1d3245cbb3697dd41b4bcf19b,canceled,2016-10-06 20:43:30,,,,2016-11-16 00:00:00
0d9664d8da1dc4337269071b39e19423,64c17343b6c53ee761fd232e84384848,delivered,2016-10-06 22:00:27,2016-10-06 22:37:21,2016-10-10 22:37:21,2016-10-27 13:36:27,2016-11-30 00:00:00
1a2b0033f0b7a3116f00594ec5524344,e76d70baaf2e6bf919577966bdc5ce8f,delivered,2016-10-06 22:23:25,2016-10-06 22:58:22,2016-10-17 23:58:23,2016-10-20 23:58:23,2016-12-20 00:00:00
517e0a52c193102990befc46a5c5245a,a998e828a104504f72ceb338f92043b6,delivered,2016-10-06 22:34:03,2016-10-06 23:11:27,2016-10-15 12:24:09,2016-10-18 20:23:49,2016-11-28 00:00:00
ce9840efc17fbec501472f7c784be1bf,950c3e2b1eab245ac9e26cf96a1c6a23,delivered,2016-10-06 23:21:10,2016-10-06 23:53:18,2016-10-21 16:25:50,2016-10-24 16:25:50,2016-11-30 00:00:00
4dd47e84e6b8ff4a63d0b8425e6d788e,96bbcbc8372c86da857d842dfda6bd72,unavailable,2016-10-06 23:49:18,2016-10-07 01:09:08,,,2016-11-24 00:00:00
5cd498954e2b37d71b315166809b4bd7,ff1a56726b7ea149c7423865609cc0c8,delivered,2016-10-07 00:54:40,2016-10-08 03:56:15,2016-10-25 11:35:52,2016-10-27 17:32:07,2016-12-01 00:00:00
05c7d88e9c05e1fa1428f1ff2dcc29da,98661b627038780e9e655a56ebc23dc6,delivered,2016-10-07 02:41:42,2016-10-07 03:15:06,2016-10-30 13:18:00,2016-11-03 09:13:52,2016-11-29 00:00:00
835bf4777ad72891587719f1098e3528,dbfc2fb6a9424037815a3a887c10be61,delivered,2016-10-07 08:28:29,2016-10-07 09:09:12,2016-10-11 09:09:13,2016-10-14 09:09:13,2016-11-29 00:00:00
e90f9a57c17a06b37c5830a2ab1bd209,edf0b9f3196ff6f4702be2d540f684d4,delivered,2016-10-07 08:28:42,2016-10-08 04:17:21,2016-10-12 04:17:21,2016-10-15 04:17:21,2016-12-07 00:00:00
eb45ce36240dbf895bef98be0d1a85d3,80a46d4f35bf6a44fb4194ff13d945c9,invoiced,2016-10-07 08:49:03,2016-10-08 09:30:22,,,2016-12-09 00:00:00
8e7ef380ad5ae407dffbe2f0826cae73,924743e5e7df4683b9f051c4b9961e9e,delivered,2016-10-07 09:33:06,2016-10-11 05:02:41,2016-10-15 05:02:45,2016-10-18 06:02:45,2016-12-01 00:00:00
9315757eaf0e782619bed131508dbddb,93d8e0590f3a63f34c9506149982618b,delivered,2016-10-07 09:41:02,2016-10-07 10:44:54,2016-11-03 08:37:50,2016-11-07 08:45:43,2016-11-29 00:00:00
76458889992169d3135b264dc13aec67,999196dca58a3db3d966d8f148532010,delivered,2016-10-07 10:05:16,2016-10-07 11:24:43,2016-10-26 11:43:06,2016-10-20 18:03:17,2016-11-29 00:00:00
5fe46d14177744ae2180101ce19bb414,8dcc5cd0569e6c1cfd0444e4a26419d4,delivered,2016-10-07 10:06:58,2016-10-07 11:39:34,2016-10-15 10:32:35,2016-11-01 16:37:59,2016-12-09 00:00:00
7ac6f4778cd283c6b76c66fe1e0d4431,ed8be358abd6a8b37ba8cc9d485e7bbb,delivered,2016-10-07 10:11:42,2016-10-07 11:22:48,2016-10-15 12:38:53,2016-10-18 17:21:51,2016-12-05 00:00:00
676157c2d1075c88ea0009f8d7d2d389,f6d0beda15d742eb9351737ba24ec199,delivered,2016-10-07 10:18:50,2016-10-07 11:55:27,2016-10-21 12:25:59,2016-11-09 11:51:28,2016-12-13 00:00:00
f688669f48063536e082bb32d634cd46,691d28310063e5b36b732b117f2bcfc0,delivered,2016-10-07 10:28:56,2016-10-11 04:56:13,2016-10-21 18:02:40,2016-10-20 20:33:27,2016-11-29 00:00:00
1dd1d53c1ea5df0ef093bf150807315f,9cf0657bb79b3c818fd37100f4526d8d,delivered,2016-10-07 10:44:21,2016-10-11 04:56:51,2016-10-30 12:13:44,2016-10-31 12:13:44,2016-12-01 00:00:00
5c973d2b4652e1dec15353b59339f3b4,8a863458d761a9b40faba0ea98094eb9,delivered,2016-10-07 10:45:48,2016-10-07 12:13:51,2016-10-11 12:13:52,2016-10-14 12:13:52,2016-11-25 00:00:00
7d7bf3ee337c36ce012762da5f28f53a,75435919ec1c2171f20033e15cbaf004,invoiced,2016-10-07 10:46:03,2016-10-07 12:14:45,,,2016-12-01 00:00:00
02190241f7190a1f3c7e0df95a749c6a,55c9044401ffab0c717f24405e2e042f,delivered,2016-10-07 10:52:22,2016-10-08 04:44:22,2016-10-21 12:47:02,2016-10-27 09:37:52,2016-11-29 00:00:00
640aef9709beda161ca0b5af58ac437c,cf10056dcb7d1fb5322dd86d12936557,delivered,2016-10-07 10:57:46,2016-10-11 05:03:01,2016-10-21 10:28:24,2016-10-27 12:41:31,2016-12-01 00:00:00
f7310018040436b01ab03f81b301b5de,efec125e0fd56164c37c9f1e1c804cd7,delivered,2016-10-07 11:20:34,2016-10-07 12:14:56,2016-10-11 12:14:57,2016-10-14 12:14:57,2016-11-29 00:00:00
a8846701b9f3e21e64c9062ed3f4dfd7,814d58f5b1b9829ab9a1d690b13dba62,delivered,2016-10-07 11:33:35,2016-10-07 12:15:23,2016-10-11 12:15:24,2016-10-14 12:15:24,2016-12-05 00:00:00
6ef172eee30cfbfa01516ce2eb2ee68f,506a9747164ba320cf874723aad41c23,delivered,2016-10-07 11:37:12,2016-10-08 03:51:24,2016-10-12 03:51:25,2016-10-15 03:51:25,2016-11-29 00:00:00
06d7e8a85f5cfef576c5303ed7d7f2e5,57108de6e1cf238dfd0ed00e3d878096,delivered,2016-10-07 12:06:30,2016-10-07 12:36:07,2016-10-15 12:33:48,2016-10-19 18:51:24,2016-12-01 00:00:00
032cf17f7a713287e46999fddea6051b,7ec44117b7760d297447f1cff2a10967,canceled,2016-10-07 12:21:07,,,,2016-11-17 00:00:00
fd4b04818375a4ba579a80c8d37f1b24,9ebd9edc6854d388eb4a9d1283acdf96,delivered,2016-10-07 14:15:50,2016-10-07 14:31:43,2016-10-15 10:31:37,2016-10-19 00:47:36,2016-12-01 00:00:00
95d31d53ccc53bca2c13fcd535d67526,345243f3e37e32114d9cf17eb7a11c29,delivered,2016-10-07 14:40:45,2016-10-07 14:52:25,2016-10-15 12:33:31,2016-10-18 01:37:54,2016-12-05 00:00:00
98beb6d036255a151fd6d5000ad66da8,cb97139155fd2220668ff63d8e970c64,delivered,2016-10-07 14:42:07,2016-10-11 04:56:36,2016-10-15 04:56:37,2016-10-18 05:56:37,2016-12-01 00:00:00
555761ab2426364f42e9e018047df4e0,f5389cd0ee02b3476058b95446ebc174,delivered,2016-10-07 14:42:24,2016-10-07 14:52:04,2016-10-11 14:52:05,2016-10-31 10:44:43,2016-12-05 00:00:00
770d331c84e5b214bd9dc70a10b829d0,6c57e6119369185e575b36712766b0ef,canceled,2016-10-07 14:52:30,2016-10-07 15:07:10,2016-10-11 15:07:11,2016-10-14 15:07:11,2016-11-29 00:00:00
f716dffba1232aaef7c899fb8c14db97,cf5112cc5129776cc69c956dc265a5f7,delivered,2016-10-07 15:12:40,2016-10-07 15:59:25,2016-10-11 15:59:26,2016-10-14 15:59:26,2016-11-25 00:00:00
0efd0bc268d34da3f01f4ff25a6d4335,95446917717bb58d553d107d0f1668f6,shipped,2016-10-07 15:53:31,2016-10-07 16:12:22,2016-10-11 16:12:23,,2016-12-13 00:00:00
96123b9ae5a9cdfd4efe5fe402a94675,7615536f9443d90e9971a9002fd9abf5,delivered,2016-10-07 16:50:52,2016-10-08 04:27:44,2016-10-12 04:27:44,2016-10-27 10:07:30,2016-12-05 00:00:00
c78634fb21ecbb54b2b2498a660082ac,7c72a0cfc64d38509b262a4e85c84d9a,delivered,2016-10-07 16:56:35,2016-10-07 17:32:43,2016-10-21 11:47:21,2016-10-26 15:27:35,2016-11-29 00:00:00
19feb5627c41ea1b36a8e50a469b3644,b8097c8f0c1f58ab56a53812a446a898,delivered,2016-10-07 17:09:56,2016-10-07 17:32:09,2016-10-26 11:42:05,2016-10-20 19:07:54,2016-12-01 00:00:00
50f357099566f1be7abfaf8d9dc5b004,04356ca5b944f7a92d6b103bdb44268a,delivered,2016-10-07 17:13:42,2016-10-07 17:31:48,2016-10-21 16:34:06,2016-10-24 16:34:06,2016-11-29 00:00:00
021d08e4057e5b6414c8d2f69f4f72a0,7470a1ddb5f78a811fbef15b2556781b,delivered,2016-10-07 17:37:49,2016-10-07 18:01:40,2016-10-25 12:05:58,2016-10-30 01:25:57,2016-12-19 00:00:00
1a47da1d66c70489c8e35fe2b5433ab7,3d8e326c3cef3a9bba7ca121baac5fc3,unavailable,2016-10-07 18:16:31,2016-10-07 18:53:48,,,2016-12-07 00:00:00
119d2d80c921d5b4806a1b19b4e8c531,e15daad9efaafb0d4d10043c9ca77e7b,delivered,2016-10-07 19:02:48,2016-10-07 19:29:12,2016-10-11 19:29:13,2016-10-14 19:29:13,2016-12-01 00:00:00
376cc9a8f827d17966ea7c4b182f4426,e9a5cb5d9783e1fc38e23730ff24c51d,delivered,2016-10-07 19:16:49,2016-10-07 19:28:39,2016-10-11 19:28:40,2016-10-14 19:28:40,2016-11-29 00:00:00
063b573b88fc80e516aba87df524f809,285195a5b585842e25bd1ef9015a8413,shipped,2016-10-07 19:17:00,2016-10-07 19:29:20,2016-10-30 10:23:36,,2016-12-01 00:00:00
24523db64c1af3f40f27cb4416fa5ea6,a6070315382f5f1e536be705f64ab209,delivered,2016-10-07 21:19:32,2016-10-07 21:32:41,2016-10-15 12:49:02,2016-10-20 00:47:34,2016-12-01 00:00:00
5bda3e4d7080c484cd646a53165a7892,e4c44f8397c63555e4d0b11f4e7addc5,delivered,2016-10-07 21:30:12,2016-10-07 21:59:02,2016-11-11 09:57:36,2016-11-16 23:47:37,2016-11-29 00:00:00
a909c24a30d5a05204ecb7ef3f11e321,378149ca89a5e5020931071114dd8865,delivered,2016-10-07 21:50:26,2016-10-07 22:15:32,2016-10-11 22:15:33,2016-10-14 22:15:33,2016-12-05 00:00:00
e439ced3d48f1a77f6ecc029cc946a6f,e9c6723e04c4e53e7e9c3afe383f3866,delivered,2016-10-07 22:35:59,2016-10-07 22:59:53,2016-10-15 10:31:09,2016-10-25 21:15:45,2016-12-01 00:00:00
45973912e490866800c0aea8f63099c8,912f108a7026f25f99240a5c4c60e2c3,shipped,2016-10-07 22:45:28,2016-10-07 22:58:37,2016-10-26 13:18:16,,2016-12-01 00:00:00
7254ba1421bac35de5d5da660715bf0e,65e1faa1535d1b4ca089fd7b9e84b5b3,delivered,2016-10-07 22:46:51,2016-10-07 22:59:23,2016-10-26 11:41:50,2016-10-28 12:11:38,2016-12-01 00:00:00
1069874467b6a425853288c450f68fc9,cee53b7d3dd56da687a4fa61c6ce8d32,delivered,2016-10-07 22:51:32,2016-10-07 23:13:46,2016-10-11 23:13:46,2016-10-28 13:51:23,2016-11-29 00:00:00
7559c51df991c6861e6a8be5fb1e3751,494622d8ca78370960fce737e9ad15c9,delivered,2016-10-07 23:18:38,2016-10-11 05:02:26,2016-10-14 18:00:00,2016-10-26 14:47:42,2016-12-01 00:00:00
bc0e0c28cbe995798d3afb7c7c75d269,a9dc96b027d1252bbac0a9b72d837fc6,delivered,2016-10-08 01:28:14,2016-10-08 03:19:09,2016-10-14 17:39:46,2016-10-17 18:39:46,2016-12-02 00:00:00
6335afd8e6b7eb0ebc8bb71ea0008f6f,d96619b47e477e6bcc377bb89f2ddaee,delivered,2016-10-08 02:18:43,2016-10-10 11:03:05,2016-10-14 11:03:07,2016-10-17 12:03:07,2016-11-30 00:00:00
6ad644c08b98d152d28f183097633d41,8b822fa56bbe10f4f14af6500eeed98b,delivered,2016-10-08 04:01:53,2016-10-08 05:07:44,2016-10-15 10:13:50,2016-10-20 21:12:42,2016-11-30 00:00:00
7fd4b0e047195ca197c3660772a8d8c0,fc253202cb10b4a99ac862321a854858,canceled,2016-10-08 07:02:33,2016-10-18 15:19:10,,,2016-11-18 00:00:00
57c0b0276ce0eaf721a4424bf077ce8b,680043a09260a212d1dec021dd1efadc,delivered,2016-10-08 08:05:21,2016-10-08 09:03:40,2016-10-12 09:03:41,2016-11-09 13:41:20,2016-12-14 00:00:00
38c5c2886f2aab75bb1ae3f79a3f300d,6676a459c2b773481c9dacde3c44c680,delivered,2016-10-08 08:25:32,2016-10-08 09:10:46,2016-10-12 09:10:47,2016-10-26 12:05:38,2016-11-30 00:00:00
e4ccaabafa125b3b39a9331b0abced9d,b75d72658f51cfc274b14adf1446590a,delivered,2016-10-08 09:50:08,2016-10-08 10:54:31,2016-10-24 15:18:48,2016-10-25 15:18:48,2016-11-30 00:00:00
84d8cb80e8228cbea6d970499c3ce3c3,2bea781be88980e68fb5bbac765fccdb,delivered,2016-10-08 09:55:44,2016-10-08 11:04:01,2016-10-26 23:51:13,2016-10-27 23:51:13,2016-11-28 00:00:00
1e8c2b738fde51956f03f1a59bc86003,7df232c2148f611e1be8e3fd383599e0,delivered,2016-10-08 10:07:25,2016-10-08 11:04:57,2016-10-21 09:30:22,2016-11-04 14:32:04,2016-12-14 00:00:00
82e4f033f60598903866557d89c9c042,97f4b6e455ba303fbf1dfea62b8b6f61,delivered,2016-10-08 10:26:41,2016-10-08 11:02:40,2016-10-12 11:02:41,2016-10-28 14:11:26,2016-12-14 00:00:00
5f4c8250b9e6ee47971e0b19da4aa0f2,14a2912b7f370c345cebcda474774f55,delivered,2016-10-08 10:31:00,2016-10-08 11:12:53,2016-11-09 11:34:00,2016-11-18 16:05:46,2016-12-06 00:00:00
e2ea01f68f92f0c55b08ca739af834b6,258c52543b8045fe23644c47a645c9fb,delivered,2016-10-08 10:55:44,2016-10-11 05:02:59,2016-10-25 11:33:52,2016-10-27 10:58:35,2017-01-11 00:00:00
e9555dc20eba7e4e62210df1f438ea00,a69ec5f1dbf0907aecdb6eb748f70036,delivered,2016-10-08 11:33:25,2016-10-08 13:19:54,2016-10-12 13:19:54,2016-10-15 13:19:54,2016-12-06 00:00:00
ed83f6065ae47112c8cfbd22e231b6d8,39f51cf31b3d2266b99005da1b5d5b79,invoiced,2016-10-08 11:47:15,2016-10-08 13:24:51,,,2016-11-30 00:00:00
df30f88407baa98218b16abe7032899a,705ea3eb85deaed8f68356890e5e3c7d,delivered,2016-10-08 11:50:02,2016-10-08 13:22:12,2016-10-12 13:22:13,2016-10-15 13:22:13,2016-12-06 00:00:00
3c3ca08854ca922fe8e9cedfd6841c8a,88c36fbd3df96094f90f0315e1d2dd90,unavailable,2016-10-08 12:13:38,2016-10-08 13:21:35,,,2016-11-30 00:00:00
123e27a1a4d0b2481d8618ac3dff7d4e,1fe4c3902c5bd6510a869b3d4fd3843b,canceled,2016-10-08 12:44:32,2016-10-18 15:19:08,,,2016-11-18 00:00:00
08edff712f0cd04883215bdb5b0d7c7f,230787cbf8da57cbd10d7c223cde6f1f,delivered,2016-10-08 13:54:03,2016-10-08 16:34:43,2016-10-12 16:34:44,2016-10-15 16:34:44,2016-11-30 00:00:00
b582532527260a8be949eac9f4d0ccff,bce63020814afdf2717e3c9b9ff1534e,delivered,2016-10-08 14:31:26,2016-10-11 04:56:46,2016-10-15 12:39:15,2016-10-24 05:05:30,2016-12-14 00:00:00
67418605ab8f9414a2e238bbcdde1312,bbd6d73964cf368d685856fc8cb04534,delivered,2016-10-08 14:48:08,2016-10-08 18:34:07,2016-10-12 18:34:07,2016-10-15 18:34:07,2016-11-30 00:00:00
9d664ec86be69d869bb6870294c4fdd8,0a9ee4d9030acbe428769c79d0c4da69,delivered,2016-10-08 15:02:10,2016-10-08 19:55:50,2016-10-12 19:55:50,2016-10-31 11:35:45,2016-12-12 00:00:00
8c78d01de3a9009e23d6877a7cc9be20,6cd7106899e59a1fbd0622d5f1efedf4,delivered,2016-10-08 15:36:50,2016-10-08 18:13:44,2016-10-26 11:41:53,2016-10-25 17:51:46,2016-11-30 00:00:00
b157079a62d77688a0f66043aa1f0306,7bea2f07ef082a136c0fd7d455c8e142,delivered,2016-10-08 15:42:14,2016-10-08 18:54:23,2016-10-12 18:54:23,2016-10-15 18:54:23,2016-12-02 00:00:00
deb08269080b64b8e69bcd06b808889a,2605d144097120a05a112c61bd1c4397,delivered,2016-10-08 15:47:56,2016-10-11 01:01:29,2016-10-14 18:00:00,2016-10-15 01:01:29,2016-11-30 00:00:00
ed3d575bd3358123b063ee64cdecdef5,7591ab894fb4a47debe5beef968b6804,delivered,2016-10-08 16:02:07,2016-10-08 20:38:25,2016-10-12 20:38:26,2016-10-15 20:38:26,2016-11-30 00:00:00
6b5e619dedba6d4297fb10dd5886912f,9ff88efe6c5c047c8894c5e6c2cd206f,delivered,2016-10-08 17:43:25,2016-10-13 21:09:05,2016-10-17 22:09:06,2016-10-20 22:09:06,2016-11-30 00:00:00
d868cf92a5a1305fc7277c60062e81ac,5f767a0a4e820c2361c11dab364d3f98,delivered,2016-10-08 17:43:26,2016-10-13 21:09:06,2016-10-24 18:23:40,2016-10-26 12:58:25,2016-12-14 00:00:00
bd726a1bcd046edd7019cee8a66245f7,85a0cc8a137bc4c700f160c817467671,delivered,2016-10-08 18:39:08,2016-10-11 11:02:21,2016-10-14 18:00:00,2016-10-15 11:02:24,2016-12-02 00:00:00
c98b0fbac2717f072d5089e8af088304,1c1e931635c21508c29086be9de9aada,delivered,2016-10-08 18:45:34,2016-10-09 13:57:01,2016-10-13 13:57:02,2016-10-16 14:57:02,2016-11-30 00:00:00
fb5114c39f632a52598cf770c6076620,94b216231ec09ee34764a8d456126328,delivered,2016-10-08 20:02:32,2016-10-09 14:35:35,2016-10-15 10:30:50,2016-10-19 17:31:37,2016-12-06 00:00:00
4723d255a158f5b6c5a872264e3529c5,9c44588abb2a5c2b5bbd40184e3ac0b3,delivered,2016-10-08 20:16:05,2016-10-09 14:55:15,2016-10-13 14:55:15,2016-10-16 15:55:15,2016-12-06 00:00:00
8beb59392e21af5eb9547ae1a9938d06,bf609b5741f71697f65ce3852c5d2623,canceled,2016-10-08 20:17:50,2016-10-09 14:34:30,2016-10-14 22:45:26,2016-10-19 18:47:43,2016-11-30 00:00:00
04bc36cd51141e11c2cbbd188b6e47ca,ab421b93f847af0ef7301421bb36da5e,delivered,2016-10-08 20:28:48,2016-10-09 14:35:21,2016-10-13 14:35:21,2016-10-16 15:35:21,2016-12-02 00:00:00
91c96626f9e13b1b71a1f3e7ed52dd7a,45442979a333bc62efccd8a2481481fe,delivered,2016-10-08 21:04:27,2016-10-09 02:33:03,2016-10-13 02:33:03,2016-10-26 14:33:48,2016-12-14 00:00:00
b533dea24ada4dc5c1a9041d25d7c812,3a4ccb2c6fb972d301b8f9edfbf81fbd,delivered,2016-10-08 21:12:48,2016-10-11 04:56:40,2016-10-21 12:37:01,2016-10-28 16:31:34,2016-12-02 00:00:00
1b122a7be89622f672bb41380a83b69f,a22a8f5ed1ba23d4aca05ed33b2917ac,delivered,2016-10-08 21:37:30,2016-10-11 22:02:13,2016-10-14 18:00:00,2016-10-15 22:02:14,2016-11-30 00:00:00
c8258090bca7cc6a62c1e15d7fd995d4,7155051815aa96d970a1a40583f95e8b,delivered,2016-10-08 21:58:32,2016-10-09 23:48:46,2016-11-01 18:15:52,2016-11-08 14:24:44,2016-12-02 00:00:00
c4e980a1d822db426982878b3cfdda6e,88dc22aad9cf20898eb3780977173dc5,invoiced,2016-10-08 22:06:28,2016-10-09 15:15:10,,,2016-12-12 00:00:00
f9c44da06151c190a9a6c9c712873d10,070db51ef1d6a1bd858c21b03de83e66,delivered,2016-10-08 22:11:57,2016-10-11 15:09:06,2016-10-14 18:00:00,2016-10-15 15:09:06,2016-11-30 00:00:00
3d7e8f32f5b59e005ccfc1076b4040b5,7d2c43741147f86f3242da5baacf1da7,delivered,2016-10-08 22:34:11,2016-10-11 05:02:06,2016-10-14 18:00:00,2016-10-15 05:02:06,2016-12-12 00:00:00
8b160e3e272dcca4665850aae31ae6fd,4773a6473ca23c156f7a69ec38d0eb86,delivered,2016-10-08 22:41:36,2016-10-11 11:02:20,2016-10-21 13:58:38,2016-10-26 15:55:42,2016-11-30 00:00:00
99d3df1714b20b9eb9734e731927379a,89c9e4085217b358939bdfb269edc709,delivered,2016-10-08 23:46:06,2016-10-09 15:57:13,2016-10-13 15:57:14,2016-10-16 16:57:14,2016-12-02 00:00:00
dabf2b0e35b423f94618bf965fcb7514,5cdec0bb8cbdf53ffc8fdc212cd247c6,canceled,2016-10-09 00:56:52,2016-10-09 13:36:58,2016-10-13 13:36:59,2016-10-16 14:36:59,2016-11-30 00:00:00
02a0eb7c22b0616c767a45954a2a28f6,43d9a8df81f815755d9a258f2ee3135f,invoiced,2016-10-09 10:34:58,2016-10-10 08:14:52,,,2016-12-12 00:00:00
552e0a8dae101e32155120202f427b71,d1167e026b86aff77a4599738bf972dd,canceled,2016-10-09 11:23:21,2016-10-10 08:35:12,,,2016-12-12 00:00:00
90bd4466c2905d7b5b56370149e62bcc,f11278c6a8edfe30db8bb9506ecbdff2,delivered,2016-10-09 11:33:12,2016-10-10 00:22:44,2016-10-15 10:09:46,2016-10-21 21:17:53,2016-12-06 00:00:00
0a5d7e24850c68bf00d39bd62a9a45ee,cb544b0c548dbf3e9e52914472d56415,delivered,2016-10-09 11:43:43,2016-10-10 00:23:10,2016-10-21 18:02:19,2016-10-28 06:07:44,2016-12-06 00:00:00
2e8e21db96a8ab922e51cd297678c6b2,6a58b195be76f8ad6544e032b6c7316b,delivered,2016-10-09 12:13:58,2016-10-10 01:16:09,2016-10-25 13:54:41,2016-10-28 14:11:47,2016-12-02 00:00:00
56eb381fff8db8d35134693062514084,b102a37db53345d7eb418649b096f8e8,processing,2016-10-09 12:34:53,2016-10-11 05:03:21,,,2016-12-30 00:00:00
4551b488487e6cfa31f9e35073d3c5d4,dfa7df4afe1ba4c38428bd36cd4444c1,canceled,2016-10-09 12:43:21,2016-10-11 17:16:27,,,2016-12-06 00:00:00
89f586f0cbddc6428831c41c8c333c66,abb98ee37acc21973e1d4464133ddb49,delivered,2016-10-09 12:46:25,2016-10-10 01:55:38,2016-10-14 01:55:39,2016-10-17 02:55:39,2016-12-02 00:00:00
b3aa45b7ba0f950a1b163a9f85f613de,ff4dfb2525a749384a0e31d68625443a,delivered,2016-10-09 13:31:57,2016-10-10 03:15:41,2016-10-15 12:41:12,2016-10-19 19:05:42,2016-11-30 00:00:00
0891b66cbcc48cf64f31ae9cae3d08d8,3c0b720f2a9aebf70b250e73ef4fda63,delivered,2016-10-09 13:57:42,2016-10-10 03:55:40,2016-10-21 18:23:02,2016-10-27 12:54:57,2016-11-30 00:00:00
7e2dddf174cc4d2768bf39c43ab2bd7a,accfbaa1f092fdf6db1d8fcdad351b50,delivered,2016-10-09 15:10:41,2016-10-10 05:54:51,2016-11-03 07:43:55,2016-11-10 09:27:42,2016-12-02 00:00:00
2c45c33d2f9cb8ff8b1c86cc28c11c30,de4caa97afa80c8eeac2ff4c8da5b72e,canceled,2016-10-09 15:39:56,2016-10-10 10:40:49,2016-10-14 10:40:50,2016-11-09 14:53:50,2016-12-08 00:00:00
0c22166d9f7e5761e397affa5af438c7,cabe1ec4e4c40db3c14ab19cc09bbd9a,delivered,2016-10-09 22:31:44,2016-10-10 12:02:26,2016-10-14 12:02:28,2016-10-31 15:32:04,2016-12-14 00:00:00
8fe36dfd03ccfe3ed3d492c146705b9d,f18d013a75e175123bdcf626f02f8212,delivered,2016-10-09 22:34:11,2016-10-10 12:02:47,2016-10-15 09:57:52,2016-10-18 18:04:27,2016-11-30 00:00:00
6e5fe7366a2e1bfbf3257dba0af1267f,5263febf1413e9a60ceb7b842008b7ef,delivered,2016-10-09 22:36:25,2016-10-10 12:02:19,2016-10-14 12:02:21,2016-10-17 13:02:21,2016-12-06 00:00:00
2825848807f070485f0f0ef3829758f4,b30a4d09f171b5da553bab49a0a61764,delivered,2016-10-09 22:36:44,2016-10-10 11:03:15,2016-10-14 11:03:19,2016-10-17 12:03:19,2016-11-30 00:00:00
1ebeec1bb9ce388ee2e00d401058ca8b,7d9631fe32b276d4c6aa04ba141a03e8,delivered,2016-10-09 22:36:49,2016-10-11 05:02:15,2016-10-14 18:00:00,2016-10-15 05:02:16,2016-12-02 00:00:00
67adba02e0955286954975ea56f9d17f,aaf6d77cd0756a4e878472c3efc65308,delivered,2016-10-09 22:38:35,2016-10-10 11:02:06,2016-10-25 11:41:49,2016-10-27 17:32:07,2016-12-02 00:00:00
45bff70fb7b99a5a33bc8ccb3786e170,21cf8b03074c935aa1de2d527371916f,delivered,2016-10-09 22:38:37,2016-10-10 12:02:09,2016-10-14 12:02:12,2016-10-17 13:02:12,2016-12-02 00:00:00
25f680bf746bec3df11d48318ff015de,fd997caf29864e0b5e0d328a2d163e3f,delivered,2016-10-09 22:42:35,2016-10-10 11:02:43,2016-10-27 17:11:35,2016-11-01 18:04:41,2016-12-02 00:00:00
8c72f52f7655510c1ec81f3b9019c638,b0cc6834f86d0440c119eb1fcd8413e1,delivered,2016-10-09 22:44:21,2016-10-10 11:03:33,2016-10-14 11:03:34,2016-10-17 12:03:34,2016-12-02 00:00:00
d3a84031db6c5de813d5a3a3489712ca,a5bda6def3f77258ca2027b7d4a384e9,delivered,2016-10-09 23:25:13,2016-10-10 11:03:08,2016-10-14 11:03:10,2016-10-14 11:03:10,2016-11-30 00:00:00
2f9d4ee8ca77fe0951ebfe9064cad953,2d2037b93b52f5a7ac9e286e8bd69d15,delivered,2016-10-09 23:38:19,2016-10-11 12:03:02,2016-10-25 12:11:33,2016-10-29 06:53:49,2016-11-30 00:00:00
0ec61157a488963fe217233f74c52760,01415cfeb907d8ce0e17075b4c097fe9,delivered,2016-10-09 23:50:37,2016-10-10 11:04:05,2016-10-25 13:55:42,2016-10-31 11:54:44,2016-12-02 00:00:00
5c5c9fde60ffb741545cf2608e8c12ca,a5cd42f5d1eecbf955de47ff1245b5d6,delivered,2016-10-09 23:55:30,2016-10-10 11:02:16,2016-10-15 12:38:31,2016-10-19 11:47:52,2016-12-02 00:00:00
4fb7f38042d214ada4d81cc23d228cc8,92da31c4d9d81552801e3c1a6194b796,delivered,2016-10-10 00:01:50,2016-10-11 10:44:13,2016-10-14 18:00:00,2016-11-16 17:17:53,2016-12-14 00:00:00
f9b03f7a6e5788ffb6cb6b4cd0d01892,e94cba4a769c459e51325766ab2ef270,delivered,2016-10-10 02:17:55,2016-10-11 05:02:46,2016-11-07 12:21:47,2016-11-16 14:13:37,2016-12-02 00:00:00
d2266b035a47467c40d174c6f55cf4dd,28fdcbdf2ebc3b9d20d4a810cec6a8b7,delivered,2016-10-10 04:31:17,2016-10-13 07:08:48,2016-10-17 08:08:49,2016-10-20 08:08:49,2016-12-02 00:00:00
d263c89354a73314488491185858af42,6d3e9ccd146cea260421e9a7bae2e63a,delivered,2016-10-10 04:49:29,2016-10-11 05:03:06,2016-10-15 05:03:07,2016-10-18 06:03:07,2016-11-30 00:00:00
d01f0aba52a4d7b2cca8d7623538a434,da41f8be4acae374b2c5bfe8f9659e7e,delivered,2016-10-10 07:03:07,2016-10-10 12:02:02,2016-10-24 17:17:51,2016-11-10 10:59:01,2016-12-12 00:00:00
8213bc96304fc0881189c4525f3002f7,77069f163bef4933c6efeea244b3f606,delivered,2016-10-10 07:53:34,2016-10-10 11:03:35,2016-10-14 11:03:38,2016-10-17 12:03:38,2016-12-02 00:00:00
35d8c6d5e060ad24271ffda186312ef8,38fa25096a695e1972739e2dd6821f83,delivered,2016-10-10 08:36:05,2016-10-11 13:42:49,2016-10-14 18:00:00,2016-10-15 13:42:50,2016-12-02 00:00:00
75fb23d26903b71ce3dd550ae22d2cc1,3c6484a7438cd35dcc54f53f4b945829,delivered,2016-10-10 09:23:48,2016-10-10 12:02:45,2016-10-14 12:02:46,2016-10-17 13:02:46,2016-11-30 00:00:00
5226f1a731e8a1215da5e1bea64e2130,3489fb03bfa99335c385df8b863a701b,canceled,2016-10-10 09:51:13,2016-10-18 15:19:11,,,2016-11-18 00:00:00
42c5091238dc63339c79f5f35f8a5a6b,da231380834f900e3fc3a958a1533a33,invoiced,2016-10-10 09:57:05,2016-10-10 11:04:04,,,2016-12-02 00:00:00
dd845e1cdb19f08d029a727adc9a5a77,01f7b7a4e25cda9ce48c0f7263f7452d,invoiced,2016-10-10 09:59:46,2016-10-10 12:01:59,,,2016-12-06 00:00:00
96caf486ad384c707d860dbb4e519794,b7335be40f14f35559f7222d4875b114,delivered,2016-10-10 10:20:13,2016-10-11 08:57:47,2016-10-15 08:57:48,2016-10-18 09:57:48,2016-12-02 00:00:00
4421f094ff828b78aba6d18db005821d,497444aa14246e71ed88c2c37540ddfb,delivered,2016-10-10 10:22:55,2016-10-10 12:02:33,2016-10-14 12:02:36,2016-11-01 10:28:49,2016-12-08 00:00:00
45ec58d30f2023e4dac16d956a657ddd,62d7df8850fd19bf7a67afca5b7e65bb,delivered,2016-10-10 10:28:51,2016-10-11 05:02:01,2016-10-25 12:09:01,2016-10-27 17:32:07,2016-11-30 00:00:00
1f66f9bfd244a5383aeb00a84ad12a66,b692755548475c6db9d19858c5da06f1,canceled,2016-10-10 10:49:54,2016-10-10 12:01:56,,,2016-12-08 00:00:00
a08d1f4b300c3d7ec52f5f9a74234eca,e2c852f36be265c817eafd880884b206,delivered,2016-10-10 11:08:53,2016-10-10 12:02:42,2016-10-21 16:02:09,2016-10-21 16:25:05,2016-11-30 00:00:00
6460e331ee8f69c01f1423cca48d9991,59b219b2e1d1b20580c3551e07db6648,delivered,2016-10-10 11:17:11,2016-10-11 05:02:23,2016-11-20 09:57:41,2016-11-24 15:44:05,2016-12-02 00:00:00
5f834cc4ee109c58dff88c60b8ba5ecf,1124aa987445b3d3f42412a375522a89,delivered,2016-10-10 11:22:36,2016-10-10 12:03:12,2016-10-21 16:35:18,2016-10-24 16:35:18,2016-12-06 00:00:00
4b038a7f8dfc36755eca741381e379e3,e53edc46664edce7794d86baca23f75b,delivered,2016-10-10 11:39:06,2016-10-10 12:03:31,2016-11-14 12:38:44,2016-11-24 14:55:43,2016-12-08 00:00:00
59f26737bbeea8142a7e982cfce13e7a,e64d63f1e2d292e774d451d7b55f711d,delivered,2016-10-10 12:39:06,2016-10-10 13:01:33,2016-10-14 13:01:34,2016-10-17 14:01:34,2016-12-14 00:00:00
f883e09a1fb01318052c6ab839efb34a,12dca0bf14588cc10f18a9f9abaef604,delivered,2016-10-10 12:54:37,2016-10-12 03:01:46,2016-10-14 18:00:00,2016-10-28 10:27:47,2016-12-12 00:00:00
b88cd65e1d90bf6e185bf9b6f0b614cd,b3d9d64d67b27599d01bb7de17a92ab8,delivered,2016-10-10 12:54:46,2016-10-11 16:13:11,2016-10-15 16:13:12,2016-10-18 17:13:12,2016-11-30 00:00:00
d3f7c0e804b501782903f7af749eb797,303f96887b473d72e34c2d0e492fa43b,delivered,2016-10-10 13:57:41,2016-10-10 14:42:00,2016-10-14 14:42:00,2016-10-17 15:42:00,2016-12-02 00:00:00
d6e32818428593eefe8ffd7e15acb83e,784210ee365c635556aeb69e14e072fc,delivered,2016-10-10 14:02:01,2016-10-12 03:01:36,2016-10-16 04:01:38,2016-10-19 04:01:38,2016-12-16 00:00:00
3e9334d33c1e64167920675211fb1aee,86445cd94757169dd251d4052f7d0544,delivered,2016-10-10 14:20:38,2016-10-10 15:02:14,2016-10-14 15:02:15,2016-10-27 12:38:46,2016-12-06 00:00:00
c776863a93dc0740c6e7d78104b21413,1710b798ebdc5db6665c815b90a64999,delivered,2016-10-10 15:01:27,2016-10-10 15:44:46,2016-11-14 07:41:23,2016-12-14 08:03:48,2016-12-14 00:00:00
0ca768c507d1fc3c61bd950bb1c5231a,b3fb50a69d9de3ee23504d2cd66da13f,delivered,2016-10-10 15:20:14,2016-10-10 16:02:25,2016-10-30 11:23:50,2016-11-07 14:51:45,2016-12-06 00:00:00
b44d71edad65f41824d2e177470ef8f6,ad29d9bb283d87e61e190d40bc7bc15b,delivered,2016-10-10 15:23:51,2016-10-10 16:02:57,2016-10-21 18:02:55,2016-10-24 18:02:55,2016-11-30 00:00:00
2fbb05b3ee700e1897b9fa501e416005,b85708f7ff9d1b6fce163c71086084f9,delivered,2016-10-10 15:37:12,2016-10-10 16:02:39,2016-10-25 11:44:28,2016-10-25 20:11:24,2016-12-16 00:00:00
b19169c7cb8391fb8561e094d61c531a,620732fed5579e0bdfdddee02aad4c54,delivered,2016-10-10 15:49:59,2016-10-10 16:02:54,2016-10-21 18:22:31,2016-10-28 14:43:41,2016-12-02 00:00:00
c4f710df20f7d1500da1aef81a993f65,4b671f05b6eb9dc1d2c1bae9c8c78536,delivered,2016-10-10 15:50:01,2016-10-10 16:02:37,2016-10-18 15:53:51,2016-10-26 16:35:46,2016-12-14 00:00:00
de8f4a82099fe4fa6bcb8952ca51420f,13db9c37d449305364a897e44f479406,delivered,2016-10-10 16:00:30,2016-10-10 16:43:18,2016-10-14 16:43:19,2016-10-17 17:43:19,2016-12-14 00:00:00
12ca240539e7029e0328f0a410c12ad1,0c63b4438ff050942153aaa4c19ad1d3,delivered,2016-10-10 16:00:33,2016-10-10 16:43:18,2016-10-14 16:43:18,2016-10-17 17:43:18,2016-12-02 00:00:00
3379d980824f0aa5dab057f2530759bb,17e6d37366dc8c8865588b0d1740d606,delivered,2016-10-10 16:39:37,2016-10-12 03:01:57,2016-10-16 04:01:59,2016-10-19 04:01:59,2016-12-02 00:00:00
09dd83f72b2516179cd46b81121fad23,d70f382aefc5e3273ba95831d8588930,delivered,2016-10-10 16:55:10,2016-10-12 03:02:04,2016-11-18 12:43:10,2016-11-28 15:38:37,2016-12-12 00:00:00
5a7ae4ca802c14fdff19558a4fee8727,3140c5d46f2d38e4f14a9675359d6a27,invoiced,2016-10-10 17:16:03,2016-10-12 03:01:52,,,2016-12-06 00:00:00
48c43415ea1c4af9afa92542183b6e55,5589151bd114970188a1141fbd5c8d25,delivered,2016-10-10 17:49:21,2016-10-10 18:02:22,2016-10-30 10:37:42,2016-11-01 14:14:46,2016-12-02 00:00:00
b04bd4e0a1a21fef81b1f24f6fb81c08,bbf83aabda305a5ac059e05b342076a0,delivered,2016-10-10 18:05:54,2016-10-11 05:03:09,2016-10-15 05:03:18,2016-10-21 10:31:00,2016-11-30 00:00:00
3d7d60b10ba4b43cf6f6d5df2e933f67,02cb3a8ef6e13d37560379559e2f533d,delivered,2016-10-10 18:09:39,2016-10-10 19:00:39,2016-10-30 14:57:59,2016-10-31 14:57:59,2016-11-30 00:00:00
e5215415bb6f76fe3b7cb68103a0d1c0,b6f6cbfc126f1ae6723fe2f9b3751208,canceled,2016-10-22 08:25:27,,,,2016-10-24 00:00:00
bd50a7fe9fd97ea4b7663031a319e150,0975c3cf2e418ebfa5d1191a2dffd59d,delivered,2016-12-23 23:16:47,2016-12-23 23:31:37,2016-12-27 06:14:27,2016-12-28 15:54:44,2017-01-19 00:00:00
ec7a019261fce44180373d45b442d78f,c24fc5f9a446b4d8262041b9c64de772,delivered,2017-01-05 11:56:06,2017-01-05 12:10:17,2017-01-06 12:43:41,2017-01-11 13:14:05,2017-02-01 00:00:00
b95a0a8bd30aece4e94e81f0591249d8,ff3c6d35b4927c9b965aa6a68dcf56e4,delivered,2017-01-05 12:01:20,2017-01-07 03:35:37,2017-01-11 16:22:53,2017-01-17 15:38:58,2017-02-13 00:00:00
38bcb524e1c38c2c1b60600a80fc8999,d2c63ad286e3ca9dd69218008d61ff81,delivered,2017-01-05 12:06:36,2017-01-07 03:45:22,2017-01-11 15:35:54,2017-01-16 16:05:22,2017-02-13 00:00:00
7a18a504c1a4b32d883e68de2e1a7db0,e6bee29442c761ff0dfb9a4414922a5c,delivered,2017-01-05 12:09:08,2017-01-07 03:44:08,2017-01-11 15:35:53,2017-01-16 15:43:29,2017-02-13 00:00:00
6acecf438369055d9243e121045cca74,42d857e22f61f10476f0cda1aacc018a,delivered,2017-01-05 12:11:23,2017-01-07 03:44:07,2017-01-11 16:22:53,2017-01-17 16:06:30,2017-02-13 00:00:00
34bf4feda1e203af64692d97c6950c39,64b56cb1662271f54a81d96a28741487,delivered,2017-01-05 12:14:58,2017-01-07 03:35:24,2017-01-11 16:09:04,2017-01-16 16:13:55,2017-02-01 00:00:00
40599d3d28b75746952ded75566637b9,efdf4a7c78d7c364046efb69035d1d4f,delivered,2017-01-05 13:01:48,2017-01-07 03:45:49,2017-01-11 16:08:53,2017-01-16 15:43:21,2017-02-13 00:00:00
ce86fa5a5108884726a2244bcae51ae6,8fa33a3159dfc303b8aeccf859b9bee5,delivered,2017-01-05 13:29:03,2017-01-07 03:45:23,2017-01-11 15:35:54,2017-01-16 16:05:21,2017-02-01 00:00:00
7004296aa0256632eaddc171edaf727f,3a7856f2a103364d279de7f72e18b7c4,delivered,2017-01-05 13:31:22,2017-01-07 03:44:29,2017-01-11 15:35:53,2017-01-16 16:05:21,2017-02-01 00:00:00
cce1b8a1c5f8b1d224e19628299c8f54,63433f6eb6f0a79cbb24e940d0ab17ad,delivered,2017-01-05 13:33:45,2017-01-07 03:44:27,2017-01-11 15:35:53,2017-01-17 16:51:39,2017-02-01 00:00:00
f175d67589e059cbbda956f10f0702e6,a4555d257db29ef5f838cec4101c5208,delivered,2017-01-05 13:34:35,2017-01-07 03:45:40,2017-01-11 16:25:57,2017-01-17 15:52:28,2017-02-13 00:00:00
0bda8164c1a12b6a388ebec8559ee287,3f402674c608ea67085eb5e0ec4d96ef,delivered,2017-01-05 13:36:07,2017-01-07 03:45:47,2017-01-11 16:09:00,2017-01-16 17:27:34,2017-02-13 00:00:00
5965b589a33443dd1f820eb7df39762a,e7e6da2ddce69ab0bf01d7ed4dbd0856,delivered,2017-01-05 13:36:41,2017-01-07 03:44:29,2017-01-11 16:08:52,2017-01-16 15:53:34,2017-02-01 00:00:00
db7576b1fe440f4c0a808855aacf0948,fc30386d1f0ca6d7f48845275ac0cd23,delivered,2017-01-05 13:37:27,2017-01-07 03:44:27,2017-01-11 15:37:55,2017-01-16 14:25:01,2017-02-13 00:00:00
1b694ef5b28d3e949a4f0ffeb2c9fcd6,cba12036a88407a37770dc8ab725de77,delivered,2017-01-05 13:43:17,2017-01-07 03:35:38,2017-01-11 16:08:55,2017-01-16 16:54:04,2017-02-13 00:00:00
2f9d791088532b218b41f892cc16073b,937bb74713a47912471275b234236764,delivered,2017-01-05 13:48:48,2017-01-07 03:35:21,2017-01-11 16:08:53,2017-01-17 16:57:46,2017-02-13 00:00:00
3ce4038922670fead496aeae61a8a393,5da810af4515e4470379a90fcf246a15,delivered,2017-01-05 13:52:39,2017-01-07 03:44:23,2017-01-11 15:37:55,2017-01-16 14:04:35,2017-02-13 00:00:00
205d7052a6505124d200f6fea6b423bc,d020d4abe6475a8382f53d763fe24a65,delivered,2017-01-05 13:59:30,2017-01-07 03:44:23,2017-01-11 16:09:00,2017-01-17 17:52:31,2017-02-13 00:00:00
8a784d47854e4cbc5562362393d504db,a969b9f8d923bc7fd97b578f7c499194,delivered,2017-01-05 14:18:03,2017-01-07 03:44:16,2017-01-11 16:08:56,2017-01-17 16:47:45,2017-02-13 00:00:00
9b91ddcbd6cbceb83d4fd2462ca1f95e,6152d0774bbbf74f7140541c0569dafa,delivered,2017-01-05 14:22:02,2017-01-07 03:44:09,2017-01-11 16:25:57,2017-01-16 16:32:52,2017-02-01 00:00:00
ca5a215980675471f0cf8199c041909a,588047d7101d88c333691e47659d7099,delivered,2017-01-05 14:23:54,2017-01-07 03:44:16,2017-01-11 15:37:55,2017-01-17 15:14:20,2017-02-01 00:00:00
d82cef48824870df9946d57e827ed727,500bbe66867d0f0bdb3531af1e052b4b,delivered,2017-01-05 14:33:39,2017-01-07 03:44:20,2017-01-11 16:09:06,2017-01-16 16:44:55,2017-02-13 00:00:00
43d29c6fc78c31c80080d85e5260a9fb,41fdaf0dcabfb53a5556c46cd8cc0a32,delivered,2017-01-05 14:36:18,2017-01-07 03:44:12,2017-01-11 16:25:58,2017-01-16 09:13:47,2017-02-01 00:00:00
f92641ff0446a0e1c57195ebfe76e16a,cd21b89339f05955972dc288787533d3,delivered,2017-01-05 14:42:02,2017-01-07 03:44:08,2017-01-11 16:08:55,2017-01-16 18:15:00,2017-02-13 00:00:00
17fed53ba6dfef9b594ee2268642e2aa,c0352e94059e3e5a714c9ad0c8306a54,delivered,2017-01-05 14:50:54,2017-01-07 03:35:35,2017-01-11 15:59:08,2017-01-16 15:24:03,2017-02-13 00:00:00
464de32dc84484c1d26df3e8e38e708b,27129ce1ebca4ffa23a049c51cc8ec95,delivered,2017-01-05 15:25:04,2017-01-07 03:35:36,2017-01-11 15:59:08,2017-01-17 16:09:40,2017-02-13 00:00:00
747996a66f5aa711deb8ae58f5ae46a0,ed1793d2d1e4175d5846ce7ebb4a01f5,delivered,2017-01-05 15:25:10,2017-01-07 03:44:28,2017-01-11 15:59:08,2017-01-16 15:18:08,2017-02-13 00:00:00
e1fe072ef14b519af1f0a8ed997c1301,758b633d88b82063db189810084f4ea9,delivered,2017-01-05 15:32:59,2017-01-05 16:15:16,2017-01-06 13:45:22,2017-01-12 14:13:19,2017-02-15 00:00:00
c96209cd1d43d071d3bdf48d299b7aa5,06cd112a475fd4d834eff32968147050,delivered,2017-01-05 15:37:58,2017-01-07 03:45:27,2017-01-11 15:47:40,2017-01-16 15:18:08,2017-02-13 00:00:00
09f58c00f941827ab206de7796785e44,7c94da97db6fe83e123f80baab533a97,delivered,2017-01-05 16:05:07,2017-01-07 03:35:34,2017-01-11 15:47:40,2017-01-16 15:43:31,2017-02-13 00:00:00
9021fdebb45ac827a6033d6969d5c2e3,7fdeb74955a334e7a83f3bb365c07727,delivered,2017-01-05 19:52:28,2017-01-07 03:35:30,2017-01-09 16:55:33,2017-01-13 12:27:45,2017-02-07 00:00:00
f2dd5f15184c73c0d45c02941c7c23d1,4b60b3ade055c6ad88a00758c8e8a162,delivered,2017-01-05 22:52:33,2017-01-05 23:05:27,2017-01-06 16:08:45,2017-01-13 17:06:48,2017-02-23 00:00:00
157ec3dc3f38cdbd2706bd216edfe8fb,7dfd10dcc726950fc6171cea83872351,delivered,2017-01-06 13:43:16,2017-01-06 13:55:11,2017-01-09 16:03:33,2017-01-13 10:58:13,2017-02-16 00:00:00
e6db6e9529fecbe14cd05dd349816656,6b3efc29f67766dd725bb29e857614f2,delivered,2017-01-06 21:27:49,2017-01-06 21:35:20,2017-01-09 12:08:34,2017-01-13 13:57:29,2017-02-20 00:00:00
bf44408de1d05eef70fb026ba64a90ea,96054b94409f7712eeffe8edfa6959a6,delivered,2017-01-06 21:30:38,2017-01-10 03:10:35,2017-01-10 11:53:06,2017-01-12 09:43:56,2017-02-14 00:00:00
1b3d11cf9f92c0f7baf627ab059621f8,85ed641fe825f188f1a67b317b5f540c,delivered,2017-01-06 23:31:23,2017-01-06 23:44:08,2017-01-09 09:33:56,2017-01-17 17:27:49,2017-02-16 00:00:00
89898719573722b59b173f76fb213501,d2b141e8cefd8acb97baee4b25b01ea5,delivered,2017-01-07 00:34:47,2017-01-07 00:50:15,2017-01-10 14:52:35,2017-03-06 13:15:00,2017-02-15 00:00:00
4e36d0170c671378f49f701a810360ae,1a690c199a6496cabdbf071e3983ce68,delivered,2017-01-07 13:29:22,2017-01-07 14:00:13,2017-01-09 11:06:24,2017-01-18 12:28:02,2017-03-01 00:00:00
d809ddde66fee6223df16b11231491f9,ec512aec44574fceef73903803b3b382,delivered,2017-01-07 17:20:56,2017-01-07 17:30:21,2017-01-12 10:17:41,2017-01-25 10:14:08,2017-02-17 00:00:00
9a3e437ab219133c20a7033be9087edf,3c03fed2df425b8291c5913c52b51b84,delivered,2017-01-07 20:45:31,2017-01-07 20:55:10,2017-01-10 13:46:14,2017-01-17 11:38:10,2017-02-07 00:00:00
f53b39c6c91ce86717c15d8e4e5da0c2,42d1b4eb863054dcb04a019944ecd2d8,delivered,2017-01-08 09:35:07,2017-01-10 03:10:46,2017-01-10 11:53:06,2017-01-12 09:22:12,2017-02-17 00:00:00
452b706af12e25e6c8c740b4dc493ab0,bfc9371f9268216725254f8567803291,delivered,2017-01-08 09:35:14,2017-01-08 09:45:12,2017-01-09 15:12:35,2017-01-17 13:22:19,2017-02-17 00:00:00
46936461f0c4e3c80b9289ce5fc1682a,f6295486d5e27c0de0101b3f1b63b6d1,shipped,2017-01-08 19:27:22,2017-01-08 19:45:02,2017-01-11 09:34:18,,2017-02-21 00:00:00
195416246665b8268100ef5fde9722b4,b14e4569fdc3353689f16abb8b57dadc,shipped,2017-01-08 19:27:22,2017-01-08 19:45:02,2017-01-11 09:34:18,,2017-02-22 00:00:00
d64aa68e4a96734f280b7ddf0852d511,136f4c1a0629b4ef8681a46dfeeddc2e,delivered,2017-01-08 20:25:12,2017-01-09 20:30:17,2017-01-11 14:22:53,2017-01-17 10:52:10,2017-02-17 00:00:00
76774c936de5cb5a431120fde98e40da,70210c917bc804a1269942a71308a4f7,delivered,2017-01-08 20:57:29,2017-01-08 21:10:16,2017-01-14 08:38:00,2017-01-19 14:06:26,2017-02-16 00:00:00
81e5043198a44ddeb226002ff55d8ad4,ddd15ef77c83eea8c534d2896173a927,delivered,2017-01-09 00:37:18,2017-01-09 00:45:09,2017-01-09 09:10:53,2017-02-24 09:42:38,2017-02-24 00:00:00
9d00e5dd1d0a6dc258a09e9c90854357,6088f7a0127c12595d6335b10bb37a2d,delivered,2017-01-09 14:04:26,2017-01-10 03:35:54,2017-01-11 15:47:40,2017-01-16 17:01:50,2017-02-15 00:00:00
765442de6466c0bb079c22b8b20e0eab,2b3dc71b4cce6a5cb97f6ebf5d6ede5f,delivered,2017-01-09 17:50:06,2017-01-09 18:05:45,2017-01-10 10:53:44,2017-01-13 08:53:45,2017-02-17 00:00:00
b174fa32929e4af3622213e835cfa84a,0b8cca6cd998b579f4a0556a31f388f4,delivered,2017-01-09 21:31:15,2017-01-12 02:55:44,2017-01-16 09:12:32,2017-01-18 17:05:11,2017-02-17 00:00:00
acc3d4031cbd2f28ac6b5b71427a054c,4a929b369cfa8293f0a22f9a65ad4b1d,delivered,2017-01-09 21:40:42,2017-01-09 21:55:11,2017-01-11 12:23:58,2017-03-02 10:57:46,2017-02-07 00:00:00
588454faf6ae4ce8b0f387e19b7115a2,1898e33d23781c0e4574a114fe73c73d,delivered,2017-01-10 13:58:33,2017-01-11 02:10:40,2017-01-12 09:58:14,2017-01-20 16:11:31,2017-02-28 00:00:00
bbcec25aefec973dfa1b9499147fdf76,7cde25498a31a63d00e82b29b929cc49,delivered,2017-01-10 14:08:07,2017-01-12 14:05:18,2017-01-13 11:45:48,2017-01-27 07:27:45,2017-02-22 00:00:00
51b79a492b5e53504ce70340ce111374,c3057d4a0fcd85b33e6a7b59bcd257a0,delivered,2017-01-10 16:31:22,2017-01-12 02:45:30,2017-01-13 08:32:45,2017-01-20 15:44:38,2017-02-20 00:00:00
08d7ec7381dc51d41a0e4d86314b7a98,bf396d21b4ba3214fd7d7a9c10669615,delivered,2017-01-10 17:18:09,2017-01-10 17:30:23,2017-01-16 14:39:40,2017-01-26 13:41:40,2017-02-22 00:00:00
ad818323f40e1a353eb3a3874d138c51,e423929b7362dc59bfc3e9dab3acad7a,delivered,2017-01-10 19:43:30,2017-01-10 19:55:17,2017-01-13 15:54:54,2017-01-20 16:35:05,2017-02-20 00:00:00
0ed46f17da8a1c3bd0ed5fdfc50decc4,87f135f5f28a7056c1076dd8dd122e5f,delivered,2017-01-10 22:23:11,2017-01-10 22:30:24,2017-01-13 09:48:50,2017-01-23 10:12:14,2017-02-24 00:00:00
743cc56ca44d32e3e125c74c98044997,ac4803ab1d19fb7799da3fb6f333d4c7,delivered,2017-01-11 00:13:51,2017-01-11 00:25:47,2017-01-12 11:51:05,2017-01-17 13:03:03,2017-02-21 00:00:00
a01cc79e3afbac4a52ce1d528080e438,f71daf549aff62ad50e839ea1086d9a1,delivered,2017-01-11 10:24:36,2017-01-12 02:45:44,2017-01-16 09:53:31,2017-01-18 11:56:05,2017-02-07 00:00:00
0b1e73fa546894ad7310916b480de067,bc265c24a5a745bff94d62fd5f5db043,delivered,2017-01-11 11:21:23,2017-01-11 11:31:52,2017-01-11 14:07:45,2017-01-16 13:18:49,2017-02-21 00:00:00
811eadaef225935d84d4d3fdcca7ee85,76c0c1cbc865dd70e1225ca35bd5f305,delivered,2017-01-11 11:34:58,2017-01-11 11:45:11,2017-01-11 14:07:44,2017-01-16 13:22:29,2017-02-21 00:00:00
8b94c85a97b61f51a419a57e451d4e3a,54078a8661b0336a50e00afab86da419,delivered,2017-01-11 12:49:53,2017-01-11 13:05:35,2017-01-12 15:13:58,2017-01-18 10:37:56,2017-02-23 00:00:00
255d951095fc26f86cc7a08b822b714a,4aa40fd3991ea64e9dead06fe15f021c,processing,2017-01-11 15:18:25,2017-01-11 15:30:11,,,2017-03-01 00:00:00
9a75a775d17d37cd19193fe02c3f21de,97efa29b4cb6dc4b10acb8f9baa46cdb,delivered,2017-01-11 15:56:35,2017-01-13 02:10:21,2017-01-17 12:13:02,2017-01-24 14:14:24,2017-02-23 00:00:00
587a39d6ab7297ee16b3d5ebdaa0f776,69ed85715d3bff3b648ef923daed0056,canceled,2017-01-11 18:32:24,2017-01-11 18:45:23,,,2017-02-21 00:00:00
bf9d705db9fe15b5bd6a0a35c3e3365f,cd7fc3b7e625b3b0492197326b461c4c,delivered,2017-01-11 19:21:04,2017-01-11 19:35:14,2017-01-13 14:25:01,2017-01-20 21:11:43,2017-02-17 00:00:00
09d557bf440b6c3b40cacfbb24fd5e28,c95fd5ec9cb15e99cbd4b8a9ff814ff6,delivered,2017-01-11 20:12:38,2017-01-11 20:25:06,2017-01-12 10:07:12,2017-01-19 16:32:01,2017-02-27 00:00:00
10221b5ef57cb66fe37a3b1e594918d1,fdff81b769f15aac39439e70eb1f72a0,delivered,2017-01-11 22:36:59,2017-01-11 22:45:12,2017-01-12 15:33:47,2017-01-19 16:41:31,2017-02-21 00:00:00
753aaaa715f963740a358c291bc79727,92afe47b8038840f6761684db0da3e40,delivered,2017-01-11 23:32:55,2017-01-11 23:45:19,2017-01-12 14:21:04,2017-01-17 10:28:00,2017-02-09 00:00:00
4d9aeb0219e736ad9dd72af9f25b3f88,28783e4198a64a0285d35e5967d9956c,delivered,2017-01-12 00:06:12,2017-01-12 00:15:14,2017-01-12 16:53:43,2017-01-19 10:53:53,2017-02-20 00:00:00
53cd36155a7bf507095985b2f26368a5,3fb14779b189f5fde47f8918e88dcc36,delivered,2017-01-12 09:45:32,2017-01-12 10:04:59,2017-01-12 11:49:26,2017-01-18 12:51:59,2017-02-20 00:00:00
fbee80ef6891c144af8ff9dc788aaa89,41ee1607f629eea5c7aa658053748326,delivered,2017-01-12 12:01:14,2017-01-13 16:25:19,2017-01-16 16:10:12,2017-04-26 09:35:51,2017-03-06 00:00:00
6744d76b253e71e06a89867248227b9c,42528556eaad6bbc96bb8eff982ae387,delivered,2017-01-12 12:46:35,2017-01-13 13:05:34,2017-01-25 06:21:13,2017-02-08 08:43:43,2017-03-08 00:00:00
f313be47c42e07616027ad6d6ac3034c,1df2dcecdf59a9ec5bbd2f877821219e,delivered,2017-01-12 13:11:45,2017-01-12 13:24:45,2017-01-13 15:52:27,2017-01-26 14:03:59,2017-02-22 00:00:00
19512a70f62306416782f963d55c8b26,e914087f4bedebda8f0dc92e4d095d16,invoiced,2017-01-12 15:05:52,2017-01-12 15:15:10,,,2017-03-02 00:00:00
b5c037cf61074d84c0a994fa0d024064,58a549319c3ffcfc868efa613016466a,delivered,2017-01-12 15:58:39,2017-01-12 16:10:19,2017-01-18 04:42:03,2017-01-24 13:09:56,2017-02-13 00:00:00
3c116d50bb76160ee1d7a2e8f5791427,d056f27116f163ae6d99dff3d169c032,delivered,2017-01-12 18:30:07,2017-01-12 18:44:39,2017-02-16 04:24:07,2017-02-24 16:45:39,2017-02-22 00:00:00
0daff24b7abb3accd3e2638a0d5be0a0,5a46fcfb9cb1aa7feef0014acace422c,delivered,2017-01-12 20:06:50,2017-01-12 20:15:17,2017-01-17 05:14:16,2017-01-20 10:57:34,2017-02-23 00:00:00
6f748695717d537b882406da58acefec,b31da288a5d93df0b87661fae41bda52,delivered,2017-01-12 20:28:10,2017-01-12 20:44:31,2017-01-13 16:51:48,2017-02-14 15:07:50,2017-03-02 00:00:00
22c2b8497506479028918303045751dd,a76e74102c5779eaca55a3f9187ea2f2,delivered,2017-01-12 22:24:48,2017-01-12 22:35:21,2017-01-13 10:07:57,2017-01-19 10:42:37,2017-02-20 00:00:00
eb9cf2c383ca81f5d9750cc9e75fef41,1db74a8b644afe5d02543026ba693e76,delivered,2017-01-12 23:11:07,2017-01-12 23:25:13,2017-01-18 15:23:33,2017-01-31 13:42:14,2017-02-22 00:00:00
2e2e88c4bb691287b71a9e1ee8a193a4,439f42a3cd2931ef5f1bb20e54f2357d,delivered,2017-01-12 23:42:50,2017-01-17 11:35:11,2017-01-17 14:44:18,2017-01-26 13:11:27,2017-02-22 00:00:00
6c82197bc099415d9919ccb609a9c072,cf21fc5ce008e8d35e01caeb0ef028da,delivered,2017-01-13 00:14:27,2017-01-13 00:31:26,2017-01-13 12:50:08,2017-01-18 14:05:48,2017-02-21 00:00:00
ba3d713d46b9dadf35bf0ab911b06408,8d3b3107ff3d5416c2aaede11192d34b,delivered,2017-01-13 09:02:32,2017-01-13 09:10:10,2017-01-13 16:11:22,2017-01-23 17:09:01,2017-02-23 00:00:00
4fe2e8b329e56a00aba9b0136b46f00f,0c6e74d3848e590888f197074ee1f5ff,delivered,2017-01-13 11:06:56,2017-01-15 11:05:13,2017-01-18 04:58:17,2017-01-20 11:33:43,2017-02-24 00:00:00
c5a468ae781ffb0ec6d36ae89fe512b0,ed7ef682569428c1afaf73b39a2f602b,canceled,2017-01-13 11:06:56,,,,2017-02-13 00:00:00
fc28aed78cb8bcd22a7dbd82cb778946,31ec530ca6c36d8cd17146241c119887,delivered,2017-01-13 15:11:16,2017-01-13 15:25:21,2017-01-16 11:22:18,2017-01-21 06:57:36,2017-02-09 00:00:00
5a1b8ce8aee70bd3445109304936c826,587c6261599b61d8089fab854cb753cd,delivered,2017-01-13 15:11:52,2017-01-13 15:25:23,2017-01-13 16:12:36,2017-01-26 14:27:27,2017-02-23 00:00:00
f7b9821d83a86f942cd40560f3c06622,668bca75c9fde63d376e1042ff8e2fe8,delivered,2017-01-13 17:53:10,2017-01-13 18:05:20,2017-01-18 15:14:48,2017-01-25 13:58:33,2017-02-23 00:00:00
ce678bd6591f2487c9b4f5af45b4619f,8b16b8c513d302bd3d2f218644fed1a0,delivered,2017-01-13 20:08:30,2017-01-13 20:23:00,2017-01-16 12:25:16,2017-01-23 12:39:22,2017-02-23 00:00:00
d730d8d0ea3149120703933fdf98b2d4,ce2a66464da8b80dedd7639a6e489a58,shipped,2017-01-13 20:12:41,2017-01-13 20:25:16,2017-01-16 10:23:19,,2017-02-09 00:00:00
c96867b4091191ba74279fc255656525,57f964df70a28c4770200f68dfd54532,delivered,2017-01-13 20:53:54,2017-01-14 02:42:51,2017-01-16 12:25:08,2017-01-20 14:14:39,2017-02-27 00:00:00
3aa779fc4b813797c16ac4f02fe808ec,8d17a0679312b6c68213eb0c197b3c48,delivered,2017-01-13 22:21:41,2017-01-13 22:30:11,2017-01-16 14:22:07,2017-01-26 12:24:38,2017-03-01 00:00:00
92580e7039e427da2884d35809a95996,883bce2f3694717d0403432a07768b05,delivered,2017-01-13 23:24:59,2017-01-13 23:35:14,2017-01-17 15:10:17,2017-01-24 18:28:34,2017-02-23 00:00:00
c8ea1ac95f4f994f94fb57e99dcca985,54cca8020b69fbb204ac117154b079b7,delivered,2017-01-14 01:16:14,2017-01-14 01:30:17,2017-01-20 15:20:37,2017-01-27 09:22:38,2017-02-14 00:00:00
f38755557b9876c68991673e64852af8,a697310dcc6dec6e09e601a68fad6611,delivered,2017-01-14 08:33:40,2017-01-14 08:45:11,2017-01-18 04:58:04,2017-01-25 15:07:53,2017-02-17 00:00:00
7c933084ae34df732cfb3b47968b1666,cf4e269e30ba0f547477c32723ec2542,shipped,2017-01-14 12:17:10,2017-01-16 13:41:43,2017-01-18 16:00:12,,2017-02-22 00:00:00
03b218d39c422c250f389120c531b61f,db857a86c685a6a3a02a705961ec1ff1,delivered,2017-01-14 14:20:01,2017-01-14 14:30:43,2017-01-16 09:23:45,2017-01-18 10:53:42,2017-03-01 00:00:00
6248b0a9b547366913fb67922a7a2b77,4ae48f8e3942147402a1286118601c83,delivered,2017-01-14 15:11:28,2017-01-14 15:22:39,2017-02-03 10:50:28,2017-02-03 10:50:28,2017-02-28 00:00:00
1d4744e42dc6d786bbc9512601f7e49c,7096909336d32cce878923632d3d4208,delivered,2017-01-14 15:41:48,2017-01-14 15:50:16,2017-01-18 16:00:12,2017-01-24 05:46:04,2017-02-22 00:00:00
a87f63f16c37c383775f476c6f22b635,fd673a07896aec385c5287234605f166,delivered,2017-01-14 15:42:20,2017-01-14 15:50:20,2017-01-16 09:38:03,2017-01-30 11:21:56,2017-02-20 00:00:00
df1b378ac0b21d71ef1e642971d31530,dfd18dbef42d2d617d822af592b2fa62,delivered,2017-01-14 16:10:59,2017-01-14 16:22:27,2017-01-17 16:33:58,2017-03-14 15:44:15,2017-02-24 00:00:00
016dee69b3de35a39bfccee5309307c3,c508ad14bc3cde5d1e0bfca7ebdb77cd,delivered,2017-01-14 16:35:59,2017-01-14 16:50:19,2017-01-19 16:33:30,2017-01-26 15:43:39,2017-02-28 00:00:00
0fd3cee523a106ac501c4cf18f56a4de,c41bb9b32eecfb353668815360270496,delivered,2017-01-14 17:44:58,2017-01-14 17:55:18,2017-01-23 15:22:11,2017-01-30 10:43:29,2017-02-15 00:00:00
a9a93c428c6103f2151bb63a1d32a520,99ed295fa7b1f749594ce5f709ef1073,delivered,2017-01-14 17:57:50,2017-01-17 10:55:13,2017-01-20 17:58:58,2017-01-30 18:37:44,2017-02-28 00:00:00
aa830d74d3e7d4a392cb7eac51a9c719,a0b7bf085451ca667f8c8015e9812e3b,delivered,2017-01-14 17:59:38,2017-01-14 18:10:17,2017-01-18 04:38:56,2017-01-25 09:47:57,2017-02-15 00:00:00
05cd156f0f47579a36d7a52724fc31b8,976224a95faf328b17654b1b1411d5e1,delivered,2017-01-14 18:27:28,2017-01-14 18:42:18,2017-01-16 06:42:20,2017-01-31 12:41:58,2017-02-24 00:00:00
fd930246eb1c751ee75add493e49ea34,3422a239d7c7bf95b72216d779a28de6,delivered,2017-01-14 21:28:46,2017-01-14 21:42:21,2017-01-16 11:42:51,2017-01-25 11:44:59,2017-02-28 00:00:00
3aa0a75931f649d9e3e83aaa9d6a95e7,a2ddc0fbb3e8827c322579d6124b0c6c,shipped,2017-01-14 21:56:03,2017-01-14 22:10:18,2017-01-18 17:58:03,,2017-03-08 00:00:00
ef445757c25db3525a25a2b9641ef288,e24bd26337fb5b09e1331622a2f0d2bc,delivered,2017-01-14 22:17:49,2017-01-14 22:25:19,2017-01-17 16:33:55,2017-01-25 15:34:17,2017-02-16 00:00:00
ed2ea4498bcd56d90d461a23fa47ac56,b629604bb4374da78155fb48fcc1ec4f,delivered,2017-01-14 23:05:01,2017-01-14 23:15:16,2017-01-17 05:18:01,2017-01-24 13:47:47,2017-02-24 00:00:00
df410b19c3e348fb548ae68badd49827,6a6c433159ff775ba7f5ff8ec38b5b6f,delivered,2017-01-14 23:05:01,2017-01-14 23:15:17,2017-01-17 05:18:01,2017-01-24 15:11:39,2017-02-14 00:00:00
22266e2f8d8084cd2b5d8488164d043a,2dae38555287b3c42938a0688936c53a,delivered,2017-01-15 00:01:45,2017-01-15 00:15:41,2017-01-16 06:42:19,2017-01-23 13:49:05,2017-02-24 00:00:00
d8d04eeca6703f5545f4c25b8ace1ee9,a2be606029a95748f15824071fffa10e,delivered,2017-01-15 10:14:31,2017-01-15 10:30:11,2017-01-19 09:27:48,2017-01-31 09:33:39,2017-02-28 00:00:00
3027797ce35841bf74917c0b0ea1a38d,64e2e80c6c053f95af9f072968fc8196,delivered,2017-01-15 12:37:26,2017-01-15 13:05:44,2017-01-16 08:50:39,2017-01-23 16:14:21,2017-02-24 00:00:00
e224d9d6fa66b26b8b86e73d2852136c,922955184e7e92d55ad006fbe9f14d74,delivered,2017-01-15 12:41:31,2017-01-17 12:41:57,2017-01-18 10:55:18,2017-01-27 12:13:56,2017-03-14 00:00:00
34ac523be174284d7b9df8e47bce2040,e143678e76c1279b51f6fb83c205b7d1,delivered,2017-01-15 14:15:04,2017-01-15 14:30:14,2017-01-16 08:43:35,2017-01-20 10:05:52,2017-02-24 00:00:00
1bfa3dbef549cf9ba5c5661ef1b63168,e22bab8950872ef60d229f7d6926b58c,delivered,2017-01-15 14:35:54,2017-01-15 14:45:12,2017-01-16 12:25:16,2017-02-13 08:51:25,2017-02-24 00:00:00
6d234dea658ce0c00f91e931cb11f93c,ce80c46eb733623b83a7458b918ca30c,delivered,2017-01-15 15:52:04,2017-01-17 03:10:11,2017-01-17 15:10:16,2017-01-26 12:45:50,2017-02-24 00:00:00
f2a5336cc1662ad56b16f4ed6e4b2de5,b0b27c44f7e3d2c6e45d506cbd4a5627,delivered,2017-01-15 17:55:56,2017-01-15 18:05:14,2017-01-16 12:25:16,2017-01-25 10:56:03,2017-03-02 00:00:00
b6e5aa946acc4e29e7069510f28a0bce,6630c34d7fef13e0ec591d96f6c24362,delivered,2017-01-15 17:58:42,2017-01-17 03:21:45,2017-01-20 10:49:26,2017-01-28 07:58:59,2017-03-01 00:00:00
f77dc5ef53142abf2e1734622d81f664,29c13f323716a5bbd7356343e45d9868,delivered,2017-01-15 17:58:43,2017-01-17 03:21:45,2017-01-19 09:15:39,2017-01-26 15:11:47,2017-02-17 00:00:00
33ef079ec39c1b46e6e552e038e67c5b,4a5dc0dfa0d6bb6fee6eac33a4b39d7b,delivered,2017-01-15 18:57:33,2017-01-15 19:10:17,2017-01-18 04:57:56,2017-01-20 16:47:51,2017-03-01 00:00:00
5897449bce69856d88610b3c0f4f63b5,2e19009aaf5ce281eadf19914ea75b5c,delivered,2017-01-15 21:46:43,2017-01-17 03:10:19,2017-01-18 15:12:19,2017-02-09 10:32:41,2017-02-14 00:00:00
af9cf6a8b011e9fea2be4c295942e58b,cf6825242ddd453dd3381bb0aa0976d3,delivered,2017-01-15 23:17:31,2017-01-16 17:31:36,2017-01-21 04:31:48,2017-01-31 15:57:50,2017-02-27 00:00:00
200f4d883fcc701355e46b8c6035743f,8c4bcd3c3737198f62421c18e0348554,delivered,2017-01-15 23:25:23,2017-01-17 03:22:00,2017-01-20 11:05:59,2017-01-27 10:32:30,2017-03-13 00:00:00
0dbfda5b69f9f25250969962f70929e9,36e0f840035e7f9bacad69b27b953a02,delivered,2017-01-16 00:05:37,2017-01-16 17:31:48,2017-01-19 07:41:28,2017-01-27 17:04:28,2017-02-24 00:00:00
ff42eee9423ebc7d468a3709e1cbefb7,e88a38745875de352d6a135b7d3f11af,delivered,2017-01-16 09:56:45,2017-01-17 19:45:18,2017-01-20 17:35:56,2017-01-26 16:01:40,2017-02-10 00:00:00
719b940ab2f1e351ffb14a0a02ffe3c4,ede9a1daf58d256c0d648ef7e1479010,delivered,2017-01-16 13:01:51,2017-01-17 03:05:22,2017-01-17 13:37:00,2017-02-21 14:51:58,2017-03-03 00:00:00
e068276f5e75a66212f75b84ebfeaccf,8b8e02be8fef10b7c6e2d210dbcfba7c,delivered,2017-01-16 13:17:46,2017-01-18 09:35:19,2017-01-20 07:13:46,2017-01-25 11:00:16,2017-03-09 00:00:00
abef8b5d0f7fa066c7473db7d650c870,2ed1b5c01561bcf39cc2f1566a8ac9f1,delivered,2017-01-16 13:17:46,2017-01-18 09:35:19,2017-01-20 11:00:39,2017-01-25 08:43:39,2017-02-14 00:00:00
62260701eb6b51252ed47c4967b1a48d,1e6cd8588a826f646f124d1725eab3a8,delivered,2017-01-16 13:21:19,2017-01-16 13:30:18,2017-01-18 09:42:08,2017-01-20 15:47:40,2017-02-22 00:00:00
d3a49dd2f9c21558b7a82c8f076f6c1d,3619684d733b95a9860ca496206a6ab0,delivered,2017-01-16 14:04:11,2017-01-18 14:01:22,2017-02-10 07:07:43,2017-02-23 05:03:16,2017-02-28 00:00:00
56ef80c564f6fd57cc662adee0379746,207df7ad3a701cc5f0a232000cca51f9,delivered,2017-01-16 14:24:22,2017-01-16 14:35:17,2017-01-16 15:21:56,2017-01-23 08:56:05,2017-02-24 00:00:00
5de59551c282b892ae9ff238fd557145,7543dc2c9f203502439305c8b2ea63bc,invoiced,2017-01-16 16:24:13,2017-01-16 17:31:50,,,2017-02-24 00:00:00
fe2ac30768e07e362b649951cc625144,be07f06f183227b5c2b31c30fbb4f382,delivered,2017-01-16 16:41:18,2017-01-16 17:30:23,2017-01-17 11:26:52,2017-01-26 16:24:07,2017-02-22 00:00:00
3312588178a16638759fca54495ef50d,08b0db04ac8d73532750572156241d88,delivered,2017-01-16 18:36:49,2017-01-16 18:50:16,2017-01-18 15:49:05,2017-01-25 13:58:39,2017-02-28 00:00:00
616b813dbea8acc9de0ca0380cd89b83,a779fb63d731a6f7af0e4ef34aebc9bf,delivered,2017-01-16 19:04:32,2017-01-16 19:10:16,2017-01-20 15:18:08,2017-01-30 15:41:52,2017-03-20 00:00:00
46f05e5ae3a2b822e2f4148d99f69ca4,4f531f24ba13efa329c743d01004891a,delivered,2017-01-16 19:24:49,2017-01-17 03:25:19,2017-01-17 14:16:56,2017-01-27 15:09:19,2017-03-08 00:00:00
3ab4eea6776259ae8dfbabaeffece352,24d46169d90daaa687cbf122c3243df8,delivered,2017-01-16 21:08:25,2017-01-16 21:21:52,2017-01-18 10:55:24,2017-01-24 13:57:59,2017-03-08 00:00:00
df6e0cd0f23b4735b02cb6d9279bb310,ac77fc096334bb131cc25f7c6471566e,delivered,2017-01-16 21:18:10,2017-01-16 21:30:23,2017-01-17 15:18:10,2017-01-24 19:16:47,2017-02-14 00:00:00
e7bbb39c507d08caa0aee263d3d6ca55,7dbc842dc7479f9708f950fb68fa7f29,delivered,2017-01-16 21:55:31,2017-01-16 22:05:22,2017-01-19 07:41:27,2017-01-26 14:24:59,2017-02-20 00:00:00
21aa5570514b188b031255172b1e04bd,b924b981ecd4493825f0c54db5b4be8c,delivered,2017-01-16 22:58:11,2017-01-16 23:05:16,2017-01-18 15:12:21,2017-01-27 15:34:15,2017-02-16 00:00:00
77c75c0f9b0b1c5417b62c696c4734e5,e8b9bdf215893d907b9c19990c5abd23,delivered,2017-01-16 23:03:40,2017-01-16 23:15:08,2017-01-17 14:16:54,2017-01-24 17:06:00,2017-03-02 00:00:00
d2e9aead95751dd6bd0ce80e7d506c53,d40e29db86a4db2aeaf8fa2b22c48f5e,delivered,2017-01-16 23:25:16,2017-01-16 23:35:20,2017-01-18 09:47:00,2017-01-23 14:13:07,2017-02-28 00:00:00
13a4e0efe42392b2ee22601883f47d24,501e5b016fc09bda702e55fec5be78dd,delivered,2017-01-17 00:16:14,2017-01-19 02:11:02,2017-01-23 13:43:59,2017-01-26 06:45:01,2017-02-27 00:00:00
6f275c944d1814eca6bfbb2bcfa3b0ea,219f6aa1ddc83ec7dbf2498e664129c1,delivered,2017-01-17 09:15:35,2017-01-19 02:17:31,2017-01-19 09:46:30,2017-01-24 14:31:56,2017-03-01 00:00:00
eb87432d1b32d99db89d573d77767a01,a22ecc2c34b892685233022097d1ba0a,delivered,2017-01-17 09:15:55,2017-01-17 09:25:11,2017-01-17 14:16:55,2017-01-23 13:12:10,2017-02-27 00:00:00
f7a4be4d6edb66bd0e62e91e1bbc9061,30df93bd0e2874646d39d37dec1764d5,delivered,2017-01-17 10:49:05,2017-01-17 11:02:18,2017-01-18 12:40:23,2017-01-30 13:28:43,2017-03-01 00:00:00
f8156c3c902b5ae88ac59a6c7b28f72a,428ed8065f1b2eb32338b0ff5f30c8d1,delivered,2017-01-17 11:21:45,2017-01-18 02:10:20,2017-01-18 16:00:14,2017-01-24 12:21:29,2017-02-27 00:00:00
3c54678edd9d58abadd6af16d0bce506,3b7db71fcb0e1493dc3f486768a67239,delivered,2017-01-17 11:26:55,2017-01-17 11:41:41,2017-01-18 15:33:10,2017-02-04 08:03:42,2017-03-01 00:00:00
3bd5b53dee9d54938f56208bcc03d855,644182a0f196539f214b3f8877fb19bd,delivered,2017-01-17 12:15:42,2017-01-18 02:15:54,2017-01-18 15:34:26,2017-01-25 13:47:42,2017-03-17 00:00:00
cb4980b31efc7af3ee819aa60582c31b,dc0c77cca2f6acb682827975536a6dc7,delivered,2017-01-17 12:42:06,2017-01-17 12:55:27,2017-01-17 13:20:45,2017-01-20 13:42:37,2017-02-17 00:00:00
09b38400b1601bc9dea9de02c710857f,9ed06342197fde512695b88ef49400c2,delivered,2017-01-17 13:23:49,2017-01-18 02:10:39,2017-01-20 07:13:45,2017-01-27 12:09:44,2017-03-06 00:00:00
9c54a1816e487456bb7eb5082b9823ff,1d48a5dcde374b9d63b2c29e6af97cb8,delivered,2017-01-17 14:23:54,2017-01-17 14:30:16,2017-01-18 08:27:58,2017-02-08 08:43:59,2017-03-02 00:00:00
91750e4d3d89e619cd557a6da400be06,a509c0faf10ecf2d74c38e3945b25496,delivered,2017-01-17 14:23:56,2017-01-17 14:30:17,2017-01-20 07:13:45,2017-01-30 12:58:03,2017-03-02 00:00:00
06f5f6139b33f53defc64643f1252d53,cbdced3b7732432c679e661c4bcb77e4,delivered,2017-01-17 14:50:19,2017-01-17 15:02:24,2017-01-20 14:14:14,2017-01-30 14:36:28,2017-02-27 00:00:00
ea97616a19d3b2683ab949def1037708,e01dd706e00cef25a6be635737bee134,delivered,2017-01-17 14:57:29,2017-01-17 15:10:17,2017-01-18 15:06:19,2017-01-26 13:57:31,2017-02-27 00:00:00
f9427374480e37251d5c279ebc41a3ab,24d27d857775354d2ef3c83e95be2935,delivered,2017-01-17 14:57:45,2017-01-18 02:10:16,2017-01-19 09:12:51,2017-01-24 15:14:01,2017-02-23 00:00:00
944f618b790d6d01c2c78750fc0f700a,5f6478ee9ad1339b32bfa4f5fe674ea8,delivered,2017-01-17 15:01:33,2017-01-17 15:15:14,2017-01-24 15:10:48,2017-02-02 15:47:34,2017-02-27 00:00:00
2195712688ef03e20c8053de61c82493,45cb0fe36535222805dbee60662f9dee,delivered,2017-01-17 15:30:34,2017-01-17 15:45:13,2017-01-23 15:09:45,2017-02-01 16:37:26,2017-02-23 00:00:00
74b9c5a1b6f7632750a25db4de597512,3d89e437bbd02dfc96b7ebf2d791bfc2,delivered,2017-01-17 16:25:29,2017-01-17 16:41:52,2017-01-23 11:53:31,2017-01-31 10:58:00,2017-02-17 00:00:00
ae917963181c56c14f8d0e873b1588ac,c09f8cdfa1c0e9d5ce962948b1a4f3be,delivered,2017-01-17 16:47:13,2017-01-18 02:10:29,2017-01-18 09:07:53,2017-01-27 14:54:59,2017-03-09 00:00:00
70d0dedf8c23e2cedca5915427acd101,e89602b2442a8d65407ba198d614502c,delivered,2017-01-17 16:58:06,2017-01-17 17:15:16,2017-01-18 14:22:10,2017-01-28 11:57:18,2017-02-15 00:00:00
9980c5519e01cc5a1c1c35bd247bb499,68fcf3339b654cd981786ff00d15bbfe,delivered,2017-01-17 16:59:30,2017-01-17 17:10:08,2017-01-18 09:46:40,2017-01-31 14:16:29,2017-02-27 00:00:00
cd6f777c4734b77c8f01725d6a3500c0,aba0612f1bda6131d3058084c31511ca,delivered,2017-01-17 18:24:14,2017-01-17 18:30:11,2017-01-18 06:55:01,2017-01-27 13:32:35,2017-02-13 00:00:00
8c482c28bfcadc891bc37e13dc7ace34,1d4559618ae0a6bcc7dc8baaf5ad58cc,delivered,2017-01-17 18:42:36,2017-01-17 18:50:19,2017-01-26 11:53:38,2017-02-10 05:28:26,2017-02-15 00:00:00
0eaa4845a6182d6b72de720fb976abd4,4d7f34d701f198e39e1c0cd92c3ee12c,delivered,2017-01-17 18:44:09,2017-01-17 18:55:20,2017-01-18 10:55:18,2017-01-27 12:13:56,2017-03-07 00:00:00
d9a08faa201940dd3302f06944b5c739,0fbba4e64c66162f8108ba004d0b929d,delivered,2017-01-17 18:57:58,2017-01-17 19:10:11,2017-01-26 11:53:35,2017-01-31 12:22:42,2017-02-15 00:00:00
01ba72e24cf883d74c5479c0a626c740,edbaa972997d3e33faec1e1b6e0b7e43,delivered,2017-01-17 19:55:40,2017-01-18 02:10:52,2017-01-18 09:40:16,2017-01-25 13:52:35,2017-02-27 00:00:00
9b2e5e7107f9b0d28873782803e01ecd,f528cd2e64c47c4d65c1355294c43323,delivered,2017-01-17 20:20:10,2017-01-17 20:32:51,2017-01-18 08:48:04,2017-01-26 06:15:39,2017-03-06 00:00:00
24e1c731364b64c76d98e985bfdbef77,679b47a0e9e57e5f32b43a333b746f55,delivered,2017-01-17 20:38:15,2017-01-17 20:50:16,2017-01-19 09:26:02,2017-01-23 10:38:08,2017-02-27 00:00:00
fdb3ef83ea6f7bef7d13bdd9b38da661,fbc1bec47970c387d5f4962d518dd268,delivered,2017-01-17 21:09:40,2017-01-17 21:21:39,2017-01-24 14:49:32,2017-01-26 16:25:11,2017-03-13 00:00:00
ecfdcaa1a2dacb4e5297d8251b115002,2dffab2135e36d25087cad94f4e559ab,delivered,2017-01-17 22:26:00,2017-01-17 22:42:15,2017-01-19 08:14:56,2017-01-27 10:07:33,2017-03-07 00:00:00
3aa9ae345c5bf7396e8b237717c470cf,d14ec9b10324e4132ee110e8012e7dde,delivered,2017-01-17 22:34:59,2017-01-17 22:45:15,2017-01-26 08:08:31,2017-02-01 16:48:47,2017-02-23 00:00:00
b063bf13bfec7c847d7a6bdb54554c00,9116afdef84d57d567a2d87cc9dd12bc,delivered,2017-01-17 23:37:51,2017-01-17 23:50:17,2017-01-18 10:07:14,2017-01-25 13:53:45,2017-02-27 00:00:00
c022b7da8ab7a4a04bd561c8f765a14a,c797ffdbae65b56c177d3c1368d03628,delivered,2017-01-17 23:40:42,2017-01-17 23:50:15,2017-01-18 13:59:38,2017-01-25 12:51:51,2017-03-01 00:00:00
b8297ee8722ce94cc9a2e9263124cd36,7c852d7bbf1b4c00b69926f3b380e288,delivered,2017-01-18 00:31:51,2017-01-18 00:45:47,2017-01-18 10:32:15,2017-01-30 11:51:53,2017-03-02 00:00:00
0f91be4a9bf9ffd2c1ace53b9e5dd9e2,3dd2f8a8b58ffd06e8bff60f30b84f91,delivered,2017-01-18 02:01:36,2017-01-23 16:43:02,2017-01-26 14:44:01,2017-01-30 11:04:23,2017-03-02 00:00:00
99e3f90c535337b45eace6f8a8a9400f,3d5c479107dce026a67c0a78ec5f87f2,delivered,2017-01-18 08:01:37,2017-01-18 08:10:14,2017-01-18 11:03:09,2017-01-26 15:14:31,2017-03-17 00:00:00
fbd82b1fe98967de0db29b6cf134d00a,45f5c9d984dbfa2105e3544cc85133bf,delivered,2017-01-18 08:55:36,2017-01-18 09:05:10,2017-01-18 10:41:58,2017-03-07 08:55:47,2017-02-14 00:00:00
6ed4f19dc97f2a4b5d0f15651247dbca,6b7e649105e4c5388bd8c3c4e9efcff3,processing,2017-01-18 09:52:32,2017-01-18 10:05:11,,,2017-02-28 00:00:00
660c604f50fc9edcf854689682d1560e,d20bbabb669a554138e7d3f97cafafd6,delivered,2017-01-18 10:27:19,2017-01-18 10:42:18,2017-01-18 12:05:00,2017-01-20 11:42:06,2017-02-24 00:00:00
71f86189760ff1dec6805f4fc7c6f52f,bc41a708ec6dabfa8b01320ad60ac6a2,delivered,2017-01-18 10:42:05,2017-01-18 10:50:21,2017-01-18 17:19:08,2017-01-31 16:59:08,2017-03-10 00:00:00
7ead6c8726098bd70de2b16cac42df74,19d8d28432946239ce9f75e1990f7e58,delivered,2017-01-18 10:55:55,2017-01-19 02:11:04,2017-01-19 11:35:16,2017-02-09 07:14:02,2017-03-10 00:00:00
0e660617f70b9a3f6bfd3919b49450ab,3bb3946913ea760c53bc4298f9ecf5bd,delivered,2017-01-18 11:14:16,2017-01-18 11:30:09,2017-01-20 11:05:50,2017-01-26 14:44:45,2017-02-21 00:00:00
8c0a4c58ee098fea192d86cb195786e6,743eb1a642f457af79087cfaa894a63b,delivered,2017-01-18 12:27:53,2017-01-18 12:41:46,2017-01-19 15:55:22,2017-01-30 11:47:28,2017-03-10 00:00:00
0a1ad2c293c3baacc6b2c2d442c71acd,3257a8d4cbb3343dcf40eac13ba329cb,delivered,2017-01-18 12:51:23,2017-01-18 13:05:15,2017-01-23 13:03:31,2017-02-06 16:56:48,2017-02-16 00:00:00
7e6b55f6388682bf51a05d8f13c2d466,9a3f62a5bf3676fc5f7197d68d626515,invoiced,2017-01-18 12:59:05,2017-01-18 13:10:17,,,2017-03-02 00:00:00
3ac963599c50b9beedbcebb47eb33af9,ab23392115ab5083ec640a5c781c2820,delivered,2017-01-18 14:32:43,2017-01-18 14:45:21,2017-02-07 08:12:41,2017-02-16 17:42:20,2017-03-02 00:00:00
1ef09d75953043a71a73428e15bc2f5c,572178b4530a9a986a59205bedea0712,delivered,2017-01-18 14:53:29,2017-01-19 06:50:22,2017-01-20 10:57:54,2017-01-25 15:06:36,2017-02-24 00:00:00
c9645496b715730a1a5d07eb97a6bf6b,65b9f936439ccafa20f0d6888a5875d3,delivered,2017-01-18 14:56:47,2017-01-24 15:25:11,2017-01-25 10:07:43,2017-01-30 13:13:54,2017-02-14 00:00:00
f6b63a36cd2dd4fd184e6da3f911a4de,f0dae1e937bb3c41846089b13dde866e,delivered,2017-01-18 15:31:13,2017-01-20 02:15:28,2017-01-20 10:50:47,2017-01-25 08:58:55,2017-03-02 00:00:00
171398a0cd843c65ac78aee9e05a1f49,f0244902c07b7c0799e468218579a925,delivered,2017-01-18 16:07:37,2017-01-18 16:15:20,2017-01-23 10:02:30,2017-02-03 12:51:58,2017-03-20 00:00:00
90d2bbc31356e711e2fe7b0b78181687,58fd1de47b74bd72637ccb4179c475bc,delivered,2017-01-18 16:48:00,2017-01-19 02:15:58,2017-01-20 16:34:12,2017-01-24 19:02:18,2017-02-28 00:00:00
c5e86e382215a14b35e8a51f1110f39d,f09f24eded6cdd153f9c3d778168b564,delivered,2017-01-18 17:04:36,2017-01-18 17:15:18,2017-01-20 17:28:13,2017-02-03 12:09:19,2017-02-28 00:00:00
5dc269b7c4dce1624653e914a1b739f5,575a192461d4a325e5f9667e6ce5c2df,delivered,2017-01-18 17:20:39,2017-01-18 17:31:55,2017-01-20 13:02:22,2017-01-27 12:09:42,2017-02-24 00:00:00
5a37429384be05ca14780e4989543688,03b753419e88796de2c7127ff13dce58,delivered,2017-01-18 17:42:22,2017-01-18 17:55:09,2017-01-23 11:19:08,2017-02-06 13:33:56,2017-02-28 00:00:00
77c34615b2963e4bf4b48d59da0eb5e1,06b74967617d6e12688e779fdc1a580c,delivered,2017-01-18 17:44:05,2017-01-18 19:05:09,2017-01-20 11:45:44,2017-01-31 10:41:44,2017-02-16 00:00:00
00b4a910f64f24dbcac04fe54088a443,d70e5eac00a9d35a3cb193442c0287cd,delivered,2017-01-18 17:55:34,2017-01-18 18:05:17,2017-01-19 14:44:25,2017-01-26 13:21:57,2017-02-28 00:00:00
d0a4948ce19a51837d5e24c26ab83d76,ff84d0fa669f79bdc394cadf5d651cf2,delivered,2017-01-18 19:39:51,2017-01-18 19:50:23,2017-01-24 08:48:51,2017-01-31 09:15:04,2017-03-13 00:00:00
e2d092db21e901d04985350bf0e748ac,08fbfcc1b6c48f73ddca8312c78f6f53,delivered,2017-01-18 20:11:57,2017-01-18 20:25:10,2017-01-22 21:41:59,2017-01-27 09:37:35,2017-02-28 00:00:00
3a6cac3e6717e6a7ee4cb28aaa149a91,766d9773a9cfa50e19a5c27a88d1b911,delivered,2017-01-18 20:14:17,2017-01-18 20:25:12,2017-01-20 11:07:49,2017-01-27 17:14:19,2017-02-20 00:00:00
a68667474430fadbcfc1bfbb9e2adc0b,616fa20bdc978ccaf552b46fbc0567a5,processing,2017-01-18 20:48:59,2017-01-20 02:10:55,,,2017-03-06 00:00:00
2511cdf205337513507a1863f0098d39,71058039e9883484d1264522cbc9c2f1,delivered,2017-01-18 21:08:18,2017-01-19 21:10:20,2017-01-24 07:21:21,2017-01-26 21:57:38,2017-02-28 00:00:00
9c0b834fc89f4dd70679baffe8bed38e,3ff64bf4067f2b8c240397252473423b,delivered,2017-01-18 22:12:34,2017-01-18 22:25:08,2017-01-19 12:37:06,2017-01-26 13:28:50,2017-02-14 00:00:00
fcda3cc8210e746326864eb933641ccf,fee7cf49127308e2b5402c9984b6f1f6,delivered,2017-01-18 22:41:55,2017-01-20 22:42:02,2017-01-23 11:41:56,2017-01-31 18:47:35,2017-03-02 00:00:00
95fd5e469d8ce5093adeace50b5a4389,073a1dd224494392bd923c55a093ce4e,delivered,2017-01-18 22:57:25,2017-01-18 23:10:21,2017-01-19 15:30:35,2017-01-24 13:44:49,2017-02-14 00:00:00
e1000df659259b29cb73a4798ccd7454,feb21f4291037a45288a6266d66a0096,delivered,2017-01-18 23:02:45,2017-01-18 23:10:20,2017-01-19 15:02:12,2017-02-09 12:33:46,2017-02-28 00:00:00
7b4fb0197b18a0fd0e75f9e44b3fc757,7c495c9a1dbeeb7167642f15ae11bab8,delivered,2017-01-18 23:15:29,2017-01-18 23:30:12,2017-01-19 14:47:45,2017-01-30 09:33:41,2017-03-08 00:00:00
facac214a771c262175219d6c5a3a439,d577d6f224cc6476bfea34715dcb4a12,delivered,2017-01-19 00:08:11,2017-01-19 00:15:43,2017-01-20 13:41:44,2017-01-30 14:41:21,2017-03-01 00:00:00
b79559dba6909e4d8ac0ddf501a99f14,8875aea6f056699f247e669173862026,delivered,2017-01-19 08:57:04,2017-01-19 21:01:51,2017-01-20 10:18:48,2017-01-27 09:15:53,2017-02-27 00:00:00
f878206572adfa47110fed4947806589,1b68647cee091c5dcf4f7200ba5dd760,delivered,2017-01-19 09:59:49,2017-01-19 10:10:14,2017-01-20 11:03:56,2017-01-26 15:48:46,2017-03-13 00:00:00
4a571f5e71e16ce232386c80d485db65,a08c3f511f37158bd7e1964e6efafa2a,delivered,2017-01-19 10:17:29,2017-01-19 10:30:18,2017-01-23 11:19:07,2017-02-01 01:05:18,2017-03-03 00:00:00
984d046c833232079162e22c7ef8c15d,6cdb70bd1221c6913ebb68b580713161,delivered,2017-01-19 10:33:22,2017-01-19 10:41:43,2017-01-20 13:57:33,2017-01-26 13:05:06,2017-03-01 00:00:00
5d6e9993ecc20a59e637ce711858d081,47fd93db3f6e715f6d06f90ba501b94d,delivered,2017-01-19 11:26:57,2017-01-24 15:35:15,2017-03-13 09:16:51,2017-03-23 08:21:38,2017-02-27 00:00:00
e5ecfcbdbc07f8edf7ec0df1504a74a6,db329a00354d35ec9fdaaf8e11bd8033,delivered,2017-01-19 11:47:55,2017-01-19 13:30:21,2017-01-27 12:24:41,2017-02-06 13:43:56,2017-02-17 00:00:00
77e102ecf08e057581ef2ce55c80c6c0,4cd81e890532dc8cf4ee9c2667629e43,delivered,2017-01-19 12:02:28,2017-01-19 12:21:38,2017-01-23 11:58:06,2017-01-26 11:12:14,2017-02-15 00:00:00
c1d4211b3dae76144deccd6c74144a88,684cb238dc5b5d6366244e0e0776b450,delivered,2017-01-19 12:48:08,,2017-01-25 14:56:50,2017-01-30 18:16:01,2017-03-01 00:00:00
bcb093f60b7e48f285bf92f681e65651,fc65613a333059225d516c273fbff1c0,delivered,2017-01-19 13:06:45,2017-01-21 03:10:24,2017-01-23 21:44:04,2017-01-26 13:33:59,2017-02-15 00:00:00
10bce195e3966122a3dd0e2aa676f761,0280e2736a179aa87a59447236a797fa,delivered,2017-01-19 13:38:16,2017-01-20 13:45:08,2017-01-24 07:47:43,2017-01-27 10:42:38,2017-02-21 00:00:00
e04d9eacedc0dca9d83c14fcb0d7276c,d87b6988897b12def5709ca4f8142012,delivered,2017-01-19 14:04:48,2017-01-19 14:21:41,2017-01-20 14:18:23,2017-02-07 14:35:10,2017-02-27 00:00:00
d6d7c431275f0029dcc3538850930046,5b477d525dd0c1eb93148e22ce5d3ba6,delivered,2017-01-19 14:28:48,2017-01-19 14:41:56,2017-01-24 10:05:23,2017-01-31 12:26:08,2017-03-13 00:00:00
e75011be2ec3dec23d2ed6757d35c792,7dec82bd3f93ed6107cb7bc7e2242618,delivered,2017-01-19 14:38:27,2017-01-19 14:50:07,2017-01-20 14:12:55,2017-01-23 12:38:48,2017-02-27 00:00:00
0675116b5556a78cf0413f70aa9f235e,9e2d9c6000d88cd4b51ab4dc2bc58ef9,delivered,2017-01-19 15:21:44,2017-01-19 15:30:17,2017-01-23 11:06:32,2017-01-26 16:52:29,2017-03-01 00:00:00
6e4a67f3a94e46e6cc5af48093d14127,6f065c44abf2024a4cb9ee299921ed6a,delivered,2017-01-19 15:21:44,2017-01-19 15:30:15,2017-02-01 18:06:23,2017-02-01 18:06:23,2017-03-08 00:00:00
67e2b3a30d665abe59b95f2d60676138,67c0b78998f16fcd722c1fcd70f51bd0,delivered,2017-01-19 15:37:26,2017-01-19 15:50:16,2017-02-10 09:11:27,2017-02-10 19:21:54,2017-03-01 00:00:00
d62c14881563a74903e7d10f685406aa,67588b81dcadc1a20b20aac2ca3ed209,delivered,2017-01-19 16:02:47,2017-01-19 16:10:31,2017-01-20 13:02:19,2017-01-30 12:31:58,2017-03-13 00:00:00
2e84d66424ec0ddb081078d1411fb1db,8d668ebf82d5e30bfd13822db8b51d59,delivered,2017-01-19 16:17:57,2017-01-20 02:05:28,2017-01-20 14:11:32,2017-01-27 16:07:50,2017-03-01 00:00:00
90bf0d006edb962cf09943bf3e4ad217,60a63d5cfff369d6ca0d86ab8073c8d5,delivered,2017-01-19 17:17:28,2017-01-19 18:31:23,2017-01-23 10:23:56,2017-01-27 11:08:09,2017-03-03 00:00:00
da0571dd2e59b32cca46279a02bfb40e,76a5a351fffbceba0b0767a5bba5cc6d,delivered,2017-01-19 19:02:48,2017-01-19 19:15:11,2017-01-20 14:12:27,2017-01-23 20:23:42,2017-02-27 00:00:00
058afe6c6322b4773393a66003934493,5b894cf9a0b95ce53a6ce010fe000104,delivered,2017-01-19 19:35:35,2017-01-19 19:50:14,2017-01-20 15:45:45,2017-01-24 12:53:46,2017-02-15 00:00:00
6ff09113fd48861d786d40583b7f2aa3,9b29afbe5be6f07ceca7ecd44ae83a4f,delivered,2017-01-19 20:12:02,2017-01-21 20:10:14,2017-01-30 08:22:51,2017-02-06 09:15:59,2017-03-13 00:00:00
c870ef6a8e1d8eec841d79b42a6a20e4,5e2eb678bf7712ade6ed644acfd44f5e,delivered,2017-01-19 20:45:08,2017-01-21 03:10:43,2017-01-25 09:24:26,2017-01-30 19:47:59,2017-02-17 00:00:00
0571cdb407bf04b419c94ffd7acbd874,2ec7666d1077597d4e4ff2116a319530,delivered,2017-01-19 21:24:05,2017-01-21 03:05:52,2017-01-23 11:41:56,2017-01-30 13:24:45,2017-03-03 00:00:00
df537c849af44beef86a7ef7de12126a,e97a76910029690bc1f5b67376c38af5,delivered,2017-01-19 21:48:41,2017-01-19 22:01:56,2017-01-25 16:05:15,2017-01-30 11:41:52,2017-03-15 00:00:00
7002a78c79c519ac54022d4f8a65e6e8,d5de688c321096d15508faae67a27051,delivered,2017-01-19 22:26:59,,2017-01-27 11:08:05,2017-02-06 14:22:19,2017-03-16 00:00:00
4ceb9336411700f9568db2ef11bda594,60582a6628af83a283474d8c94e3ff7a,delivered,2017-01-19 22:41:52,2017-01-19 22:55:17,2017-01-20 16:27:58,2017-01-26 13:57:59,2017-02-17 00:00:00
49268496ecf8148bd16540c2a23c6c70,ffaa23e5ad898d7e2b73cd716dcbc43a,delivered,2017-01-19 23:12:08,2017-01-19 23:25:11,2017-02-01 18:06:52,2017-02-01 18:06:52,2017-02-15 00:00:00
abfb34ed11820c7247adfb30fe5bb7ae,0d0f6b38e873757a949a9c3624b21a93,delivered,2017-01-20 00:25:39,2017-01-20 01:30:17,2017-01-23 10:02:29,2017-01-31 17:44:19,2017-03-16 00:00:00
20960ecf3d6ac0b19f3818f15c8e3fc5,9f1a7f33083fc1cd8865c587eb71c3e5,delivered,2017-01-20 00:52:29,2017-01-20 01:05:08,2017-01-20 17:24:37,2017-01-24 14:07:51,2017-02-28 00:00:00
de59016b99422f0bbd7e51a301bf2578,bee4e134573a69da08ec778c2ee62eeb,delivered,2017-01-20 01:59:05,2017-01-20 02:22:15,2017-01-20 11:36:02,2017-01-25 16:37:49,2017-02-28 00:00:00
5a4cc097e0e591ab3f150524b83d81af,3e538d735070c509095ccbdb699f798d,delivered,2017-01-20 03:35:44,2017-01-20 03:50:12,2017-01-25 10:04:09,2017-01-31 10:12:18,2017-03-03 00:00:00
0cafd6a7576a6aae0f891008a87f1546,c758396a502648cb2e77ef06e0807a00,unavailable,2017-01-20 10:31:53,2017-01-20 10:45:12,,,2017-02-22 00:00:00
35444785eacb17aeda6810ebd8dd188e,7dfd921b8d5eeee59b1b012e6696a99f,delivered,2017-01-20 10:47:03,2017-01-20 10:55:13,2017-01-23 14:04:24,2017-01-30 14:46:05,2017-03-06 00:00:00
72c6b41818d5e645f455986b59b7a964,3917cd13f3dd7d8b6124ce56f00e88ae,delivered,2017-01-20 10:58:23,2017-01-20 11:05:24,2017-01-25 16:12:01,2017-02-20 13:34:53,2017-02-23 00:00:00
22aa0b4e8c7855fd8d534a7692579a36,9e1d60f744e20177e6c2b1062af5c97c,delivered,2017-01-20 11:12:25,2017-01-20 11:25:15,2017-01-20 14:18:57,2017-01-30 13:05:04,2017-03-02 00:00:00
bb448c2c512a6883aa2a26cb57b6cf4a,ed0b5e13c101afa092296d346b2dbed4,delivered,2017-01-20 11:38:56,2017-01-20 11:50:17,2017-01-25 11:32:42,2017-01-27 13:16:00,2017-03-01 00:00:00
897702f9f3fe72f18863ffc09e7ddef3,d521a479946c5ddfa97cb9872da48e2d,delivered,2017-01-20 12:04:03,2017-01-20 12:15:23,2017-01-23 12:17:30,2017-01-30 14:23:39,2017-02-16 00:00:00
ed6878f64d1bb00f07e210dfaaf9e4d3,396e166b4e65309db46b7c9945c89a33,delivered,2017-01-20 13:32:34,2017-01-20 13:45:10,2017-01-20 14:34:29,2017-01-31 13:48:00,2017-03-10 00:00:00
36aa7a4fce4353a2a7f6d2aa9448900f,3cff79bc3cc73ae212fbc01eb269acfe,delivered,2017-01-20 14:27:46,2017-01-21 03:06:44,2017-01-23 09:01:45,2017-02-03 10:38:55,2017-03-06 00:00:00
6b686186d43eaa21c407ecf34ebb9ee6,be6d6b80ed0d80156defc8802d89eed2,delivered,2017-01-20 14:30:03,2017-01-21 14:50:18,2017-01-30 13:32:41,2017-02-03 13:34:36,2017-02-22 00:00:00
6789a1de9a37be580653e51fc6458776,d76512c766b6191a31760b27a3a671fd,delivered,2017-01-20 14:43:44,2017-01-20 14:55:10,2017-01-23 11:19:06,2017-02-17 13:28:01,2017-03-02 00:00:00
f88aa9b677553d2e3f0e77b495066619,5511dd149c4585a6552aa75a1dd6ac8c,delivered,2017-01-20 14:56:31,2017-01-21 03:06:21,2017-01-30 10:31:58,2017-02-08 10:34:08,2017-03-02 00:00:00
6219ece1f053a3ffa649340e87cd93d2,356e49e06716cab5d634234a371dba70,delivered,2017-01-20 15:08:05,2017-01-20 15:21:48,2017-01-23 10:17:42,2017-02-02 15:15:52,2017-03-08 00:00:00
b49998737b7359ebe1b64b0b7ffb20f6,d46d7edbddcff60db4428ed88fd33dfc,delivered,2017-01-20 16:27:25,2017-01-20 16:41:55,2017-01-23 11:06:31,2017-01-26 16:24:02,2017-03-01 00:00:00
7ef1da1730f64df72be4189c5ea58c66,ed672ba37544385256cd475cb61a468f,delivered,2017-01-20 16:32:37,2017-01-21 16:41:49,2017-01-24 11:43:54,2017-02-02 10:33:59,2017-03-02 00:00:00
e4774d4c3b28de27487f1caa9de5a6f5,7820fb76c321c0ad6ffe4eb9fc1e5af6,delivered,2017-01-20 17:23:00,2017-01-24 03:35:24,2017-01-31 16:09:56,2017-02-10 16:34:57,2017-03-02 00:00:00
d469b51abffc6d74299c8a0a56db5314,40e7f92901dab91f3c1b9acbec7d05bf,delivered,2017-01-20 17:41:58,2017-01-26 20:21:56,2017-01-30 14:42:43,2017-02-07 15:46:11,2017-03-15 00:00:00
f5d54f3d6cc2c7125dc1de8888ce8975,7f18a55ab36bb9522b71a169132b049a,delivered,2017-01-20 19:18:03,2017-01-24 03:45:39,2017-01-24 15:02:13,2017-01-30 11:51:55,2017-02-28 00:00:00
db0b12b763f716df3f27218724161479,84670f973f394ff5609861af7d0157ae,delivered,2017-01-20 19:22:40,2017-01-20 19:31:22,2017-01-23 11:29:09,2017-01-25 17:17:57,2017-02-28 00:00:00
0f475d7e08b52d8abf7e8c6141286c27,93794f99eb7b7e4cb838e17e2032377b,delivered,2017-01-20 19:23:11,2017-01-20 19:31:08,2017-01-23 09:33:17,2017-01-27 17:05:58,2017-03-02 00:00:00
8bef37e0a778afcdf32118f376beb9de,332ea0e2b2e87e9ed11f7aee42cf698f,delivered,2017-01-20 19:33:29,2017-01-20 19:45:13,2017-01-23 11:52:31,2017-01-30 14:09:01,2017-02-28 00:00:00
6bc6b07e448bae52d248c4df401d6157,7ab83c4dcbf17bff5832baf041f71fab,delivered,2017-01-20 19:44:07,2017-01-20 19:55:19,2017-01-24 07:34:51,2017-01-26 15:53:46,2017-03-03 00:00:00
bab0a62e41a5f0abc7f04989cdd7a6fd,91fd5aa21b364a805141f532a7bfab2d,delivered,2017-01-20 20:33:49,2017-01-20 21:02:21,2017-01-26 10:32:23,2017-02-07 16:31:32,2017-03-14 00:00:00
4baa3882a6f5d47e5ac98cd10c942c4f,fb0fe3df796fc48ccdd629d12095b108,delivered,2017-01-20 21:20:07,2017-01-24 03:36:28,2017-01-24 10:24:36,2017-01-28 11:34:03,2017-02-28 00:00:00
66f1a7baf73c12eb3af95058da54b6f8,ffe51ba924ffabbb6e1ec2c92e582851,delivered,2017-01-20 22:11:31,2017-01-20 22:21:59,2017-01-24 12:09:03,2017-01-28 06:41:37,2017-03-02 00:00:00
032bc75236a1cbaf410bb596a509e774,a0ba6852184c70cbee04bed3909bf011,delivered,2017-01-20 22:18:06,2017-01-20 22:25:17,2017-01-23 09:03:46,2017-01-30 18:35:00,2017-02-16 00:00:00
e09dd765041e9934d762d51ccb26adee,915b040fe51ec246edf9bd062ee7da8b,delivered,2017-01-21 06:58:31,2017-01-21 07:10:09,2017-01-24 09:36:22,2017-01-30 13:57:45,2017-03-21 00:00:00
0f3827e8b786c3d934c0863c1690603d,3b00ef5e72ddc9ea0209d45514deddec,delivered,2017-01-21 08:50:04,2017-01-21 09:05:14,2017-01-23 11:06:28,2017-02-02 16:12:11,2017-02-22 00:00:00
9758e655b4d2fca01c69a4dde9d4fb5b,7bebaaaa1a33db48ca58e50d6af76be1,delivered,2017-01-21 09:44:46,2017-01-22 09:55:06,2017-01-26 14:05:25,2017-01-30 10:39:16,2017-03-14 00:00:00
a3d1ef2562cf71542edfed06c1a7b6c8,5f825bf617f8288a4cb4f50c3c179794,shipped,2017-01-21 11:43:35,2017-01-24 03:42:07,2017-01-24 10:16:53,,2017-03-08 00:00:00
ec63c198f700051fb0a74c40a757af0e,a1ebf55f38ab9ffa56b94b524a291c6f,delivered,2017-01-21 14:00:52,2017-01-21 14:10:17,2017-01-23 15:04:00,2017-01-31 14:56:08,2017-03-02 00:00:00
81251f18621a822ad5b09593dfee4fc9,ae4dce7235e0aac52e4b82c54f7b18de,delivered,2017-01-21 14:17:21,2017-01-21 14:30:16,2017-01-25 16:51:53,2017-01-27 11:34:09,2017-03-16 00:00:00
e9df4254faf2fe70bfbff4c0abe4fb7c,3d1d66accf98c118e170e779aab66b67,delivered,2017-01-21 14:22:49,2017-01-24 03:45:13,2017-01-27 08:58:51,2017-02-07 11:28:05,2017-02-20 00:00:00
c13f61a17915a48e0741b02a6b7a3fe8,867ac9a8fc8fc9611ab69114e719457a,delivered,2017-01-21 15:01:29,2017-01-26 20:05:09,2017-01-27 15:23:18,2017-02-02 12:22:00,2017-02-21 00:00:00
230c830e0ace11bcabaf63deebbee836,94ae739e955e77518c3ca587d09accf0,delivered,2017-01-21 15:41:06,2017-01-21 15:50:21,2017-02-03 09:36:51,2017-02-09 08:25:46,2017-03-06 00:00:00
250d181fa1c603024562b93a8f8d5fe0,7c29c309c685f2f7388ad10624008acd,delivered,2017-01-21 16:30:43,2017-01-21 16:41:50,2017-01-26 10:41:52,2017-01-31 19:42:09,2017-02-28 00:00:00
bd2623f3663c5daa3f89e6b527fd49da,b7b15ab12fa50616eee696a22f098e07,delivered,2017-01-21 17:08:01,2017-01-21 17:22:49,2017-01-24 07:47:47,2017-01-27 18:12:13,2017-03-02 00:00:00
8b6d201fff0b1b32e59f7cbdc6beaf54,e727991c9f9c297620b5d8e6ff320f2e,delivered,2017-01-21 17:17:20,2017-01-21 17:30:10,2017-01-31 16:09:56,2017-02-06 11:00:25,2017-03-21 00:00:00
6c273b11e7a7b4b410ea29fac9769fac,9a4973b677cf78fb287918da79e7177a,delivered,2017-01-21 17:33:30,2017-01-21 17:45:19,2017-01-25 15:37:35,2017-01-30 12:22:46,2017-02-28 00:00:00
2a3d67c0d2045bf67abb3d8f320ac29f,596201f6091e62ac70da64aad9d0ba58,delivered,2017-01-21 18:17:14,2017-01-21 18:30:10,2017-01-23 14:32:55,2017-01-30 16:12:18,2017-02-28 00:00:00
de05dd73ee1b5a964eaa56f814c49851,a5f97dadc879a0cba20bf9650b1bd888,delivered,2017-01-21 18:17:15,2017-01-21 18:30:09,2017-01-23 18:14:17,2017-01-26 15:18:51,2017-03-08 00:00:00
956f15dfe9a7f2414a02c445fdbb865a,007b7f04a35e02745c23ea706492ca20,delivered,2017-01-21 18:37:21,2017-01-21 18:45:09,2017-01-24 07:21:16,2017-02-02 13:54:06,2017-03-17 00:00:00
e660da13091dbe48784500c1c3e2fb75,5c495510e9f861b83aa5fb7c308e8d76,delivered,2017-01-21 19:46:22,2017-01-21 20:01:49,2017-01-25 16:12:01,2017-02-13 15:54:10,2017-03-07 00:00:00
c3ad507aba1f6b47354085e7e6bed0cf,5156283c24fef4abea13a6a6f4469a98,delivered,2017-01-21 19:46:23,2017-01-21 20:01:50,2017-01-25 05:58:53,2017-02-09 15:44:10,2017-03-15 00:00:00
ab0c90a5da04e0132ea07c113bedec0d,f55bb246eecd1cab4ca24d89b196488b,delivered,2017-01-21 20:53:06,2017-01-21 21:05:16,2017-01-25 09:41:52,2017-02-09 09:53:47,2017-03-21 00:00:00
2e22dc2fce65e5b9d73a11d717f41724,61293d3c42c2bfad777bcedcab7c3bd5,shipped,2017-01-21 20:53:19,2017-01-21 21:05:17,2017-02-09 14:28:33,,2017-03-14 00:00:00
9786c52ca3e1ed1ef3ba5c65941627f0,3b02662e1fc027ed85be9b59f038d63b,delivered,2017-01-21 21:12:13,2017-01-22 21:31:32,2017-01-26 11:09:47,2017-02-09 14:34:38,2017-03-21 00:00:00
717d28ee12c7c0ef8b384ff1b62b33c7,f6a6ff9806cd24a90d1b1f7463df9d52,delivered,2017-01-21 21:20:06,2017-01-22 06:50:29,2017-01-30 07:54:59,2017-02-06 09:28:59,2017-03-02 00:00:00
91d1bf2b7745903cb0d17162d1bbd750,064064dd94c43013786fc1e1a14d6374,delivered,2017-01-21 21:58:35,2017-01-21 22:10:13,2017-01-23 14:48:48,2017-02-01 21:57:36,2017-03-06 00:00:00
73558fe683b9ce228381cf2ca678d322,7f5f6d402a23a76d2efc737bbd3d7d1e,delivered,2017-01-21 22:41:08,2017-01-21 22:50:18,2017-01-23 11:54:09,2017-02-09 12:08:54,2017-03-16 00:00:00
5d5b8c94e2bc6b963da5af8a4b02bf08,b3860286d6f0e27b14e0760ce77b11da,delivered,2017-01-22 10:08:18,2017-01-24 03:36:05,2017-01-24 13:06:20,2017-02-08 04:57:44,2017-03-08 00:00:00
4d1f73fde643f7a1d08d400816850265,f796cc9e19019673220efa160fe7e610,delivered,2017-01-22 11:08:52,2017-01-22 11:15:20,2017-01-26 11:37:37,2017-02-07 15:32:26,2017-03-06 00:00:00
c870c1f3a9ba62194d1060c0accb18dd,1ad07b0c4441e0b5550631b23fc22312,delivered,2017-01-22 11:15:23,2017-01-22 11:30:16,2017-01-26 16:27:29,2017-01-31 19:43:50,2017-03-02 00:00:00
64410a4fbf4904d3f9445bf58e9491b5,8f1d0358a348695533891708836a34d7,delivered,2017-01-22 12:21:50,2017-01-22 12:35:24,2017-01-26 16:42:21,2017-02-02 16:09:42,2017-03-02 00:00:00
7ab9c55c59eaeea579d047e2d8aaed81,feca0f935fcce79dd42d409d96af9645,delivered,2017-01-22 13:04:20,2017-01-25 02:55:21,2017-01-26 16:41:28,2017-02-01 00:52:30,2017-03-16 00:00:00
0c1f5fca68708d9a22f8a9fe30b5c588,cd47d198f0840df01cf63596c6f4c429,delivered,2017-01-22 13:14:39,2017-01-22 13:25:17,2017-01-24 11:23:15,2017-01-30 17:05:00,2017-02-28 00:00:00
db4d2ecc1c1a157d6250c84dd86eb838,99ebcd13bb5b88f4acd805f7890567ad,delivered,2017-01-22 13:27:07,2017-01-22 13:35:16,2017-01-23 10:20:33,2017-01-27 10:24:53,2017-02-20 00:00:00
e38f9946fb20db4a597eed7547c59afc,936142b381374fdae2041552d1743af7,delivered,2017-01-22 13:49:37,2017-01-24 03:45:45,2017-01-26 14:58:03,2017-01-30 10:44:58,2017-02-20 00:00:00
bb2dfe6031f35f7abc9a3c7dad5e4467,01e0d4fb731e6ee47df3f3f179cc0a0b,delivered,2017-01-22 14:09:03,2017-01-22 14:30:43,2017-01-23 11:21:46,2017-01-30 12:37:55,2017-02-16 00:00:00
c0c48daac5ca760ce57d4e500886dc56,eb6c184537730dfd01497567b6dd15da,delivered,2017-01-22 14:13:58,2017-01-22 14:30:42,2017-01-23 12:02:29,2017-01-27 12:34:38,2017-02-28 00:00:00
7853cfd26dee49109295b3e604567180,45cdfac600e3e044e7d986b3639ac8f3,delivered,2017-01-22 15:41:21,2017-01-24 03:45:43,2017-01-24 08:28:01,2017-02-03 14:22:55,2017-03-02 00:00:00
319ccdc182a8c5d60b228310a6432460,f9e8bac3b69529d543bf179ce64ca6d7,delivered,2017-01-22 16:03:50,2017-01-22 16:15:20,2017-01-26 12:06:47,2017-02-01 12:32:27,2017-02-20 00:00:00
f3c95cc4d7074e5b709ac1a9c10dea1c,e05df6dee2d1b0a7782f771120b9e826,delivered,2017-01-22 16:10:09,2017-01-23 20:55:19,2017-01-26 05:47:32,2017-01-30 15:06:11,2017-02-16 00:00:00
2457f30493cdc677ad02b57dd6d17285,15e004d388d75132c9f43433c4073f2a,delivered,2017-01-22 17:02:03,2017-01-22 17:10:17,2017-01-23 10:20:32,2017-01-30 19:12:42,2017-02-20 00:00:00
48ae7afdc684e9aff52a26bb84bce016,03376f61962efe4dccecd7ce47dcb511,delivered,2017-01-22 17:11:39,2017-01-23 17:21:45,2017-01-26 14:36:00,2017-01-30 17:34:38,2017-03-02 00:00:00
b9b51e569a2e79970555eb81107eb369,00f3b3a7cd0b6566435090c7fbda03a2,delivered,2017-01-22 17:27:57,2017-01-22 18:31:03,2017-01-23 11:57:55,2017-01-30 13:24:40,2017-03-02 00:00:00
882c1e2076610adab15e5a68430d2180,97574aee35383afe8577dacb0e15a551,delivered,2017-01-22 17:43:23,2017-01-22 17:55:18,2017-01-24 11:43:54,2017-01-28 06:06:19,2017-03-06 00:00:00
6cf5d7a6b6eb9cad292da0b65d6c010e,964dff9f3a81c5f1815798c10f503aba,delivered,2017-01-22 17:43:58,2017-01-22 17:55:17,2017-01-23 11:52:29,2017-02-06 14:37:13,2017-03-14 00:00:00
330a8410950e2c8bd89631999a37b2c9,d372561ad1022927871150461a0a85ca,delivered,2017-01-22 18:02:48,2017-01-22 18:11:20,2017-01-23 16:19:47,2017-02-10 09:32:54,2017-02-23 00:00:00
c504b1d68ad8d98a627dadca7ca53673,32734d8ce19dd70c65a8aa63c4e080e9,delivered,2017-01-22 18:30:51,2017-01-25 02:45:17,2017-01-27 14:21:28,2017-02-01 11:47:31,2017-03-02 00:00:00
32339685fefe9062d33175a4bc12d555,b5ea05c72a89dbe101d94083e18df207,delivered,2017-01-22 20:25:54,2017-01-22 20:35:09,2017-01-24 16:16:14,2017-01-28 04:04:57,2017-02-28 00:00:00
2867faaa7a912bbc2bf8d8e40d7a0354,c7da870eb04374fc25d71501117ab5f6,unavailable,2017-01-22 20:43:58,2017-01-22 20:55:10,,,2017-03-02 00:00:00
3be9883ba4ef261dc194228abc739d0c,34d9abbd51f86b7faec4fb8bd8a630d5,delivered,2017-01-22 20:54:11,2017-01-23 21:02:12,2017-01-27 14:21:25,2017-02-03 15:52:34,2017-03-02 00:00:00
0927a4ea2d6af04c6e8a1aecd4f9951d,c8c62d4767ce11a1611db2fbd5af9a0e,delivered,2017-01-22 21:25:01,2017-01-22 21:35:42,2017-01-26 05:51:33,2017-01-28 10:58:56,2017-02-28 00:00:00
cee2ddf4087d91aaf4874fc1436f9901,23adca7b92ea9f7c40e60be117e47c6b,delivered,2017-01-22 21:42:56,2017-01-22 22:20:11,2017-01-24 15:44:02,2017-02-03 13:25:09,2017-02-22 00:00:00
632ba34265b5449d1f742d24cacf1208,c4eeb750bb290eee0933aa9f859721e9,delivered,2017-01-22 21:50:07,2017-01-22 22:21:55,2017-01-23 15:26:11,2017-02-02 12:34:13,2017-03-08 00:00:00
ed5c53daefe487fab95ccd2afaf61bb0,b91251b81f7e08e8120571f2f4f88e0f,delivered,2017-01-22 21:56:13,2017-01-22 22:05:16,2017-01-23 16:19:47,2017-01-26 14:23:47,2017-02-20 00:00:00
43a5d40681ed4ffe2ed88d6fb2639545,08958a40dbb52a0eb07d38b5e9ba3e51,delivered,2017-01-22 22:15:00,2017-01-22 22:25:13,2017-01-23 16:19:48,2017-02-03 10:11:51,2017-02-21 00:00:00
63f4ff5d2266b242ba0ce7c3ad390029,8830eaba57f7db8ff493f4e2c3da5df2,delivered,2017-01-22 22:54:32,2017-01-22 23:05:12,2017-01-23 17:53:33,2017-01-28 10:04:43,2017-02-16 00:00:00
07d13d352c85dfbfa60dc56dea818335,b3588b0dfd394759bb0048856f365c95,delivered,2017-01-22 23:07:15,2017-01-24 03:50:36,2017-01-27 14:21:25,2017-02-01 21:23:21,2017-02-28 00:00:00
37d24e9a88068283d102aebd4f765133,548d14db00395dec9825ea9673c7e672,delivered,2017-01-22 23:08:14,2017-01-22 23:21:47,2017-01-23 15:35:44,2017-01-26 13:51:54,2017-02-20 00:00:00
a74a1bb28cb0ae0a239270f8e3a85cdf,e3b8e1052eabf24ff52843086a5f4508,shipped,2017-01-23 00:53:05,2017-01-23 01:05:11,2017-02-03 15:16:29,,2017-03-02 00:00:00
eb17935134e6fdd210b40a3d4f8235b2,e715f0071c14494e92c198554a08bb2d,delivered,2017-01-23 00:55:47,2017-01-23 01:21:51,2017-01-24 14:41:52,2017-02-04 08:27:34,2017-02-22 00:00:00
e9beb67cf376905f8cd308ef0f02071d,9465670791e0f1a1ba60680fa2677f3b,delivered,2017-01-23 01:22:51,2017-01-23 01:35:13,2017-01-24 12:18:59,2017-01-27 08:53:44,2017-03-06 00:00:00
fcafab7fc942d51e9f45bfeeb5bb684d,553ee9fd74f79d17eb36a817a4873ca5,delivered,2017-01-23 02:38:46,2017-01-23 03:20:05,2017-01-23 12:02:28,2017-03-04 07:23:50,2017-03-02 00:00:00
9a4ae4d5c3a3dabdf42e5d7ec4203ed2,b1b4f0c5c3d900ca65f0d79b18ee1587,processing,2017-01-23 02:54:13,2017-01-23 03:31:07,,,2017-03-06 00:00:00
616f1f539d7add607844e0199fed7ea6,4a3ceccbd2b8304e6aa7c986c1a4f755,delivered,2017-01-23 07:03:04,2017-01-23 07:30:51,2017-01-27 06:06:07,2017-01-31 11:12:50,2017-02-17 00:00:00
1460b7b8fd63551dc68bfdffdc31edec,d2dc6bcab2d5200c7df05b609db1b1d8,delivered,2017-01-23 07:23:50,2017-01-23 07:35:11,2017-01-24 08:37:50,2017-02-02 09:17:45,2017-03-06 00:00:00
a2c7b8f8a4fe1bc4a8f4e30a5311861d,519fe7375966b917ba9d1f8b7a8784eb,delivered,2017-01-23 07:33:11,2017-01-25 02:42:30,2017-01-27 13:55:40,2017-02-07 17:22:15,2017-03-02 00:00:00
46081612169925ef8882b3bbf1c5011d,75ed40e82dfc05de3c82d79a73f4b48e,delivered,2017-01-23 08:35:27,2017-01-23 08:50:09,2017-01-23 13:45:25,2017-01-27 14:27:51,2017-02-28 00:00:00
4269e9f98b1e74f0732bc93de6aaca6f,a9eb0a1529c5219cec4f13899a5a58b3,delivered,2017-01-23 10:21:21,2017-01-23 10:30:10,2017-01-24 09:53:37,2017-01-30 13:32:34,2017-03-06 00:00:00
494c2e94dcd29167f5fe359a45aa879d,6dd39ae1549359ab24a5110b54452360,delivered,2017-01-23 11:43:58,2017-01-23 11:55:22,2017-01-25 12:18:26,2017-02-01 13:22:01,2017-03-06 00:00:00
ea5f30a182b04fd1296273605983b9a4,7f6a345ff92095fba2660f11ec6574e4,delivered,2017-01-23 11:56:23,2017-01-23 13:55:10,2017-01-27 14:21:25,2017-02-02 10:57:48,2017-03-02 00:00:00
51ceba3ba51d4b4543e7f78e181e0ba9,e7659c6f9fc78ba546ee2b0615258589,delivered,2017-01-23 13:31:26,2017-01-23 13:45:18,2017-01-24 10:57:50,2017-01-30 15:12:57,2017-02-28 00:00:00
0a2d541ba7c40984543d72b5eb0abcba,72cb2f7e00c6b47c25afdd7ea20ea3f2,delivered,2017-01-23 13:40:55,2017-01-25 02:50:37,2017-01-26 11:26:08,2017-01-30 08:42:04,2017-02-28 00:00:00
72c1d87887d0b9a3965557013e74f543,4161d3785c2c4c6517a57143ecb0c466,delivered,2017-01-23 13:55:30,2017-01-23 14:05:22,2017-01-23 14:11:03,2017-02-07 13:12:39,2017-03-03 00:00:00
ceb2344189044ab3b6fa590520a71881,c017996652c06e2cdda218e87125e17a,delivered,2017-01-23 13:57:21,2017-01-24 09:22:35,2017-01-26 11:49:52,2017-02-13 09:48:48,2017-02-20 00:00:00
d34e369fbc5cb753012079961b615121,c651c585480832aaefbec136aebe2afd,delivered,2017-01-23 14:58:00,2017-01-24 03:50:56,2017-01-24 13:10:27,2017-02-03 09:32:10,2017-03-02 00:00:00
1cb796218c383fc54a6a4541420201d8,42bc73dba3fba40b50d647a428d1089f,delivered,2017-01-23 16:38:09,2017-01-24 16:45:15,2017-01-28 08:03:35,2017-01-31 07:14:40,2017-03-01 00:00:00
eabfb81cf01d772d65405ff27c793ddb,e44d9a10a0978d6c21403879bf8076d0,delivered,2017-01-23 16:57:22,2017-01-24 06:50:18,2017-01-25 10:56:42,2017-02-02 10:25:07,2017-03-20 00:00:00
76c6e866289321a7c93b82b54852dc33,f54a9f0e6b351c431402b8461ea51999,delivered,2017-01-23 18:29:09,2017-01-25 02:50:47,2017-01-26 14:16:31,2017-02-02 14:08:10,2017-03-06 00:00:00
bda31774eda0320ee68c33da94027e4d,15b7fb20d8805996eca064ddedb843c6,delivered,2017-01-23 18:34:12,2017-01-24 18:42:03,2017-01-27 14:20:55,2017-02-03 08:37:33,2017-02-28 00:00:00
dbd4885aa71d304f95eb40c67bfbec35,323a81cf20fb536503c017cfd5c2d54f,delivered,2017-01-23 18:40:23,2017-01-23 18:50:18,2017-01-27 07:05:48,2017-02-07 17:29:32,2017-03-02 00:00:00
d6f83d3377bbf1697831ea355301fb87,f3e73ca7cd85db9bb9be47fc88d38bc8,delivered,2017-01-23 18:56:45,2017-01-23 19:10:11,2017-01-25 15:35:11,2017-02-14 07:03:23,2017-03-02 00:00:00
dfd954e67c5eeaa6432cdc40a6b66d73,c6e5dc26706e556b6e6cbe4321670954,delivered,2017-01-23 19:32:38,2017-01-23 19:45:09,2017-01-27 11:47:32,2017-01-30 12:44:19,2017-03-02 00:00:00
aa58df9711205e09b4ef6d704db7871e,ceead79d927539feb1a27e3ec80cac36,delivered,2017-01-23 19:32:40,2017-01-23 19:45:12,2017-01-24 10:10:39,2017-01-27 13:32:28,2017-02-28 00:00:00
cfba3ca25a049f8bdf836baa3b8be493,1c282323584deebf1025c4c72dde565a,delivered,2017-01-23 20:21:12,2017-01-25 02:45:48,2017-01-26 14:58:39,2017-01-30 18:23:45,2017-03-02 00:00:00
270d816a580cef9525ac73d6c4b87255,66f6f1200cf04a1950b327fecf045fa5,delivered,2017-01-23 20:35:00,2017-01-24 03:42:46,2017-01-24 12:41:24,2017-01-26 13:46:04,2017-03-02 00:00:00
99a4238f13a11d486a5eabe5c8b1a1ab,3887e889fec8574f573081115ab2ddf8,delivered,2017-01-23 20:45:59,2017-01-23 20:55:20,2017-01-24 12:19:01,2017-01-31 15:55:11,2017-03-06 00:00:00
cd63595a31d3717ff7ea9a0b041104a9,88427d6cb0325a6da3f9a0201a17338c,delivered,2017-01-23 20:46:11,2017-01-23 20:55:17,2017-01-24 11:37:15,2017-04-26 15:36:21,2017-03-02 00:00:00
0cb316841c24af560f6af0e3fb36137a,e688102208c1564afce92d987656bf29,delivered,2017-01-23 21:33:15,2017-01-23 21:45:16,2017-01-27 14:56:59,2017-02-09 16:14:30,2017-03-02 00:00:00
d568f094af70874d55d22a89e093fe18,aa98b0ee899c4f787d88f11b88b50fc2,delivered,2017-01-23 21:35:49,2017-01-23 22:01:57,2017-01-25 09:37:51,2017-02-02 14:17:52,2017-02-28 00:00:00
a9ad904bde6787e355771489eef73012,9a8ff91307a424b26e4ffb88eb1e79b9,delivered,2017-01-23 21:38:10,2017-01-25 02:55:14,2017-01-28 11:12:16,2017-02-07 08:47:52,2017-02-20 00:00:00
5497655681652e7e1306139bb5d04a14,416b717e3c11cf6c596c624c76630afa,delivered,2017-01-23 22:23:01,2017-01-23 22:30:36,2017-01-24 13:45:22,2017-01-30 11:44:57,2017-03-02 00:00:00
e4f669bb9b79875231a2cf27ab8dd229,4c27e133e1de3148cb84c92249d51316,delivered,2017-01-23 22:29:11,2017-01-23 22:41:58,2017-01-26 16:15:01,2017-02-03 11:54:38,2017-03-02 00:00:00
b626a11507dbce56f74a5b1b1a6af615,fd5878d884704e7165c352d83b9cadb7,delivered,2017-01-23 22:29:40,2017-01-23 22:41:58,2017-01-24 08:19:20,2017-01-27 11:34:04,2017-02-28 00:00:00
58c851c107a9a3e21e03a9e2a1951d12,12b9ed9bc1f4f6648dab5fe7324a3d58,delivered,2017-01-23 22:39:00,2017-01-23 22:50:10,2017-01-25 10:56:42,2017-02-01 09:04:43,2017-03-20 00:00:00
5933483834803a0e8e9fcd26cdb3774d,30159428cd8098929d2d39e5e357fcc5,shipped,2017-01-23 22:40:22,2017-01-23 22:50:09,2017-02-10 09:33:52,,2017-02-28 00:00:00
2f371d97b4ea52be4c04ef49bb4f31ff,d782082d67302107f082c112b324aebb,delivered,2017-01-23 22:55:07,2017-01-23 23:10:11,2017-01-24 15:05:01,2017-01-30 12:13:46,2017-02-20 00:00:00
035ab6fc3b7f9d16f714a337ee63b7be,dd340f55b79392c58be2ee54c2004c26,delivered,2017-01-23 23:36:55,2017-01-24 10:25:17,2017-01-24 13:19:05,2017-02-07 12:15:45,2017-03-14 00:00:00
8cb07e7e810ad9e5f33062cb4735d488,7cc773cce3ceea8640c54a88b0f007a9,delivered,2017-01-24 00:22:40,2017-01-25 02:42:31,2017-02-03 10:00:52,2017-02-08 09:53:38,2017-03-03 00:00:00
d1b32a0715fa2abd2ff4f3ec5e751964,a2d424dcfaa53fa97a98bb99d7700581,delivered,2017-01-24 07:58:59,2017-01-24 09:50:18,2017-01-24 12:28:39,2017-02-06 10:05:36,2017-03-13 00:00:00
0aaf52291c13507e7fe4f565f079ad9a,97324b134a7e75d33decb2a65d637343,delivered,2017-01-24 08:52:34,2017-01-24 09:02:02,2017-01-26 16:01:51,2017-01-30 18:36:07,2017-03-03 00:00:00
b08dfa6db006194a07108b6ff6330313,9c018b34406d19adc1adac5f4b23b74f,delivered,2017-01-24 09:00:49,2017-01-24 09:15:18,2017-01-24 13:17:11,2017-01-30 11:18:05,2017-03-01 00:00:00
e3f7a673dd1981e0d7b330c8a7220220,8daafb5e7776c08e384b8bdd6b708dfc,delivered,2017-01-24 09:04:09,2017-01-24 09:15:17,2017-01-24 10:42:57,2017-02-06 11:23:58,2017-03-15 00:00:00
9058bc799c3791077efb3aaa8e0d5e02,3fb83e207757e8f15ff70d937c86929b,delivered,2017-01-24 09:24:11,2017-01-25 02:45:13,2017-01-25 13:20:38,2017-01-30 09:39:02,2017-03-01 00:00:00
4799c38fa3f9263d65b42c5f923538c6,b9da07b57372061cd82dbb1df5a6cfd2,delivered,2017-01-24 09:42:13,2017-01-24 09:50:17,2017-01-26 09:42:38,2017-02-02 15:52:00,2017-03-07 00:00:00
10b6352081cd9c4b594e4be0c491ee62,863b6381550660b774a6f43d857d2b0f,delivered,2017-01-24 11:16:26,2017-01-24 11:25:20,2017-01-27 10:14:38,2017-02-02 13:34:19,2017-03-01 00:00:00
942cb81b8e0a2f33510159729f69d8b1,ccaab0962b09a9070e3076588f0fd069,delivered,2017-01-24 11:24:20,2017-01-30 09:28:02,2017-01-30 10:53:17,2017-02-08 10:45:44,2017-03-15 00:00:00
26fb6c984069988017b2d12b79849865,6ad1ab20e1583a1e1d20961b363df092,delivered,2017-01-24 11:41:58,2017-01-24 11:50:19,2017-02-06 09:18:57,2017-02-08 17:22:04,2017-03-01 00:00:00
cb27e0d6c6f92df591073fb6ad5ef7f0,2155e6e404e41736933c696382c1328b,delivered,2017-01-24 12:14:05,2017-01-24 12:25:26,2017-01-24 14:35:17,2017-01-31 08:23:20,2017-03-03 00:00:00
ae25aaffc9b89e8519bb9b5aa59cc8ef,e5245a61cf63870720b6559bad5d35e8,delivered,2017-01-24 12:18:07,2017-01-24 12:25:27,2017-01-26 10:34:58,2017-02-08 15:15:04,2017-03-03 00:00:00
94b35c9542f07ad80b3367f9051b63af,ae3a3a6fd9128d8617e2cb3a88a7598b,delivered,2017-01-24 12:38:48,2017-01-25 02:42:34,2017-01-26 16:32:31,2017-02-07 08:42:04,2017-03-31 00:00:00
13f68da1f137146006b4c0c34b6824e8,68b3d6ac0b851622aa7e60f808a8c38f,invoiced,2017-01-24 13:02:32,2017-01-24 13:15:20,,,2017-03-07 00:00:00
54d744a4410b1edccc36c6d1f1c7e097,e2efaa8052c550fa45d1639dbb6cbeb9,delivered,2017-01-24 13:32:22,2017-01-24 13:45:14,2017-01-27 14:21:27,2017-01-31 05:23:27,2017-03-01 00:00:00
ba78eeba3ae33579487bedc08dce96be,4bfe7cd506a992a41031d3fe407e2b2b,delivered,2017-01-24 14:14:29,2017-01-24 14:25:22,2017-01-25 09:38:56,2017-02-10 12:09:03,2017-03-09 00:00:00
4079df924e51e553825e62f9f8995d59,73f958ad1ba68bf3c7f01cae085ed153,delivered,2017-01-24 14:22:33,2017-01-24 14:30:47,2017-01-25 08:59:17,2017-01-30 10:38:48,2017-02-21 00:00:00
3bcf5ba4eec8b84af7663e2e261957cc,367163bdcc25d2ab5b6748c0068e0e32,delivered,2017-01-24 14:23:45,2017-01-24 14:35:17,2017-01-26 16:01:51,2017-02-02 14:42:25,2017-03-03 00:00:00
76bd9ce8aa3ce93bd913f3ec17f66790,35f26e073ace0e3cd12f259eb5c75fb8,delivered,2017-01-24 15:37:05,2017-01-25 02:50:35,2017-02-09 15:18:16,2017-02-17 16:16:10,2017-04-24 00:00:00
5c5177333fb1fce1f4bb65868988f204,ebe11def265cd8e747d70c07c5a4547e,delivered,2017-01-24 15:44:05,2017-01-24 15:55:15,2017-01-25 13:58:08,2017-02-03 17:06:20,2017-03-03 00:00:00
3568894fa3afedc367d3a4816983dceb,bfbe1fd99d9d53a58d06966a0f4eb5de,delivered,2017-01-24 15:59:17,2017-01-25 02:42:25,2017-01-27 07:05:47,2017-02-09 06:28:44,2017-03-01 00:00:00
f30663edef2c5ccbd8ac1901275ecf64,7b8ca289129bab18d8b098ca02bbc4bc,delivered,2017-01-24 16:26:51,2017-01-24 16:42:00,2017-01-26 14:57:02,2017-01-30 10:33:50,2017-02-17 00:00:00
143f8e1be12f4d99301cec6f0d7a3834,c084c36f269f29c66bb61f3ac37303e8,delivered,2017-01-24 16:58:46,2017-01-24 17:10:21,2017-01-26 05:41:52,2017-02-01 11:59:07,2017-02-17 00:00:00
1e69dcdcbc094d39d6ba64248af906fb,0d1c2dc5009dfaf9722bc97439e6d82b,delivered,2017-01-24 17:09:24,2017-01-24 17:22:06,2017-01-26 09:47:51,2017-02-02 16:23:52,2017-03-01 00:00:00
b42efbd88abf3882f91928b08cf74d6f,7784b523efa600a47de73bd1e9f7f022,delivered,2017-01-24 17:11:53,2017-01-25 02:50:11,2017-01-26 15:13:00,2017-01-31 17:12:06,2017-03-03 00:00:00
3498a243e9fe88c9c4ce97bf7fa4617c,b92024fd84c1d4e5308b4bc99f092def,delivered,2017-01-24 17:15:56,2017-01-24 17:25:14,2017-01-27 15:26:54,2017-02-01 12:24:02,2017-02-22 00:00:00
3937ff0dcfc2d3e0ccf73d9b6521611a,6df048a54bfef499d9e6dd224351e90c,delivered,2017-01-24 18:11:44,2017-01-25 18:15:19,2017-01-26 15:37:47,2017-02-21 05:16:06,2017-03-15 00:00:00
c52edad050bea3d2f56fbc6be373c44f,91105b71b2fce387050df6f91fc0fcef,delivered,2017-01-24 18:22:14,2017-01-24 18:35:14,2017-01-25 08:07:00,2017-02-14 17:15:40,2017-03-13 00:00:00
01f216b447564f9ea791b521db577ccb,39d5f491d314a5e26d16cf74581bff02,delivered,2017-01-24 18:44:53,2017-01-24 18:55:14,2017-01-25 09:21:47,2017-01-31 07:35:52,2017-03-01 00:00:00
4152a677b7acfa7fdab8dc8e1dd436eb,f9186c4eba8c803ac493a2ea4a189fc7,delivered,2017-01-24 19:39:42,2017-01-24 19:50:17,2017-01-25 10:47:31,2017-02-02 08:39:06,2017-03-03 00:00:00
8aa9f9fb8d016c8abd90a65dcd7f2ab6,18c97899df0947157d3e829e27aeaba4,delivered,2017-01-24 21:16:24,2017-01-25 21:25:09,2017-01-26 16:34:40,2017-01-30 12:24:40,2017-03-01 00:00:00
e01e0edd184fa69973f66cfc1fde15b3,432c8b4df960ec2d281a90a77bd51ce5,delivered,2017-01-24 21:16:50,2017-01-27 10:45:42,2017-01-27 15:03:19,2017-02-06 10:07:57,2017-03-07 00:00:00
e8d766b30a09fa62922aec00c6fecc85,8bd4a71f026b8b9c1d1cbd23c9b0827c,processing,2017-01-24 21:24:34,2017-01-24 21:31:44,,,2017-03-07 00:00:00
469f0b908881368c45917f1bed8240ce,59e4d7310198da197337571749b47ff2,delivered,2017-01-24 21:35:25,2017-01-25 16:30:14,2017-01-26 06:32:47,2017-02-08 08:14:01,2017-03-23 00:00:00
c4669e882068cc0ade2697ed2169326e,c576a1a325ba3b60368566f78dd51aa1,delivered,2017-01-24 21:44:24,2017-01-26 21:45:18,2017-01-30 11:40:14,2017-02-08 04:23:28,2017-03-21 00:00:00
7c0ff60ea08a0885a1404c299f7ed4f2,7b7ba461fc53c28a671aef86b651235d,delivered,2017-01-24 22:10:48,2017-01-24 22:22:10,2017-01-26 12:34:39,2017-02-03 15:07:45,2017-03-07 00:00:00
d81dff089ae648dacea746f77643f86e,5e6c17c1aac5a1acf6e38746eeebc11d,delivered,2017-01-24 22:16:05,2017-01-24 22:25:33,2017-01-26 10:19:05,2017-02-01 00:47:45,2017-02-17 00:00:00
3eceaafe1639eb6b25f3cd604891c218,a9f4c806882b64a1a745053ae9f90d7b,delivered,2017-01-24 22:27:20,2017-01-24 22:42:04,2017-01-31 15:21:53,2017-02-06 10:55:55,2017-03-03 00:00:00
529c56bdb881d790cc51c6eea4f7b004,9c964fe94972e8d6ee8498dd08d47b09,delivered,2017-01-24 22:38:56,2017-01-24 22:50:17,2017-01-26 05:51:31,2017-02-11 05:58:00,2017-03-13 00:00:00
500e2838d85214e92e2c15b2fd5303b7,f78c8b0641299a312f545dd0d783b7ff,delivered,2017-01-24 22:49:12,2017-01-24 23:02:06,2017-02-01 09:04:21,2017-02-08 08:04:49,2017-03-03 00:00:00
3c4f38e27c5f6f27be39c8a2932c43e1,45fd70ff9e07d189b82f07ee776b64d5,delivered,2017-01-25 00:19:56,2017-01-25 00:30:22,2017-01-25 15:45:08,2017-01-31 08:43:33,2017-03-06 00:00:00
56a726fa0f40d3678696e62aaed9690d,dc7302a83e9681f614bb59a515df38b3,delivered,2017-01-25 00:46:17,2017-01-25 01:02:14,2017-01-27 10:51:56,2017-01-31 17:43:01,2017-03-02 00:00:00
903c880841c9b1af32d6d086b9763133,e3a0c6f366f4c42aa1ec172813c88492,delivered,2017-01-25 00:47:25,2017-01-25 00:55:44,2017-01-25 15:50:43,2017-01-30 11:44:26,2017-02-20 00:00:00
d8a40a1358d3b2dca231abdaa566b054,83913bf92fd18aeb5d5763e3bc298d26,unavailable,2017-01-25 01:20:19,2017-01-26 01:25:07,,,2017-03-16 00:00:00
7ece3f32d060f91a98d50279ab15ebaf,29d768c153dabfc1ecfeb0c1c389727f,delivered,2017-01-25 01:23:07,2017-01-25 01:35:07,2017-01-30 10:17:10,2017-02-09 10:14:41,2017-03-14 00:00:00
d322025aff44e8bead04f4e81023ede8,237bf1bb29147868ba252c6fa367c746,delivered,2017-01-25 01:26:40,2017-01-25 01:42:12,2017-01-25 09:21:53,2017-01-26 15:34:17,2017-02-28 00:00:00
8dc67de08c1738a90e70f62f2920b432,7345796de7fb5b3566b3564b2b10f9d9,delivered,2017-01-25 01:29:42,2017-01-25 01:42:12,2017-01-25 09:22:00,2017-01-31 18:06:24,2017-03-08 00:00:00
3d668965eb89ea475911ce3364f73b07,1e3005980e35ffabad12c31116e746f2,delivered,2017-01-25 05:31:30,2017-01-27 13:31:55,2017-02-06 10:53:27,2017-02-14 10:07:31,2017-04-05 00:00:00
8f359a870a6206af39d54ab82c99619d,b430789bfe8fd6a8ce1be69cd5cc35de,delivered,2017-01-25 06:31:50,2017-01-25 06:41:58,2017-01-25 10:47:17,2017-02-03 13:58:58,2017-03-02 00:00:00
22474d84064cd7eb4a907ba3fd8a6398,85f03d59e05ad20dc077b89342b9f710,delivered,2017-01-25 09:09:46,2017-01-25 09:22:26,2017-01-31 10:18:50,2017-02-02 16:56:10,2017-03-02 00:00:00
17f70d10c2acd50864b5dae4885894b5,bbc82b85b6867ca7bf1380c64f8447b9,delivered,2017-01-25 09:12:10,2017-01-25 09:22:27,2017-02-06 11:54:31,2017-02-14 11:14:54,2017-02-22 00:00:00
1f5d62970c5b3cfedc1b2a8d15ffe40d,0cd8afa06f9985eabdce1fc7b25c7de0,shipped,2017-01-25 09:21:45,2017-01-25 09:35:10,2017-01-25 17:10:19,,2017-02-23 00:00:00
e81600d4371046078150ab84d31175d3,5f78e0062e08a91ecc6a7cd787bd29ba,shipped,2017-01-25 09:31:09,2017-01-25 10:30:14,2017-02-02 09:47:38,,2017-03-16 00:00:00
a6e307f50d1a494a1ad373af7a748e1d,9834899aa900947d8832062231831871,delivered,2017-01-25 09:42:36,2017-01-26 02:10:20,2017-01-26 10:37:16,2017-02-02 16:35:31,2017-03-10 00:00:00
c818ed0d99c7998f73659bd934936177,b001c30609da9b8618f69ef5bd322b5b,delivered,2017-01-25 10:09:17,2017-01-26 02:10:33,2017-02-06 08:22:12,2017-02-13 10:03:31,2017-03-06 00:00:00
16fe5fdb7f5aa0c9e841387dfec29821,4fc51fa588914fea8f3fa681f148db44,processing,2017-01-25 10:11:38,2017-01-25 10:25:14,,,2017-03-06 00:00:00
bc7bc14f585b1879f63e89cb0e4cfa17,942be1042b4ac4e4ef3780b25188fe99,delivered,2017-01-25 10:41:24,2017-01-26 02:15:45,2017-01-26 09:32:58,2017-02-03 12:42:06,2017-03-10 00:00:00
340be9cc41d50a5233f4849d93d8d2f1,dce9dedc0fe9dd0aa2ad7df80d81b358,delivered,2017-01-25 11:32:02,2017-01-25 11:42:07,2017-01-30 14:35:18,2017-02-02 10:24:01,2017-02-20 00:00:00
d4421539677ce8da70f3abf867adf15c,01a0d45a369a4356ac4652584652109a,delivered,2017-01-25 11:45:19,2017-01-25 12:03:07,2017-01-26 14:59:13,2017-01-28 08:23:45,2017-02-20 00:00:00
5582d9b46edf97ccc2f3b993c39ace3e,28e414622d3770ff33c04a3151bb77fa,delivered,2017-01-25 11:58:33,2017-01-26 02:15:56,2017-01-27 11:05:12,2017-01-31 08:03:00,2017-02-22 00:00:00
1306d7999cdd320272eeea20f5768b77,fe89d4293f6810dcfeffd77a09f0969b,delivered,2017-01-25 11:59:47,2017-01-25 12:10:26,2017-01-27 14:21:21,2017-02-06 08:57:57,2017-03-10 00:00:00
4ccd8da82485c892ae90284af589153a,bc13567372ad405e1fa1c93da7eb9079,delivered,2017-01-25 12:18:11,2017-01-25 12:30:23,2017-01-27 11:27:44,2017-02-06 14:44:28,2017-02-28 00:00:00
bec25025b8d0b7db00c510720053761e,806e9984a49a008bbb424f31641d62db,delivered,2017-01-25 12:21:10,2017-01-26 02:10:16,2017-01-26 11:06:21,2017-01-30 14:14:00,2017-03-02 00:00:00
314c025c229f30a1b32658c7555269b8,8d5db117378b874eb1894bbd190f03f6,delivered,2017-01-25 12:48:49,2017-01-25 13:02:08,2017-02-08 12:43:51,2017-02-16 08:35:55,2017-03-06 00:00:00
164bcbb466afa4e7b9eec1760f0d7096,f476fe54d688e5e018ed94d537d7c5fc,delivered,2017-01-25 12:49:36,2017-01-25 13:02:09,2017-01-26 10:40:10,2017-01-30 14:08:07,2017-03-06 00:00:00
9e1b7a7d17aa42da16ee605b5fee2e0a,dae065b8336e64030d11819d033138ac,delivered,2017-01-25 13:15:38,2017-01-25 13:30:10,2017-01-26 12:06:48,2017-02-03 15:53:49,2017-02-22 00:00:00
3b64ff25a4610fb5599e4fd09f907501,d1d259ce7187c9deb7e86de58e65a81e,delivered,2017-01-25 13:22:05,2017-01-25 13:35:19,2017-01-26 06:06:34,2017-01-30 14:36:32,2017-02-20 00:00:00
49c89a2aba7f8f079681f6967d846465,480aee92a572792a7a5043f486656da8,delivered,2017-01-25 13:33:37,2017-01-27 11:50:20,2017-01-27 16:30:26,2017-02-06 11:21:46,2017-03-08 00:00:00
60e2fe3a23e71c24f3ab0f648ebd6a8f,14c40450842463a4e86a52654f2e3ff9,delivered,2017-01-25 13:42:49,2017-01-25 13:55:09,2017-01-30 15:31:18,2017-02-10 14:05:32,2017-03-06 00:00:00
5dccad03ac8016afdcdb7cc0227ec9d7,bbec89f3ce9883659829232500271d87,delivered,2017-01-25 15:10:14,2017-01-25 15:25:13,2017-01-26 10:06:22,2017-01-30 12:58:42,2017-02-22 00:00:00
917ca364b9fb9460dee6ea613ee2a5ab,85c01e2393b32c57d22f4db20020da31,delivered,2017-01-25 15:12:59,2017-01-26 12:50:29,2017-02-02 11:07:52,2017-02-15 19:12:52,2017-03-16 00:00:00
cd068e0974cffc5007e3b5dcb416da26,f84215c0b6b3e126a0287ade8fcb0a91,delivered,2017-01-25 15:19:12,2017-01-25 15:30:19,2017-01-26 09:13:58,2017-01-27 18:12:37,2017-02-28 00:00:00
d006112ce36cbbb57fec00ebce1de147,86555999695e810261dac1dc96ede234,processing,2017-01-25 15:28:32,2017-01-26 02:10:59,,,2017-03-06 00:00:00
c5b1a5d21958f98a0c66114d622bc0ed,b51864a91835810c755a8c3438c63668,delivered,2017-01-25 15:32:48,2017-01-25 15:42:16,2017-01-26 16:23:51,2017-02-02 17:07:23,2017-02-22 00:00:00
8adafb3466daa5395694d3a906ff9d40,b7919647bde69acc948baa47823d6c75,delivered,2017-01-25 15:47:27,2017-01-25 16:02:29,2017-02-07 08:09:23,2017-02-14 14:03:35,2017-03-23 00:00:00
aa4f1c4318226e2f86adeb5578d8726b,b97a18a1140b1f32152473a3dce1a25d,delivered,2017-01-25 15:49:39,2017-01-25 15:55:21,2017-02-03 05:57:33,2017-02-09 12:45:42,2017-04-03 00:00:00
8a7f0e6d9767d52a05dd48229e24d766,cae42b13efa7b8b3ef6757d1c2aa2d06,delivered,2017-01-25 16:25:03,2017-01-25 16:35:18,2017-01-27 11:50:53,2017-02-02 17:07:20,2017-02-22 00:00:00
28f5847427849401fb017537fd20da41,617e79a8f584d33d7cd446ac3d1519a2,delivered,2017-01-25 16:32:21,2017-01-25 16:42:16,2017-02-06 11:54:31,2017-02-17 10:58:33,2017-02-20 00:00:00
7d86c4aa9e59504b23f16c7ca68954a7,c4a2da69a354a249cb1c07d703552053,delivered,2017-01-25 16:38:10,2017-01-25 16:45:21,2017-03-21 14:40:51,2017-04-06 12:46:47,2017-03-10 00:00:00
b7ae7c643ef9274727f48dcb0ba08593,be631308cb609ff74d0e0fb54815e18c,delivered,2017-01-25 16:51:27,2017-01-27 11:50:24,2017-01-30 16:22:11,2017-02-08 08:38:49,2017-03-06 00:00:00
3005c05dbcb19ff903a28b5d654bb1cf,b70dd1b7a273c0378edb26d95390f857,delivered,2017-01-25 16:57:30,2017-01-25 17:10:20,2017-01-31 07:27:52,2017-02-02 14:29:07,2017-02-20 00:00:00
20de77e28f73070461781b0eb6228f6f,24cf4347382b8e190a512b2de912f89c,delivered,2017-01-25 17:06:40,2017-01-25 17:15:23,2017-01-27 14:21:21,2017-01-31 12:22:38,2017-03-02 00:00:00
a1597cc7eca8c8d095e5de327444d9d0,e10996551bb1897b97c37e1f771e34af,delivered,2017-01-25 17:35:24,2017-01-26 06:55:26,2017-02-01 08:36:27,2017-02-13 18:28:51,2017-03-10 00:00:00
2a3d1cc4337b1cc9157560f6b1ca5802,73c69c8a9d541d145648ae9cffc3aa2e,delivered,2017-01-25 17:52:31,2017-01-27 21:31:57,2017-02-02 13:07:55,2017-02-10 08:43:49,2017-03-16 00:00:00
0c5d85fbd4b20a1d9d5fc6a29e739f36,8e5fb420cf8c57efbdf1632de43b3f16,delivered,2017-01-25 18:04:52,2017-01-25 18:15:20,2017-01-26 15:20:24,2017-02-03 12:44:16,2017-03-02 00:00:00
9fb6e7ca3a34e0500eb810d98b00b81d,6a9cb951f5f44cb1c5f3f2a34dfe16e8,delivered,2017-01-25 18:22:36,2017-01-25 18:35:18,2017-01-26 14:54:01,2017-02-06 13:12:56,2017-03-14 00:00:00
cb71bbdb68e876878e7c73346725a901,7df0a02f3a48198615dec3720500fe42,delivered,2017-01-25 18:51:43,2017-01-27 11:55:38,2017-01-27 15:49:36,2017-02-15 15:28:58,2017-03-08 00:00:00
7c28cd51bc7b7b5b8e81ae0bb7f17340,dd96e8ca7d7dfac2b3b5632801e5f106,delivered,2017-01-25 18:55:31,2017-01-25 19:05:17,2017-01-26 14:48:15,2017-01-27 10:14:04,2017-02-20 00:00:00
aba7884f1a6e6e52b774eb7654651325,8721213de91e5eb5867eb97de23ec440,processing,2017-01-25 19:00:25,2017-01-25 19:10:11,,,2017-03-14 00:00:00
1f59665af8c7408a7c633f9541644854,17066ea92fe83b36cb9f9997c3cca3af,delivered,2017-01-25 19:09:39,2017-01-25 19:25:15,2017-01-26 07:59:55,2017-02-03 10:19:04,2017-03-08 00:00:00
7a094f321857b6925fee399192bb5ebd,43986b46f9e4f256ce314abde818220a,delivered,2017-01-25 19:11:42,2017-01-25 19:25:16,2017-02-06 11:54:29,2017-02-09 18:43:35,2017-02-20 00:00:00
29d99fdabd0cb6b4e9d82f2f38c04a5a,c64e943126adfabb1c2ae21b4bc1e650,delivered,2017-01-25 19:44:48,2017-01-25 19:55:09,2017-01-26 14:03:04,2017-01-30 10:57:44,2017-02-22 00:00:00
b4e9e179195a7cee910bf458c5b6e01e,acad76e6005b7efd172a9fed40f7d31f,delivered,2017-01-25 20:00:43,2017-01-25 20:10:18,2017-01-26 10:26:06,2017-02-08 13:37:45,2017-03-16 00:00:00
cedfe51bd6a794860c83382885f2328c,b806e26283f2008d98a22e44d0c3aa5a,delivered,2017-01-25 20:03:37,2017-01-26 02:15:57,2017-02-06 11:54:29,2017-02-09 09:38:09,2017-02-20 00:00:00
9dc6746a8f29fafaa637f2239a9f3d28,33e655dd86058bc865f1f3d9fa5912aa,delivered,2017-01-25 20:11:36,2017-01-25 20:25:13,2017-01-26 11:38:10,2017-02-01 12:32:33,2017-03-14 00:00:00
a50d16f8c24acdc0c3d2fe0af2cd5c87,95e838701bbc7791a50ccf58140ebada,delivered,2017-01-25 20:17:33,2017-01-25 20:30:15,2017-01-26 12:04:05,2017-02-17 14:53:52,2017-03-06 00:00:00
d5d777fdf41da773664443c2fd9acc23,3c8735c5a045fb31f956e4ab8f23c566,delivered,2017-01-25 22:04:39,2017-01-25 22:22:03,2017-01-26 09:14:06,2017-02-06 14:14:50,2017-03-02 00:00:00
a9506e4af5c19ca12362961efdefb20d,7322e04a8cee7f728d698f4666645567,delivered,2017-01-25 22:16:53,2017-01-25 22:30:26,2017-01-27 14:21:21,2017-02-02 10:29:01,2017-03-02 00:00:00
a2db088616f079ceb7a0e856f8a741ca,3cfaedb59f39332d98cde2d6a9a1de08,delivered,2017-01-25 22:19:19,2017-01-27 03:05:41,2017-01-30 17:37:56,2017-02-06 10:53:40,2017-03-02 00:00:00
c6eb5dced200e49271f44b142658b6bb,b3089a062b28ec2e5acb0e545c078ed5,delivered,2017-01-25 22:19:51,2017-01-25 22:30:25,2017-02-06 11:54:29,2017-02-08 10:17:35,2017-02-20 00:00:00
b9581bf1b646f4fc021b131e1ca4d034,1fb9f3e7704d50dd72f6adfd4f6d8ffe,delivered,2017-01-25 22:46:24,2017-01-25 23:02:13,2017-01-26 13:41:21,2017-02-08 09:26:01,2017-02-22 00:00:00
d12824c34f6e0552f57e8d8821242084,6cc7634e5230927a764a9047700c9bba,delivered,2017-01-25 22:54:18,2017-01-26 00:35:25,2017-01-26 12:04:05,2017-02-01 11:32:57,2017-03-06 00:00:00
660e589af9553d75506968867c922d91,d3a6febf47e02bf9635d6b8e8443092e,delivered,2017-01-25 23:30:25,2017-01-25 23:42:04,2017-01-27 11:19:14,2017-02-02 16:09:48,2017-03-06 00:00:00
f7d546d5833e27f1f2815dc05d94b4c0,ce68080021ef47325b14cc7acd673ab8,delivered,2017-01-26 00:16:29,2017-01-26 00:30:23,2017-01-26 12:01:49,2017-02-03 14:37:54,2017-02-24 00:00:00
0c995611a99f81268d859184a416f1db,3f3aaaac1d9df140266ee77970735eaf,delivered,2017-01-26 00:20:22,2017-01-26 00:30:25,2017-01-27 14:55:56,2017-02-06 09:35:04,2017-04-11 00:00:00
55b2e390d5d80ada31ad1b795ebeb087,055e117cce871c681f903f52d7a866d4,delivered,2017-01-26 00:20:23,2017-01-26 00:30:24,2017-01-26 11:53:42,2017-02-07 16:31:33,2017-03-14 00:00:00
a6dfab363a9e239287c4b1e3c275fb93,5e81e1b0b6164c14269bb934e9c43c3d,delivered,2017-01-26 09:11:37,2017-01-27 10:41:58,2017-02-05 12:43:54,2017-02-14 13:35:05,2017-03-14 00:00:00
7cbc58346dce935abff14a7c5a0488f5,5d38c66c874ea566658a9ef3f31812e3,delivered,2017-01-26 09:15:18,2017-01-26 09:25:12,2017-01-26 09:32:58,2017-02-03 06:17:18,2017-03-08 00:00:00
b96f5299909903eedc435d396f90f726,f4af9116429bdaa90732a4ad05f1db2c,delivered,2017-01-26 09:50:17,2017-01-27 07:30:11,2017-01-27 11:33:02,2017-03-27 15:12:26,2017-03-06 00:00:00
f400946403a78fdd034cf522d3f85512,be552266bf47bfc6fa6c793fd74006bf,delivered,2017-01-26 10:00:37,2017-01-26 10:10:15,2017-01-27 16:37:45,2017-02-07 10:37:40,2017-02-28 00:00:00
4b7c1bc59d4ec725d8530c19ec09b06f,7a3638e2731f92703d9cfc5ef2c220d5,delivered,2017-01-26 10:21:45,2017-01-27 11:55:43,2017-01-27 15:49:27,2017-02-07 10:30:34,2017-03-06 00:00:00
138630e7e14855ce216a9db0cdabbe06,8e320ed64bc2510dbab1b27a8d8dcbbb,delivered,2017-01-26 10:31:18,2017-01-26 10:45:07,2017-01-26 17:40:57,2017-02-02 09:47:37,2017-02-22 00:00:00
0c3a7b14aa5e70ef5991122f6bb552de,1cf722ec2d1f484c35c1ecfe752b263d,delivered,2017-01-26 10:44:38,2017-01-26 10:55:10,2017-02-03 15:15:42,2017-02-08 16:47:40,2017-02-24 00:00:00
4a65f44b9d88b8af9f97037e89366abe,a0c9d999ed3500707f8228b8336e24eb,delivered,2017-01-26 10:56:10,2017-01-26 11:05:35,2017-01-30 11:44:02,2017-02-07 13:11:39,2017-03-06 00:00:00
625b3ac41fea45dbd5aaa02d0941ee59,4f3e4e67565f7302194622e4a3a21365,delivered,2017-01-26 10:58:56,2017-01-26 11:10:28,2017-01-27 11:49:01,2017-02-13 15:24:40,2017-03-06 00:00:00
2c4ada2e75c2ad41dd93cebb5df5f023,363d3a9b2ec5c5426608688ca033292d,delivered,2017-01-26 11:09:00,2017-01-26 11:22:17,2017-01-27 14:59:35,2017-02-14 16:24:01,2017-03-07 00:00:00
338cd98c972c8d9b015759974ca7446c,58550909176303c05f37a9f3a3e913cd,delivered,2017-01-26 11:09:11,2017-01-27 11:50:23,2017-01-30 11:45:17,2017-02-02 14:58:07,2017-03-22 00:00:00
38e2829123a2bd1cbe111564824d0abb,4d27341acd30a36bca39008ee9bb9050,delivered,2017-01-26 11:14:58,2017-01-26 11:25:21,2017-01-27 12:19:14,2017-02-09 12:15:20,2017-02-22 00:00:00
d3a3e3dd365abc6013aa6321b0c12c79,185f6a4579e6c10122c789bc38ba3337,delivered,2017-01-26 11:18:28,2017-01-28 11:31:20,2017-01-31 10:41:19,2017-02-08 13:53:56,2017-03-06 00:00:00
668ee4108169a1d58c55b20ddc3fa3c9,038f88979c9816294e2a236465e8096d,delivered,2017-01-26 11:32:30,2017-01-26 11:45:10,2017-01-27 11:49:01,2017-02-15 18:07:33,2017-03-10 00:00:00
9edaabce3c4beef5432b6327ade4109b,d85a33fefc77c4027226b4af1683e21e,delivered,2017-01-26 11:39:55,2017-01-26 11:50:12,2017-02-06 08:35:10,2017-02-14 08:41:51,2017-02-28 00:00:00
78a1a87882880114ee891ccdcbd1ccde,6cfc3156dfe1802dfe72368fa29c63ca,delivered,2017-01-26 11:45:18,2017-01-26 11:55:22,2017-01-27 09:04:53,2017-02-03 10:11:46,2017-02-24 00:00:00
b5eeec1b045b05d3e3010ef57120a8dc,c3c0ea16776e0d2c79a9239c552700f3,delivered,2017-01-26 11:48:46,2017-01-26 12:02:13,2017-01-31 16:23:57,2017-02-03 04:12:52,2017-03-06 00:00:00
99c0817d6ecd5fe55d21540917f1f5f9,9ec73448134f871bc7bdfdfd444813eb,delivered,2017-01-26 11:51:38,2017-01-26 12:02:09,2017-01-26 12:33:59,2017-02-01 12:14:10,2017-03-06 00:00:00
efc734aa0895a5973f3e783a742f1119,9e7ba5e8f54ad8293a1da0e2e458b4b4,delivered,2017-01-26 12:45:40,2017-01-26 12:55:25,2017-01-27 11:47:54,2017-02-13 08:25:02,2017-03-08 00:00:00
8b93f79b1a4d6b3388dab2356493c0b3,1d72f0479018c73cd9f58abcb01e776f,delivered,2017-01-26 12:49:54,2017-01-26 13:02:26,2017-01-30 10:17:23,2017-02-07 10:52:25,2017-03-14 00:00:00
b379b3d63e1948d3692990c4e0a5adc8,fe76f5f82711c01468aceb3b3eb7026a,delivered,2017-01-26 13:08:14,2017-01-27 13:31:43,2017-01-31 08:03:06,2017-02-02 15:04:52,2017-03-06 00:00:00
055eb7e5645d86bd278fc4f419622e8d,556960436775082c323282512ab48129,delivered,2017-01-26 13:14:02,2017-01-26 13:25:13,2017-01-26 15:02:28,2017-02-02 13:47:53,2017-03-02 00:00:00
8557dabbdacec1a9e250f5e70afe1eab,495b67cd5a866ee9a61ea6e8b4cadb51,delivered,2017-01-26 13:15:41,2017-01-27 03:05:28,2017-01-30 15:19:27,2017-02-07 16:45:49,2017-03-08 00:00:00
df56136b8031ecd28e200bb18e6ddb2e,b7770073b02ed1d626a027ce86a4ff82,delivered,2017-01-26 13:15:41,2017-01-27 03:05:27,2017-01-31 19:44:07,2017-02-06 09:52:10,2017-03-23 00:00:00
566f53fc7d36fa366f7e221468121877,83b52613d1bcd8c6a66b41526405bad6,delivered,2017-01-26 13:15:42,2017-01-27 03:05:28,2017-01-27 14:20:13,2017-02-06 17:52:46,2017-03-08 00:00:00
b4a600b2f7cc0efe40a086465eca8799,2c03e5b9680aeca26ed87d369d4e097b,delivered,2017-01-26 13:32:04,2017-01-26 13:45:10,2017-01-31 13:59:17,2017-02-08 09:23:58,2017-02-22 00:00:00
1d5182e38de4f122947727324f2870be,dc657a228881825237f4957775272d1a,delivered,2017-01-26 13:43:07,2017-01-28 02:32:25,2017-01-30 11:41:12,2017-02-22 13:08:33,2017-02-24 00:00:00
9d57e7a9c3dae94772187f73e97d9854,7ebbd71d486f47070362e2e9be10898b,delivered,2017-01-26 13:51:54,2017-01-26 14:02:11,2017-01-27 08:43:07,2017-02-02 07:29:05,2017-03-08 00:00:00
cd3ad05bdb70488e29c3afb5641cc178,83b54583d45924de2866eff235f84a2f,delivered,2017-01-26 13:52:09,2017-01-28 04:36:06,2017-01-30 14:39:23,2017-02-03 14:51:42,2017-03-06 00:00:00
97df4160390cf20ee63b032b5a93d0e2,8a67f4176555ddc74a6e897968988a74,delivered,2017-01-26 14:12:54,2017-01-26 14:25:19,2017-01-26 14:44:01,2017-02-01 15:26:04,2017-02-24 00:00:00
6ca2b1dbcac1751cab45df5faa1b892e,0974e9a00257a842b2ab61eb66b3b435,delivered,2017-01-26 14:26:43,2017-01-26 14:35:20,2017-01-27 16:05:57,2017-01-31 07:17:59,2017-03-02 00:00:00
091ac0791556275533697b36e2b00ff4,d0bfc5ed8302e145eb59a75cc94cb715,delivered,2017-01-26 14:29:25,2017-01-26 14:45:11,2017-01-27 11:17:09,2017-02-06 13:42:41,2017-03-06 00:00:00
46e61fd85afa09032021c9b0b507b693,3357130ad85f3c9758c6623ba3d51bc4,delivered,2017-01-26 14:41:39,2017-01-26 14:55:13,2017-01-30 11:38:16,2017-02-06 12:52:41,2017-03-02 00:00:00
2b98d5c9b1969095e65f74308ae2e861,640e434ec3d0792f339955ac55798c63,delivered,2017-01-26 15:01:45,2017-01-27 15:31:33,2017-01-31 16:24:59,2017-02-06 11:04:25,2017-02-20 00:00:00
1bf6db71e147c950fe9925e0be89ec4b,ec26ff9b46af83d9c60691c89bf24895,delivered,2017-01-26 15:37:27,2017-01-26 15:50:18,2017-01-30 13:32:39,2017-02-08 13:08:37,2017-03-02 00:00:00
102b790156f60813474ed025355a59d5,b97e4013860297dba48d699f12f91fcb,delivered,2017-01-26 15:37:38,2017-01-26 15:50:17,2017-01-27 13:24:47,2017-02-08 08:04:25,2017-02-22 00:00:00
c37d452db8a3abfa3d99c322e92ef0ef,99de4444dbc09f097afa14d4ac4ae448,delivered,2017-01-26 15:50:03,2017-01-26 16:02:00,2017-01-31 15:31:05,2017-02-03 17:05:57,2017-03-06 00:00:00
0b6d11d4a289a1574e8888f2558dd548,97e5e50c02504e32d222320d8c4dfbd1,delivered,2017-01-26 16:03:15,2017-01-26 16:15:09,2017-02-01 11:49:16,2017-02-10 05:34:06,2017-02-28 00:00:00
b017dafe7c59c8aaf92ab3fa1ca54d78,2208577a67480f29e84ad6f2419e8945,invoiced,2017-01-26 16:16:15,2017-01-26 16:25:32,,,2017-03-02 00:00:00
64cad05fe3f34277719621c70f416ad2,3576d9f3793f6dbfd0d915eb446d31c5,delivered,2017-01-26 16:20:32,2017-01-26 16:35:24,2017-02-03 08:03:48,2017-02-13 19:37:47,2017-03-06 00:00:00
3a1756d7060a993e85f1614b43da0c03,584a48000c599c79acafff0af5cd4cf1,delivered,2017-01-26 16:23:03,2017-01-26 16:45:14,2017-01-30 14:28:13,2017-02-02 10:43:45,2017-02-20 00:00:00
dd480c63548e3c0b7219520e3784ebd2,a83a89abd16a03e6376fb659ca7b6612,delivered,2017-01-26 16:25:36,2017-01-26 16:35:22,2017-01-27 12:47:43,2017-02-08 14:47:25,2017-02-22 00:00:00
23ad1ae9db6999293449603e1a247803,d71a8cffeb2a8ca4ad2375b72d94c8ad,delivered,2017-01-26 16:25:37,2017-01-26 16:35:23,2017-01-27 15:44:17,2017-02-03 17:23:38,2017-02-22 00:00:00
1962f977f7b7b5eb73a3c2c39bbc93b5,a154f40a53dbfc81340f0834f035e89e,delivered,2017-01-26 16:28:04,2017-01-27 10:41:55,2017-01-27 16:30:24,2017-01-31 07:05:00,2017-03-02 00:00:00
b782d486ebb05fdf0ba6ec05652f704f,3afe43b81b0d102b2ca5138ab53f418a,delivered,2017-01-26 16:29:30,2017-01-28 02:32:24,2017-02-01 08:37:30,2017-02-06 14:23:54,2017-03-02 00:00:00
8d9a9808c4a5546adb15d524d6ab2e91,3bb0f1d5881cfaf2de8eacdbe88b2d58,delivered,2017-01-26 16:44:35,2017-01-26 17:02:23,2017-02-20 13:52:07,2017-02-21 10:48:42,2017-02-24 00:00:00
e08f76fed43c999d57979d1879871ce1,61aecad4ecccb2ef8e88726a68d832d5,delivered,2017-01-26 16:48:24,2017-01-28 04:36:02,2017-02-01 12:38:57,2017-02-08 16:54:37,2017-02-28 00:00:00
dceb6ab566e0d15ffaba53ef637afa3c,c357638ad6b3773047a316462e992235,unavailable,2017-01-26 16:51:32,2017-01-27 06:55:25,,,2017-02-21 00:00:00
4ac9d969022c4a7ba509b39bb0f3d36c,5b7b7de303afbe0e48035449a3e86a5e,delivered,2017-01-26 16:59:33,2017-01-26 17:15:10,2017-01-30 12:17:25,2017-01-31 18:56:02,2017-03-06 00:00:00
c13e334a4d2b0b11e6422e69d009de0c,739615c495132b26d5897b7f91e8c19f,delivered,2017-01-26 17:38:13,2017-01-26 17:50:14,2017-01-27 06:35:02,2017-02-17 16:32:45,2017-03-06 00:00:00
43f8e020752c67130ddf027e0297291a,964343a3f8a65e01ffad1b9bfaa7d7e9,delivered,2017-01-26 17:40:03,2017-01-26 17:50:13,2017-01-27 17:34:52,2017-03-10 05:41:43,2017-02-22 00:00:00
73e934755292def8b6519b03f2230723,bd8e2c85ac6c8810b119d2dd90c54ce5,delivered,2017-01-26 17:48:22,2017-01-26 18:02:35,2017-01-30 11:07:50,2017-02-07 11:59:03,2017-02-22 00:00:00
67d0c933fefa1c4ff65e800b8c8bf804,5fecda646005785f0338ead4ed426198,delivered,2017-01-26 18:04:03,2017-01-26 18:15:10,2017-01-30 18:16:10,2017-02-06 13:05:57,2017-03-06 00:00:00
65fd2f07bc74b8df1728cc3ee9e19ebb,d118674ac7bfbd3385a7546522278e5d,delivered,2017-01-26 18:19:41,2017-01-26 18:30:47,2017-01-27 12:19:15,2017-01-31 09:14:15,2017-02-22 00:00:00
678b28f078641e74d50be86b4ecaec7e,58d1b021c741cc8728280bbe6d0b3da8,delivered,2017-01-26 18:19:42,2017-01-26 18:30:42,2017-01-27 10:12:50,2017-01-31 18:43:58,2017-02-24 00:00:00
481f2db41ea6571226192db2b584fa6e,bae2e17717f1e6f357bbac0107dabfd6,delivered,2017-01-26 18:27:04,2017-01-26 19:00:21,2017-02-06 11:54:29,2017-02-13 13:34:45,2017-02-22 00:00:00
2363f4be725c1746c141cfe7e8432910,5ced20bad39ba7915376770d8d933233,delivered,2017-01-26 18:33:10,2017-01-26 19:20:05,2017-01-27 15:24:41,2017-02-03 14:54:05,2017-03-08 00:00:00
16976f8e43d0c9ee6079e3ed9eaa4fed,cfe4eb5b21969ebd94370819e38c07b5,delivered,2017-01-26 18:48:30,2017-01-26 19:02:34,2017-01-27 16:36:28,2017-02-08 17:25:28,2017-03-14 00:00:00
beeff7037aa708c19973290382629a4c,ae110dc6d8fbfd770a279c10fdb11356,delivered,2017-01-26 18:54:48,2017-01-26 19:05:17,2017-01-27 08:03:19,2017-03-11 08:57:39,2017-02-20 00:00:00
c6be81e3c1e9e15e5893e19d7ce49647,57de18af3ee9319c436bc09bfb515b5d,delivered,2017-01-26 20:15:14,2017-01-27 10:45:37,2017-01-30 17:25:25,2017-02-02 12:54:48,2017-02-22 00:00:00
08432abcf785878edf1221a0611960ea,48e5d2b2d852ddbca633fe87804939cb,delivered,2017-01-26 20:37:39,2017-01-28 04:34:46,2017-01-30 13:01:34,2017-02-08 14:38:50,2017-02-24 00:00:00
8846a9571a893b22eb57d4732b978bbb,dcb2e23f71877ba3dee97c2ec27f1a81,delivered,2017-01-26 20:44:49,2017-01-26 20:55:17,2017-01-27 11:47:12,2017-02-03 12:34:51,2017-03-02 00:00:00
db7d019ce87ceb1539bd37353ab408ba,bd2c13f9aff19c6adfe232373946e6ea,delivered,2017-01-26 20:55:09,2017-01-26 21:05:20,2017-01-30 13:59:59,2017-02-07 08:12:06,2017-03-08 00:00:00
9b42f8813f6bfa620e0c91a4e132f2c0,1cf8e420d259ba1c8e79065408f9bb9e,delivered,2017-01-26 20:56:43,2017-01-26 21:05:19,2017-01-31 13:22:47,2017-02-03 08:12:35,2017-02-20 00:00:00
bbf0608a4772666602f2fe57fe81742e,e1524dd0c685ee8f075fe01f661a4017,delivered,2017-01-26 21:07:27,2017-01-26 21:21:56,2017-01-27 10:50:36,2017-02-07 13:36:49,2017-02-24 00:00:00
64ba433f9d86e1df4e9cb86b1a3884d1,b19fa13f00227b289b6d04e426f9673d,delivered,2017-01-26 21:11:42,2017-01-28 21:32:16,2017-01-30 12:01:43,2017-02-07 13:37:49,2017-03-08 00:00:00
e9cd104dfc8837e084c067292c013b0a,c75e4def2f3ec80fc03a535c4f9b37a2,delivered,2017-01-26 21:33:43,2017-01-26 21:45:16,2017-01-28 07:28:57,2017-02-02 13:22:23,2017-03-02 00:00:00
bfbf87cc2829df6adac299ab0cc012bc,816346b2de82fd39be31ae7f42fef07f,delivered,2017-01-26 21:58:21,2017-01-26 22:05:20,2017-01-30 12:14:13,2017-02-06 13:13:10,2017-03-02 00:00:00
721c90253d3c1f625f71e2faf53a6b57,742cedd54dad5e81da2cdaf719678e3d,delivered,2017-01-26 21:58:53,2017-01-26 22:15:13,2017-01-30 09:09:54,2017-02-03 15:09:34,2017-02-20 00:00:00
fc79bdcefc8fbd9f44f8cf9633793359,f17aac72ebe06a7fbf7f6c923cd82718,delivered,2017-01-26 22:15:09,2017-01-26 22:30:17,2017-01-27 15:44:25,2017-02-03 16:42:04,2017-03-02 00:00:00
7249fd69ae42373a6a357567e41ecc57,c2a3ea344de262f71dfb5d9f83a02adf,delivered,2017-01-26 22:15:22,2017-01-26 22:25:11,2017-01-27 16:14:22,2017-02-08 09:52:05,2017-02-24 00:00:00
96867881a8d245ffae18dd2f1c4898d2,40e7a663ffaa7aa2f2ad20d6d40d6b14,delivered,2017-01-26 22:19:43,2017-01-26 22:30:17,2017-01-27 11:47:20,2017-02-08 12:12:39,2017-03-02 00:00:00
9d34d5659dfa39b38d29bfcf0c85ead9,dd32ce6c2b55f4746c288375a89ce176,delivered,2017-01-26 22:23:15,2017-01-26 22:30:18,2017-01-30 09:02:53,2017-02-08 16:47:45,2017-03-02 00:00:00
042e247be09aeae88a74e35766aa03ca,23b8c6b8acf581a5d3c4bd97d55c86bc,delivered,2017-01-26 22:28:07,2017-01-28 20:32:18,2017-01-31 13:23:50,2017-02-14 13:38:40,2017-03-06 00:00:00
44ed09232a24ad29cf2457b2780e806b,2b8784fee7592d8c11a970f175cb5d71,delivered,2017-01-26 22:44:11,2017-01-26 22:55:10,2017-01-31 14:06:00,2017-02-08 08:09:06,2017-03-10 00:00:00
315da0cfbc485bb00c12a581077cf7b2,1ff98f738e6baa6c7d6c262757e82720,invoiced,2017-01-26 22:52:01,2017-01-28 10:32:01,,,2017-03-10 00:00:00
146bfe4003096bc16316672e59c6fb2e,47443a10c52e727aeab6b6cae75dbdb6,delivered,2017-01-26 23:08:52,2017-01-26 23:21:57,2017-01-27 13:57:24,2017-02-01 11:09:38,2017-02-20 00:00:00
bdf4423bf60eac03b6786ebd0e507cc1,0040b00970e2139e8c43b647c0da5305,delivered,2017-01-26 23:10:07,2017-01-26 23:25:14,2017-02-06 11:54:30,2017-02-15 15:27:48,2017-02-20 00:00:00
12af24617f25e0c8cd411544f704f2f7,13733cc0a4aafa89ac9017036cc89fe6,canceled,2017-01-26 23:11:32,2017-01-28 10:33:06,,,2017-03-06 00:00:00
abbbf52551bc34cd52a7851c06dfca90,594ceaa56731ed8539ea1b5437d9e311,delivered,2017-01-26 23:20:31,2017-01-28 04:35:50,2017-03-17 09:45:32,2017-04-05 14:14:58,2017-03-14 00:00:00
7cc5f7da21653de1b71a6f4ad590e5a1,2f21a50c8c1214f27c501848fce8eb64,delivered,2017-01-26 23:33:35,2017-01-27 17:31:13,2017-01-31 16:24:59,2017-02-13 12:17:40,2017-03-10 00:00:00
4047217c6029782c1996e3cec14ef005,7c912bf7e7b05be2cc0a11c603a6332d,delivered,2017-01-26 23:41:13,2017-01-26 23:50:17,2017-01-27 10:15:52,2017-02-06 10:15:33,2017-02-22 00:00:00
a8305d2dfd60042d6000b3de3bc533a3,896ca8dffa927becb8dca9eabff5ff84,delivered,2017-01-26 23:48:56,2017-01-27 01:05:27,2017-01-30 16:54:34,2017-02-01 15:28:03,2017-03-06 00:00:00
aa04ef5214580b06b10e2a378300db44,f01a6bfcc730456317e4081fe0c9940e,delivered,2017-01-27 00:30:03,2017-01-27 01:05:25,2017-01-30 11:40:16,2017-02-07 13:15:25,2017-03-17 00:00:00
3440f090efa1949bc4e9ebd0b89b2b6c,2acac3dfe4fa0e75b07461873a67e7e6,delivered,2017-01-27 00:34:10,2017-01-28 04:34:44,2017-01-30 09:57:31,2017-02-10 18:43:38,2017-03-09 00:00:00
1c47e7875c7c3bd3399467e179c5c3bf,920262e9d102e1706e797902ac8e9d4b,delivered,2017-01-27 01:24:22,2017-01-28 03:31:13,2017-01-30 11:45:17,2017-02-08 10:45:40,2017-02-23 00:00:00
47378b461210a310c95e17323f7dd726,8a5881366c8a17270865c025f0636675,delivered,2017-01-27 05:27:14,2017-01-28 03:31:22,2017-01-30 13:42:08,2017-02-06 15:44:33,2017-03-07 00:00:00
775eb0ae1891c8dd8f12c2f8c6850006,a47703d55341244bf9e82521834ad64a,delivered,2017-01-27 09:20:04,2017-01-28 10:32:02,2017-01-30 11:38:21,2017-02-07 11:58:55,2017-03-16 00:00:00
38eb881851d90ec36b46d10b81792089,9605611724e3d18d409d01f49f56ff54,delivered,2017-01-27 09:29:40,2017-01-27 09:41:26,2017-01-30 10:14:02,2017-02-07 11:33:44,2017-03-09 00:00:00
55090b3dd39aed5a2019b57cce6b174d,8caa2b611962f72d9905feffb8501593,delivered,2017-01-27 09:33:01,2017-01-31 04:41:30,2017-01-31 10:57:58,2017-03-13 13:22:34,2017-03-17 00:00:00
fb975e889b11a08705d3b2734b626916,c7e79ac0034b4accdb78aa403ba6f68c,delivered,2017-01-27 09:51:08,2017-01-27 10:10:14,2017-02-06 11:54:28,2017-02-20 12:07:48,2017-02-27 00:00:00
92e3415f60fec80f07ebca939434c3a7,85163f5cd854d552b1627f12e52721fc,delivered,2017-01-27 10:29:59,2017-01-27 10:41:54,2017-01-31 11:50:54,2017-02-02 17:43:58,2017-03-03 00:00:00
6c7481b5566c6a3821a91a05b0f9f7c8,9668e82e922394b6e8ee41f4400580eb,delivered,2017-01-27 10:31:21,2017-01-27 10:45:43,2017-01-27 11:48:18,2017-02-08 14:18:56,2017-03-03 00:00:00
444ba35537c4a2b24c3bf2e576ee98ac,c4dcf192d129b8388592885dd24fc476,delivered,2017-01-27 10:34:34,2017-01-28 02:32:27,2017-01-30 10:18:24,2017-02-07 09:54:56,2017-03-01 00:00:00
26c18b7ca7a6a870496dafd3633b3412,a30ed289c17f4e875d4ac2110dc19040,delivered,2017-01-27 10:36:14,2017-01-27 10:55:08,2017-01-27 14:48:25,2017-02-02 12:32:12,2017-03-07 00:00:00
3c6f2c25e0bc1279d17395ec365ea14c,4da838ac0a5e78523963ae590a05ef43,delivered,2017-01-27 10:52:15,2017-01-31 04:32:54,2017-01-31 10:19:47,2017-02-02 16:57:54,2017-02-21 00:00:00
89484162f10c48a5cbccb77221419395,7dac3d4de500983168e1b1bca53be307,delivered,2017-01-27 11:34:09,2017-01-28 04:34:43,2017-01-31 13:59:16,2017-02-13 11:07:57,2017-03-24 00:00:00
b8a4cbf978ddb7ef0264c480a122329f,0c9250b6e51b94c3250b3992631fb100,delivered,2017-01-27 11:36:22,2017-01-27 11:55:47,2017-01-27 12:30:55,2017-01-31 11:57:36,2017-02-21 00:00:00
a89b268d1a28bab0770e650f25232b06,eb534900c64fcbbe53a4158d78c3bbd4,delivered,2017-01-27 11:38:59,2017-01-28 05:32:05,2017-01-30 11:06:19,2017-01-31 17:27:26,2017-03-01 00:00:00
749a31c1093994e39ecb4aef66a7aa3a,8283002ac9ca2ece392746190b152185,delivered,2017-01-27 11:57:43,2017-01-27 12:15:40,2017-01-27 16:30:24,2017-02-06 10:39:02,2017-03-09 00:00:00
a503ed3639b58426f15f719d61bfe408,a11a96019906d49f5d01edda79022941,delivered,2017-01-27 12:10:43,2017-01-27 12:31:29,2017-02-01 01:02:56,2017-02-15 18:45:02,2017-03-03 00:00:00
5d36e8ca3ccd1262b7641467fdba0b8e,3b2b96751131c948164edc5d21d27abb,delivered,2017-01-27 12:10:46,2017-01-27 12:31:29,2017-01-30 10:26:15,2017-02-08 18:42:20,2017-03-20 00:00:00
ce500b2ca0d960f937fb4d24282d3291,b77ef6aa11b50074739e74d4a78ae4a9,delivered,2017-01-27 12:15:07,2017-01-28 04:34:27,2017-01-31 10:05:13,2017-02-15 18:22:02,2017-03-02 00:00:00
b5d124183f47ec6adf54b1cfc3e445f8,0c17965e427088da168bf202d9847f7a,delivered,2017-01-27 12:22:34,2017-01-27 13:31:03,2017-01-27 14:21:27,2017-01-31 13:18:06,2017-03-07 00:00:00
2bcf5ca88957e31faab027f2325cfd63,65b8331f36ef1247c8b665fdb5b2308a,delivered,2017-01-27 12:29:31,2017-01-28 04:35:59,2017-02-01 00:49:00,2017-02-07 15:12:07,2017-03-06 00:00:00
142c8688b5b13e21ac5a448a1688b9d7,96c6d161a734e063fba237c7d58f75d6,delivered,2017-01-27 12:31:05,2017-01-27 14:31:16,2017-02-13 06:38:34,2017-02-23 07:34:18,2017-02-27 00:00:00
bfa74f7450cf978b57226b70a6a8936f,e616e1806cf7fa06607a83d2f97f3993,delivered,2017-01-27 12:51:19,2017-01-28 04:35:47,2017-01-30 17:42:10,2017-02-03 10:37:40,2017-03-06 00:00:00
126da462f642d99483c0691ac474c783,160ac713dfef7d7f57a0f61d8a0df5b4,delivered,2017-01-27 12:54:57,2017-01-27 13:31:02,2017-01-27 13:48:14,2017-02-03 16:14:53,2017-03-02 00:00:00
9d6f552c9b731d52bb9c9b6051ddf5a2,28d65a634bc74f4f8b823cf8dd5e8b34,delivered,2017-01-27 12:54:59,2017-01-31 04:36:08,2017-01-31 17:12:07,2017-02-13 14:44:08,2017-03-21 00:00:00
d01c0baa4630bdd8a5d0266931837209,5be96cc643f055c5ec688661898ff816,delivered,2017-01-27 13:32:58,2017-01-27 14:31:48,2017-01-31 10:51:49,2017-02-04 09:23:37,2017-03-14 00:00:00
3ff04db80f0b2c359e8e47fdb913d826,8a861c441f42b3297875a0eb3bf98b5f,delivered,2017-01-27 13:37:09,2017-01-27 14:31:27,2017-01-27 15:20:47,2017-02-07 10:11:26,2017-03-08 00:00:00
f63be24880200ae32aa24f5b458a3dc3,a6954f48f5d8a0dcbad1a0921109cb56,unavailable,2017-01-27 13:39:53,2017-01-27 14:31:44,,,2017-03-16 00:00:00
6f334a2e1303fe798ae16f4c33269e82,d69688d427da267e3c2d564db094796a,delivered,2017-01-27 13:43:36,2017-01-27 14:31:23,2017-02-06 12:37:59,2017-02-12 12:21:54,2017-03-08 00:00:00
08e617c0a81895c4d5f6ab1e4a20fad0,a2ca0ba8cb6271f95f286421b60681aa,delivered,2017-01-27 14:01:20,2017-01-28 03:31:21,2017-01-30 15:45:48,2017-02-02 12:07:30,2017-03-03 00:00:00
1e6377b497624e8fa908ee4a87e3687d,e81fc327c9365a91e9ce38e8d904647f,delivered,2017-01-27 14:12:01,2017-01-31 04:36:36,2017-01-31 11:14:14,2017-02-13 07:13:59,2017-03-09 00:00:00
05ca3bba2e4c3bc5c601b57af96cf3cf,b8cdbd2d79fb877b224b27ff548c297d,delivered,2017-01-27 14:24:28,2017-01-28 03:31:34,2017-01-30 08:34:54,2017-02-22 18:15:45,2017-03-29 00:00:00
b4d81b7ba0a5e97d9b77104dc0f3b82d,707fac20a2b45cac1486d1ba891b629c,delivered,2017-01-27 14:27:36,2017-01-27 15:30:59,2017-02-03 13:29:35,2017-02-07 07:34:53,2017-03-24 00:00:00
b866af202be0692766081310cd4085e1,d1800078046ed2e5ae1b0792b695c56e,delivered,2017-01-27 14:59:17,2017-01-27 15:30:46,2017-02-20 02:32:08,2017-02-15 03:53:46,2017-04-17 00:00:00
281a4e1ef3ab9d256027ddd2db90c762,48fe0a56997c0eaac6fa6f50fc9d8020,delivered,2017-01-27 14:59:18,2017-01-27 15:30:56,2017-01-31 15:07:35,2017-02-02 20:07:49,2017-03-06 00:00:00
66f5111aa3f376fd7dfa577aa7c57515,89517109d03f8c3f1c63b84418e97559,shipped,2017-01-27 15:00:25,2017-01-27 15:31:29,2017-01-30 18:08:13,,2017-03-06 00:00:00
9ee391a01004a9f330f16ebf9f7f0966,9c2344a071565e12fbf3fae2abc986da,delivered,2017-01-27 15:28:18,2017-01-31 04:41:19,2017-02-03 14:25:25,2017-02-07 14:51:41,2017-03-15 00:00:00
e6ba7ef3fa398a176291132b06cd519e,b7a4690ba0bc91f249bb7fd25b3be748,delivered,2017-01-27 16:21:48,2017-01-27 17:32:11,2017-01-31 17:18:02,2017-02-10 09:34:01,2017-03-17 00:00:00
8c10b4712b6c450e49bcfb6b1e48449f,746c850fc3309628645b7b22b4603e55,delivered,2017-01-27 16:31:12,2017-01-31 04:38:25,2017-01-31 09:38:28,2017-02-07 12:37:51,2017-03-16 00:00:00
b95b454428554b28f33786b07e41edc4,40b3dfbf520c45c6107a0d749c13855d,delivered,2017-01-27 16:31:54,2017-01-27 17:31:39,2017-02-02 11:21:07,2017-02-13 11:53:47,2017-03-02 00:00:00
062f0992a050330334749ffa530fa796,1f49021da1642fde361de30ee4f1c935,delivered,2017-01-27 16:55:48,2017-01-27 17:30:38,2017-01-30 08:27:48,2017-02-10 14:09:05,2017-03-17 00:00:00
96e60a8b7fe4d9cd4f5ef7f3399a502b,78d97021c6f17f11e1c84245d5def5ec,delivered,2017-01-27 17:16:40,2017-01-27 17:30:41,2017-01-30 12:42:03,2017-02-10 10:15:05,2017-03-09 00:00:00
052523fd2c735b15cb107afc0a413bc2,ef6df80448de23799ff246c3c898c8eb,delivered,2017-01-27 17:21:48,2017-01-27 18:31:37,2017-01-30 08:37:37,2017-02-06 08:25:25,2017-03-21 00:00:00
897ed337ed4c3fba920924b9143c2ea0,7e0ccb80f03547847437a81f88b7e7ad,delivered,2017-01-27 17:31:45,2017-01-28 05:31:36,2017-01-31 06:43:58,2017-02-06 11:42:34,2017-03-27 00:00:00
4418075144d646b6ecb7228571cec59e,957eb9ed2b71b5439f68a865a736de0d,delivered,2017-01-27 17:39:36,2017-01-27 19:31:12,2017-02-02 15:55:50,2017-02-16 16:21:34,2017-03-24 00:00:00
c8aea852a760205e92591d5053231e07,76fee7c59d7317435aef4230a46b23bd,delivered,2017-01-27 18:00:27,2017-01-29 08:32:02,2017-02-01 09:18:31,2017-02-09 06:04:49,2017-03-20 00:00:00
15b1aceab346b46189a6eea3b6f4b951,8ec1617ce630c731866f5a041b5d408c,delivered,2017-01-27 18:16:50,2017-01-28 10:31:24,2017-01-30 09:57:15,2017-02-09 09:27:56,2017-03-15 00:00:00
8f1a2a26d4f0ed5608a8857e0e88b7ad,725053273ea08ee2997d63e7a36b984c,invoiced,2017-01-27 18:18:31,2017-01-28 10:32:58,,,2017-03-21 00:00:00
bf4931e6025b2bdd77ffa4264659c9e6,8e43a72ca4287806280d0daea3cc46fa,delivered,2017-01-27 18:28:44,2017-01-28 10:31:32,2017-01-30 08:27:52,2017-02-06 09:27:15,2017-03-17 00:00:00
59db0cf65fd439e6e76ec105e3aa421c,1d2b981cedb5a187a9eb0c2ecbf0df2a,delivered,2017-01-27 18:47:11,2017-01-28 10:32:15,2017-01-30 13:20:35,2017-02-20 15:36:08,2017-03-16 00:00:00
5ffbbd67f14392efe8fd533d38cd1338,9e7fe4ea65ba59140cab054bdbdf018e,delivered,2017-01-27 19:04:57,2017-01-27 20:31:43,2017-02-02 11:21:43,2017-02-06 10:05:42,2017-03-16 00:00:00
0ec04706b50b8bc69a14dff0d6a26f13,f10e5fbd994c96fe6abc21c3303c9a40,delivered,2017-01-27 19:33:54,2017-01-28 10:31:03,2017-01-30 09:29:04,2017-02-02 11:59:04,2017-03-15 00:00:00
f4026d9ae34e982204b4f7b627939d32,1e88b5f20d4c915f63c41dae61f1c23f,delivered,2017-01-27 19:44:14,2017-01-30 10:31:46,2017-01-30 13:14:00,2017-02-01 18:55:37,2017-03-27 00:00:00
a73a38a5eeac4ab94ef2bcbd90f92e43,1fb3df5efb074be6ef543b2ac76833e2,delivered,2017-01-27 19:55:05,2017-01-28 10:31:22,2017-02-01 10:04:37,2017-02-08 14:05:11,2017-03-07 00:00:00
1e6025fd19451c74352d0bbf6a218bf6,115159a20c6d95890cbf83916b57b07c,delivered,2017-01-27 21:23:00,2017-01-28 10:33:49,2017-01-30 11:17:50,2017-02-09 11:07:43,2017-03-17 00:00:00
c7da1b57f7d2251252370bc7d94168fe,b8758ed99c2b800a287f19fb1a3ea52c,delivered,2017-01-27 21:27:17,2017-01-28 02:32:16,2017-01-30 13:16:45,2017-02-09 13:21:35,2017-03-15 00:00:00
594bad57a253656f86d8282c5365be89,2f58bb32416886045970ba0c48719094,delivered,2017-01-27 22:01:41,2017-01-31 04:33:42,2017-01-31 19:32:20,2017-02-10 20:42:16,2017-03-16 00:00:00
012973f4cb6743d00d7e2644ddc8804c,eb00b6b34bb7da3b9cf13c9ba8d1e136,delivered,2017-01-27 22:02:29,2017-01-28 10:32:38,2017-01-31 10:21:48,2017-02-06 13:58:54,2017-03-09 00:00:00
a47c6e02b84d8dea0ec21748a611293e,3e6d5ab80ad405a8ebfe75d52974e93c,delivered,2017-01-27 22:07:02,2017-01-31 04:40:23,2017-01-31 12:03:23,2017-02-02 18:33:50,2017-03-08 00:00:00
329465dad46fffab333860e92e7ac984,2591b8425f1f3f363d644917fbc238db,delivered,2017-01-27 22:14:53,2017-01-28 10:30:56,2017-02-03 13:54:57,2017-02-14 13:15:33,2017-03-13 00:00:00
2410734c3fc6d36010cf6b1b36c2974d,9015549e1e0438244f52123c59498fa6,delivered,2017-01-27 23:02:15,2017-01-28 10:33:24,2017-01-31 11:32:42,2017-02-16 16:55:02,2017-03-21 00:00:00
5d97051b2fbe2d850d8c195e054735b4,ab65a308e13faaef39b0370e82dd6fdb,delivered,2017-01-28 09:49:10,2017-01-28 10:32:22,2017-01-30 13:32:37,2017-02-06 14:43:49,2017-03-06 00:00:00
11a6ea18f3646c6e6dcbadbd0207b35d,8f99d406f72a8339a5507e598bb187de,delivered,2017-01-28 10:26:06,2017-01-28 11:31:33,2017-01-31 04:23:58,2017-02-08 14:42:30,2017-03-08 00:00:00
80e9acbfd99b46609bded7263945fe15,9472d282b4d8b3cf62bbc7933b2215ba,delivered,2017-01-28 12:20:43,2017-01-28 12:30:31,2017-01-31 06:43:58,2017-02-09 10:03:20,2017-03-17 00:00:00
001dbc16dc51075e987543d23a0507c7,698a74f33469466fa4172e829505d1c6,delivered,2017-01-28 13:17:57,2017-01-28 13:32:16,2017-02-01 15:59:46,2017-02-13 13:17:47,2017-03-20 00:00:00
b4924647a0523d99010023d68b76c18d,80600605c908c076d9e4073f2cb9430a,delivered,2017-01-28 13:23:50,2017-01-28 14:31:35,2017-01-30 16:20:47,2017-02-07 10:48:29,2017-03-27 00:00:00
aac01d5ce6fab5aa0e191d71aedbaa3c,7f10859af8483458fbe59d40da3d04f5,delivered,2017-01-28 13:24:20,2017-01-28 14:31:38,2017-01-31 08:45:22,2017-02-09 11:03:47,2017-03-15 00:00:00
e2b56835030c81195a5f1d65a17a2c1f,f2ee282dfaf98e24c28fa41c2a7f28d3,delivered,2017-01-28 14:18:45,2017-01-31 04:32:47,2017-01-31 13:54:37,2017-03-03 13:05:15,2017-03-22 00:00:00
6f7626222f2b324b580e36eb22d8bb8e,606eff563eff430f88394911d8f868d3,delivered,2017-01-28 14:49:09,2017-01-31 04:36:18,2017-01-31 21:01:01,2017-02-06 07:12:37,2017-03-08 00:00:00
0c8675dc2e52ab52977a76d810e45303,0595cb1106adc0f2c0f617c560fb8e57,delivered,2017-01-28 15:55:11,2017-01-28 16:31:16,2017-01-30 09:40:59,2017-02-01 14:14:43,2017-03-17 00:00:00
1df257323bb550a9b9bb150345c42e45,8cb4d4ae78fe9aa67a08a4d8c322c201,delivered,2017-01-28 16:10:01,2017-01-31 04:41:49,2017-01-31 23:29:59,2017-02-16 16:44:02,2017-03-10 00:00:00
b23dfa1c97d08f8d2017e85dbdc5b1aa,87b0f9495e8483a396c8722f9e5dd2ee,delivered,2017-01-28 17:05:18,2017-01-28 17:30:42,2017-01-30 13:15:01,2017-02-16 17:11:44,2017-03-10 00:00:00
e3e80c87ef38162cf2d0fb01c481f5df,5f52377aba982636a0de8c3c12128b70,delivered,2017-01-28 17:05:59,2017-01-31 04:41:01,2017-02-01 15:33:00,2017-02-10 08:25:34,2017-03-14 00:00:00
fd4787fa8be4afcbd8ba795e775cab51,fea16654c631c5cd6997fc0414c3a201,delivered,2017-01-28 17:57:35,2017-01-31 04:40:05,2017-01-31 08:39:09,2017-02-06 14:23:53,2017-03-08 00:00:00
b0f913cb83681e8a8563b96b641b3e1b,5967895f1299e02b1b0cb7a8ef4a437b,delivered,2017-01-28 17:59:37,2017-01-30 11:33:35,2017-01-31 05:21:37,2017-02-07 08:58:13,2017-03-15 00:00:00
a15df161654da3f47c2984ffd7764920,109cf3ecc53afd27745a79a618cb5ec4,delivered,2017-01-28 18:30:17,2017-01-28 19:31:32,2017-01-31 11:09:43,2017-02-10 12:27:47,2017-03-08 00:00:00
82bfafb84a5843f06b8c3983edb1883b,86bbc4a292e9d3f4191ea8a4c82e6c10,delivered,2017-01-28 19:10:46,2017-01-28 19:30:49,2017-01-31 17:26:30,2017-02-10 08:53:23,2017-03-08 00:00:00
c004caad90ab5b86dcc0e253eee4491b,637add33cc02415a6567d6b134828754,delivered,2017-01-28 19:44:25,2017-01-28 20:31:36,2017-02-01 13:03:52,2017-02-13 10:32:41,2017-03-16 00:00:00
765e82006189100419015233bf26be8a,dd4a80c1daa4fc1d5b27af36e5f44f2b,delivered,2017-01-28 19:50:15,2017-01-28 20:31:33,2017-01-30 11:32:54,2017-01-31 17:42:11,2017-03-27 00:00:00
354a5b90cf468691c4b06debfd2c8115,e879d9cc471ab8feafa1056998e6ec95,delivered,2017-01-28 20:01:21,2017-01-28 20:31:32,2017-01-30 08:27:47,2017-02-15 18:47:34,2017-03-20 00:00:00
a52e6fa2d7c6ecaf73ff5f7f10438339,0324eee00643cd63d11ec25cb930d53e,delivered,2017-01-28 20:09:18,2017-01-28 20:32:25,2017-01-30 12:00:42,2017-02-08 12:31:55,2017-03-07 00:00:00
bf88003f2580db7589007ec44bc85695,e7b9bc73f30f476a29a9a805d3817504,delivered,2017-01-28 20:55:38,2017-01-31 04:35:20,2017-02-01 10:45:57,2017-02-06 08:12:00,2017-03-10 00:00:00
c45c354aed442407610326035c6c44d6,98153d5b1cde47994c69ad02de498d26,delivered,2017-01-28 21:22:15,2017-01-28 21:31:40,2017-01-30 13:14:59,2017-02-13 08:08:59,2017-03-09 00:00:00
e40815dcb739e03cb2c06547ef7c3092,4d44a73097bff381fc95fe6d86a96160,delivered,2017-01-28 21:51:24,2017-01-28 22:32:05,2017-02-02 13:03:04,2017-02-10 17:38:04,2017-03-15 00:00:00
b3a60e4531d82485b6ed7c49ba266c66,5844a62772b729f3f92ba756dc9411e5,invoiced,2017-01-28 22:54:48,2017-01-28 23:31:44,,,2017-03-17 00:00:00
c383ab7c64e3ee1503e3574b22e37dab,0ecec081acf716b8ae4ee28348f7b04a,delivered,2017-01-28 23:09:31,2017-01-31 04:34:49,2017-01-31 11:30:09,2017-02-20 09:21:31,2017-03-10 00:00:00
dba1b6fd34a7fd5961e829fa902ca702,3d97524e491c9aba1f09141ecfde08d4,delivered,2017-01-28 23:29:12,2017-01-29 00:36:10,2017-01-30 13:53:57,2017-02-02 09:42:11,2017-03-15 00:00:00
4ed01120b6d2cbb2a2fe37897f9611f4,f96128959baa7c240dbfe33c4a2646b8,delivered,2017-01-28 23:41:13,2017-01-31 00:34:42,2017-01-31 15:49:39,2017-02-10 18:22:21,2017-03-27 00:00:00
a6cd683d4bd3b9b1f0aa37b27f8116d3,48f239e15744ed5e7ffbafc6bb6e882b,delivered,2017-01-28 23:45:53,2017-01-29 01:31:48,2017-02-01 14:25:06,2017-02-10 17:30:19,2017-03-10 00:00:00
95e4477d8423c69a93c55d840e02d9ba,42048dec015103c5b5715657565ec274,delivered,2017-01-28 23:55:20,2017-01-29 01:31:04,2017-01-30 16:14:36,2017-02-10 00:09:16,2017-03-17 00:00:00
8ffd24fbf822586b2712a4becc7217dc,2f9e8eaed5dc638e5b884a9a37268fca,delivered,2017-01-29 00:31:42,2017-01-29 01:32:22,2017-01-30 09:11:53,2017-02-07 10:34:04,2017-03-20 00:00:00
7e61a4c6d93d6ad8a4ca4a8d00094339,ae8dc9a1f298680124ae2dc18e37cb34,delivered,2017-01-29 04:52:16,2017-01-29 08:30:35,2017-02-01 14:51:57,2017-02-09 07:44:51,2017-03-09 00:00:00
a8f7a1d76c02dc4a7c5177aee8c2b02c,59d0d218d4427b9960ee18cc5556770d,shipped,2017-01-29 10:02:37,2017-01-29 11:31:19,2017-01-31 07:57:48,,2017-03-17 00:00:00
7090c88db4158f89d839c794cdd73272,edce8c7c09759f2efe2486aff649a7fc,delivered,2017-01-29 10:03:54,2017-01-31 04:32:23,2017-01-31 14:10:50,2017-02-07 10:18:00,2017-03-16 00:00:00
ecfec80cd0ce1a66543b6bd5e278a76b,4f69c8c7d5ad1cd8337480b4a7e04a31,delivered,2017-01-29 10:27:35,2017-01-31 04:33:14,2017-01-31 13:54:38,2017-02-10 17:34:24,2017-03-20 00:00:00
e19721a12bc1caeb2095db14d8d6fc4e,2c98452bdf306ac1a6055b52c9132067,delivered,2017-01-29 11:10:23,2017-01-29 12:32:32,2017-02-01 15:59:45,2017-02-14 16:53:43,2017-03-17 00:00:00
10ac3b593f06e0dd6b38a53821c1d497,80463b3160eb97d89c576a54700a0e91,shipped,2017-01-29 11:18:22,2017-01-29 11:31:25,2017-01-30 09:38:35,,2017-03-09 00:00:00
b34d8ec665f905d3c7583b291f54b605,70da82df80a3f1ca6fb62b41b08c7c53,delivered,2017-01-29 13:34:56,2017-01-31 04:34:03,2017-01-31 13:41:04,2017-02-06 18:23:27,2017-03-21 00:00:00
d3aa5667ad65af7fa58a5481d0aff07a,3f5939e06e89efd9e9ca8ef3ab9d68c7,delivered,2017-01-29 13:42:10,2017-01-29 14:31:11,2017-01-31 16:16:00,2017-05-12 13:43:02,2017-03-08 00:00:00
4d2c3fb1909604d5f9474e4675971ef2,2cb0c084ec56c7fc7d6278cdd8787670,delivered,2017-01-29 14:05:53,2017-01-29 14:31:49,2017-02-02 16:10:18,2017-02-15 17:27:46,2017-03-20 00:00:00
06dec2690e0cd75d327646a81fdba74d,0b8c055126a79bb506c592eea2ddb8eb,delivered,2017-01-29 14:30:57,2017-01-29 15:32:03,2017-02-06 10:15:38,2017-02-15 15:25:33,2017-03-13 00:00:00
4deb2316dadf42f0daa6b8965d384ba8,b22ca452dbb41139048975084d8a8f1e,delivered,2017-01-29 14:46:06,2017-01-29 15:31:07,2017-01-30 13:22:34,2017-02-06 14:37:20,2017-03-17 00:00:00
399775d0638168dfd529422f995fcc41,532719903d588d324f360c02d3b1706f,delivered,2017-01-29 14:57:59,2017-01-31 04:35:34,2017-02-01 12:44:17,2017-02-08 15:32:40,2017-03-28 00:00:00
acb3a4ba3d4d4b0c57cd93736fa61558,2bd859804139f43a638beb3cabc4b204,shipped,2017-01-29 15:21:30,2017-01-30 15:33:30,2017-01-31 13:54:38,,2017-03-20 00:00:00
f04479bb4e07ce7b8ac1d2287b528541,cdebdd9b0e6d04c6a6c2ac526fc081e2,delivered,2017-01-29 16:00:36,2017-01-29 16:31:39,2017-01-30 10:18:21,2017-03-14 10:42:19,2017-03-09 00:00:00
bb0ef554fe35f069cb84d62115f885f0,80446c9ca01b14a65601abf14d15bf61,delivered,2017-01-29 17:38:09,2017-01-29 18:31:29,2017-01-30 14:16:19,2017-02-02 23:57:48,2017-03-16 00:00:00
f85e82f7a3b6d26dc7d16b7c2c39b31a,d01826743562fd76692b98829e8404d6,delivered,2017-01-29 17:44:07,2017-01-29 18:32:05,2017-01-30 13:14:56,2017-02-08 07:01:08,2017-03-09 00:00:00
1a4bf675df415785d3d9b3f3521988a7,44b521ae63ec470874a89c37fcea4c6a,delivered,2017-01-29 18:19:02,2017-01-29 18:31:12,2017-01-30 16:14:36,2017-02-06 09:53:50,2017-03-17 00:00:00
d6d06ebdeab0297fe7460931b29b4422,dafb5d1c281d4cf50c5383b6d9ed0ab6,delivered,2017-01-29 18:25:19,2017-01-29 19:31:15,2017-01-30 14:39:23,2017-02-07 16:48:08,2017-03-15 00:00:00
91c52e15672343c61768b4d10597eea8,56d6226f23b849ac14f6386041dc492e,delivered,2017-01-29 18:35:23,2017-01-29 19:31:06,2017-02-02 13:56:33,2017-02-08 11:32:48,2017-03-17 00:00:00
a7765f04ecc5f2e0683f08a97ee8174e,6b93377502d7cd14b2a3864fc7d635a8,delivered,2017-01-29 19:08:00,2017-01-29 19:31:49,2017-01-31 16:35:04,2017-02-08 10:34:01,2017-03-15 00:00:00
adebb4dfc650b98f7c7e38bb11cb0aa9,36648b18906353abea5d060f554acb0e,delivered,2017-01-29 19:10:43,2017-01-29 19:31:46,2017-01-30 14:39:22,2017-02-03 14:23:59,2017-03-17 00:00:00
3630513f30286ed696e4a2e36c79ae3c,2707853be7df8de3a4c4e8c718de99ba,delivered,2017-01-29 19:17:41,2017-01-29 19:32:06,2017-01-30 17:08:58,2017-02-08 10:55:29,2017-03-20 00:00:00
24040647efd179bd506acacbbbabd838,91a10aff1998894aefda53b691a5d6f6,delivered,2017-01-29 19:59:20,2017-01-31 04:38:44,2017-01-31 09:38:21,2017-02-13 05:58:56,2017-03-16 00:00:00
be09f109e6aa72ccad1f72f521f8d525,c8c236ed3d37d2c3f9c82ab51b5482fd,delivered,2017-01-29 20:03:45,2017-01-29 20:33:32,2017-01-30 16:54:28,2017-02-13 14:06:11,2017-03-15 00:00:00
aa799c67bfe59b0de24f6db1dc1b776e,5c5932c767b1eea17f6374dab31c76ec,delivered,2017-01-29 20:14:15,2017-01-29 20:31:06,2017-01-30 11:38:21,2017-02-02 15:24:04,2017-03-15 00:00:00
1489856fc5e3169af6b06edbc1aeb1b1,6e7b0f93dfebf606621b18ba1bbca33c,delivered,2017-01-29 20:24:13,2017-01-29 20:35:24,2017-01-30 10:51:43,2017-02-09 11:35:06,2017-03-13 00:00:00
6c6e590c8ce02ecc30bef8bd3b34d82f,4c2352fefc6c76c844fb918aa3a1478f,delivered,2017-01-29 20:37:04,2017-01-29 21:41:21,2017-01-30 08:27:47,2017-02-13 20:54:05,2017-03-20 00:00:00
4d7a365119241cbd17c7afb5b39bb9a0,7b1536d40b410674d6580bf1a6883985,delivered,2017-01-29 20:53:13,2017-01-29 21:40:45,2017-01-30 11:45:17,2017-02-02 14:38:06,2017-03-07 00:00:00
85f8ad45e067abd694b627859fa57453,1d088dea8732788ec35dd4ee6dd76112,delivered,2017-01-29 21:40:02,2017-01-30 22:32:20,2017-02-02 05:04:58,2017-02-07 10:46:00,2017-03-08 00:00:00
8141520643442c50aa531801cbc79e46,a8e7d88628f29e914e2c74b804e573a8,delivered,2017-01-29 21:46:14,2017-01-29 22:33:19,2017-01-30 14:42:42,2017-02-02 17:39:22,2017-03-03 00:00:00
0957ed870116e596b800540427c61497,0f0603d577f299ca129f39109268c546,delivered,2017-01-29 22:14:49,2017-01-29 22:33:34,2017-01-30 08:27:47,2017-02-08 17:14:55,2017-03-20 00:00:00
c52497bdac8af9917fe744d605bdc43b,c6b3ec6d4ebb93cc2ca09e6329d38f5b,delivered,2017-01-29 22:47:29,2017-01-29 23:30:41,2017-01-31 10:26:04,2017-02-03 06:09:20,2017-03-17 00:00:00
c9d0365e799572906dd4a83e17d1b6e5,9ee66eb44f775d666d668af72dc76499,delivered,2017-01-29 23:24:19,2017-01-30 00:31:49,2017-01-30 10:52:01,2017-02-07 11:48:59,2017-03-16 00:00:00
4f821ef636d5a5eb870c9ae7b7d7654f,7cdb0e1dd6b7da9186fa0ddef12d9817,delivered,2017-01-29 23:52:27,2017-01-30 01:30:58,2017-01-31 10:24:45,2017-02-13 07:07:40,2017-03-07 00:00:00
0b3407e419ef6be66392971885acce73,1fb69e1024c1877f914b04128cdef209,delivered,2017-01-30 08:14:53,2017-01-30 08:30:47,2017-01-31 10:41:59,2017-02-10 12:14:13,2017-03-08 00:00:00
9846cae21962f6c6e65ad2e77d3c2be7,b7039da8de38f21de8833bd957b19365,delivered,2017-01-30 09:39:54,2017-01-30 10:33:04,2017-02-03 14:43:22,2017-02-06 17:02:51,2017-03-27 00:00:00
2272148d6abbd3d385088f3e101edec9,1041f7da9362e74424e9763777b0f948,delivered,2017-01-30 10:03:21,2017-02-01 04:33:31,2017-02-03 11:06:14,2017-02-09 18:48:40,2017-03-20 00:00:00
9224db86cedf958891e1b1afb4ad570c,9407dee37113fbe31a3fe60a3d221e37,delivered,2017-01-30 10:12:59,2017-01-30 10:32:21,2017-02-03 10:28:31,2017-02-10 18:28:30,2017-03-27 00:00:00
5965bbd72c3ca0d9634419437ca53897,3dd8536c33d454b9a9d05ba357eeaaa9,unavailable,2017-01-30 10:29:25,2017-01-30 11:31:31,,,2017-03-08 00:00:00
9559e0b00c67d159a266152428f85615,c3498e41d1549d56c4cbde7cbfdabeb3,delivered,2017-01-30 10:47:14,2017-01-30 11:31:06,2017-02-01 13:57:49,2017-02-07 10:32:44,2017-03-03 00:00:00
6f6b636fb54260d97e6124e137986824,3d8350a7f8c55e7b98242cbd5da3ee63,delivered,2017-01-30 11:01:19,2017-01-30 11:33:48,2017-02-03 17:08:03,2017-02-07 20:27:21,2017-03-16 00:00:00
11db6666e1dbeee776c8e15fd0792c4b,dd2dd4b75b0a223fb8c234ff1934faf8,delivered,2017-01-30 11:17:55,2017-01-31 09:32:39,2017-01-31 23:29:58,2017-02-10 10:14:06,2017-03-10 00:00:00
8a903d20555a91edeffd6eab45743f26,7e7d6178f4ea751fdc954512a46c9531,delivered,2017-01-30 11:44:24,2017-01-30 12:31:04,2017-01-30 14:39:23,2017-02-02 18:07:52,2017-03-20 00:00:00
c9f7bcb4ff5c6c8e661cb6cd7fd0974b,316639548b42fa621d9317afcbff05fd,delivered,2017-01-30 11:47:10,2017-01-30 12:33:56,2017-01-30 12:58:16,2017-02-07 07:23:35,2017-03-17 00:00:00
58a4317c14bcba43d0cf161f17e9db2b,e7f5b701d99a5eb91e57a970a75640f0,delivered,2017-01-30 11:55:23,2017-01-30 12:33:52,2017-02-01 11:07:58,2017-02-08 16:23:44,2017-03-03 00:00:00
10271ddf4e66d7ebde86598c2447761d,f1b4e52c63caa18218f3d64e9f402638,invoiced,2017-01-30 12:15:14,2017-01-30 12:33:50,,,2017-03-17 00:00:00
b5b103fe531168050d785d5b8de74174,c3ab6358d2556844d38ed5dbab0b41ce,delivered,2017-01-30 13:13:59,2017-01-31 13:33:25,2017-02-02 09:37:34,2017-02-21 12:01:26,2017-03-21 00:00:00
b7d6888a6d024b1e676d3156e53defb8,968b6f4eb553288057c4433f19d0c7cd,delivered,2017-01-30 13:24:35,2017-01-31 13:32:53,2017-01-31 16:25:31,2017-02-08 09:45:44,2017-03-20 00:00:00
556689f3e30f4662d3ec219bdc556b93,2199cd4bd4244284d9ba6004835d0d82,invoiced,2017-01-30 14:01:38,2017-01-30 14:32:52,,,2017-03-20 00:00:00
cfe9a2c324eefb180663116644e4f171,a87cd99f802b427e5d8ad0f568f71744,delivered,2017-01-30 14:07:53,2017-01-30 14:31:30,2017-01-31 07:04:37,2017-02-03 10:47:47,2017-03-07 00:00:00
9725a1c59138f30c5dba936ca3a2de34,eba3f6407778bb04d46966a1d80f84b9,delivered,2017-01-30 14:19:22,2017-01-30 14:35:58,2017-01-31 09:39:41,2017-02-08 13:14:50,2017-03-07 00:00:00
5836a9fd173a29689e12bf421d2d280b,744712b9c80935dedc6c1995e32bfdd9,delivered,2017-01-30 14:19:23,2017-01-30 14:36:35,2017-02-01 15:59:43,2017-02-08 10:12:18,2017-03-15 00:00:00
6d02a007afc7698b7dd60ffb07514d1c,0423a0c4b6eea9435c2f40758658a2d4,delivered,2017-01-30 14:51:21,2017-01-30 15:34:05,2017-02-02 12:12:35,2017-02-15 12:53:45,2017-03-17 00:00:00
9843c2a66fe0afda6509bc4274f743de,f6611745e44d78a6632f02f45c51e734,delivered,2017-01-30 15:12:23,2017-02-01 15:32:19,2017-02-10 15:43:11,2017-02-17 09:38:44,2017-03-29 00:00:00
f9d5369378902ad40733614f75fdc908,7ba1f155f8054a982c040479a50f34e5,delivered,2017-01-30 15:17:38,2017-01-30 15:32:23,2017-02-01 13:45:40,2017-02-10 14:21:46,2017-03-20 00:00:00
ee55010a370e987f203499f435a59847,9f074c63790b0ef8b01c66fd67a97601,delivered,2017-01-30 15:17:47,2017-01-30 15:31:58,2017-01-31 10:57:58,2017-02-03 14:03:28,2017-03-17 00:00:00
20550ea4a86fb3f3cc065b2598ebb01c,04868d933fddca2e3fc9b32a6ca0b921,delivered,2017-01-30 15:32:24,2017-02-01 04:35:20,2017-02-01 10:08:16,2017-02-08 15:03:49,2017-03-13 00:00:00
5f0d307ca60a8b9329b9e6ea49a17190,5b743ffbe37cb532ea15866fd0e5d572,delivered,2017-01-30 15:44:00,2017-02-01 04:35:12,2017-02-02 10:06:00,2017-02-13 18:25:42,2017-03-22 00:00:00
2e287cee637969033ec9ab49602e61ef,bf6418c67d6b29aada7d4a9a0cfb3e09,unavailable,2017-01-30 15:48:53,2017-01-31 04:31:22,,,2017-03-10 00:00:00
c6522dab7d6b83ada4140b653c4db0b5,0792343f0465acf2c7aee7e4fce852d8,delivered,2017-01-30 16:07:38,2017-01-30 17:31:22,2017-02-01 13:57:48,2017-02-16 12:35:23,2017-03-07 00:00:00
354ca44327bb555017ef42fd921ada11,606ac72d2b2b2a89114d972d2e66a2a4,delivered,2017-01-30 16:33:23,2017-01-30 17:34:46,2017-01-31 08:59:38,2017-01-31 19:13:10,2017-03-15 00:00:00
705c7fd61dcb0c54b80538158eec1f4a,0051337a96842850e1ec728dd158f4b3,delivered,2017-01-30 16:52:41,2017-02-01 04:32:28,2017-02-07 15:30:09,2017-02-20 15:28:00,2017-03-21 00:00:00
a3e6136894621db402a772c6bc72a12a,f102cb15ec41ca30fa2902da06495f6b,delivered,2017-01-30 17:00:09,2017-01-30 17:31:25,2017-02-01 10:18:13,2017-02-06 15:43:04,2017-03-07 00:00:00
d9515cd3ca09c7b9b751f077d2adfc84,47e2de6eab3618c1d08f51f6d3af4826,delivered,2017-01-30 17:05:18,2017-02-01 04:35:07,2017-02-13 15:25:39,2017-02-20 13:34:04,2017-03-10 00:00:00
cba1cb073e8cf5375b9f786704de8e80,e8cb217e9848f5420e452795bd548e70,delivered,2017-01-30 17:09:28,2017-02-01 04:36:29,2017-02-02 14:15:52,2017-02-09 10:50:00,2017-03-17 00:00:00
279976cba5252901895ff5af44890cca,fd1e9f0b9121a3c03c0d46907debc26a,delivered,2017-01-30 17:33:05,2017-02-01 04:35:05,2017-02-01 15:26:04,2017-02-17 11:47:39,2017-03-10 00:00:00
2d2bd0487565c23b4bcc0b29a41da55a,34f852cdb25124b22f5b451449f3a91c,delivered,2017-01-30 17:36:05,2017-01-31 04:36:58,2017-02-03 17:52:37,2017-02-08 10:12:28,2017-03-16 00:00:00
9e0ca19fb3cd696e318f58f0613ee8b1,98f2b622ceae79b38a3ae781cc1d968b,delivered,2017-01-30 18:18:36,2017-01-30 18:33:48,2017-02-02 10:43:40,2017-02-07 16:38:08,2017-03-03 00:00:00
4e1d5bf07ad851a6470d6b28cfd1f1e6,b19ab8d36d0de6602c4f57aa41e8dabb,delivered,2017-01-30 18:19:23,2017-01-31 20:31:32,2017-02-02 13:58:06,2017-02-09 10:17:57,2017-03-28 00:00:00
284039cca9a61886953286f5dae55fdf,1d17a1a799c8c9c248c1816d48b5a689,delivered,2017-01-30 18:30:53,2017-01-30 19:31:10,2017-01-31 05:40:30,2017-02-08 09:03:47,2017-03-06 00:00:00
475f773f6c0d909e49b758adb2401e3a,7a6ebfb04fcb2e21ced42bbc8794892d,delivered,2017-01-30 18:39:24,2017-01-30 19:33:37,2017-01-31 09:08:47,2017-02-20 14:09:26,2017-03-10 00:00:00
9a535db7017bc4d84dcfdd14e9a8cfcc,07bfca76246734f6cd62ba441a750d60,delivered,2017-01-30 18:43:16,2017-02-01 04:33:19,2017-02-01 16:43:07,2017-02-07 12:37:47,2017-03-17 00:00:00
4c379ba0590506b26a68dc00e29ba8ba,cc63d689185dd60bcfb934fd5a14a6e6,delivered,2017-01-30 18:54:46,2017-01-30 19:33:58,2017-01-31 15:11:11,2017-02-08 10:37:12,2017-03-17 00:00:00
b033a34245ae159e80dd599b3c5cb92f,cd9844b06a03c881a223281b601ed8eb,delivered,2017-01-30 19:25:23,2017-01-30 20:33:57,2017-02-09 15:38:02,2017-02-13 10:15:34,2017-03-17 00:00:00
dac3cf54f4d52017ab99420c95845083,a1d77a9088348b107655d10e8fc7f020,delivered,2017-01-30 19:43:17,2017-01-30 20:33:05,2017-01-31 09:06:02,2017-02-09 11:08:58,2017-03-21 00:00:00
90b27d5506a9be4b5fb162ac5857d2b7,a3b261d6bf44645e797b4cb6b9620809,delivered,2017-01-30 19:43:36,2017-01-31 04:36:54,2017-01-31 17:12:06,2017-02-03 10:38:55,2017-03-20 00:00:00
179b8db66f5362945c237b68bc358a77,a1344b860cab384242be3c0ba0a5e4cd,delivered,2017-01-30 20:26:28,2017-01-30 21:35:52,2017-01-31 09:39:41,2017-02-13 17:19:34,2017-03-09 00:00:00
b03fd938df9e8a597888994c096914f4,2e62730cbf704c88f31e3bea032a3e8c,delivered,2017-01-30 20:27:40,2017-01-30 21:34:38,2017-02-08 06:18:55,2017-02-21 12:17:54,2017-03-20 00:00:00
61986df3dc483509b39f7fda7a82c10c,a5165325694d4b37d5d85e51417c697b,delivered,2017-01-30 20:28:45,2017-01-30 21:35:50,2017-01-31 09:39:41,2017-02-08 13:12:40,2017-03-07 00:00:00
6f7390ae95a89ea985e0d81b189e96d5,c17611c9d2852a5b128c4f1ed28fa0e2,delivered,2017-01-30 20:52:02,2017-01-30 21:33:50,2017-01-31 10:38:09,2017-02-10 12:09:06,2017-03-20 00:00:00
9ef13efd6949e4573a18964dd1bbe7f5,adb32467ecc74b53576d9d13a5a55891,delivered,2017-01-30 21:44:49,2017-01-30 22:33:45,2017-02-01 14:34:10,2017-02-14 10:48:10,2017-03-07 00:00:00
ef59d0e720795bd288acef80bd96d2cc,4918ba73173a0a5415bd47592a6ceb6a,invoiced,2017-01-30 21:56:11,2017-01-30 22:32:00,,,2017-03-15 00:00:00
330f4c4ce3d46e9f892b06e6f0bc9aad,14b614cf1dd2da6594c658a69fbbeb54,delivered,2017-01-30 22:18:53,2017-01-30 22:32:45,2017-02-01 15:34:22,2017-02-09 10:14:40,2017-03-21 00:00:00
39a82394b2cec13982585114e7f6838f,276170f5bc4eba680e2ffb623dd52585,delivered,2017-01-30 23:17:07,2017-02-01 04:35:03,2017-02-03 13:27:51,2017-02-17 09:05:13,2017-03-13 00:00:00
8d25f73f2fe9c225dff2232fd1e7c89b,626478b0f57ed4bdf6f462568f16d5d5,delivered,2017-01-30 23:20:41,2017-02-01 04:36:09,2017-02-02 11:43:39,2017-02-15 13:38:51,2017-03-14 00:00:00
58fc974f8e0ddd9ce549e3272d0140c0,1e7862bc2a60cacd519ce1af310ac766,delivered,2017-01-30 23:40:39,2017-01-31 01:34:05,2017-01-31 08:47:59,2017-02-08 13:46:13,2017-03-07 00:00:00
984b006a1482a4e7916421a663b1e800,02d9a65b86f28f9bb487c30a493ad289,delivered,2017-01-30 23:40:40,2017-01-31 01:35:13,2017-02-03 12:20:09,2017-02-09 13:14:19,2017-03-17 00:00:00
05a971ae7a83a0b371ae1b5bfc45514e,c8b5cf65af25e599ec44662ffe565065,processing,2017-01-31 00:11:36,2017-02-01 04:32:09,,,2017-03-17 00:00:00
66144189f7b5fbb4eb76eb513ac33a17,642f858f2d65c052cfa9058e21181a88,delivered,2017-01-31 00:53:39,2017-01-31 01:31:05,2017-02-02 09:53:30,2017-02-06 15:15:01,2017-03-28 00:00:00
91bcbd0102f5188ea47df5bcc83f3cad,0e63522224dc7d760139532f17a3634f,delivered,2017-01-31 02:29:51,2017-02-02 03:32:06,2017-02-03 11:15:02,2017-02-16 15:54:13,2017-03-22 00:00:00
a9121d9a1f7b2530fd9d2d6dc01647cd,366926d8a85ea42152d28ab83c462119,delivered,2017-01-31 03:52:34,2017-02-01 04:31:51,2017-02-01 10:40:12,2017-02-07 07:53:36,2017-03-21 00:00:00
6dfdc1eefc7a125d1bb81feb04a6c2e6,7ffe655c7441ccad969a2cca863acafb,delivered,2017-01-31 07:39:04,2017-01-31 09:33:57,2017-01-31 11:14:14,2017-02-17 15:25:37,2017-03-08 00:00:00
6c8b41df796056dfa59f256768d11654,3b7a43c4128db23da1f07118d415ea5a,delivered,2017-01-31 08:37:02,2017-01-31 10:31:13,2017-01-31 12:32:47,2017-02-14 16:21:55,2017-03-23 00:00:00
543929b980aa17fb9d324f934440d131,7cbe2b9e9f7314b94db6cc9fc4af9709,delivered,2017-01-31 08:44:00,2017-02-01 04:34:59,2017-02-07 18:14:44,2017-02-15 04:27:48,2017-03-10 00:00:00
d44df0d4c71052d8b2a3bd5c50bd42b5,46e69377adf8857c9ce9c568ba073b06,delivered,2017-01-31 09:31:33,2017-02-01 10:31:59,2017-02-01 11:11:40,2017-02-08 14:14:15,2017-03-27 00:00:00
6a94666b47f6006dda56e5edc10968a3,fdceca9202d57e4bbaa7a6f09d677c9a,delivered,2017-01-31 09:57:39,2017-02-01 04:33:17,2017-02-01 10:38:21,2017-02-06 14:31:39,2017-03-22 00:00:00
2d53b54fb747893711031caffe615f9c,d8820c41fa55a2229c9d79da5ab99565,delivered,2017-01-31 10:33:02,2017-01-31 11:31:09,2017-01-31 12:48:50,2017-02-09 15:58:43,2017-03-10 00:00:00
a4e62639ac0ca7429854efc494c1915f,951424b1692aa7bd56ce420e20a2d1d8,delivered,2017-01-31 10:48:02,2017-02-01 02:45:31,2017-02-03 11:58:50,2017-02-14 11:11:32,2017-03-08 00:00:00
5525c00bfd980bae1cac46f7dcf88224,d2697a7d9526f4714dc4b718cbebbf82,delivered,2017-01-31 11:22:14,2017-01-31 11:30:17,2017-02-02 09:43:43,2017-03-14 11:13:56,2017-03-09 00:00:00
a0d8e0c491e4b25ae11e8bb875935c18,e9fc7edd6cde2e8c4f7f8617ed9cc8d4,delivered,2017-01-31 11:26:49,2017-02-01 02:35:18,2017-02-01 12:02:20,2017-02-02 11:09:49,2017-03-01 00:00:00
30f3a5252d3d97a113cefc74796f9fec,0f80e191c93db94bca6006c000ad3989,delivered,2017-01-31 11:34:42,2017-01-31 11:45:14,2017-01-31 13:42:51,2017-02-08 09:54:37,2017-03-13 00:00:00
1400d6665ba7f18ed06ea15ab083203f,b187c25688ba0cec4743c82e159cc091,delivered,2017-01-31 11:39:45,2017-01-31 11:50:19,2017-01-31 18:13:06,2017-02-14 12:27:27,2017-03-17 00:00:00
30945faa37e8264ea2815f7bf799adf0,8e088f86db422c6032a26ee8ba1ef0e3,unavailable,2017-01-31 11:40:55,2017-01-31 11:55:20,,,2017-03-02 00:00:00
ebb5a074406776ad07439bc2049c1fe4,df9e5a16c6e9ff85d78ca7ecc93af46b,delivered,2017-01-31 11:47:30,2017-01-31 12:03:46,2017-02-01 15:22:49,2017-02-06 19:47:31,2017-02-27 00:00:00
0516c22655fe1e1f0b3390f4ee3fc5f6,4830a9c02b42036ffca989c6d2f8ff67,delivered,2017-01-31 11:49:23,2017-01-31 12:03:45,2017-02-03 17:08:03,2017-02-09 18:38:01,2017-03-13 00:00:00
597bd074d7874048131c67581f0556d4,02d12adf94e256f7ff0056d447557027,delivered,2017-01-31 11:54:14,2017-02-01 02:50:28,2017-02-01 08:19:55,2017-02-08 22:29:42,2017-03-09 00:00:00
5f6b520cff06f23c77386b75976256e9,38e08b021ffa6f71de788a0e30c9c65a,delivered,2017-01-31 11:58:52,2017-02-01 02:55:08,2017-02-02 10:52:34,2017-02-07 17:27:57,2017-02-27 00:00:00
adbbe31eab3ec8799e71b8fd89956464,40e86a3dad650ba87f73f66396ca34ef,delivered,2017-01-31 12:01:46,2017-02-01 02:50:26,2017-02-02 14:55:06,2017-02-09 11:05:05,2017-03-13 00:00:00
65e96eb0ec0c05756d035e9eb8fce071,528db5e83192cfe52f500e42ac01ed57,delivered,2017-01-31 12:04:27,2017-01-31 12:16:02,2017-01-31 12:44:16,2017-02-07 09:50:42,2017-03-01 00:00:00
1f9fa4b707b82f25dbf52e6695842e8c,599826b8e94a0dad152807a142fab2c1,delivered,2017-01-31 12:33:44,2017-02-01 02:41:28,2017-02-01 14:38:02,2017-02-13 11:06:02,2017-03-29 00:00:00
e76d6d6fbbef90b49c986259f44d2c20,a8cfc4868a3293b3f56a9da031a35e64,delivered,2017-01-31 12:54:44,2017-01-31 13:05:24,2017-01-31 15:30:24,2017-02-13 14:55:09,2017-03-15 00:00:00
350f47d61d589f6218bff053db95fe62,ec5ed55d0ce3f856a71dc2eb71e82cb5,delivered,2017-01-31 13:01:10,2017-01-31 13:15:08,2017-01-31 14:32:49,2017-02-09 16:14:22,2017-03-03 00:00:00
015fb6b5f739788434fa690540f90f19,eca9b206f2a9e4693bf0840895434e2c,invoiced,2017-01-31 13:06:05,2017-02-02 02:41:22,,,2017-03-09 00:00:00
c3f2036b1de806c740a50b53bc3255dd,25544c0b1f11126e69f65c038b45f323,delivered,2017-01-31 13:20:04,2017-01-31 13:30:18,2017-02-01 11:09:14,2017-02-17 08:21:26,2017-02-28 00:00:00
dff20979c5b8b4378f7e769aa413390e,4128467caa12d62fe47421a1a02ddb5b,delivered,2017-01-31 13:34:09,2017-01-31 13:45:15,2017-02-07 09:32:30,2017-02-10 13:58:31,2017-03-09 00:00:00
8220769da5e88eb4288d26cc8f694b41,c43e9eadb2a48d4833466068df6c37f2,delivered,2017-01-31 13:41:55,2017-01-31 13:55:24,2017-02-02 14:30:12,2017-02-14 12:05:40,2017-03-09 00:00:00
2194d1dc5f73fad748d7a90fd673291d,7b5d15455a058bbefa9c1d9f4aec2f95,delivered,2017-01-31 13:41:56,2017-01-31 13:55:24,2017-01-31 18:24:23,2017-02-13 15:24:16,2017-04-14 00:00:00
4d87e2e794792a3e2fcd7f7a5b4500b1,78bc85a7aa3f444cf7cf053df84fe035,delivered,2017-01-31 13:43:44,2017-02-02 02:55:28,2017-02-03 08:57:37,2017-02-17 16:58:32,2017-03-07 00:00:00
fe1b5889171fd987d32665de60780aab,b7191cb7678f469dae052021a0291a4f,delivered,2017-01-31 14:19:02,2017-01-31 15:25:23,2017-02-02 10:13:04,2017-02-08 14:47:43,2017-03-07 00:00:00
84705956de681a2d1420bd90d7667472,bafd51862cb88bd42d499170c2ac35fd,delivered,2017-01-31 14:38:27,2017-01-31 15:20:16,2017-02-01 10:04:57,2017-02-07 16:31:33,2017-03-07 00:00:00
ae162713f33901220faa2a22c2bdba45,b5bf62f40eab9d069c94486fc3c7479c,delivered,2017-01-31 14:38:41,2017-02-02 02:45:23,2017-02-09 07:37:52,2017-02-14 14:08:16,2017-03-09 00:00:00
27b7289530871ba2c68509ec562b1544,101306fbb5ef564098ffe05962761727,unavailable,2017-01-31 14:54:29,2017-02-01 02:41:19,,,2017-03-09 00:00:00
d6f8a3db5b45d8d7ca18eb34d5c902ae,4fb4e9973cfcdb270134d0a9f81ad158,delivered,2017-01-31 15:39:27,2017-01-31 15:50:14,2017-02-01 09:42:31,2017-02-07 15:41:14,2017-03-01 00:00:00
4fa07e91d7b4f8b191e3a6ab40f14f54,6d9754a16df71866ee34b146153ec9a2,delivered,2017-01-31 15:41:21,2017-01-31 15:55:14,2017-01-31 16:57:41,2017-03-13 11:53:01,2017-03-01 00:00:00
2dedcbba76be1566c5b983e07348d75f,b7c31c82d8f6bedc8da47d41ba963167,delivered,2017-01-31 15:56:56,2017-02-02 02:50:37,2017-02-02 10:02:45,2017-02-08 15:18:43,2017-02-23 00:00:00
f6089c47bab18faae3d90c64cfb08481,1521c5e9bf82979a6b8794e90692097d,delivered,2017-01-31 16:13:48,2017-01-31 16:25:20,2017-02-02 10:42:44,2017-02-09 15:51:55,2017-03-03 00:00:00
072e34b42ad90d7472e9a798f19a6bdb,f246a20a11694afad71d2d9be547fbb8,delivered,2017-01-31 16:13:48,2017-01-31 16:25:15,2017-02-01 15:59:52,2017-02-10 17:56:13,2017-03-09 00:00:00
af71d2ac9926b3c080b892c4882849c2,7bb166661778505b89811ebab082883b,delivered,2017-01-31 16:23:28,2017-02-02 02:41:12,2017-02-03 13:49:50,2017-02-14 07:41:14,2017-03-22 00:00:00
02d2287dea15cd93d945f1749f3288ed,79b51496a256b201c6b620c4106e9166,delivered,2017-01-31 16:59:03,2017-02-02 02:45:22,2017-02-06 16:23:42,2017-02-10 13:08:46,2017-03-01 00:00:00
586992f50ed97898737b07970376d19c,101c8d91278c4de9001566d27033f673,delivered,2017-01-31 17:01:46,2017-01-31 17:15:15,2017-02-01 15:27:25,2017-02-03 09:47:22,2017-02-20 00:00:00
4d7b93709f08f674ff9d2185fd811cf9,3e2d140f0acbb3da83a30d59fb0f805c,delivered,2017-01-31 17:11:49,2017-01-31 17:25:14,2017-02-01 00:00:29,2017-02-07 14:06:10,2017-03-15 00:00:00
a10231eb95955f12c2bbc1e34e25c950,ebc886e9e3226e7da3ccb10bba7c5c4e,delivered,2017-01-31 17:14:07,2017-01-31 17:25:17,2017-02-06 10:16:07,2017-02-14 18:09:22,2017-03-07 00:00:00
6e68d4f670783e41ced4e82d14debce9,6d4771e7b12516d2f6b98a6efcd88fc7,delivered,2017-01-31 17:15:33,2017-02-02 17:10:21,2017-02-06 09:38:07,2017-02-10 14:53:49,2017-03-03 00:00:00
b95df3cef5297e79ef709ba256518f6f,297dcf281305aabfee256d313076af2b,delivered,2017-01-31 17:19:01,2017-02-01 02:41:21,2017-02-01 14:38:01,2017-02-06 11:04:24,2017-03-15 00:00:00
9abb2627b40ff1591e62553894e6b312,83ee662793d8345e9619b6d96f5b9d15,delivered,2017-01-31 17:31:36,2017-01-31 17:45:18,2017-02-01 10:58:21,2017-02-07 08:28:03,2017-03-09 00:00:00
0d1bbf582326272fa550ed829bd2e1d4,0ef9b2f2eb46a3d1193b12676de597a3,delivered,2017-01-31 17:33:09,2017-01-31 17:45:17,2017-02-01 02:07:35,2017-02-09 12:42:20,2017-03-10 00:00:00
cfd5e54c14f22b62683cea7ed91caa24,553e55d7745de3a3f32d8d30914a3212,delivered,2017-01-31 17:36:56,2017-01-31 17:50:11,2017-02-02 10:52:36,2017-03-15 13:11:53,2017-03-09 00:00:00
35aa6b03b34d8d0a5c1eaae2bb5fcf76,18f5e4ab94b6b5fdcf32dade57defe50,delivered,2017-01-31 17:40:36,2017-01-31 17:50:13,2017-02-02 09:29:14,2017-02-20 15:19:06,2017-03-10 00:00:00
02605c218285d02df75a255f13396f1e,b1416ec5bad2d6fed050cd451470e76a,delivered,2017-01-31 17:43:09,2017-01-31 17:55:11,2017-02-01 02:07:32,2017-02-14 12:47:51,2017-03-13 00:00:00
01cb6d702e5233235f4125309d184bf4,cf52d3f2132b17f52fdf4b40c135163e,unavailable,2017-01-31 17:48:07,2017-02-01 02:45:37,,,2017-03-10 00:00:00
4bdbe1f2d1b360c34d90175e10ec090b,92074364e1af80a6ca822ae3141a7d77,delivered,2017-01-31 17:54:09,2017-01-31 18:05:23,2017-02-02 09:43:40,2017-03-30 13:22:48,2017-03-15 00:00:00
8a027244dea2edca1449d9150e74eb45,44a0d7ad2e2ae7517322fcfb0f51ae48,shipped,2017-01-31 17:57:18,2017-01-31 18:05:26,2017-02-06 08:59:04,,2017-03-07 00:00:00
e48db3b231e0ad61656e81b4c9311dad,b974507e8ada31a7590a68117ce93e08,delivered,2017-01-31 18:44:31,2017-01-31 18:55:15,2017-02-06 10:16:11,2017-02-14 16:27:37,2017-03-15 00:00:00
edbcacae5cb8f20f789d86dc0cf80ade,a2c32079da05c60d8e39eee66b12530c,delivered,2017-01-31 18:49:35,2017-01-31 19:01:36,2017-02-02 10:18:59,2017-02-08 15:05:59,2017-02-27 00:00:00
d7449e15f5045562074cc57796341cf7,fab2ba3e5e0d2c6d3f95578a423696c4,delivered,2017-01-31 18:59:08,2017-01-31 19:05:17,2017-02-02 11:41:27,2017-02-20 14:33:11,2017-03-21 00:00:00
b73f09200030e4970b9840b72a630e45,ba12c461af37457048f420e37de2abab,delivered,2017-01-31 19:07:34,2017-01-31 19:21:36,2017-02-02 14:39:20,2017-02-14 11:12:29,2017-03-09 00:00:00
f47f217e6978ad1f6991ec7d9444b0eb,31368b408d16b4b87746e04755b8b870,delivered,2017-01-31 19:17:03,2017-02-02 02:50:35,2017-02-02 18:16:07,2017-02-08 07:21:26,2017-02-27 00:00:00
57f7bb7d658b442616fce795fcc30146,7dfac2f8b35d57481de621c401fa4733,delivered,2017-01-31 20:04:08,2017-02-02 02:45:15,2017-02-03 11:02:47,2017-02-07 12:11:41,2017-03-09 00:00:00
dc17c17282032d56b1ca7dfbb291cf07,8feffbf725adf0e97ba87c57d4920bf8,delivered,2017-01-31 20:16:02,2017-01-31 20:25:22,2017-02-20 16:21:36,2017-03-02 16:59:18,2017-02-27 00:00:00
26ba0c1bad97bbfdcc4419e3ca40d9a8,0b0021fc48717a02bcbd22404ed2f1f3,delivered,2017-01-31 20:17:34,2017-01-31 20:35:55,2017-02-02 10:18:59,2017-02-07 08:33:38,2017-02-27 00:00:00
bf79e4fa55a389d494f47feb2654892c,e8759aed1027f77226dddeb7c7481f11,delivered,2017-01-31 21:11:10,2017-02-01 09:45:26,2017-02-01 14:29:06,2017-03-13 12:09:45,2017-02-27 00:00:00
3a3c98aede7994faf4c5a37cf27877d4,dc0bd4e5d1e706773e212bd572996ec9,delivered,2017-01-31 21:14:52,2017-01-31 21:25:18,2017-02-02 06:23:58,2017-02-13 14:55:11,2017-02-27 00:00:00
343d749914bab05f8c752813a075ef36,8e5368dd904948fc2fddb6b8b3178175,delivered,2017-01-31 21:39:15,2017-01-31 21:50:16,2017-02-03 14:08:06,2017-02-08 14:14:43,2017-03-09 00:00:00
41f25580214be3f00eb80620ca971032,c15ad00cbb1c74bb39f6995151f8e883,delivered,2017-01-31 21:57:33,2017-01-31 22:15:08,2017-02-03 14:21:30,2017-02-08 14:47:42,2017-03-09 00:00:00
0afbc110b84719faaef4887a5cff5a2c,dba001f78ebcbf63aec0095cc03ad969,delivered,2017-01-31 22:31:13,2017-01-31 22:45:17,2017-02-01 15:59:53,2017-02-15 13:55:49,2017-03-07 00:00:00
adf684f287283640cb375a2e8ada8c82,738ebe48e12040500665dd143aa28cdc,delivered,2017-01-31 23:18:22,2017-01-31 23:30:12,2017-02-03 16:04:04,2017-02-16 11:49:01,2017-03-09 00:00:00
6225dae3fcc1416785f294cc07f2e4db,06c09be49b69107bf8c75d10af6b2233,delivered,2017-01-31 23:37:58,2017-02-01 23:45:14,2017-02-03 17:51:38,2017-02-13 13:23:46,2017-03-13 00:00:00
df8c077268f7f3baaac0892eb3143642,5bfe800011656c0afb81db64519982db,unavailable,2017-02-01 00:04:17,2017-02-01 00:30:55,,,2017-03-10 00:00:00
0e659173ebf2a1d39e076be9bd0b2872,9333fb1c5675b69afe49a9cf6b91defe,delivered,2017-02-01 08:42:43,2017-02-01 08:55:19,2017-02-03 08:17:54,2017-02-07 16:51:49,2017-03-20 00:00:00
34605af753e44da907f983de0082faaf,3efd5061c7c8d80b80b3f2b3a5e12f48,delivered,2017-02-01 08:42:45,2017-02-01 08:55:21,2017-02-02 04:37:51,2017-02-17 17:32:18,2017-03-14 00:00:00
7a30c15d4766a1dcd8e9cb869cdb328e,628c8188fe28ce092be622bf1361acb7,delivered,2017-02-01 08:45:22,2017-02-01 08:55:18,2017-02-03 15:13:15,2017-02-15 19:37:37,2017-03-20 00:00:00
bf79d036f5374ea92a94c50341ada3da,42da46ef0cdd769b68cea0d88b6bc5ec,delivered,2017-02-01 09:08:09,2017-02-01 09:21:08,2017-02-03 17:08:04,2017-02-07 11:28:10,2017-03-14 00:00:00
9209e9a4ad05cf804c49922051fc44d9,e29582b5eb3bee86cc7d5b4f43b63a6a,delivered,2017-02-01 09:08:50,2017-02-02 02:55:16,2017-02-03 15:13:16,2017-02-15 12:47:52,2017-03-20 00:00:00
35123d3f1c7606f81eb9b60272f907df,0fd45421dff2a32e42a61c73ffe2ad90,delivered,2017-02-01 09:12:31,2017-02-02 02:55:32,2017-02-06 15:55:14,2017-02-13 09:22:34,2017-03-08 00:00:00
a3032220da3f83acf7fa0db99dc28804,a5c75f2a835d91d32a32cca335ee150c,processing,2017-02-01 09:24:38,2017-02-01 09:41:04,,,2017-03-10 00:00:00
1be5aa7ace982878dd1d68b4ed258127,3fee04b174cda902c48f94ac50b0d0a3,delivered,2017-02-01 09:54:31,2017-02-01 10:01:16,2017-02-01 11:09:06,2017-02-06 15:35:18,2017-03-02 00:00:00
f0704d8911f0469d5abbaf6096052409,8cda4bd14575a660f2bb6638f54857dd,delivered,2017-02-01 10:11:58,2017-02-03 03:41:38,2017-02-08 10:32:48,2017-02-15 15:40:52,2017-03-10 00:00:00
f4ed6d734bd3faba403a2dfdf49400b0,6768f81d9f31aef88fd9adf5b513982f,delivered,2017-02-01 10:13:10,2017-02-01 10:25:20,2017-02-01 11:01:41,2017-02-13 08:01:18,2017-03-10 00:00:00
d5ab426a149bfee66ff88db9c6a8836a,fdb25d73ff1068cb0fe401c24cfaf002,unavailable,2017-02-01 10:40:43,2017-02-01 10:50:16,,,2017-03-14 00:00:00
af045d3e5d7082db57d5b5dde3c0c97b,a9b9a53638de923fe716af6a58c14a68,delivered,2017-02-01 11:13:37,2017-02-01 11:25:16,2017-02-01 12:25:20,2017-02-07 17:42:48,2017-03-02 00:00:00
7489466aa2aad065d81a6b70e516a562,8bcad790cb9a45f7cb07be9ed4765cd9,delivered,2017-02-01 11:42:15,2017-02-01 11:50:25,2017-02-03 11:06:16,2017-02-15 15:14:57,2017-03-10 00:00:00
7219b463820695c30f441c2c3e33a393,aabf7f3dd34880c87118c7608e4a5bd6,delivered,2017-02-01 11:53:55,2017-02-01 12:07:02,2017-02-07 09:32:29,2017-02-16 10:54:34,2017-03-10 00:00:00
92fca7ed7b7df4695007bd7f227e3333,f489ef69fc07eee23f1ef2732df1c8f8,unavailable,2017-02-01 12:03:36,2017-02-01 12:15:56,,,2017-03-03 00:00:00
c6444f5adda5b95c297cbb3badd3a1fd,acf68e15407fbc6e55f3727fe70762bc,delivered,2017-02-01 12:16:34,2017-02-01 12:31:59,2017-02-01 13:30:24,2017-02-08 08:32:55,2017-02-28 00:00:00
cc008d324278200689ee451a547b97c3,35c8b0889f907434cf3cc776569ba7e2,delivered,2017-02-01 12:34:54,2017-02-01 12:54:06,2017-02-06 08:37:51,2017-02-08 15:45:29,2017-03-08 00:00:00
b89d3f466656d80cfaa4bf9698218c83,ac197c0eb5cf980ee812fe961476814a,delivered,2017-02-01 12:44:51,2017-02-03 03:41:26,2017-02-06 10:04:38,2017-02-08 09:23:59,2017-03-14 00:00:00
b46a7e15cacce08914d49a6a7ab63270,c484483bc93fb4b372ee28d77c5a5632,delivered,2017-02-01 12:50:24,2017-02-01 13:05:14,2017-02-02 14:55:05,2017-02-08 12:36:28,2017-03-10 00:00:00
2eed473a355a3965e5a3fbcea0ffa40d,fc87e5c06780700952aa42998a22968f,delivered,2017-02-01 12:59:24,2017-02-02 02:41:25,2017-02-03 15:37:34,2017-02-16 10:41:25,2017-03-14 00:00:00
f80bb64f9bb2ac4ced01632c44a67e0d,fbb704b2c1a3373c27c8a59d7d0d45f5,delivered,2017-02-01 13:01:34,2017-02-01 13:15:14,2017-02-20 11:04:57,2017-03-02 10:14:01,2017-04-11 00:00:00
95431c05f2b32414cf7839de333dc57f,91f7ba105111f895086a17fe5417431c,delivered,2017-02-01 13:01:36,2017-02-02 02:35:21,2017-02-03 13:18:57,2017-02-09 12:32:02,2017-02-28 00:00:00
4b417a70a89a9c265f52c8279dd489d7,259749df278437824ec1739846281357,delivered,2017-02-01 13:08:13,2017-02-01 13:21:31,2017-02-02 13:12:22,2017-02-13 13:07:36,2017-03-01 00:00:00
db1a3b6bc463c229abf2699244173f49,ebac3c15b74e9b4c4b679fe173ec5798,delivered,2017-02-01 13:18:42,2017-02-01 13:25:25,2017-02-02 18:59:06,2017-02-09 08:08:39,2017-03-10 00:00:00
f5147f84d290b6615104539af53179fd,132a9facc3e81d474c4c24d5ce82e284,delivered,2017-02-01 13:21:52,2017-02-01 13:31:04,2017-02-06 08:37:52,2017-02-13 09:05:15,2017-03-08 00:00:00
a91e25d9e242b0545cddf83a2bb46954,6ad24adeead1a2dcf21adc31df86824b,unavailable,2017-02-01 13:27:48,2017-02-01 13:41:10,,,2017-03-14 00:00:00
22bf3dde4d90667a74118fad0041bfd5,9d4b49b0fc9981a6ad9b314e6ce43925,delivered,2017-02-01 13:53:16,2017-02-01 14:05:16,2017-02-02 14:26:38,2017-02-10 09:32:53,2017-03-10 00:00:00
f3f0bc4d599d1d5251f1b37cec7b407e,13a7b529c08942d1e86e9918dc4ae053,delivered,2017-02-01 13:53:20,2017-02-03 03:41:19,2017-02-03 15:15:54,2017-02-10 14:35:07,2017-02-24 00:00:00
c038b4c610ae79ae8e3d191f7293fbae,f678799cf04c0c8c731552419b6a03cb,unavailable,2017-02-01 13:56:13,2017-02-02 02:41:20,,,2017-03-01 00:00:00
22929eca5fe4738503a332952b9bfbab,6bba8cfa429c7e0de271fd8240e49d21,delivered,2017-02-01 14:17:10,2017-02-01 14:25:17,2017-02-01 15:27:28,2017-02-10 08:18:34,2017-03-02 00:00:00
ee12a50463df80c62439cca9feb9f971,cba8ac673c3f5b4fe32ab4b08f01e08f,delivered,2017-02-01 14:38:41,2017-02-01 14:55:08,2017-02-03 10:42:40,2017-02-07 11:27:32,2017-03-06 00:00:00
a4fa33c4486ff17afcc146d9a2b0aec6,27976c3ee49975e6f777258477a87002,delivered,2017-02-01 14:39:07,2017-02-01 14:50:15,2017-02-02 05:21:59,2017-02-15 14:25:19,2017-02-24 00:00:00
d2dec7f70a6ba38a5391914f927ec6c9,30956f750c3184a07f887007009d003d,delivered,2017-02-01 14:45:46,2017-02-02 02:45:35,2017-02-07 13:58:52,2017-02-14 11:58:37,2017-03-10 00:00:00
21357c1f6313b781c9807522f57746cd,d386575005b06f165208d28d5fd7d344,delivered,2017-02-01 14:51:46,2017-02-01 15:05:38,2017-02-02 13:04:04,2017-02-07 11:15:01,2017-03-14 00:00:00
48a2b1dc26bd77deaee98e646fbc31cc,2de345a4358584e6d06a3f11db7f2c84,shipped,2017-02-01 14:58:05,2017-02-01 15:11:02,2017-02-02 09:01:01,,2017-03-14 00:00:00
90207c312f193fbd229671833bf08d47,f66491ab775d85d3a33e23dfee765c38,processing,2017-02-01 15:21:50,2017-02-01 15:41:40,,,2017-04-07 00:00:00
fe9ff842f65047f5a82c48905a18cc98,f1847e1108766f3e77e212b82d2909e0,delivered,2017-02-01 15:25:47,2017-02-01 15:41:43,2017-02-02 11:47:57,2017-02-06 09:17:50,2017-03-07 00:00:00
d5cf2633d9ecb6dba748bca164760855,ab195e144742dca0e61f2a3fcf95e333,delivered,2017-02-01 15:28:52,2017-02-01 15:41:41,2017-02-03 15:14:02,2017-02-07 17:53:26,2017-03-10 00:00:00
b3c8c0dd2b042239054fd43c6f63c8ee,b67889fc950ae5502ab17242af1e4117,delivered,2017-02-01 15:30:26,2017-02-01 15:41:50,2017-02-02 16:16:09,2017-02-09 12:17:59,2017-03-06 00:00:00
278b6dc641ac6cf9abcfb8b2aa95a0d0,28e769bf73caf3dc734588072640486c,delivered,2017-02-01 15:41:43,2017-02-01 15:50:11,2017-02-02 08:50:00,2017-02-13 07:38:37,2017-03-20 00:00:00
9e631c9b66b8485a8b8a42fce40ed307,dd9061c2a5a1c0283e6a28971e82590b,delivered,2017-02-01 15:42:59,2017-02-02 02:45:16,2017-02-24 06:54:51,2017-03-02 16:22:29,2017-03-06 00:00:00
03679d41c590caa3f9f56dfad35bff0a,4e7afdb91c131ae7ab4b3e2f423ed6fa,delivered,2017-02-01 15:47:22,2017-02-01 15:55:21,2017-02-21 13:56:18,2017-03-09 18:52:16,2017-03-28 00:00:00
a957bd5128480b4ec4c8762e9bcf3a13,111a041b14bdee7fef1974bdcdfa00ae,delivered,2017-02-01 16:03:51,2017-02-01 16:15:17,2017-02-02 13:05:40,2017-02-07 11:12:24,2017-03-08 00:00:00
c89051e4897cdf9edda25069d5414a2f,6dc6ecc47ecee1fbacdf2d516c08f196,delivered,2017-02-01 16:15:50,2017-02-02 02:55:23,2017-02-03 13:25:57,2017-02-15 09:25:47,2017-03-22 00:00:00
d51543bdc3d7f733b7637ebf031f6565,d5a188588f28fb4843c19c521c3e197c,delivered,2017-02-01 17:01:32,2017-02-03 03:55:32,2017-02-03 08:39:08,2017-02-16 03:58:06,2017-02-28 00:00:00
faa1515e28c5d45a5bb6fa57bffcfb0b,c27c1ed0d6a18c5bacc8ee239f5717d7,delivered,2017-02-01 17:21:33,2017-02-01 17:33:02,2017-02-03 12:28:55,2017-02-07 13:23:53,2017-03-08 00:00:00
eccfa497ce3b3c48e8ccb2a629ea5fe8,a979d4ac65ebbe603783c51cc7c94200,invoiced,2017-02-01 17:24:22,2017-02-01 17:35:16,,,2017-03-20 00:00:00
94bde44a48f191d7175f67eb93b9ed67,7e8eda96b7924f789c4b65855af3e187,canceled,2017-02-01 17:31:17,2017-02-09 14:43:11,,,2017-03-16 00:00:00
27b01bbc397d9282e115008e0d914f2c,b73808a9b8c9bab42e9f738c8f2b16ad,delivered,2017-02-01 17:39:57,2017-02-01 17:50:16,2017-02-03 10:35:42,2017-02-16 13:28:11,2017-03-22 00:00:00
ffb5af8b918083c3291c62b20fa89319,7543ed5312234199ba6d6f98e5ce2c9b,delivered,2017-02-01 17:45:08,2017-02-02 17:55:10,2017-02-24 12:02:10,2017-03-10 17:12:50,2017-03-24 00:00:00
5b6bb420d4d6d53ae28c948c9a6b900a,4b1d9c46c5fa2de5c66bade77ba60720,delivered,2017-02-01 18:00:24,2017-02-01 18:15:16,2017-02-02 09:00:57,2017-02-10 11:13:40,2017-03-10 00:00:00
1308f542d82d3b18c50659be0f12a323,1cb2963b96d7da644168b9282330a809,delivered,2017-02-01 18:22:02,2017-02-01 18:31:14,2017-02-02 08:06:33,2017-02-17 13:42:05,2017-03-22 00:00:00
96f7907d370d310cc46c4875701cb40f,b094f9d22537cb4892ecff5504dd8172,delivered,2017-02-01 18:29:23,2017-02-01 18:41:29,2017-02-02 12:00:38,2017-02-22 12:51:51,2017-03-14 00:00:00
ffd5efbd46bbf72ad374862a05ef4c72,486d66df3ef703d001f77632e7fe6bd8,delivered,2017-02-01 18:39:14,2017-02-03 03:35:07,2017-02-08 11:05:23,2017-02-15 14:41:47,2017-03-17 00:00:00
a65d4ac927fef29da1b58e60ebdbb1d7,9d151c7612fd140ebcafd620491a17b3,delivered,2017-02-01 18:41:32,2017-02-03 03:41:40,2017-02-06 07:25:28,2017-02-14 13:23:42,2017-03-09 00:00:00
204afbf2adcafc867358369a658ea7aa,876d6b3d97349e7c61c8d30a28a94c03,delivered,2017-02-01 20:22:04,2017-02-01 20:35:13,2017-02-02 11:41:27,2017-03-01 05:46:00,2017-02-24 00:00:00
bef761ad270a4c4eb98b46f8de712530,2e828d5622e1f2d3a22a9b021992af50,delivered,2017-02-01 20:48:26,2017-02-01 21:01:28,2017-02-03 08:58:34,2017-02-10 14:38:08,2017-03-08 00:00:00
9eca84d28a0c3cd0746a25f588705d30,9b4405ccd29ffb4c83500f09452998b8,delivered,2017-02-01 20:54:37,2017-02-02 21:01:31,2017-02-06 15:12:27,2017-02-17 14:57:27,2017-03-14 00:00:00
571b3d06ddb5bba38fac92f4da0778e7,73bd1eb83b4172b898bc19681afc885f,delivered,2017-02-01 20:59:12,2017-02-01 21:10:10,2017-02-02 11:55:47,2017-02-08 15:51:14,2017-03-03 00:00:00
04770bff63a120fbf0eea1f62b84f8f0,830ed363f26a7624bd458c1931d348ea,unavailable,2017-02-01 21:07:12,2017-02-01 21:15:18,,,2017-03-10 00:00:00
63a4d7a71c43e2f008340552233931ed,ffeac04ef924e20238b3ad2f9cecfbfa,delivered,2017-02-01 21:13:54,2017-02-01 21:25:17,2017-02-03 10:48:02,2017-02-08 12:15:36,2017-03-08 00:00:00
5a06ec99090e75d00d2b33b0efdce2f4,4275510de6637b903e69994771170784,delivered,2017-02-01 21:33:14,2017-02-01 21:45:14,2017-02-07 16:38:20,2017-02-14 15:12:41,2017-03-10 00:00:00
e6a9a4963c309a68db1f1a515e700764,32fdc4fcee9bccaf828edad48942dd0c,delivered,2017-02-01 21:45:04,2017-02-03 03:45:20,2017-02-03 10:39:24,2017-02-07 10:58:58,2017-02-27 00:00:00
c19f01711a28636df6bb57d440865c76,65d99e66b6e608240d1bdd2743bc5a1f,delivered,2017-02-01 22:23:47,2017-02-01 22:35:33,2017-02-10 08:16:59,2017-02-14 10:54:38,2017-03-14 00:00:00
5e1c835de943927d56469fa225bca0fe,01e5b020d9c4f26539154b00f632e3ae,delivered,2017-02-01 22:26:21,2017-02-01 22:41:30,2017-02-03 15:25:25,2017-02-09 15:25:20,2017-02-28 00:00:00
e19a1b398beea6784e6dc219eb0a6a89,a4c4409161fb97bc07935f38eb966479,delivered,2017-02-01 22:29:34,2017-02-01 22:41:29,2017-02-03 11:07:53,2017-02-07 12:05:41,2017-03-14 00:00:00
87d43116721d5ee0c0748fd7d393cc9d,a7f4253f2a560d4035c330dcef235b74,delivered,2017-02-01 22:31:12,2017-02-01 22:41:28,2017-02-02 15:32:44,2017-02-09 19:32:37,2017-02-27 00:00:00
f39e2e45839475f6c0afc38589749f69,abf76aa21a6198821da8147c49803f47,delivered,2017-02-01 22:44:34,2017-02-01 22:55:16,2017-02-02 18:42:20,2017-02-07 16:58:33,2017-03-08 00:00:00
7d5a1a738b20a4220f8673e0ee63bafc,e1465c91617c778532675850fe39482c,delivered,2017-02-01 22:59:05,2017-02-01 23:10:17,2017-02-03 10:35:42,2017-02-08 10:48:33,2017-03-08 00:00:00
3461c4b04fb9c6ecc30aee1e099bd1e1,7700eadddc5206fa9e00bd2868f08d14,delivered,2017-02-01 23:18:46,2017-02-03 03:45:15,2017-02-04 07:22:16,2017-02-09 10:57:43,2017-03-02 00:00:00
b6659c7944e48c1be78a188b4d51dbeb,8d6ec338278e48b954ed3892ff838f4f,processing,2017-02-01 23:33:26,2017-02-01 23:45:16,,,2017-03-14 00:00:00
87f48ad03a575830fd30137520ef411b,e65bb7ea45b4d422fb0c5229bf8e0e48,delivered,2017-02-01 23:33:27,2017-02-01 23:45:16,2017-02-09 07:37:27,2017-02-14 14:49:01,2017-03-10 00:00:00
8179e1a142b156c4c24a824d0bf0af86,56d120375c35c6fffc447e47de0a8446,delivered,2017-02-02 00:09:40,2017-02-02 00:31:55,2017-02-06 10:05:35,2017-02-08 10:05:10,2017-02-27 00:00:00
8025c3b296960e0bc0070fa50b546dbe,457f70ea74c01f0f5a6754f9f90e8548,delivered,2017-02-02 00:15:09,2017-02-02 00:31:02,2017-02-03 07:51:28,2017-02-17 15:47:52,2017-03-21 00:00:00
bbd33e429ca683f6c4a848acdaab9f9a,343ca02f37141f6f2de321ba848b2aa7,delivered,2017-02-02 00:34:52,2017-02-02 01:01:34,2017-02-07 13:58:46,2017-02-20 14:17:43,2017-04-06 00:00:00
c95faff6a7398b926ba8b0f23c9b2ea9,f211ba5f70f8e5d0fe910011079b1361,delivered,2017-02-02 01:00:37,2017-02-02 01:10:16,2017-02-02 11:59:25,2017-02-13 13:21:40,2017-03-17 00:00:00
8c98ea8f168f55d7c590b90e0e3ae53a,a95d66809480de437e5e93ad6cda31cf,delivered,2017-02-02 02:33:08,2017-02-02 02:45:24,2017-02-02 18:09:33,2017-02-13 08:47:35,2017-03-13 00:00:00
7e7d02281bcb8b908e7e347469114ba8,1145efd0cc4b891ba7df8d75f1530ec0,delivered,2017-02-02 03:48:06,2017-02-02 04:01:10,2017-02-02 08:06:31,2017-02-06 13:53:38,2017-03-01 00:00:00
b05922c45fc699ae9049a2c5add3e02a,a5a79d9745f4fa50300664e5a4efd247,delivered,2017-02-02 07:05:42,2017-02-02 08:00:08,2017-02-09 07:25:55,2017-02-17 10:21:40,2017-03-13 00:00:00
be0321747be0efc1c7241a5e985dd299,a6c87725b81598322c4399140aa6cae9,delivered,2017-02-02 08:35:36,2017-02-03 03:41:42,2017-02-07 12:41:55,2017-02-13 06:06:03,2017-03-13 00:00:00
ec0fa4ef7da067eb3a57abd8fc504352,83dae5cbc60eaacca05d4a26063bbf2a,delivered,2017-02-02 08:38:44,2017-02-02 08:50:16,2017-02-06 10:16:15,2017-02-16 13:09:23,2017-03-01 00:00:00
b64ac23ab101c7a751f630414df68790,0e842b1aae47b4579c8495a93fe0aae6,delivered,2017-02-02 08:47:57,2017-02-02 17:15:15,2017-02-03 09:01:20,2017-02-10 14:52:22,2017-03-01 00:00:00
f349e78f52cb2d25cffd4cc44f168413,eec3d506a23070bb0ffad2fea91d9976,shipped,2017-02-02 08:58:27,2017-02-03 03:55:43,2017-02-10 12:51:55,,2017-03-13 00:00:00
b4c24344dd0972f479220d8479be6d34,8fdac518e736eec059a03fe727efd580,delivered,2017-02-02 09:23:41,2017-02-02 09:35:19,2017-02-03 17:09:05,2017-02-09 09:32:48,2017-03-01 00:00:00
68d26fb6265ab404953d918e97319c5c,2076f5cf507562f37d5afa2fa2405bc5,delivered,2017-02-02 09:33:28,2017-02-02 09:45:12,2017-02-20 10:27:41,2017-03-01 09:35:30,2017-03-01 00:00:00
e9740abcb66dbd659a343d7fbf2af04f,bfbf277426eaeed47c31c9cef7fa29d9,delivered,2017-02-02 09:39:45,2017-02-02 09:50:20,2017-02-02 11:44:30,2017-02-16 11:38:44,2017-03-17 00:00:00
4f95977893357c1a4a9ab91107e78cf5,799cceabf612fcd4a2ffaf0df8da6b44,delivered,2017-02-02 09:48:03,2017-02-02 10:01:18,2017-02-06 11:52:56,2017-02-10 08:14:47,2017-03-20 00:00:00
15812af232ebe0d344d123c18fde51eb,983155c4c0cc44b685df66df2e9f8e78,delivered,2017-02-02 10:07:57,2017-02-03 03:41:19,2017-02-03 10:15:55,2017-02-14 11:45:44,2017-03-13 00:00:00
fd71c77a71b5d5d3107284571ec2e894,5dddd4fb5ac360cc2ad914d015f96a49,delivered,2017-02-02 10:28:52,2017-02-03 03:35:12,2017-02-03 12:36:35,2017-03-17 15:16:38,2017-03-13 00:00:00
4493ce8729200aed0eca9d3ae8bcc57c,fdb7c8642c7871242f295fde2b25bad6,unavailable,2017-02-02 10:43:43,2017-02-02 10:50:18,,,2017-03-13 00:00:00
e88bd342db73022d67847798929c4519,58770967b9303c89fdb218d6882aac37,delivered,2017-02-02 11:11:02,2017-02-04 02:15:21,2017-02-06 09:19:25,2017-02-13 01:53:42,2017-03-13 00:00:00
1fb19f4cd7486d32cfc488577cc28235,2009e285643a9f9aaa39ab0b1a680882,delivered,2017-02-02 11:15:31,2017-02-02 13:30:18,2017-02-03 12:01:00,2017-03-01 06:37:41,2017-03-13 00:00:00
b942bb8edd1c815cd011efcf4e05024e,e54e386e978265c8085bec7d77233d83,delivered,2017-02-02 11:23:17,2017-02-04 02:15:32,2017-02-07 08:55:41,2017-02-08 16:18:02,2017-02-27 00:00:00
983ca2708d1c50ac99ed54a30ae38d0f,a332a08774332cf3a10b73e79d8a5d93,delivered,2017-02-02 11:40:32,2017-02-03 03:45:21,2017-02-08 15:25:17,2017-02-13 08:57:45,2017-03-13 00:00:00
be087f2e4d527446e82a0e44d5f95d34,aae5cb468884f1da9e17f0da2c25c9c4,delivered,2017-02-02 11:41:13,2017-02-04 02:22:27,2017-02-06 12:45:50,2017-02-10 09:47:50,2017-03-13 00:00:00
d4d52a6470ea8a7ee5d1fba74508bf15,3e0806f0201dbf64cf2c8f6a6422ef38,delivered,2017-02-02 11:42:50,2017-02-02 12:13:55,2017-02-03 16:39:13,2017-02-13 12:14:59,2017-03-01 00:00:00
a92ac2f2738d0a4b0add8fe65157d5f5,c0dcb00876fc9a5997a03a6503128b45,delivered,2017-02-02 11:56:21,2017-02-02 12:21:06,2017-02-03 12:45:42,2017-02-22 09:52:00,2017-03-07 00:00:00
d39b2823c7beda9e56a1783db04df596,83353be61700ed54d5e9d1b3f0dbc4b8,delivered,2017-02-02 11:58:17,2017-02-03 10:35:11,2017-02-03 12:00:59,2017-02-14 04:54:56,2017-03-03 00:00:00
c9bfa5aa446a8a2e13124ddcff398657,eb48d3319bc78a3ab31e30f2e309f18b,delivered,2017-02-02 12:08:12,2017-02-02 12:23:49,2017-02-02 16:40:29,2017-02-08 12:47:33,2017-03-13 00:00:00
a019866aa872221f740c30ecd607c231,63470440d292368c0428a4f7ee7c5c86,delivered,2017-02-02 12:25:09,2017-02-02 13:01:12,2017-02-02 15:02:47,2017-02-14 06:09:13,2017-03-13 00:00:00
aee92405acf40c19e4f73fb75727715d,ffbc04cfeb08af681589ca0044df18a3,delivered,2017-02-02 12:31:44,2017-02-02 13:01:19,2017-02-03 11:07:30,2017-02-15 15:43:39,2017-03-21 00:00:00
de96b93d26af6d6a5c3aa622e245b86f,cd0879cb585fcbf74a2cf9417bda2362,delivered,2017-02-02 12:34:47,2017-02-02 13:01:34,2017-02-03 13:50:40,2017-02-06 14:55:28,2017-03-07 00:00:00
9ee53d821aec1c97d5b1514199c74c27,c78a0848edc376b5bf05f22ad093aa0f,delivered,2017-02-02 12:37:02,2017-02-02 13:01:36,2017-02-03 16:39:10,2017-02-13 11:24:46,2017-02-27 00:00:00
5c1da208717de55192c6556da7d1f0c1,ffa9ff0c2fa827f12873d6936df22164,delivered,2017-02-02 13:26:08,2017-02-02 13:35:10,2017-02-03 11:55:56,2017-02-10 10:23:45,2017-03-01 00:00:00
d9264b7ce5f860c5b8d439f2e77bbc40,ae789cb3b1ffa7e1a3f976d66f291159,delivered,2017-02-02 13:27:06,2017-02-02 13:41:33,2017-02-06 11:25:29,2017-02-13 12:35:46,2017-03-01 00:00:00
8a15d9098e2b9a4a791e07691801bd9f,07226545d056696fc5946dab0f0f2a7c,delivered,2017-02-02 13:32:21,2017-02-02 13:41:34,2017-02-06 17:04:29,2017-02-08 15:32:48,2017-03-01 00:00:00
e1a9b6caca1fad8c2b2ac22a649605b3,00d4a861a9e1ec05df44712a80bfd55d,delivered,2017-02-02 13:51:50,2017-02-02 14:05:17,2017-02-03 14:17:47,2017-02-10 12:26:05,2017-03-13 00:00:00
5e24cd2a73451af2660215702f8abc57,870ae28f999c5deb65108159a259e504,delivered,2017-02-02 14:42:37,2017-02-03 03:41:38,2017-02-03 12:01:01,2017-02-14 12:35:57,2017-03-01 00:00:00
e77f09ad0e02176a15af6981ee2d8ea0,d572ff7880e03958639088a6bded9b09,delivered,2017-02-02 15:08:04,2017-02-02 15:15:20,2017-02-06 07:46:47,2017-03-07 09:58:57,2017-03-15 00:00:00
54802d33f22620ff142f94fd4fe18b25,e97a610088134f06228ff807008f5b55,delivered,2017-02-02 15:18:39,2017-02-02 15:30:19,2017-02-03 10:39:25,2017-02-07 11:11:38,2017-03-09 00:00:00
c52a603ac74efb60aefc2f0e79d3a432,607c5e234f26e35e0e8e32a6eb47670f,delivered,2017-02-02 15:22:02,2017-02-03 03:45:34,2017-02-03 12:34:52,2017-02-10 09:27:44,2017-03-09 00:00:00
e72b2b30d599a41bea8514270f6b8930,423ec49be46a59adb7cbfa113013ca4e,delivered,2017-02-02 15:48:35,2017-02-02 16:01:19,2017-02-03 15:13:48,2017-02-14 14:32:24,2017-03-13 00:00:00
14c06653b7d532679bdd383da5d8e0c8,af14f91d10108ac2c2b34bf4c0f9f712,delivered,2017-02-02 15:53:09,2017-02-02 16:05:19,2017-02-03 09:48:27,2017-02-10 08:17:04,2017-03-01 00:00:00
9c1ef8552f9a1af4860b014689f6be79,606ce29a35f60bf161e41d4ea848b9fd,delivered,2017-02-02 16:04:21,2017-02-03 03:45:42,2017-02-06 15:35:53,2017-02-08 14:08:01,2017-03-02 00:00:00
4e44d7b0462e32a51de74a16eac6534e,800ae98df618c84cf1dae67ea96644c5,delivered,2017-02-02 16:18:44,2017-02-02 16:30:10,2017-02-03 10:15:58,2017-02-10 08:54:40,2017-03-13 00:00:00
ed79f88a78631eade029d1edbbe02881,a771359904314a20cbab60684a525438,delivered,2017-02-02 16:32:28,2017-02-02 16:41:45,2017-02-03 13:50:36,2017-02-08 13:42:07,2017-03-01 00:00:00
5f2e44ea1fc61083103e1a75f61d2bdf,5ce194db2a0013852fdb744ac95ef05c,delivered,2017-02-02 17:00:25,2017-02-03 07:01:30,2017-02-03 12:00:59,2017-02-15 16:22:08,2017-03-03 00:00:00
610a60d9a69cdfd91aa5dd5a26d4ce95,9b50d244594b92d3fb3212e1fe203fb0,delivered,2017-02-02 17:05:27,2017-02-02 17:21:25,2017-02-03 17:51:39,2017-02-17 10:41:45,2017-03-13 00:00:00
02ff3675b59b53ca5cdcb2b6752aeea1,b537b5df21ba82fe48ad320005fdb620,delivered,2017-02-02 17:10:20,2017-02-02 17:25:10,2017-02-08 15:25:20,2017-02-14 08:12:22,2017-03-13 00:00:00
c79fcf430e3532739c1344bdc0a021db,edde43d7203ce8ef765673aebee3b966,delivered,2017-02-02 17:22:31,2017-02-02 17:35:12,2017-02-03 12:33:35,2017-02-17 14:09:11,2017-03-17 00:00:00
67a02a73466642c42627bf50de7bea92,f20442e7a117475c8199e9285fdb5ae7,delivered,2017-02-02 17:43:35,2017-02-04 02:22:21,2017-02-06 14:17:37,2017-02-09 13:41:22,2017-03-13 00:00:00
b7ef1124cfa9a18db6bb683801089f56,370441ce28d80dcca661c5eb760db3c6,delivered,2017-02-02 17:56:17,2017-02-02 18:12:57,2017-02-03 09:42:25,2017-02-08 09:57:54,2017-03-06 00:00:00
84fbd5c07d190419428197464cdba60a,b90c08bc258974e0bba31eb7fccc433a,delivered,2017-02-02 17:57:15,2017-02-02 18:12:57,2017-02-03 08:39:08,2017-02-15 05:04:34,2017-03-13 00:00:00
9d91a9530ea3af0213cfae03feed3be9,e695d4f6b2594abb3ad2c4a7d412de4e,delivered,2017-02-02 18:27:57,2017-02-02 18:41:26,2017-02-03 16:39:09,2017-02-09 17:57:47,2017-03-23 00:00:00
cd43510a9992792a9e22f4e9f8d20f4b,fe415a5a1222df38b1fb1f504b06901d,delivered,2017-02-02 18:46:27,2017-02-03 07:01:32,2017-02-08 14:14:40,2017-02-21 11:57:50,2017-03-23 00:00:00
6199bf17a85a73b61d5e43a596b95b5b,a63e6d9ad4758e94c0aa0d3611efc569,delivered,2017-02-02 18:59:30,2017-02-02 19:10:22,2017-02-03 14:36:23,2017-02-08 15:17:35,2017-03-15 00:00:00
1282867904225d219a5ec3f1251a5fce,4bbec098a5c18023d10e1c2b6beb261d,delivered,2017-02-02 19:17:18,2017-02-04 02:25:15,2017-02-13 07:43:56,2017-02-20 15:07:56,2017-03-09 00:00:00
fe84ed29d87230c495cd2381857dba8e,5f81c3da2ae7a183c4e9e2f64e135c91,delivered,2017-02-02 19:50:20,2017-02-03 07:01:33,2017-02-07 12:41:56,2017-02-24 13:47:29,2017-03-13 00:00:00
d53f7d65577d2f334537bf228afb6116,05875dfd489ce807cea1c162122a6ae4,delivered,2017-02-02 19:59:34,2017-02-04 02:25:21,2017-02-07 07:51:38,2017-02-10 12:09:04,2017-03-09 00:00:00
be46fc2896fdd32b6e696f7fe8fe8482,2bed03fb5ad65fde6b94560ae5713c0d,delivered,2017-02-02 20:01:48,2017-02-02 20:10:20,2017-02-03 14:17:47,2017-02-17 08:08:43,2017-03-13 00:00:00
f06876678e6f65feb46836d048f45a85,d52be8e3821283b0592f231cb6285b92,delivered,2017-02-02 20:04:43,2017-02-02 20:15:11,2017-02-03 12:33:35,2017-02-10 11:12:22,2017-03-06 00:00:00
6a4c99d30fea593a981e1ab8e2605313,232d4e963d66fba5b601811200f812e7,delivered,2017-02-02 20:18:25,2017-02-02 20:30:16,2017-02-06 11:51:56,2017-02-10 08:29:01,2017-03-16 00:00:00
9d8eb4197962f028d0a0f9caa37f0402,35364204862e86eb7c42936976e8858b,delivered,2017-02-02 21:15:18,2017-02-02 21:25:09,2017-02-03 17:51:39,2017-02-16 11:42:34,2017-03-07 00:00:00
002691433f09002ac9ca0c4e8dbb8ead,630b8c2f4134e83812d827e8006caa85,delivered,2017-02-02 21:18:03,2017-02-02 21:30:13,2017-02-03 12:34:49,2017-02-07 13:04:37,2017-03-03 00:00:00
138ccf0b37b60dfe366b895534e55bca,d813ab20b4b3354cd96acf8f62f7ac9f,delivered,2017-02-02 21:38:16,2017-02-02 21:45:17,2017-02-13 11:03:41,2017-03-02 10:14:11,2017-03-09 00:00:00
339cfa1a6bf1f4f0c50db99c5255b714,3c3e4944db82d06e6413f8111e7a7a5c,delivered,2017-02-02 21:40:21,2017-02-02 21:55:14,2017-02-03 18:47:30,2017-02-16 15:27:45,2017-03-02 00:00:00
329799621fa31033287e1294f418de06,641fdee96e63906c9c52a2e6c8be25d6,delivered,2017-02-02 21:51:29,2017-02-04 02:22:13,2017-02-06 15:07:22,2017-02-20 17:03:31,2017-03-07 00:00:00
82779777675c9ae6f1e10c9385572ca6,8bf717e4a59fe4116f0629910f545f9e,delivered,2017-02-02 22:08:16,2017-02-02 22:15:19,2017-02-03 13:26:00,2017-02-08 13:48:49,2017-03-09 00:00:00
d94b232e72e4c7c22f765be9ee391b3f,8fa8552881171e7ce9b050e320e6fcd9,delivered,2017-02-02 22:08:40,2017-02-04 02:10:23,2017-02-07 15:43:38,2017-03-08 14:05:06,2017-03-13 00:00:00
bcf5665129063675d2d1006d95d3c813,45c715dfcbdc6bda7b1190def7ab948a,delivered,2017-02-02 23:09:15,2017-02-02 23:21:30,2017-02-03 12:34:49,2017-03-08 18:16:00,2017-03-01 00:00:00
eb7aac057d7c17adb860b770451ae250,74df30b888082a6cfaeb6bbee623e6a2,delivered,2017-02-02 23:24:24,2017-02-02 23:35:17,2017-02-03 15:32:17,2017-02-15 18:51:40,2017-03-21 00:00:00
2e5dc86c8c4aa663549caf5e31de840d,6225eed02b7d1a110b6e5b5dd4c8bd31,processing,2017-02-03 00:04:49,2017-04-04 10:56:48,,,2017-03-31 00:00:00
3a9731efdd545919f0c6c36c8633b7fd,f141fbe08704cd463fd586a9d746b71a,delivered,2017-02-03 00:18:35,2017-02-03 00:31:34,2017-02-03 16:39:08,2017-02-09 18:08:30,2017-03-28 00:00:00
670e3b20191d3198a76069c8f9b12355,f76bd438480c183ffb510bad040f3bd9,canceled,2017-02-03 00:55:24,,,,2017-03-09 00:00:00
ef7e4d318e5714c1e8e07e97c981ce36,6ca60d60ec59979714b2b913aa387c60,delivered,2017-02-03 00:55:38,2017-02-03 01:05:41,2017-02-06 15:35:54,2017-02-14 14:15:34,2017-03-14 00:00:00
71d1d659a3fc76b377ac21af193fae99,64dd91632c353e908b5ec176a50089ef,delivered,2017-02-03 00:58:25,2017-02-04 01:05:38,2017-02-06 15:02:04,2017-02-09 14:14:58,2017-03-06 00:00:00
b642a3e08bfd10119c9b7e948c936e93,f623e071624706724ec88fbb991b6833,canceled,2017-02-03 01:03:44,,,,2017-03-06 00:00:00
d573a47c29466bb2e4e46aef0ff04f23,d5efb94fdd7fe8e0ba70c7580088acae,delivered,2017-02-03 01:06:06,2017-02-03 01:15:11,2017-02-06 15:04:37,2017-05-05 00:09:56,2017-03-28 00:00:00
b9b3a57801f2cb36617b727e256b4089,a0d4b9ead9cc1fb314bf487c76605839,delivered,2017-02-03 06:55:52,2017-02-03 07:05:08,2017-02-03 09:30:30,2017-02-15 14:22:57,2017-03-22 00:00:00
6d212e3f7da7cdbf836ce9494d33a606,1ea9656f6bb4ba028d81b90a4e7d1369,delivered,2017-02-03 09:01:30,2017-02-04 02:22:40,2017-02-13 16:37:33,2017-02-15 08:42:34,2017-03-16 00:00:00
796d29c5558898a4ee393750879fb1c5,5ec42e63c046c1c1103bd2301ebe6dd0,delivered,2017-02-03 09:42:20,2017-02-03 09:55:18,2017-02-06 10:15:52,2017-02-07 19:15:39,2017-02-28 00:00:00
f2b69dbd4bd28b5f76698636258902f2,17cc8f7a65b27f3f4f1ea1234c37e9c4,delivered,2017-02-03 09:44:14,2017-02-03 10:01:35,2017-02-03 14:36:23,2017-02-08 16:07:41,2017-03-20 00:00:00
9889e26ac5a56d800689699664af0f82,e5bbede7ac897293d9132cedc17af3a8,delivered,2017-02-03 09:51:56,2017-02-04 02:25:37,2017-02-06 09:06:44,2017-02-13 11:08:12,2017-03-03 00:00:00
3c5edc9665595ab8ab9bdd6c5c4a961a,bfc72b25d90e16298aa5735c248d08f8,delivered,2017-02-03 10:09:40,2017-02-04 02:22:23,2017-02-07 12:14:49,2017-02-10 09:26:22,2017-02-23 00:00:00
8f72f1ad07895bd823ba96b580936a1f,754582123dc2d1d268954366598a1e51,delivered,2017-02-03 10:15:40,2017-02-03 10:25:10,2017-02-08 09:54:31,2017-02-16 13:13:10,2017-03-14 00:00:00
603e15b90edc4dbafc68def34a24d4a7,50a60363567e35381870faeee394c06d,delivered,2017-02-03 11:05:08,2017-02-03 11:21:47,2017-02-06 10:16:05,2017-02-23 10:18:45,2017-03-06 00:00:00
6bc3c200db7e637a78b05d8984dcf66f,49c01eb0774fa3c20b2b4aa1b1682b4b,delivered,2017-02-03 11:05:24,2017-02-04 11:10:13,2017-02-06 10:27:30,2017-02-13 11:38:52,2017-03-22 00:00:00
697705c05da5ef945de721dd31bf23c6,635104f101d5c2725e94b44eeb8b0327,canceled,2017-02-03 11:31:48,2017-02-03 11:45:09,,,2017-03-28 00:00:00
b65db414b568d2c8b1eb008f7ea04096,754c940809abbdba13ef02e5e141b729,delivered,2017-02-03 11:33:20,2017-02-03 11:45:09,2017-02-03 13:50:36,2017-02-17 16:43:50,2017-03-02 00:00:00
f9a3dd7361484de6c71fedbc1d6a74ba,80d1cf5daecd7229b4848ce0969da2cd,delivered,2017-02-03 11:42:09,2017-02-03 11:55:19,2017-02-06 08:37:52,2017-02-15 11:17:38,2017-03-10 00:00:00
0f8cf123486438ffdee527bf82ec87d4,48edd605f2b0aa7b701d54771e388335,delivered,2017-02-03 11:58:30,2017-02-03 12:05:32,2017-02-06 08:37:51,2017-02-17 09:54:03,2017-03-20 00:00:00
e01ddf23188e7eb714114d4ac5e8952b,f073db9b09570039769829fa79d05428,delivered,2017-02-03 12:05:04,2017-02-07 04:15:23,2017-02-20 07:24:13,2017-02-23 15:21:50,2017-03-14 00:00:00
1d5bd99b9b20b17bd85826aba9c18994,0b9a169354c3525fe15c74baee76fcbc,delivered,2017-02-03 12:54:08,2017-02-07 03:45:21,2017-02-08 14:33:59,2017-02-17 17:04:57,2017-03-22 00:00:00
47676a246458b42506986a0c5b9dc94c,85b33bce9e1e9b9c05c0a2e30385cfae,delivered,2017-02-03 13:02:57,2017-02-04 02:25:22,2017-02-06 09:06:38,2017-02-14 14:15:12,2017-03-03 00:00:00
7a125641d07db9def010cf07e54913fe,5c666fa03ba6450edbc6a15bf7c5e6d9,delivered,2017-02-03 13:12:29,2017-02-03 13:25:15,2017-02-06 11:51:52,2017-02-15 15:25:48,2017-03-07 00:00:00
bd4b5585c4d7c16db3fe69d062fcafb0,180c7a296ff543e42cdb420d915588c7,delivered,2017-02-03 13:32:11,2017-02-03 13:45:08,2017-02-06 12:03:51,2017-02-21 16:56:00,2017-03-14 00:00:00
de6743691fe06b0d7ed439f7cea17278,d3747fcb04e6ef1d6b9ac173fe2a6098,delivered,2017-02-03 13:41:39,2017-02-03 13:55:10,2017-02-13 15:14:42,2017-02-17 13:08:40,2017-03-16 00:00:00
0d319cdad03395ebc9942c66fb16b7a9,13c8f815b04673c0930db34c9426b349,delivered,2017-02-03 13:58:44,2017-02-03 14:05:21,2017-02-03 14:59:00,2017-02-17 16:56:57,2017-03-14 00:00:00
3a87f961376193c10c6b28d341d32db5,00cd48b2051a1518d6d33ffd01dbfcb6,delivered,2017-02-03 14:03:12,2017-02-03 14:15:07,2017-02-06 10:27:47,2017-02-08 09:47:41,2017-02-28 00:00:00
9a52b513e3ad42b2ec72f145c2ffcfeb,3fc74317efdaa01d0114238407b803b6,delivered,2017-02-03 15:03:46,2017-02-03 15:15:10,2017-02-06 09:40:21,2017-02-10 14:53:46,2017-03-10 00:00:00
1d47900c5d7d5277e6961367603f8925,55da05e5440856411761c20733229b13,delivered,2017-02-03 15:20:03,2017-02-04 02:10:48,2017-02-07 11:53:18,2017-02-11 02:41:57,2017-03-20 00:00:00
5ae7a6fa175ab7b180b6c0142e5466e9,bc7b861ebaf4366268881e14b4a52666,unavailable,2017-02-03 16:08:21,2017-02-03 16:21:39,,,2017-03-14 00:00:00
18493260806e807d314bd6fcfc32e2b8,dae8f32249205215d02242936ef74341,delivered,2017-02-03 16:10:44,2017-02-03 16:21:38,2017-02-03 17:29:58,2017-02-07 10:45:07,2017-03-07 00:00:00
395630df55589c28c5dbf91e72f7ca90,208096b174831ee39a5aa435673d1be8,delivered,2017-02-03 16:13:58,2017-02-04 02:22:11,2017-02-06 10:47:24,2017-02-08 18:48:25,2017-03-10 00:00:00
5d389775a013b9eb8fcdab4cdc1eae1d,1004ffe8679b2e76e70417c5224b71ee,delivered,2017-02-03 16:25:13,2017-02-03 16:35:17,2017-02-06 13:27:11,2017-02-10 10:51:54,2017-03-14 00:00:00
d1ccec3180d63d8bfd37f65d34f07da5,6130b51fcec3b20306df2145393397a2,delivered,2017-02-03 16:30:51,2017-02-03 16:45:11,2017-02-07 11:51:28,2017-02-20 13:32:30,2017-03-08 00:00:00
a8a2941e92152e0edc39bb862cd6b6e2,c89a210a02f21b5c33c6c8013a22fa16,delivered,2017-02-03 16:32:12,2017-02-04 02:10:38,2017-02-07 14:00:39,2017-02-13 16:47:42,2017-03-10 00:00:00
203f106e5b8bad1587426f019709014a,6d32e15ee697f3a2ab5f26b82ff8ed0d,delivered,2017-02-03 16:45:40,2017-02-03 17:01:52,2017-02-07 08:55:41,2017-02-20 16:58:50,2017-03-08 00:00:00
bfd53bc941fd49984cc67168afbbd531,addb846a89c635c622bc369a2b6bdf8b,delivered,2017-02-03 17:16:41,2017-02-03 17:25:17,2017-02-09 07:37:26,2017-02-13 10:21:27,2017-03-07 00:00:00
1bacdc28aad23d1396a3fd39fdaa6c4f,967afc6202a8b72db982bbd579fda7a7,delivered,2017-02-03 17:20:12,2017-02-03 17:30:16,2017-02-06 11:51:55,2017-02-09 09:51:35,2017-03-15 00:00:00
ebcd770a00a9b6ee03235d5db51510d8,45988957bfa6f0aacd30ac05c0a3e680,delivered,2017-02-03 17:29:41,2017-02-03 17:45:09,2017-02-06 09:19:08,2017-02-10 14:07:53,2017-03-10 00:00:00
4442d1fdf454197e9e141f0d83a9031e,3c3c45651f50bb4b13a4de268cad02b0,delivered,2017-02-03 18:08:16,2017-02-04 07:01:55,2017-02-20 10:49:53,2017-03-01 11:24:45,2017-03-06 00:00:00
026b41054c5e6b7a4e94a971bb94193c,1e0cf6a24bb919d69e632aba60a69ead,delivered,2017-02-03 18:25:13,2017-02-03 18:35:22,2017-02-04 08:56:55,2017-02-11 06:21:50,2017-03-10 00:00:00
d7d8ca5f25aac4f5efce2a0dc6133672,8a19df887008d330bdd7aad269118f79,delivered,2017-02-03 18:43:37,2017-02-03 18:55:11,2017-02-06 13:29:48,2017-02-20 12:53:50,2017-03-20 00:00:00
4b019b8fe8e95fc64a3cf3793b35b852,478cd57af52b763a386a2a2fe791a230,delivered,2017-02-03 19:12:05,2017-02-03 19:25:16,2017-02-20 08:49:43,2017-03-01 16:27:34,2017-03-20 00:00:00
32163a3da27e868cf12730227576ff1b,235dc25ef3e9ce5f942681ad165b673d,delivered,2017-02-03 19:23:59,2017-02-03 20:00:34,2017-02-14 15:57:25,2017-02-17 09:38:41,2017-03-10 00:00:00
b92e445b2b63be72a4cd1001e20826bd,37d415bd491fd36cd68811e570392623,delivered,2017-02-03 19:52:09,2017-02-03 20:02:22,2017-02-09 11:22:03,2017-02-15 07:44:57,2017-03-17 00:00:00
736bd2c49bc856e7dbaf8106a23036f8,1abde0f02489fb0d22f4a0be40aa537c,delivered,2017-02-03 19:56:28,2017-02-03 20:05:14,2017-02-06 15:22:54,2017-02-09 14:24:13,2017-03-03 00:00:00
4130a3c17d5018e8877e1dc104b55fec,389f2b5837cf58e9421ac2e8edbbe43a,processing,2017-02-03 20:08:53,2017-02-03 22:25:14,,,2017-03-21 00:00:00
894edb990c70b85e810f6a5869ed3075,47e78cdd37303f49b7de27565411a599,delivered,2017-02-03 20:30:42,2017-02-03 20:45:10,2017-02-08 11:05:15,2017-02-20 11:43:53,2017-03-17 00:00:00
3e01e667dc4b025af8c5eb4f606cc7a1,cbec6c6e7a388dcb6c91bf4919a1f66e,delivered,2017-02-03 21:22:15,2017-02-03 21:35:16,2017-02-06 11:36:39,2017-02-12 10:34:00,2017-03-06 00:00:00
94b9fdffc1d9b49273c91598fc0dc5e6,6236a1fd73ab92114378e88fe16698ea,delivered,2017-02-03 21:36:05,2017-02-03 21:50:13,2017-02-07 15:43:38,2017-02-15 18:18:11,2017-03-30 00:00:00
8fce31c913563c7a93802d8c2cf758b2,1769a3ebdaadccc529c9e90afd139850,delivered,2017-02-03 21:44:34,2017-02-03 21:55:19,2017-02-10 13:44:10,2017-02-14 14:41:56,2017-03-07 00:00:00
721e8bafa01037b2af767f8de9617d97,ee31ded212eed1912b5141ced4ff9271,delivered,2017-02-03 21:54:21,2017-02-04 22:05:16,2017-02-07 09:39:07,2017-02-09 08:25:43,2017-03-02 00:00:00
584841703aaa81e11a1fb3bfac2056ea,3618140a65c08f961619ac9054eb2ac2,delivered,2017-02-03 22:11:29,2017-02-07 04:10:35,2017-02-07 13:09:44,2017-02-15 16:23:49,2017-03-22 00:00:00
2a3f0a5fbf1d28387b5aea5308d6fd4e,e6bd83a6d5519bed82eff1ea0b4898af,delivered,2017-02-03 22:18:03,2017-02-03 22:30:18,2017-02-06 09:40:25,2017-02-16 12:44:12,2017-03-24 00:00:00
b7624f6b70f7b79ea2b092b6f1be678c,a6b19a21cdce23baec63e5e6a0ff8288,delivered,2017-02-03 22:21:47,2017-02-03 22:30:19,2017-02-07 07:38:58,2017-06-14 14:42:22,2017-03-10 00:00:00
37420f333a6877b6e54ea0a728af2542,4e5fd9f9e9b1d0f13e385284cfd57882,delivered,2017-02-03 22:32:04,2017-02-07 04:10:24,2017-02-08 07:04:40,2017-02-13 08:12:15,2017-03-03 00:00:00
09c103240d66c0e0d945071a9518d6ee,247741a92e8790b27cea613f7a5d4f79,delivered,2017-02-03 22:33:38,2017-02-03 22:45:09,2017-02-07 17:03:20,2017-02-15 18:55:59,2017-03-02 00:00:00
855a174fc0471c4ddf1a01a131c9cf6d,9544ada5916048c770957175f11aeab1,delivered,2017-02-03 23:26:02,2017-02-07 03:55:14,2017-02-08 11:48:01,2017-02-14 11:41:42,2017-02-28 00:00:00
726714fe5c6124b8501feb36c5b89896,baab884348d4ad90d893b3551521aaba,delivered,2017-02-03 23:26:40,2017-02-03 23:41:43,2017-02-07 11:37:59,2017-02-10 08:29:03,2017-03-22 00:00:00
78eff39e81cd88a03dc278396f3cee15,9a46036c450ed2b0352f21075c3c1e45,delivered,2017-02-04 00:09:20,2017-02-04 00:30:46,2017-02-07 12:08:19,2017-02-15 15:08:53,2017-03-15 00:00:00
ee6c9efbbd90c63c4f1a545b9332032b,7bb2e1915001b30dda3466d6c81b2265,delivered,2017-02-04 00:44:29,2017-02-04 01:05:37,2017-02-07 08:53:54,2017-02-22 01:54:02,2017-03-21 00:00:00
4c775eb488939cb0be0ca90004e2f37a,7222620c380656e9f0a28fce5418d5d6,delivered,2017-02-04 02:17:52,2017-02-04 02:25:34,2017-02-06 18:17:45,2017-02-07 09:27:33,2017-03-01 00:00:00
f647bd085f1616eb4a272bda4d3f8045,4672ca9dfaf87835eea705f786d3dea7,delivered,2017-02-04 02:29:03,2017-02-07 03:50:19,2017-02-09 10:54:50,2017-02-15 15:41:51,2017-03-01 00:00:00
7b177fcb9ffb753496f019d4ca317479,deb908d63b07cd65667ac2e526243abf,delivered,2017-02-04 07:58:07,2017-02-04 08:10:08,2017-02-21 13:56:18,2017-03-07 13:16:19,2017-03-31 00:00:00
75de6a99721eba5ffbb4c4bd2fa0ee07,a1a724ba9559410e160d1b1e5b1b1ce5,delivered,2017-02-04 08:30:48,2017-02-04 08:45:10,2017-02-04 10:52:37,2017-02-13 19:21:29,2017-03-09 00:00:00
cc585bf1df31232b1654bde95ef0730e,3fee10e96b1e1fc1a04c37d8bbe41fdf,delivered,2017-02-04 10:06:56,2017-02-04 10:21:40,2017-02-07 09:13:32,2017-02-08 15:48:48,2017-03-01 00:00:00
b60e330e00299aeeafa976b885447190,0bb79aff5bf618a6f3bf91fd9049b9d8,delivered,2017-02-04 10:11:24,2017-02-04 10:21:41,2017-02-06 09:06:37,2017-02-08 16:38:45,2017-04-03 00:00:00
d16f9a68b1aa5e1e872a86a474930835,9d4990db1cc3fde3a88bddc0a8d7e548,invoiced,2017-02-04 10:12:38,2017-02-04 16:10:12,,,2017-03-07 00:00:00
0bde826daa0bd10393e958cf5d69dd26,dc9e4413d260758a6e889a0f87aefa7d,unavailable,2017-02-04 10:28:25,2017-02-07 04:10:23,,,2017-03-01 00:00:00
e4b5eb77d6eca2730a7ed8e9abaf4db2,d5f38506981bee3520e42047411edf95,delivered,2017-02-04 10:33:24,2017-02-04 11:02:35,2017-02-07 07:22:28,2017-02-14 13:48:38,2017-03-07 00:00:00
5a90bdab22ab69f4095415dd55451b66,8266047feab97e3f2a81b323a0fc42b0,delivered,2017-02-04 10:57:17,2017-02-07 04:05:26,2017-02-09 15:05:18,2017-03-24 13:23:43,2017-03-13 00:00:00
ec250576de989120ce229e49bae2e72c,320f11397eed52480b8a85e858331538,delivered,2017-02-04 11:13:31,2017-02-05 11:21:53,2017-02-06 10:32:16,2017-02-14 10:33:05,2017-03-01 00:00:00
f2e15e1de54cd372765716e6bbd61fa5,f84ec40a029590cc02022cdcc711d322,delivered,2017-02-04 11:45:03,2017-02-04 11:55:21,2017-02-06 12:40:14,2017-02-09 20:37:34,2017-03-09 00:00:00
6d04ee9620b18893b53a68b7522f2fcd,bc648a06d0b0e1a59ce255f42c4949cd,delivered,2017-02-04 12:22:49,2017-02-04 12:32:32,2017-02-06 15:02:04,2017-02-08 06:13:43,2017-03-03 00:00:00
9eddcb9c8cbfd8719bbc6b147ef32735,ba11fbc3a42907d4018c0dee4ea35969,delivered,2017-02-04 12:28:55,2017-02-05 12:42:18,2017-02-06 15:06:21,2017-02-20 15:45:36,2017-03-15 00:00:00
2c46f84b185f4aadc82a72d14d089c4d,b73408007744313349b9291bc0aaac82,delivered,2017-02-04 12:29:21,2017-02-04 13:05:50,2017-02-15 12:12:25,2017-02-22 11:52:34,2017-03-24 00:00:00
165bda414fc1fd79eb721e1938ff198a,bcaa16104985fc83035709fefa708f14,delivered,2017-02-04 12:31:17,2017-02-04 13:10:09,2017-02-07 12:37:52,2017-02-15 15:47:47,2017-03-15 00:00:00
0650ef96422834cca0cc7799efbf6307,8e0193c71b2b59a05148996de6841d58,delivered,2017-02-04 12:46:02,2017-02-04 13:10:31,2017-02-06 14:15:22,2017-02-14 07:57:37,2017-03-07 00:00:00
8a2baaa71c6646dbb9ba2e94d7cd0ba1,5143c9c153d2b02550d50c0de423f85d,delivered,2017-02-04 12:48:11,2017-02-04 13:10:29,2017-02-06 09:40:20,2017-02-10 07:34:03,2017-03-17 00:00:00
3385c99ff53af3e0f1115d79f6165d6f,5b1939524fc66b1be29160f5dea0055d,shipped,2017-02-04 12:58:55,2017-02-04 13:10:38,2017-03-03 12:36:00,,2017-03-15 00:00:00
1726692d7d3bf55b3bf72214ed9e6f7e,693d02fe5397d7acda742a75d955610e,delivered,2017-02-04 13:00:52,2017-02-04 13:15:12,2017-02-06 14:17:36,2017-02-08 14:05:10,2017-03-01 00:00:00
3a96b8ddd22b9f22c3b8a556d2003fd8,5ef121a48e1ea142acfa7f4d33e3d99e,delivered,2017-02-04 13:24:34,2017-02-07 04:10:27,2017-02-09 12:31:03,2017-02-21 11:14:53,2017-03-15 00:00:00
4d55408f3a98afa1d4f3087d4a24005d,da622558a9ec231b2d31b8b498a672e5,delivered,2017-02-04 13:42:12,2017-02-04 13:50:21,2017-02-07 11:47:29,2017-02-10 09:18:43,2017-03-07 00:00:00
00042b26cf59d7ce69dfabb4e55b4fd9,58dbd0b2d70206bf40e62cd34e84d795,delivered,2017-02-04 13:57:51,2017-02-04 14:10:13,2017-02-16 09:46:09,2017-03-01 16:42:31,2017-03-17 00:00:00
8efea0c3d02c48c7c99f50109fa108f6,4032c0b1b0ed2cd232a2e9c57520e889,delivered,2017-02-04 14:16:17,2017-02-04 14:25:17,2017-02-06 10:32:16,2017-03-02 10:27:58,2017-03-03 00:00:00
2526d08a2985e1b276a405915c2d8be9,2450926e09ca55f960204a2789ed4943,delivered,2017-02-04 15:00:01,2017-02-04 15:10:16,2017-02-07 14:00:00,2017-02-14 12:28:31,2017-03-07 00:00:00
28763f36038db84d7ab6ff7b3ef9774d,01961d1b276640f460e6061e7f28873f,delivered,2017-02-04 15:05:16,2017-02-04 15:15:15,2017-02-06 09:51:28,2017-02-07 10:05:08,2017-03-01 00:00:00
ef1cba939b3e4639c534c42c2617fa9c,111c5f3477e53f51efb1d524e8cb7f20,delivered,2017-02-04 15:51:22,2017-02-04 16:05:12,2017-02-07 15:21:16,2017-02-13 08:14:12,2017-03-01 00:00:00
72bdfd404277294c8a974c65864ad82a,a49023ded65b306fc073c33f34ad85b5,delivered,2017-02-04 15:58:19,2017-02-06 09:10:21,2017-02-09 09:23:37,2017-02-17 11:28:45,2017-03-03 00:00:00
e1902035c4c195dff5edda08708c4050,e91b63eb6608fd87091fa7c7760089c8,delivered,2017-02-04 16:22:15,2017-02-04 16:35:09,2017-02-10 15:43:03,2017-02-14 15:09:37,2017-03-09 00:00:00
44579d02e209aa42e391a4af78ec74fe,ffa06e399e68881a89fa0f38f21c136b,delivered,2017-02-04 16:30:43,2017-02-04 16:41:46,2017-02-15 15:54:15,2017-02-23 12:47:38,2017-03-03 00:00:00
090e9f5faaeef6a858eb1663e67c0838,2ccf8938c99370e26a1a6e9717654be5,delivered,2017-02-04 16:31:24,2017-02-06 06:30:07,2017-02-07 09:56:11,2017-02-14 14:55:28,2017-03-01 00:00:00
ee793c80c58a6de488444dbb4e63374f,86254a9e6537ee8ae084ea9a5b5a1b6e,delivered,2017-02-04 17:33:35,2017-02-04 17:45:13,2017-02-14 10:51:32,2017-02-22 15:05:00,2017-03-21 00:00:00
855729ceef5841ce6e1c564027caf14d,6e44eda9d6ef9a3b9252f5848a9da93f,delivered,2017-02-04 17:54:03,2017-02-04 18:05:10,2017-02-06 12:03:51,2017-02-13 12:17:31,2017-03-03 00:00:00
6681acf07c66eff9fee173f15b893de3,9c6b61f2628ac8f47746441b011b6f5b,delivered,2017-02-04 18:07:07,2017-02-07 03:50:35,2017-02-08 08:44:00,2017-02-17 17:17:48,2017-03-16 00:00:00
dcb296c70aeeb58ba29143cc4f336e9e,91ca069bc0cfc42f5d6eef0638578f32,delivered,2017-02-04 18:12:53,2017-02-07 04:03:15,2017-02-07 10:22:01,2017-02-19 13:12:11,2017-03-03 00:00:00
9de58a725e435fc7ff5d41e6d8691788,f0f4a52656c30d79da81bc6b0057ddd8,delivered,2017-02-04 18:25:15,2017-02-04 19:04:42,2017-02-20 08:46:05,2017-02-23 16:44:39,2017-03-15 00:00:00
c141123e3bc9866f39f5dd9a3b3bdefd,25941254085022c9513a7b83203bc2ab,delivered,2017-02-04 18:25:27,2017-02-04 19:04:40,2017-02-06 09:06:39,2017-02-16 19:15:41,2017-03-13 00:00:00
5590b02a48dbcd875b82f7e97c4c5ddd,d076efdb7799c038d147359520222208,delivered,2017-02-04 18:51:41,2017-02-04 19:31:42,2017-02-06 09:37:55,2017-02-14 08:58:43,2017-03-15 00:00:00
9a3966c23190dbdbaabed08e8429c006,3be2c536886b2ea4668eced3a80dd0bb,delivered,2017-02-04 18:54:15,2017-02-04 19:22:25,2017-02-07 14:03:10,2017-02-09 13:37:54,2017-03-31 00:00:00
1064f13c0d4e68e4ef47a2a99cca15f3,3aa247c374ef0288513bd6c00f828d6a,delivered,2017-02-04 18:56:39,2017-02-07 03:42:46,2017-02-07 11:55:14,2017-02-17 12:13:33,2017-03-03 00:00:00
4381fa4ba1b423dcee980233d6b29d76,161d5918318f43d8a835ef606e0e5ba4,delivered,2017-02-04 19:01:27,2017-02-04 19:15:23,2017-02-07 08:53:53,2017-02-21 14:56:38,2017-03-15 00:00:00
d5558a097766363b8e76b38c43332e8a,49a4fe701c3d30eac6c180908e665ebb,delivered,2017-02-04 19:01:33,2017-02-04 19:31:12,2017-02-15 08:55:26,2017-02-10 07:58:32,2017-03-01 00:00:00
3c655487f0c8e34cde2c7b67de8f08cc,5091c4ca04945991068cfba00258cc58,delivered,2017-02-04 19:06:04,2017-02-04 19:15:39,2017-02-10 09:24:35,2017-03-06 08:28:57,2017-03-13 00:00:00
21dfb91aa3e9fa351ae6f12da1c53fb9,747f269fa325a88eafb143596cceb27b,delivered,2017-02-04 19:06:36,2017-02-04 19:22:35,2017-02-24 11:27:39,2017-03-11 10:04:04,2017-03-03 00:00:00
b51edc2e9375a9cc6fd96daf82dcfab8,aab80f9b1d664586c530e24c6d49b3bd,delivered,2017-02-04 19:06:49,2017-02-07 04:03:19,2017-02-08 11:48:03,2017-02-15 15:38:51,2017-03-15 00:00:00
6bc4d884c713e5a93fae26d2e3defe0f,3387e364e88b70e1eba504d737d32cda,delivered,2017-02-04 19:34:09,2017-02-04 19:45:11,2017-02-06 12:40:16,2017-02-10 09:55:39,2017-03-09 00:00:00
74e641936ca794c33828b911b8907257,8aac3e1a9f8be34fa99b287fe3dd3a71,delivered,2017-02-04 19:42:12,2017-02-04 19:55:17,2017-02-07 12:51:49,2017-02-21 16:27:41,2017-03-13 00:00:00
6abb2dd22e301e03c68d0b4e55cf5560,d652330fde451d2476a123ad0650bd20,delivered,2017-02-04 19:47:02,2017-02-07 03:55:10,2017-02-07 11:06:35,2017-02-14 16:05:11,2017-03-01 00:00:00
17eba629ec542978d1ea929d473d4f19,9a07fda0035700318ceb77ce80c7e42d,delivered,2017-02-04 20:09:10,2017-02-05 20:15:18,2017-02-07 09:41:35,2017-02-14 15:24:06,2017-03-15 00:00:00
e50cc13e9d831cb739ab84fe5d7fd249,8c38607817e8600468a7bc0b062e9d97,delivered,2017-02-04 20:22:37,2017-02-04 20:32:23,2017-02-20 13:12:36,2017-03-04 07:12:01,2017-03-31 00:00:00
a6194f2c90f8905dcf4e5fe2b8c5358b,87dc506182489f087f60de20dbe2958d,delivered,2017-02-04 20:46:59,2017-02-04 20:55:20,2017-02-06 13:11:10,2017-02-13 15:37:45,2017-03-03 00:00:00
fe8fb13770857cd6d22fda24ce5bd4a6,4cfd1cf4ebdcc9beb01c7b267359dd1a,delivered,2017-02-04 21:27:04,2017-02-04 21:41:56,2017-02-13 02:37:51,2017-02-22 13:05:42,2017-03-07 00:00:00
6feae1bd5cdc1727594445028310015f,7b039396f4d695564083b7360a6fc38a,delivered,2017-02-04 21:38:34,2017-02-04 21:50:13,2017-02-07 14:58:17,2017-02-15 16:45:29,2017-03-15 00:00:00
d2c0ceb948cf7025d520cbd2c88ba435,d3e12a8123b74f8e02ad1200dafa4938,delivered,2017-02-04 21:39:14,2017-02-04 21:50:14,2017-02-06 12:54:10,2017-02-14 12:45:32,2017-03-10 00:00:00
37944c14b9384f4494476b8979f9d0b3,77dc6dea7e5d08bfea0c98b5b377032c,delivered,2017-02-04 21:58:59,2017-02-04 22:10:10,2017-02-08 11:05:19,2017-02-17 10:41:47,2017-03-08 00:00:00
87d1cfb06abb3632d70f55d8b2f2735d,413488223a8f96942b9a940fab6ec40a,delivered,2017-02-04 22:10:06,2017-02-04 22:22:08,2017-02-07 08:53:53,2017-02-08 08:08:37,2017-03-13 00:00:00
f53f689b6008c22da247ed23e3c0b685,50aef86314536113cf37ab64f241ef8d,delivered,2017-02-04 22:19:45,2017-02-04 22:31:18,2017-02-13 14:24:10,2017-02-16 13:56:11,2017-04-14 00:00:00
488a3468338d9c4c6caa95bb4b536b90,39f19a26208db7920bc39686dac40970,delivered,2017-02-04 22:36:29,2017-02-04 22:45:14,2017-02-08 03:51:24,2017-02-12 04:33:42,2017-03-08 00:00:00
d029fdde9d52a038f0de4e9ac1f7c9ad,ca7eaeb80f954232c07a1d7a86ca342f,delivered,2017-02-04 22:38:49,2017-02-04 22:50:16,2017-02-07 15:14:25,2017-02-16 16:05:10,2017-03-15 00:00:00
b4700fc91bb3fbc155bfc04ae821ba04,8d619f80aabf169920e723ebf035f577,delivered,2017-02-04 22:46:24,2017-02-07 04:10:33,2017-02-08 11:03:45,2017-02-22 06:57:49,2017-03-30 00:00:00
c71cf183a3308543154b435e645f56d4,03a43f85610c32719e8526e1be97f6da,delivered,2017-02-04 23:10:15,2017-02-05 23:15:12,2017-02-07 14:00:00,2017-02-10 10:43:45,2017-03-03 00:00:00
8dd55d9758dbe56ba3fbad399f7eca7c,582f00a7340e0c7d2e1d15218bad5eb1,delivered,2017-02-04 23:13:40,2017-02-07 03:55:31,2017-02-07 11:36:37,2017-02-15 14:32:08,2017-03-03 00:00:00
382447aa0ebf13393d646287fed13df7,a52974bc1deaf9058f66e8b8a5f16f05,delivered,2017-02-04 23:16:00,2017-02-04 23:25:14,2017-02-07 16:45:08,2017-02-13 10:19:00,2017-03-07 00:00:00
215235517f0e156724a0ac20bc1076a5,b4523e0afadc29b0607177c2234b3218,delivered,2017-02-04 23:27:50,2017-02-04 23:41:58,2017-02-07 06:17:52,2017-02-09 12:21:54,2017-03-01 00:00:00
538917e9e6d39e4e2f6d7480f7c2479e,ed9a9009b3f1634f5aba2e8eaee8e494,delivered,2017-02-04 23:28:25,2017-02-04 23:42:00,2017-02-06 15:08:49,2017-03-01 08:37:44,2017-03-15 00:00:00
34445bc5a6255519c1d230b2231eeb63,5fbc79a993390667e9a461e24d9ce21c,delivered,2017-02-05 00:11:30,2017-02-05 00:22:48,2017-02-08 03:45:53,2017-02-16 13:32:48,2017-03-27 00:00:00
7974289bffc998c320825e123de8ee7d,ad0c681bc5c048b9c723de73eed444e7,delivered,2017-02-05 01:01:05,2017-02-05 01:10:10,2017-02-06 11:51:47,2017-02-09 09:05:03,2017-03-16 00:00:00
ac7735eec51a3fe9e31e51210ecbad34,96f2ac447244a8c35b76b180e8d7cf64,delivered,2017-02-05 02:16:12,2017-02-07 04:03:33,2017-02-07 15:26:46,2017-02-13 17:58:47,2017-03-27 00:00:00
a47d0baf5bb361cf68e3f1ec57bf57e4,376b0d5753abc221c779a46ba028e9b7,delivered,2017-02-05 03:00:31,2017-02-05 05:20:12,2017-02-07 08:22:25,2017-02-14 15:05:35,2017-03-03 00:00:00
33f85a7c0485cf4a504f78608c5d57c7,cf99f12a04c7b9dfb3d58338e80b7ae4,delivered,2017-02-05 05:19:23,2017-02-05 05:25:08,2017-02-06 13:30:11,2017-02-13 15:35:47,2017-03-15 00:00:00
f9fc6b37b2a3a42ef88b609566e731c0,a74f39cf6735d061600bc043d4f9326f,delivered,2017-02-05 09:02:40,2017-02-07 03:42:53,2017-02-21 06:22:18,2017-03-01 08:03:52,2017-03-15 00:00:00
5d6a02cac99fa9799762b72352be69df,57a2aee1d4e57be34da24f7d856db588,delivered,2017-02-05 09:26:52,2017-02-05 09:41:58,2017-02-07 16:19:06,2017-02-15 09:58:43,2017-03-03 00:00:00
2b9781917af4a7321519dd1db68cb72b,5be4d5fe459cb5f42d54481c6df8e313,delivered,2017-02-05 10:49:33,2017-02-05 11:02:04,2017-02-06 11:00:29,2017-02-08 10:19:06,2017-03-01 00:00:00
addf1e910072af631c49adca7b07fbdd,64e0b9072003aeb0838bcf96609f2504,delivered,2017-02-05 11:05:44,2017-02-06 11:10:26,2017-02-06 12:15:01,2017-02-10 18:05:59,2017-03-17 00:00:00
989788f1c17a087572e29eb4fc130983,ea307d84349255edf7b95f7a6f53dc98,delivered,2017-02-05 11:09:50,2017-02-05 11:30:12,2017-02-07 15:20:54,2017-02-13 18:40:11,2017-03-01 00:00:00
2815a8d7291facb79cc8c78f144836b3,452c0341844c3025a99d60d9b058e3f1,delivered,2017-02-05 11:15:12,2017-02-05 11:30:13,2017-02-06 10:14:51,2017-02-16 04:47:38,2017-03-15 00:00:00
35aade410488cc865a183d6a7fa637eb,9243444883a2537b2d21cf2b9568bb00,delivered,2017-02-05 11:56:43,2017-02-06 06:50:18,2017-02-08 11:03:52,2017-02-16 13:45:56,2017-04-07 00:00:00
6d646ecd1e4497544257783077e9ce14,d4d76ccbcef33b38af7ec758e1d73bb8,delivered,2017-02-05 11:58:04,2017-02-05 12:15:23,2017-02-07 15:21:26,2017-02-15 18:12:27,2017-03-03 00:00:00
aef21aeac3544cbf31a1b0c4db759e44,b6fba4f325e0a771a6e80d8fbd035925,delivered,2017-02-05 12:08:28,2017-02-05 12:21:48,2017-02-07 15:21:05,2017-02-17 15:25:38,2017-03-15 00:00:00
423557ab2406aca36516f1d1b9765ae7,94273e2b4bf5b5d2cbc3af09a36ddcca,delivered,2017-02-05 12:18:08,2017-02-05 12:30:41,2017-02-07 18:14:43,2017-02-13 10:54:13,2017-03-03 00:00:00
d3b59b9a0767514f777439a668f564b8,e4b73f0c9ebdea67a8300aaad25ff939,delivered,2017-02-05 12:31:58,2017-02-07 03:50:31,2017-02-08 18:23:40,2017-02-24 10:04:51,2017-03-07 00:00:00
519b875e24ac4f5060eda1fa6cd6b3bd,4ec504c54ba7f383e3105e7320ada110,delivered,2017-02-05 12:45:04,2017-02-05 13:01:44,2017-02-06 11:19:19,2017-02-11 02:47:33,2017-03-02 00:00:00
6561b237241a2fbd514d45440cd1b349,7b63a8b875b1f72f1a796fca5dc7be1b,delivered,2017-02-05 13:00:58,2017-02-07 03:55:28,2017-02-07 15:22:14,2017-02-21 13:04:06,2017-03-03 00:00:00
d170580dfcd364efdb0c94f51bac0fc3,7d0a76e4b14a9ca33d51eb09db9f92cd,delivered,2017-02-05 13:18:01,2017-02-05 13:30:16,2017-02-07 13:28:10,2017-02-14 11:41:42,2017-03-15 00:00:00
800527a0973637e539fec69236ce5938,62c70173bd4a8b2d617287bcf5d4f5c5,delivered,2017-02-05 13:38:41,2017-02-05 13:50:12,2017-02-06 15:03:10,2017-02-13 06:25:51,2017-03-08 00:00:00
36f63f07e3c52585c8eb2795c466b3fa,400083d12b8d97a4a5eac5e61b2dcdc1,delivered,2017-02-05 13:58:46,2017-02-05 14:10:14,2017-02-07 03:38:32,2017-02-16 11:42:56,2017-03-07 00:00:00
bb780b0ed67fce7c92b2772fde29bc6e,a13b59f2362357007db99730023baa32,delivered,2017-02-05 14:23:56,2017-02-07 04:05:12,2017-02-09 05:25:41,2017-02-15 17:06:05,2017-03-01 00:00:00
dcc5949c9548f7fb6537e65fa17dd847,b7d29eec92c3ec18bb0ef32b7b557420,delivered,2017-02-05 14:30:42,2017-02-05 15:30:17,2017-02-07 14:21:16,2017-02-14 12:47:36,2017-03-29 00:00:00
8a98b899923f5a4f37a74af5c8b1d774,37fb9cce079a4887c96b59bae2011d05,delivered,2017-02-05 14:54:08,2017-02-05 15:05:08,2017-02-08 15:18:41,2017-02-09 12:14:17,2017-03-03 00:00:00
3ea870dceaaf86d0d1f024d34139d5a5,54f83d1beac65b66bc24f2f0d72d52d4,delivered,2017-02-05 15:34:17,2017-02-05 15:45:18,2017-02-06 10:16:16,2017-02-09 09:32:06,2017-03-13 00:00:00
84044525fdc38c357145cbe9681e387e,9844f1bf373bfd63ccb3ce5f1793debc,delivered,2017-02-05 15:41:37,2017-02-05 15:50:21,2017-02-07 11:31:48,2017-02-20 11:37:44,2017-03-23 00:00:00
e88708b0f6c58eaba5b9b3f850f212cc,4931bab39028b872b4ab9a0c38e3d552,delivered,2017-02-05 15:48:26,2017-02-07 03:45:26,2017-02-08 05:15:50,2017-02-10 10:47:47,2017-03-01 00:00:00
0608991422469365a7b98644f2456aed,440d57c9bd11aff852a2587df6059026,delivered,2017-02-05 15:53:52,2017-02-06 16:02:20,2017-02-07 08:21:27,2017-02-23 16:53:40,2017-03-09 00:00:00
925076985315dd0cc772d4156564d009,57589bb9afa9eb858304d0ada0f1b45d,delivered,2017-02-05 16:17:02,2017-02-07 03:50:33,2017-02-09 14:50:36,2017-02-20 15:48:40,2017-03-13 00:00:00
033bac5f45a9d0cf7be5e47f03ed1e44,b0ea223f5d75e25779fd005154765c3f,delivered,2017-02-05 17:01:06,2017-02-05 17:10:10,2017-02-07 13:28:10,2017-02-16 14:54:00,2017-03-07 00:00:00
f8cda48c65da1c85ccd132545de55a79,f02fbdaccecf51ec4e034d50768dc74c,delivered,2017-02-05 17:06:00,2017-02-05 17:15:17,2017-02-07 14:41:43,2017-02-16 08:34:54,2017-03-03 00:00:00
682e90d16332af76ecbdaee2e0c74bf6,e335e7e1fffa9b705d3453abb49890a7,delivered,2017-02-05 17:07:34,2017-02-07 03:55:17,2017-02-07 09:40:37,2017-03-03 11:09:41,2017-03-15 00:00:00
337788b92e1812c7665aca6fd8b611e8,3a0f38c8ea7937e02d01faccb3785878,delivered,2017-02-05 17:24:21,2017-02-05 17:41:55,2017-02-06 13:30:32,2017-02-10 10:34:01,2017-03-13 00:00:00
21862ad09cda6a079859cb1fb77d5da2,a712b74fe3bf857d1776297eba15c10d,delivered,2017-02-05 17:43:31,2017-02-05 17:50:15,2017-02-24 07:48:52,2017-03-03 09:43:58,2017-03-17 00:00:00
521a470b601d24e156ef0afeefdb7f92,2cb0f505eac7c62a0ae0f0b7506296eb,delivered,2017-02-05 17:54:30,2017-02-05 18:05:19,2017-02-07 07:28:04,2017-02-11 06:47:58,2017-03-03 00:00:00
ad0d46c22c5a9dd2699f5142b1882f5f,37be731e9a59816c2139b344f51147dc,delivered,2017-02-05 17:55:05,2017-02-05 18:05:20,2017-02-09 16:29:43,2017-02-10 06:44:41,2017-03-06 00:00:00
23b051786ba773bb672b5c49456b8511,d55606cbf9e683ce2153dc986b823665,delivered,2017-02-05 18:08:39,2017-02-05 18:15:15,2017-02-07 09:13:32,2017-02-20 16:27:40,2017-03-03 00:00:00
f40f7c7b33563806cf705cb088c2cbd3,154930c28c2d109634219d99db20c23b,processing,2017-02-05 18:11:48,2017-02-05 18:25:09,,,2017-03-16 00:00:00
8d99000d8edc9aa445a270e29e85fb05,af1fd846bda509c70e4fefbc3b1961bf,delivered,2017-02-05 18:47:13,2017-02-05 19:01:53,2017-02-06 08:37:48,2017-02-15 13:13:50,2017-03-07 00:00:00
804f733828d8587c734a1d8fc5634e06,4270f23425b159140e10ed2fd1827a8b,delivered,2017-02-05 18:47:44,2017-02-05 19:01:52,2017-02-15 10:03:15,2017-02-21 09:58:49,2017-03-03 00:00:00
616c234744893b4411f6e056de1b0699,b73fd6139bcffaff677d9f38abcfb9f7,delivered,2017-02-05 18:54:49,2017-02-07 03:42:47,2017-02-07 10:21:23,2017-02-20 10:34:41,2017-03-03 00:00:00
d84b3fdfbb838b26178304662ff635e1,aa90812c60112bac39cefe1f2ed45d84,delivered,2017-02-05 18:54:57,2017-02-05 19:05:16,2017-02-07 07:28:05,2017-02-10 12:03:38,2017-03-06 00:00:00
9656510a0f73952b9c305fe0bd264056,92567b8407d1f85946cda3732c6f9e40,delivered,2017-02-05 18:57:32,2017-02-07 17:30:10,2017-02-08 11:42:21,2017-02-15 08:07:38,2017-03-03 00:00:00
3398470b1f117c681a7dc2ead5553724,ab74ad955374d980490e785a2f1e5f9e,delivered,2017-02-05 19:10:08,2017-02-07 04:03:12,2017-02-07 13:09:06,2017-02-14 12:42:35,2017-03-03 00:00:00
ecfc862cb2fabd3d5f9c86117a9baff0,5bb03a9d99d476e8634520ceb63e08d6,delivered,2017-02-05 19:13:56,2017-02-05 19:22:06,2017-03-16 09:43:39,2017-03-22 12:24:48,2017-03-09 00:00:00
51f2bc977a4fb1086e3521f501645ddc,df54a789854ed6321831ebf6a866526c,delivered,2017-02-05 19:17:06,2017-02-07 04:10:33,2017-02-07 11:27:02,2017-02-22 07:27:39,2017-03-01 00:00:00
652138adffce146ad78592e6d17b2552,da8045919bf3010941c2d2ab84c0a848,delivered,2017-02-05 19:31:37,2017-02-05 19:42:31,2017-02-07 07:28:05,2017-02-14 07:32:21,2017-03-09 00:00:00
13c8da80a4b1a89a063dee494d324423,764b644da47fd5bb41b7d78590cffaa6,delivered,2017-02-05 19:34:51,2017-02-07 04:05:22,2017-02-07 11:40:07,2017-02-17 11:18:30,2017-03-03 00:00:00
31cb8821ab778cd23ebb6ce6f9e2bce0,b3ff37db557452c87c756f90457fe7b1,delivered,2017-02-05 19:35:10,2017-02-05 19:45:18,2017-02-06 12:15:02,2017-02-10 07:37:46,2017-03-03 00:00:00
f14ad4bdd2fd477e4a9cb6e6c990d79b,3434214025d5538f19d354ec719ea10b,delivered,2017-02-05 19:40:37,2017-02-05 19:55:07,2017-02-06 09:06:37,2017-02-08 16:03:01,2017-03-01 00:00:00
8ca35ef9366e216446621215448b381a,d67a578455299dcc8de18bdce1a70aa4,delivered,2017-02-05 19:46:40,2017-02-05 20:02:28,2017-02-06 11:50:53,2017-02-16 13:18:53,2017-03-01 00:00:00
591634e3db632b8d5a60099a1b81cf7a,1328b35044ea458d162dc73bc6d4c02f,delivered,2017-02-05 19:47:13,2017-02-05 20:02:29,2017-02-07 10:05:49,2017-02-13 11:53:50,2017-03-08 00:00:00
ae86389756e9af7f5f5f64aa266a439a,859b2f771c5e0f3874c59635a9829354,delivered,2017-02-05 20:00:06,2017-02-07 04:03:10,2017-02-10 07:55:57,2017-02-16 05:43:59,2017-03-08 00:00:00
10990e23642104aa4b9308fbf816611b,5a512cfde6072587451f1ca086a65b86,delivered,2017-02-05 20:20:12,2017-02-07 03:42:40,2017-02-07 09:03:02,2017-02-10 13:24:09,2017-03-01 00:00:00
963030216f9dfae3f21a1660bfed8274,943db5b732a10f928de356cc1d7fb075,delivered,2017-02-05 20:21:51,2017-02-05 20:35:12,2017-02-06 10:14:47,2017-02-10 17:44:53,2017-03-01 00:00:00
79c2ffc2f003219f466be98942ec35ae,34e961b4e51f96d51c1f907ad95c2525,delivered,2017-02-05 20:24:12,2017-02-05 20:35:10,2017-02-06 11:51:47,2017-02-22 13:19:52,2017-03-10 00:00:00
8f4a99f661ae72e850cb5b49d427f53a,bffe95eaced8211ff93c562d5e6c0057,delivered,2017-02-05 20:43:42,2017-02-05 20:55:11,2017-02-08 11:23:30,2017-02-10 09:24:38,2017-03-03 00:00:00
1468556ad5a95f57ef848cf278d8c6dc,dc0ac1aef635298b6a835b090dd7edf7,delivered,2017-02-05 20:44:21,2017-02-05 20:55:10,2017-02-06 14:25:54,2017-02-15 17:02:45,2017-03-01 00:00:00
8982c5a29644a98312ad54cac13d513e,24f72944b81a1af99ec38141a8b93880,delivered,2017-02-05 21:01:32,2017-02-07 03:50:31,2017-02-08 14:08:37,2017-02-17 15:32:03,2017-03-09 00:00:00
96e4e8d7578138ee620bd65cced420db,da6adc0743aa6dc5915ce78d75e15f5d,delivered,2017-02-05 21:20:34,2017-02-06 21:25:14,2017-02-07 09:46:21,2017-02-23 16:05:40,2017-03-29 00:00:00
9980a5ade25fc8add3023440935ef36d,39c3f481e938b5d378f444f0bbda5a36,delivered,2017-02-05 21:37:59,2017-02-05 21:45:16,2017-02-10 08:45:14,2017-02-13 14:35:15,2017-03-01 00:00:00
10a6476d4339a6b5f323db3d2357de52,2ad858d9b9f684af4e52ad8b08ee3d76,delivered,2017-02-05 21:43:48,2017-02-05 21:55:08,2017-02-08 08:35:00,2017-02-22 11:14:06,2017-03-23 00:00:00
a9b1166b05c95760685adca729c66a40,66c5a61c8971f955bf22b0786fbf71ab,delivered,2017-02-05 21:46:05,2017-02-05 22:02:04,2017-02-08 13:24:26,2017-02-13 06:28:38,2017-03-15 00:00:00
27cbba95b3a45285af049060be4d4d10,8c76130743a337ebd61202a070670616,delivered,2017-02-05 22:01:30,2017-02-05 22:10:23,2017-02-06 11:51:51,2017-02-09 09:24:45,2017-03-07 00:00:00
91735aed391322fa8924dbce615566b8,333fabf7199b33b48f411eea84ebd4b7,delivered,2017-02-05 22:13:20,2017-02-05 22:25:10,2017-02-08 11:05:27,2017-02-13 13:37:59,2017-03-20 00:00:00
8c46c4b2bbf318ff31368bc87309662e,80326990ee607892a2a6c4c8baca53fd,delivered,2017-02-05 22:32:10,2017-02-05 22:42:00,2017-02-06 14:04:55,2017-02-16 14:22:49,2017-03-15 00:00:00
0df040f84e5295f7894177ffe53850b8,42b174e403eafb280aa18324cf21ca5e,delivered,2017-02-05 23:05:28,2017-02-05 23:15:11,2017-02-08 11:05:19,2017-02-14 17:05:24,2017-03-15 00:00:00
587d1c2d41167fd632fc7a7e6e6d03a4,0272a0e26ecc9271a51cd41921623e92,delivered,2017-02-05 23:12:12,2017-02-05 23:25:13,2017-02-13 15:22:51,2017-02-22 07:12:17,2017-03-03 00:00:00
0e4ac54a7cda0d985d64f8cba6f963ba,8c9acc84819fd7854bc541472f3479ec,delivered,2017-02-05 23:17:55,2017-02-05 23:30:11,2017-02-08 05:34:59,2017-02-15 09:32:18,2017-03-17 00:00:00
f7a13f20a5890267b58c194a333edfe9,b1a4f6469e0fddafd5397c86f8321874,delivered,2017-02-05 23:22:30,2017-02-05 23:35:14,2017-02-09 16:09:15,2017-02-15 12:42:20,2017-03-13 00:00:00
53d01d5ea7c4979fe175f37286263091,fbfa1608aed1d6338521b72305116529,delivered,2017-02-05 23:26:45,2017-02-05 23:35:14,2017-02-08 11:05:56,2017-02-23 20:45:54,2017-03-03 00:00:00
54c158b7244a2d0fcb90916d6b65ef61,0f117c111e7066f9c983a45fceeaa534,delivered,2017-02-05 23:31:24,2017-02-05 23:42:13,2017-02-07 16:15:00,2017-02-10 11:57:42,2017-03-03 00:00:00
97e63289be97b0d9bfd3fad99000f662,cccb28497c90b025d9edebd93eca48e2,delivered,2017-02-05 23:49:25,2017-02-06 01:05:35,2017-02-07 11:43:52,2017-02-20 13:07:44,2017-03-21 00:00:00
aa3e939d90791cb80173b38e4faf79a1,a879d50fdd72760d7cbc0b7a4fbd8a30,delivered,2017-02-05 23:52:09,2017-02-06 01:05:37,2017-02-13 12:23:46,2017-02-16 13:22:08,2017-03-17 00:00:00
d708b88543d7c2b7c9eb0b31864c8ca1,f60c95ed2b10ddd5ce8c6a25240edda9,delivered,2017-02-05 23:52:10,2017-02-06 01:05:37,2017-02-20 07:14:11,2017-02-23 15:07:38,2017-03-10 00:00:00
dbb31ed9185a040cb0e9c8fb4877e21f,237bfa0417d30f46fa793b5532739269,delivered,2017-02-06 00:25:15,2017-02-07 04:05:13,2017-02-07 14:49:35,2017-02-10 10:55:26,2017-03-06 00:00:00
c356d4dbafd1289aa49e2b0ed1d2fce9,3d6c9156fb11bd1b6951e23dfb0485ef,delivered,2017-02-06 00:33:42,2017-02-07 04:10:31,2017-02-07 11:35:32,2017-02-14 10:34:48,2017-03-06 00:00:00
511812fa8f384ecf987128b77cdfbc18,87f95f9915fdd883e0246ac6103b7176,delivered,2017-02-06 00:37:19,2017-02-06 01:05:38,2017-02-07 08:49:01,2017-02-09 15:25:01,2017-03-08 00:00:00
31112043c409fb9c7429a94904d314bd,7cba9d30b0b27d8d6ebf7a7a2a33aef1,delivered,2017-02-06 01:24:51,2017-02-07 06:50:18,2017-02-09 14:41:52,2017-02-14 14:27:10,2017-03-06 00:00:00
e121d5d3ae614bc7cbd5eddba13b16fc,c7c0ba6613929d7d0a82ef70a992a184,delivered,2017-02-06 06:40:56,2017-02-06 06:55:07,2017-02-07 18:14:44,2017-02-13 10:53:21,2017-03-03 00:00:00
c9677a4babf96837ee697317b7963a92,eb4322f80db384bab3386bbcb619ecc1,delivered,2017-02-06 08:13:13,2017-02-08 03:05:21,2017-02-08 13:49:31,2017-02-14 13:27:33,2017-03-21 00:00:00
5f2dbe00a1732133a6809ae1af554123,f7b1d4b064c31b564fd39ad8bcb7cbdc,unavailable,2017-02-06 08:18:30,2017-02-08 03:15:34,,,2017-03-02 00:00:00
1e9a53e194e98b64434abc52aeedae1e,a7565b77bb0f0894d7e42dc03ea3f850,delivered,2017-02-06 08:50:31,2017-02-06 09:02:08,2017-02-08 11:05:20,2017-02-20 03:25:56,2017-03-07 00:00:00
e95949c45d8dc1a2537b40b90346108e,97483c726a6efd0437639b0c0c4444ad,delivered,2017-02-06 09:29:52,2017-02-06 09:42:04,2017-02-07 10:05:50,2017-02-09 08:14:13,2017-03-06 00:00:00
90480b682af5c1a9c00cbbbc7ef9bda7,12e1b6d020b00c08afc46ec721e0160d,delivered,2017-02-06 10:13:04,2017-02-07 03:45:14,2017-02-08 17:15:31,2017-02-14 16:22:02,2017-03-03 00:00:00
540b7d70e38348c6a2412ede9e1f1f2a,7a0c9d6fc5dc65fa1da11959b167c952,delivered,2017-02-06 10:20:27,2017-02-08 03:15:26,2017-02-10 14:04:11,2017-02-14 08:54:47,2017-03-01 00:00:00
801bda1bc87e8484430a1ad75f51f128,3f0bb4c1fae52dfe92ff27372d2b0d67,unavailable,2017-02-06 10:21:37,2017-02-08 03:05:12,,,2017-03-03 00:00:00
969a2e70a6aea318567b09b1b165a52a,987f3e6341b00da1302e1b6867eda73d,delivered,2017-02-06 10:32:17,2017-02-06 10:42:13,2017-02-06 13:47:02,2017-02-15 16:11:43,2017-03-07 00:00:00
1dddc8e72eede911b9b36ff702a8f198,e19f65c224e33e06be44655f7d8a954f,delivered,2017-02-06 10:57:27,2017-02-06 11:05:22,2017-02-06 15:06:35,2017-02-14 14:15:10,2017-03-15 00:00:00
7d09e4056c3bfda6715955ee27a98e5d,40a0d357c320ac8ed09f3ea83e5aad0d,delivered,2017-02-06 11:06:15,2017-02-06 11:22:06,2017-02-07 15:53:59,2017-02-14 14:05:06,2017-03-03 00:00:00
b07a6274640ebe112c2180a18ea07b3c,8483b31f7dde87f8cbb3d04529df4c5b,delivered,2017-02-06 11:12:29,2017-02-08 03:10:40,2017-02-10 14:04:11,2017-02-17 09:35:41,2017-03-13 00:00:00
9fe67982918cf778dbf3cd0b582aff80,17e09ce22c71fb0e784051ca2901e7fd,delivered,2017-02-06 11:19:47,2017-02-06 11:30:13,2017-02-07 13:10:41,2017-02-15 08:21:54,2017-03-01 00:00:00
c9e893d2e32f6ca9988b30669eb71e5a,f56957527a53eaf4a716376e9fcbed7c,unavailable,2017-02-06 12:02:23,2017-02-06 12:10:26,,,2017-03-13 00:00:00
0c4d07bcd65a6ce95cbe8e8e228a98cf,30d6a066b7e76c8fd66610d4b36e891d,delivered,2017-02-06 12:15:34,2017-02-07 03:50:12,2017-03-15 10:07:50,2017-03-23 05:17:36,2017-03-03 00:00:00
5d8e9c0a711b826b72298f9abeb269cd,b21ff624eaefac438d7923cd142bd9c5,delivered,2017-02-06 12:19:55,2017-02-08 03:15:13,2017-02-08 11:41:17,2017-02-13 15:12:46,2017-03-01 00:00:00
4724d70419b2219c68e4ae60a03738f7,61cf203eb54db88ac8160700870481de,delivered,2017-02-06 12:20:35,2017-02-06 12:32:45,2017-02-09 04:13:53,2017-02-16 23:32:17,2017-03-01 00:00:00
5629fdbbd11b9755743ba8b8f517f8cc,410487a17df8bb033e4173a7ab925f66,delivered,2017-02-06 12:55:28,2017-02-06 13:10:34,2017-02-09 12:24:58,2017-03-10 15:12:42,2017-03-08 00:00:00
d5c48cad732a71a573e038e81d428c18,7c90e33e5d5f35063ed43b54a5957cdb,delivered,2017-02-06 13:09:46,2017-02-06 13:22:08,2017-02-07 16:51:49,2017-02-23 13:23:01,2017-03-17 00:00:00
88f2acef90e7ca305b8b5db51dd0be27,544bc20592fcfeb460e15c6f312bdf99,delivered,2017-02-06 13:11:31,2017-02-06 13:25:18,2017-02-06 15:35:54,2017-02-13 08:13:58,2017-03-03 00:00:00
1207b88243115c9eafb9931bc2d0b59d,08430efea96cbab3b50290167b85454e,delivered,2017-02-06 13:29:00,2017-02-06 13:42:17,2017-02-06 15:34:58,2017-02-16 09:43:51,2017-03-07 00:00:00
6b0918aeb353fa97d8df7b685c19e14f,81396cde975bc2d2d859247510aa71e0,delivered,2017-02-06 13:33:16,2017-02-07 03:55:34,2017-02-08 14:58:48,2017-02-15 10:38:42,2017-03-15 00:00:00
f5ffe8d91be29c41069321b0704e1a06,ee6607298affc3b56c7105a97e0fb218,delivered,2017-02-06 13:36:33,2017-02-06 13:50:15,2017-02-06 14:25:32,2017-02-13 17:18:55,2017-03-01 00:00:00
e3433a7caf6767057e8df08f1ac6d457,980b20bc28f32a212225725533892531,delivered,2017-02-06 13:41:28,2017-02-06 13:55:10,2017-02-07 10:36:19,2017-02-12 03:27:48,2017-03-15 00:00:00
de3fbfa556cedccc424406bcb5eaac96,308d634eb8b2e74f9b5bac996f0df5bc,delivered,2017-02-06 13:51:28,2017-02-06 15:15:10,2017-02-07 14:16:37,2017-02-09 13:25:07,2017-03-03 00:00:00
4a484c46ae5f093eca638e3c55d3dbc2,f09327112f642aef342574a73c0b3a40,delivered,2017-02-06 13:58:01,2017-02-06 14:05:18,2017-02-08 11:41:21,2017-02-23 13:44:49,2017-03-01 00:00:00
3f3e01f29d25bb2e62be81659113d44e,7843aa39f0f40f21f3ef45e89053c7ce,delivered,2017-02-06 14:02:03,2017-02-06 14:10:16,2017-03-08 15:34:12,2017-03-13 10:52:40,2017-03-13 00:00:00
0ca8aabee13c6aada48490f516f823a3,37857fbc4d1b163702cce51ba6252a6f,invoiced,2017-02-06 14:12:10,2017-02-06 14:25:16,,,2017-03-27 00:00:00
ba410d3716d84da98d4c313d16b13bf4,b72f83ceb50b170acce9cf406fde5f00,delivered,2017-02-06 14:19:04,2017-02-07 04:10:34,2017-02-08 08:35:00,2017-02-15 13:43:56,2017-03-15 00:00:00
c253cb678b5c3b8e8c9a13fc97d8e7f5,1fd5eaabb77d2652f4eda8149dac021a,delivered,2017-02-06 14:31:27,2017-02-06 14:41:18,2017-02-07 07:59:49,2017-02-14 13:41:46,2017-03-13 00:00:00
73aca43a4a4709c819920271b2743341,83ed4f17f63c452ca60253582bd3553e,delivered,2017-02-06 14:38:16,2017-02-06 14:50:18,2017-02-07 08:53:56,2017-02-21 06:31:49,2017-03-13 00:00:00
59695116e3986b9eb1eb35d5d74e728b,aa2a149c3d5e95e6fac7d1cc6bd8fd27,delivered,2017-02-06 14:49:45,2017-02-06 15:02:35,2017-02-07 11:23:03,2017-02-16 13:29:06,2017-03-09 00:00:00
6fccc57f4270cc3628193bd168efc780,84e9789e0b6dc1bfcf333d8e9f92826d,delivered,2017-02-06 14:54:29,2017-02-08 06:50:57,2017-02-08 09:04:43,2017-02-16 11:08:37,2017-03-23 00:00:00
033a79557b0d234035b38da3be948574,c4d145f0b58cc33b0c5a5a21e2ee6c4e,delivered,2017-02-06 14:56:20,2017-02-06 15:05:24,2017-02-07 10:49:58,2017-02-17 18:17:51,2017-03-27 00:00:00
3ee8494bb94ea023beadcd0783c9d8d7,9cd516c73a329f061611ae45ecbbe580,delivered,2017-02-06 14:56:21,2017-02-06 15:05:27,2017-02-14 10:28:00,2017-02-20 19:37:51,2017-03-27 00:00:00
fa6d3eb110ceb1c2b98c7d158c6d1671,7959f0273106fae265f111d071c1fbfa,delivered,2017-02-06 14:56:42,2017-02-06 15:05:25,2017-02-07 14:43:50,2017-02-13 07:15:09,2017-03-06 00:00:00
0a59027d2270c523a10d1c29e6c53a71,5e168bceb0efacd860ad767bb6f4e41a,delivered,2017-02-06 15:02:59,2017-02-06 15:10:20,2017-02-15 15:34:22,2017-02-21 17:13:59,2017-03-03 00:00:00
ab29316ca52a6f49c3e55b77c1d6e4bb,265eaebad135d379c092f5a86012533e,delivered,2017-02-06 15:23:54,2017-02-07 03:55:23,2017-02-07 11:26:39,2017-02-14 11:37:40,2017-03-15 00:00:00
533e104c4193cf07d264603f7800fb71,2f95fc8f86679d432d77e9d0316fac48,processing,2017-02-06 15:33:57,2017-02-06 15:42:27,,,2017-03-03 00:00:00
46c22ce0488991c798933effd2b57574,d022cc2c5b40e84f1c19866f337c7a68,delivered,2017-02-06 15:43:18,2017-02-06 15:55:38,2017-02-08 15:48:44,2017-02-20 17:08:04,2017-03-03 00:00:00
b8afeb65bbea252eef3d4a2845dfd6ab,b5c31aca67859c379f337d6c95cb37a2,delivered,2017-02-06 15:58:15,2017-02-06 16:05:32,2017-02-07 16:33:54,2017-02-13 19:47:26,2017-03-03 00:00:00
a48abf79f4b815add190fb96a34c058d,28d348bde67f80e5b6427e06648e0d59,delivered,2017-02-06 15:59:04,2017-02-06 16:10:20,2017-02-07 08:34:55,2017-02-14 14:12:05,2017-03-13 00:00:00
d7adae346e57bdec9293128a1130a183,1edfcdc4a172cc6fc9e97a8e42ca5071,delivered,2017-02-06 16:00:46,2017-02-08 03:23:20,2017-02-13 16:13:05,2017-03-02 15:15:26,2017-03-20 00:00:00
7419d74066b299f2c4c8640ce5fa8e7d,f1ddb964ad9968d0648753d7970799de,delivered,2017-02-06 16:37:37,2017-02-06 17:41:25,2017-02-07 08:44:48,2017-02-13 09:24:03,2017-03-07 00:00:00
42a5f0ddbf1e377e7d31ef5957b62c0a,eb67e9bd3357fbacdbef99759f919573,delivered,2017-02-06 16:49:19,2017-02-06 17:02:40,2017-02-09 10:53:47,2017-02-11 12:38:56,2017-03-01 00:00:00
a83c50dc6af9424ae926506ebac55807,32e5a91de170f83d02e01af03c9179a0,delivered,2017-02-06 16:57:03,2017-02-06 17:05:18,2017-02-13 16:13:05,2017-02-21 11:23:39,2017-03-10 00:00:00
5ffc7455c07cb79260d36024277e417a,8edf9775ff2d85510096c409785457a3,delivered,2017-02-06 17:02:13,2017-02-06 17:15:06,2017-02-07 05:09:29,2017-02-21 10:57:37,2017-03-17 00:00:00
b01daae956b23211a3dd59e8c287ca32,6e9928253a51ce8d2956f25f2e5374ec,delivered,2017-02-06 17:06:39,2017-02-06 17:22:08,2017-02-09 10:45:39,2017-02-15 15:54:43,2017-03-03 00:00:00
1972a123466d40a62224630f7d0de530,0f41a66a477328c778e98eacb6a6867b,delivered,2017-02-06 17:06:53,2017-02-06 17:22:07,2017-02-13 14:53:42,2017-02-17 21:37:42,2017-03-27 00:00:00
fe51db9ff7a67edc7468c14e0a2e9aa1,7247106f634d1730b57da177148bbc0f,delivered,2017-02-06 17:10:51,2017-02-06 17:25:17,2017-02-20 16:34:13,2017-02-23 17:27:35,2017-03-15 00:00:00
5c3bb82274055ac07677d2c80c6b3a7a,eed5e42231dd2c89acb4869f70b64abe,delivered,2017-02-06 17:13:06,2017-02-06 17:25:15,2017-02-15 15:34:22,2017-02-17 12:12:22,2017-03-03 00:00:00
21ccfd8ee777c40d2407604c5ddd2db1,d8ffafcca7e2d9ee5d8e7cbd7a2eb524,delivered,2017-02-06 17:56:25,2017-02-06 18:05:23,2017-02-08 11:07:43,2017-02-21 16:57:45,2017-03-03 00:00:00
fe590d6e861c13a9b394a9d3775b07d7,b3b02ff03c556839d91070f207188bdd,delivered,2017-02-06 18:02:01,2017-02-06 18:10:19,2017-02-08 11:38:01,2017-02-21 17:22:09,2017-03-13 00:00:00
c96eb9c4da11e7df402259beeb330f15,e36a9aa169049e117a9f775f945bc6ca,delivered,2017-02-06 18:57:19,2017-02-06 19:05:21,2017-02-07 11:06:24,2017-02-09 09:13:58,2017-03-01 00:00:00
013bc5ce14f856d31efc8bebdc3a278f,f8fc70c22831cb93f1bf7f8eefa19765,delivered,2017-02-06 19:12:50,2017-02-06 19:25:19,2017-02-10 14:04:06,2017-02-14 09:07:36,2017-03-13 00:00:00
cdf7a96f7174972cf5aea7f6225ff799,60c74a8ab6f5911849bcad1ea24e4052,delivered,2017-02-06 19:24:54,2017-02-08 03:22:56,2017-02-09 09:34:17,2017-02-14 17:23:31,2017-03-01 00:00:00
a8c012ba7d95bd2d15f666681f19c146,b55866a8482ea8bcc889756ed34cc80c,delivered,2017-02-06 19:47:10,2017-02-06 20:02:12,2017-02-07 11:27:02,2017-02-13 15:05:42,2017-03-03 00:00:00
29656da67c9da8377949302afdef7c69,a148e2b4c1e1cb2caa7a4ac90df90d23,delivered,2017-02-06 20:09:07,2017-02-06 20:22:08,2017-02-08 17:27:24,2017-02-13 23:57:41,2017-03-03 00:00:00
d0240bcff59b720e55a2fc2c74344b6f,09f758f6da558eae5292b1a7718518b2,delivered,2017-02-06 20:11:26,2017-02-07 04:10:42,2017-02-07 13:22:29,2017-02-10 10:34:45,2017-03-15 00:00:00
a2e4c44360b4a57bdff22f3a4630c173,8886130db0ea6e9e70ba0b03d7c0d286,approved,2017-02-06 20:18:17,2017-02-06 20:30:19,,,2017-03-01 00:00:00
492e7cf9df2e0665bd893b5cbbcca6a3,a3fb21cb5ef07072669662f3850adfc1,delivered,2017-02-06 20:25:50,2017-02-08 03:15:18,2017-02-09 13:57:28,2017-02-13 08:53:54,2017-03-07 00:00:00
845f40bea2ead3894b6d95b621e108c0,9e3eaa4b238d6102e6e49c919187e222,unavailable,2017-02-06 20:27:06,2017-02-06 20:35:18,,,2017-03-07 00:00:00
4c701da56bc7e10f17d06fcbe6d1d070,99a0025b7ffeb94cdc8b13344e0fbf0b,delivered,2017-02-06 20:51:09,2017-02-07 04:10:37,2017-02-08 15:48:43,2017-03-01 08:37:46,2017-03-03 00:00:00
9a3956da42c0f49603a35e901b6e1fab,621924fa61a8414c52e2bac7d2c036b9,delivered,2017-02-06 20:54:37,2017-02-08 03:10:30,2017-02-08 09:53:45,2017-02-16 13:32:34,2017-03-01 00:00:00
7d960d3f481b040257655876b44e79bc,84afdd359b5f71559512a1316f1fac16,delivered,2017-02-06 21:11:50,2017-02-08 03:15:12,2017-02-13 01:52:17,2017-02-16 04:14:54,2017-03-01 00:00:00
6b07198fae1bb61de16e845a92fc876f,92932704db71729a8f947b9ffdce4c99,delivered,2017-02-06 21:14:15,2017-02-06 21:25:13,2017-02-13 14:14:57,2017-02-17 12:11:59,2017-03-15 00:00:00
103a6df3372464e08e529f7d888a48f6,7a9915a7ff0cd1ba1f13318f84d1a7f2,delivered,2017-02-06 21:16:29,2017-02-07 21:22:39,2017-02-08 15:14:40,2017-02-17 17:58:56,2017-03-03 00:00:00
f611b669f06123c801cb15f4af16ac14,e0db23438c1fcbcc82885a1ce40b0bfc,delivered,2017-02-06 21:45:30,2017-02-08 03:25:25,2017-02-08 09:53:45,2017-02-17 11:52:03,2017-03-09 00:00:00
a978d6eb16b0dd287c64cf99680c15e9,033c0ab40161f39cabba89a415feffaa,delivered,2017-02-06 22:02:37,2017-02-06 22:15:13,2017-02-07 08:44:50,2017-02-20 16:42:25,2017-03-27 00:00:00
9d70de973b8b083b57fc62f12634f914,0c2f74f093d807cf61e0efa724e6978e,delivered,2017-02-06 22:25:58,2017-02-06 22:35:20,2017-02-07 14:55:23,2017-02-21 12:33:37,2017-03-15 00:00:00
4ba4f54f9d165d6e980bdfdf8b4c4d11,c26bb02989b33808d6c78a387f27fd34,delivered,2017-02-06 22:29:01,2017-02-06 22:35:20,2017-02-07 09:39:44,2017-02-13 11:07:47,2017-03-07 00:00:00
eee77f4b54ff5aeb0312aa795fb9914c,f62be7ad24b3143213c452bb0cc9e92c,delivered,2017-02-06 22:44:52,2017-02-06 22:55:12,2017-02-10 16:15:40,2017-02-17 20:16:51,2017-03-03 00:00:00
973f596fdd2295f00754dd37ab7eb684,01cc68904d33964bd2e7bd52d10efe18,delivered,2017-02-06 22:47:03,2017-02-06 22:55:13,2017-02-10 15:27:04,2017-02-15 04:35:01,2017-03-01 00:00:00
e488cc26536e9d4857ff7e4605f3220d,179b6269e3312a52257e0ae40dc5e976,delivered,2017-02-06 22:48:50,2017-02-06 23:02:37,2017-02-08 11:05:19,2017-02-21 09:21:38,2017-03-21 00:00:00
e2d9d1ca77005d8626107e6d9da6ee63,1a39f03ab9c2ad4470f8c49d97cbd6a5,delivered,2017-02-06 22:54:50,2017-02-06 23:05:18,2017-02-07 13:13:34,2017-02-14 12:17:35,2017-03-01 00:00:00
8a2c407ae60a30f282158e16de83fc2c,c6a89478b34864ed2e5f3415a1195b7e,delivered,2017-02-06 22:56:55,2017-02-06 23:05:20,2017-02-07 08:42:56,2017-02-13 08:55:25,2017-03-15 00:00:00
21cf778cbc216b501945041921a3aed5,b4901835738908705ce4aa9c22ef91c4,delivered,2017-02-06 22:59:02,2017-02-07 22:15:13,2017-02-08 15:15:23,2017-02-09 14:48:45,2017-03-01 00:00:00
ccf15697e8a9c460dd3bab4f04270c9b,32599113e562d6ae53ad21e37b74e748,delivered,2017-02-06 23:01:32,2017-02-06 23:15:09,2017-02-16 09:37:13,2017-02-21 05:51:46,2017-03-03 00:00:00
520ec98515a0d6965012dfffa92f9e27,7ec9ea9d385e8c923d17aa2871c020dd,delivered,2017-02-06 23:05:26,2017-02-07 23:10:20,2017-02-08 10:28:04,2017-02-15 14:33:54,2017-03-03 00:00:00
89aabb395bd3e6f5778b44a5aa2ef6ff,46aa2c4ba592ef26df10b2ff62e349d8,delivered,2017-02-06 23:05:54,2017-02-06 23:22:38,2017-02-07 08:42:52,2017-02-20 15:28:05,2017-03-21 00:00:00
ccc1002577e950545f551f79bd3cf01c,32d25ac5f3d559286b86e09cabb57895,delivered,2017-02-06 23:31:18,2017-02-06 23:45:16,2017-02-07 14:24:59,2017-02-17 15:34:04,2017-03-13 00:00:00
f97ce00d14a023fd79a2db6216c031db,877d667faa33c5ddb4659f8616d01528,delivered,2017-02-07 00:16:04,2017-02-08 03:05:22,2017-02-13 08:12:04,2017-02-22 17:17:34,2017-03-08 00:00:00
ecb1a8e8b5c6316fe7891f7b556fee28,e14de304ff77ad69b22fc75b5e6c9e69,unavailable,2017-02-07 00:18:03,2017-02-08 03:25:31,,,2017-03-16 00:00:00
cf3089965e7fe7e02e86563c98a01ff4,4a505688cbfaf6d868261d49b7dde27d,delivered,2017-02-07 00:31:15,2017-02-07 01:05:44,2017-02-08 08:37:38,2017-02-13 11:41:49,2017-03-02 00:00:00
c1218dcc236c1b2e5d2e9e4313127c0b,ec815a810b4150fe560a510d40c1258d,delivered,2017-02-07 01:47:42,2017-02-07 02:03:14,2017-02-10 13:37:40,2017-02-15 12:12:00,2017-03-07 00:00:00
4374c08bd3d2b8f7639e0704d80c0407,87cce80a2b8cb524f7ff411bdc22e2b4,delivered,2017-02-07 07:02:23,2017-02-07 07:15:13,2017-02-09 12:31:22,2017-02-14 12:57:25,2017-03-07 00:00:00
2574da49ef376d653823449846a42733,2d0119f39e113e04b09401c98db810e7,delivered,2017-02-07 07:51:14,2017-02-07 08:22:55,2017-02-08 10:46:38,2017-02-14 11:17:36,2017-03-06 00:00:00
e909df6bbac7fafee9713f25cd6913cf,b0bde8961b359e3e4840c9327862f43e,invoiced,2017-02-07 08:19:35,2017-02-07 08:30:22,,,2017-03-22 00:00:00
9d7737b250ca12ae1e89ef38f2e5d213,ca17d4fd424a130fa7a57e5465939eb1,delivered,2017-02-07 08:25:08,2017-02-07 08:35:20,2017-02-13 16:16:59,2017-02-16 16:53:50,2017-03-14 00:00:00
a6254817fe719457b22250e3cd2eb2ad,d3d6c763908df46d621bb82bd6f3b550,delivered,2017-02-07 09:06:33,2017-02-07 09:23:09,2017-02-10 14:04:13,2017-02-14 15:27:30,2017-03-02 00:00:00
2a9d70160f5851dffc39e01a5486fb62,bf06992fd27d8a0a950104151b8ca61e,delivered,2017-02-07 09:07:17,2017-02-07 09:23:11,2017-02-10 12:09:13,2017-02-14 13:49:03,2017-03-14 00:00:00
4fea2d9b1556c6f36a21a75b5ba71246,847077d28012353a648c9d346ea87d3d,delivered,2017-02-07 09:20:01,2017-02-08 03:23:05,2017-02-08 10:29:41,2017-02-16 07:22:26,2017-03-06 00:00:00
3d24c492f9555a79d4d6fd3a22fbee1f,6333aca7e61257c54c206cecc84559ce,delivered,2017-02-07 10:05:43,2017-02-08 10:15:10,2017-02-08 11:45:34,2017-02-13 16:37:38,2017-03-02 00:00:00
0ddc3630cc5cb4fe371db7a299839ec6,9e977b00515e6b110e1dd5af225417b9,delivered,2017-02-07 10:07:01,2017-02-07 10:23:01,2017-02-07 11:24:45,2017-02-13 11:15:16,2017-03-02 00:00:00
10dd6db4f61345e5fdaeebc10db28a72,a45285dc686a4d9cefd4fd1c886e3689,delivered,2017-02-07 10:07:57,2017-02-07 10:25:19,2017-02-09 14:41:53,2017-02-23 08:21:48,2017-03-07 00:00:00
e9977cc6d0f97447ef0f4fcc2e082fc8,9434d806ad79343f0380e4c9d87453bb,delivered,2017-02-07 10:26:05,2017-02-07 10:43:31,2017-02-15 14:21:10,2017-02-21 14:47:32,2017-03-06 00:00:00
b85614e04ee9ee71f2632faf63ff3ac9,e0228d0d1af80aa872001373c79171df,delivered,2017-02-07 10:43:31,2017-02-07 10:55:22,2017-02-07 15:34:08,2017-02-14 14:05:13,2017-03-09 00:00:00
f0eaef1006347966bb8d9df149b7fb69,3b099363e91e8a8de4ffba2428a1461a,delivered,2017-02-07 11:08:23,2017-02-09 02:55:32,2017-02-20 16:34:11,2017-03-03 08:48:59,2017-03-23 00:00:00
ee0accd3922fa553a94aa7e875eba499,fd7869d321d9f3267c7af012dbb2a737,delivered,2017-02-07 11:11:30,2017-02-07 11:23:15,2017-02-09 09:50:07,2017-02-13 13:11:38,2017-03-07 00:00:00
0497899302217e8f8ea8645ac33c1882,aad20e68b92b9d5989bb98698bec41d1,delivered,2017-02-07 11:21:12,2017-02-07 11:30:17,2017-02-07 14:38:37,2017-02-16 07:59:59,2017-03-15 00:00:00
683076b91bcaf79259334f6aa80d41a3,58cd1c5b5fc40c1bc3448b6bae54f34b,delivered,2017-02-07 11:32:53,2017-02-09 02:43:17,2017-02-10 07:07:57,2017-02-13 11:09:14,2017-03-10 00:00:00
0b2942062fff77e603cf4837c421e9a5,c59308d2a8b807a93f3a7d00e9f2b222,delivered,2017-02-07 11:34:57,2017-02-07 11:45:14,2017-02-09 10:23:44,2017-02-14 16:53:49,2017-03-08 00:00:00
7ca4e50d72a12009d398a335125b4871,0f9863eaf7169595f5a7699580ea5695,delivered,2017-02-07 11:44:41,2017-02-07 11:55:23,2017-02-08 11:29:50,2017-02-14 11:47:50,2017-03-16 00:00:00
f6b0fadc7a8c63ec71d0336d21b8c630,4983427c555cd0025849dec979ef3a0a,delivered,2017-02-07 11:52:04,2017-02-07 13:05:40,2017-02-07 14:43:52,2017-02-14 12:35:45,2017-03-08 00:00:00
dc70f94b8e8d37fbd4fbc0e31a008175,e60906c4373d225f252b1993a11feaf0,delivered,2017-02-07 11:53:46,2017-02-07 13:05:49,2017-02-10 13:37:40,2017-02-17 17:57:41,2017-03-15 00:00:00
642b02cc49a41f1a1edfcad2d7222c3c,5f19c4244489d622370b549055182a73,delivered,2017-02-07 11:58:19,2017-02-07 12:30:36,2017-02-08 10:29:45,2017-02-12 12:24:07,2017-03-02 00:00:00
7f97f025c45cac922275120fdee4e062,695449e690b9ed39a1afa2dc5f3e900f,delivered,2017-02-07 12:01:07,2017-02-09 02:43:09,2017-02-10 14:04:07,2017-02-17 17:06:01,2017-03-02 00:00:00
fac9ad2862283f6ebbb3c67abc842db6,edc71b62253484eedad052d49feca6a2,delivered,2017-02-07 12:25:03,2017-02-07 13:05:21,2017-02-08 05:35:00,2017-02-10 11:09:20,2017-03-02 00:00:00
a37d74c80da3b0cbd44c246918d31ea8,f427a18519274b4ab884dfb90119300d,delivered,2017-02-07 12:28:07,2017-02-07 13:05:19,2017-02-07 14:43:50,2017-02-16 08:26:24,2017-03-03 00:00:00
ef923bbb28876cc2a8e00a7ebc1a52f8,5dff5fe82f3bfdc45f07589a4f73bb3e,delivered,2017-02-07 12:35:29,2017-02-07 13:05:32,2017-02-08 11:29:54,2017-02-15 16:27:33,2017-03-16 00:00:00
2d5ec2229b5850cfe5032ee2b0e073ec,994d70253505b439604a18d57b82a43f,delivered,2017-02-07 12:46:44,2017-02-07 13:05:51,2017-02-10 08:02:45,2017-03-06 04:44:47,2017-03-24 00:00:00
f21167a5141522821d54a766a2a54ce4,b0a36c4a0a2bff86d12b4eeee99bf958,delivered,2017-02-07 12:47:52,2017-02-07 13:05:51,2017-02-08 16:16:44,2017-02-17 17:42:03,2017-03-02 00:00:00
65357d7465edecb310d5cfd8551f87a2,a786100ee43299742402a4b3638857fc,delivered,2017-02-07 12:53:24,2017-02-08 03:15:29,2017-02-08 12:03:49,2017-02-10 09:51:35,2017-03-02 00:00:00
4a0401b9ac45b7c8c801fe5db8855bff,1850b26764c41f4bcbb60581eb918424,delivered,2017-02-07 13:15:29,2017-02-07 13:25:15,2017-02-08 15:53:45,2017-02-17 16:28:52,2017-03-06 00:00:00
f125b6371382cc34b5bcdd6405152d86,3c6764e3907fcdeaff4dc57c74c05a24,delivered,2017-02-07 13:27:56,2017-02-07 13:42:29,2017-02-08 12:38:57,2017-02-11 04:32:35,2017-03-06 00:00:00
87bced03e631b959304311f077bfbe31,d2d7f7fc293b9394c24bea4a21d7cf12,delivered,2017-02-07 13:36:45,2017-02-07 13:50:15,2017-02-08 10:44:38,2017-02-13 16:05:34,2017-03-02 00:00:00
a93bb13e55f292aa026428dd42bd1565,c300b72ded887db4868c8df1a1923ffe,delivered,2017-02-07 13:37:43,2017-02-07 13:50:14,2017-02-17 07:12:02,2017-02-23 15:39:19,2017-03-21 00:00:00
8f527e48221d505b8224a9b04749f319,83340e4b205bf32a8e3d5b7d02be5dbf,delivered,2017-02-07 13:50:56,2017-02-07 14:03:08,2017-02-10 05:55:39,2017-02-15 11:35:53,2017-03-09 00:00:00
92ab8a19c1116e567a86ebdefeaa96af,c37295cdbe08276517e2f4ea77bd85eb,delivered,2017-02-07 13:56:36,2017-02-07 14:10:12,2017-02-13 09:05:55,2017-02-17 08:40:29,2017-03-13 00:00:00
b3c8fc1049e54f4c7ab9340db821a4b9,ac5446c8015d744e1e3b3be6e6ddaeef,delivered,2017-02-07 13:57:24,2017-02-08 03:23:00,2017-02-08 09:38:54,2017-02-15 14:15:48,2017-03-16 00:00:00
6706f390222e7bc202b12f387ecd6e29,ad5867d5cd9e1efda226a9b6fba182ae,delivered,2017-02-07 13:59:49,2017-02-09 02:50:11,2017-02-10 14:17:49,2017-03-01 09:03:41,2017-03-08 00:00:00
20127339dd8d9c579830783e565b4fd8,b4fa94736ab408774c4f9c5f86daa818,delivered,2017-02-07 14:00:04,2017-02-07 14:10:14,2017-02-07 14:29:54,2017-02-09 13:12:19,2017-03-02 00:00:00
dcefbcc0abf928c96a94c20fdae4e85d,e42c9ae9146df4772428a04c0a3f5068,delivered,2017-02-07 14:17:43,2017-02-08 03:10:16,2017-02-08 13:56:25,2017-02-21 12:17:55,2017-03-06 00:00:00
b9e69989a006047e2c8ee665b51b10db,21dd1ac1e4a720eb485542edce3b99cb,delivered,2017-02-07 14:24:33,2017-02-07 14:42:07,2017-02-08 15:16:09,2017-02-15 11:09:08,2017-03-14 00:00:00
a59fd1b51d1198a8845cfb665209ea4d,db385be90c817dcb9a73ddcc0b88be79,delivered,2017-02-07 14:24:45,2017-02-07 14:42:12,2017-02-08 14:02:56,2017-02-11 15:35:49,2017-03-16 00:00:00
ea6a496329b06f8ef26ff21eb61998f9,42a5fcbbdad65719b297e30533cdfcfa,delivered,2017-02-07 14:26:30,2017-02-07 14:42:08,2017-02-08 17:37:43,2017-02-13 13:03:19,2017-03-06 00:00:00
ef8c0e8009daa5ba8b92359799980139,6fdf1309d22d779b57f60c34222d724c,delivered,2017-02-07 14:36:30,2017-02-09 02:50:22,2017-02-14 10:27:59,2017-02-20 11:44:13,2017-03-16 00:00:00
705bc68dd9abcfe7d39ecf21e897a250,d8b96ce90eca97230eacd6cde064599d,delivered,2017-02-07 14:56:25,2017-02-08 03:10:14,2017-02-08 11:42:21,2017-02-16 15:27:50,2017-03-10 00:00:00
fae508e3ea9697ecb70c66eca76f4b63,c3482ff6a57386fb93da1cfed67d1aad,delivered,2017-02-07 15:19:05,2017-02-07 16:25:17,2017-02-09 11:28:51,2017-02-15 16:07:36,2017-03-21 00:00:00
98e38b5d59b358aaf4d5a08ca9814883,6060d9a57cf9e44fa54a5034481e458d,canceled,2017-02-07 15:25:41,2017-02-07 16:30:10,,,2017-03-06 00:00:00
66cd3a1c2edd13d9da86b50aca9e3d32,1a72bada5214567decd50b77bfaa22b6,delivered,2017-02-07 15:29:07,2017-02-08 03:10:26,2017-02-09 05:51:44,2017-04-04 14:34:55,2017-03-08 00:00:00
60c75f7dd1ec49e06e204e2a86f0720a,9829c71399f3fb5b29d584b83a099775,delivered,2017-02-07 15:42:51,2017-02-07 15:55:17,2017-02-09 07:11:35,2017-02-16 19:04:14,2017-03-20 00:00:00
18eb75d1fa1fc1168de2bb0c4aa6dfd6,d3dbc41e6eaa97ba63d3d18a3860cba1,delivered,2017-02-07 15:46:30,2017-02-07 15:55:19,2017-02-13 15:05:05,2017-02-23 13:42:04,2017-04-04 00:00:00
7faec2979809e2590815b95ff2d7c3ca,e25e6ee39ce79eeff6b4927b86571759,delivered,2017-02-07 15:46:53,2017-02-07 15:55:20,2017-02-08 16:14:05,2017-02-13 19:42:18,2017-03-14 00:00:00
c5dd7d8ff84739ecc6526d97ee22f784,d5ef627c0311f0bf2fe4488c8922d438,delivered,2017-02-07 15:46:54,2017-02-07 15:55:20,2017-02-08 16:14:06,2017-02-13 19:42:18,2017-03-02 00:00:00
2a940654991b7eaeb541171e5e1d497f,03fe220603b22a09e5114a70616b9c66,delivered,2017-02-07 15:48:56,2017-02-08 03:10:14,2017-02-08 10:46:36,2017-02-17 12:47:31,2017-03-08 00:00:00
fdc45e6c7555e6cb3cc0daca2557dbe1,27f584b0f1dc4e610065c240f68b6be0,delivered,2017-02-07 15:49:16,2017-02-07 16:02:44,2017-02-08 10:04:37,2017-02-22 12:45:04,2017-03-24 00:00:00
32a7f2fa7d1b798b72a117f24095efd4,aa86a2174dde0b98dce3fab52890ca9b,delivered,2017-02-07 16:04:21,2017-02-07 16:15:15,2017-02-08 13:03:38,2017-02-13 05:51:39,2017-03-09 00:00:00
63902aae1ab37f12ba6aa2b6d21a0634,cc9e69978aa877c0442093a193254a67,delivered,2017-02-07 16:34:23,2017-02-07 16:45:18,2017-02-08 10:29:37,2017-02-20 12:21:39,2017-03-06 00:00:00
06f4be78b76ba6a42605efa4ce7544d7,24f68e18ddb48a182d88e0fe261776c1,delivered,2017-02-07 16:34:29,2017-02-07 16:45:19,2017-02-21 05:11:57,2017-02-24 14:21:39,2017-03-15 00:00:00
e54493dea108e0cb48f3571e1249d418,446f3fb430933df5a26345961abf84a0,delivered,2017-02-07 16:47:27,2017-02-07 17:02:47,2017-02-09 07:25:55,2017-02-13 10:21:41,2017-03-06 00:00:00
a1031a3fcd990edb954ba03274a2c39d,21cfe8ae0bbbc0853ed7b1532f3dd7ea,delivered,2017-02-07 17:03:30,2017-02-07 17:15:20,2017-02-09 09:19:14,2017-02-13 11:21:48,2017-03-10 00:00:00
f96ae3b7b3fa4a0b2644a183d6cb620d,091f379e0aa95540e88e00f455738fd6,delivered,2017-02-07 17:12:52,2017-02-07 17:25:24,2017-02-09 09:34:16,2017-03-03 11:45:40,2017-03-20 00:00:00
d35303da51fb552fc8fff1ff2757e44b,175695533829b464c7dc6ef7e8bed003,delivered,2017-02-07 17:16:26,2017-02-08 03:10:41,2017-02-09 04:12:04,2017-02-15 16:32:19,2017-03-20 00:00:00
a41b16eb820cfb62112086ea0a18dee5,39e4013ce7f84e30b415075f87f5240f,delivered,2017-02-07 17:16:39,2017-02-07 17:25:18,2017-02-08 15:14:57,2017-02-20 16:03:07,2017-03-08 00:00:00
960ebed19a1d45c40c1ab0ed4dc03ebc,2eeba831771fb92a3076f148c090cc28,delivered,2017-02-07 17:18:57,2017-02-07 17:30:11,2017-02-10 14:42:51,2017-02-14 09:42:04,2017-03-16 00:00:00
71d85c2db870a3606e1ef292aec2d5b0,7c81a72e2604e2e4d33c3d3757596c44,delivered,2017-02-07 17:24:22,2017-02-07 17:30:14,2017-02-08 10:42:47,2017-02-21 11:26:10,2017-03-30 00:00:00
127b06830315a6224e76085943d1f565,71485e6aff99d0b5b003caf08e17829f,processing,2017-02-07 17:57:14,2017-02-09 02:43:28,,,2017-03-20 00:00:00
c72727d29cde4cf870d569bf65edabfd,964253ff0e4e08180064764a450e521f,delivered,2017-02-07 18:01:15,2017-02-09 02:50:07,2017-02-10 05:32:55,2017-02-14 14:27:45,2017-07-04 00:00:00
fcb5c3253dca0627badc4dc2d5a9c988,a930629079c8fab9993fd5eedf12de02,delivered,2017-02-07 18:06:18,2017-02-07 18:15:16,2017-02-08 09:38:54,2017-02-16 13:15:02,2017-03-08 00:00:00
94a71bedec852e752e86d530d03d6061,c0883596c39dea12f6d9de1259fc0517,delivered,2017-02-07 18:31:57,2017-02-08 03:10:21,2017-02-09 14:38:45,2017-02-21 13:34:58,2017-03-20 00:00:00
7f14c64f7f48c0243c290e47dd51cfeb,52bbcd77f9b3c2757972b8c3eaac929e,delivered,2017-02-07 18:31:58,2017-02-08 03:10:22,2017-02-09 14:38:44,2017-02-21 12:47:59,2017-03-07 00:00:00
b53a9de5d97ba2bdb4053685fb09446a,1a419460caa1db06caffab0a3299514e,delivered,2017-02-07 18:32:13,2017-02-09 02:45:48,2017-02-09 09:44:17,2017-03-02 13:44:15,2017-03-08 00:00:00
d8b5366d0c46b7a7f33831b486b0af9b,6bffbe15492bf7be799ed4fda9529f56,delivered,2017-02-07 18:36:33,2017-02-07 18:45:12,2017-02-09 10:51:38,2017-02-15 16:14:45,2017-03-09 00:00:00
ea8dfcfa112dd9df068022a643e58a22,f783bb6d6728b05cb674fc6709a56302,delivered,2017-02-07 19:06:47,2017-02-09 02:50:10,2017-02-09 15:48:45,2017-02-17 16:52:43,2017-03-20 00:00:00
c3228fb3eec33bd6bdb6259cda52759d,b398477a817451216f8913ce45a1a2a7,delivered,2017-02-07 19:09:08,2017-02-07 19:22:21,2017-02-10 10:11:44,2017-02-16 16:54:06,2017-03-06 00:00:00
6ab63ddaa43a0adec6b62f06e9128af2,dbc9cbb74d25c5c2c1457fbd64f0ba57,delivered,2017-02-07 19:15:56,2017-02-07 19:25:12,2017-02-08 09:38:54,2017-02-16 12:54:56,2017-03-08 00:00:00
e6b3a4b18f4aa0958228e833f2927c30,f822ca093818862741351da642ef501d,delivered,2017-02-07 19:27:58,2017-02-08 03:15:39,2017-02-08 15:36:39,2017-02-10 13:22:41,2017-03-20 00:00:00
3b8a3138cb95908731feea1a6e456ecc,895dc6310e03a3a99b01e8224e7086a5,delivered,2017-02-07 19:37:14,2017-02-07 20:42:19,2017-02-09 15:48:14,2017-02-16 10:57:31,2017-03-14 00:00:00
749c1e78ae991da38b61c92f926ab6e7,7224ce4000539b85758bdae0e06fb611,delivered,2017-02-07 19:41:56,2017-02-07 19:50:19,2017-02-08 08:10:26,2017-02-17 18:05:13,2017-03-10 00:00:00
1297e99de06a5ee4ea9c4b403fa8831b,5d5f4314bd3d8f1d64addd338404fa61,delivered,2017-02-07 19:44:09,2017-02-09 02:42:54,2017-02-09 12:24:57,2017-02-20 15:05:10,2017-03-15 00:00:00
ac0b40db773fed894ef5646453a38544,788a2e681b4dda11b40f137041045bbf,delivered,2017-02-07 19:45:53,2017-02-07 19:55:20,2017-02-08 09:55:37,2017-02-13 11:29:01,2017-03-10 00:00:00
e833d2324ca8e55d593c0d9d8806c227,df87738c7380c1152c9cbb6bcb4b6a5a,delivered,2017-02-07 19:50:11,2017-02-07 20:05:15,2017-02-10 14:29:05,2017-02-15 12:37:50,2017-03-06 00:00:00
c933809ecd707fa9bee6a810c2999471,9b5934f5392dd4c1ea12c79782b962c3,delivered,2017-02-07 19:52:19,2017-02-07 20:10:12,2017-02-08 14:02:56,2017-02-13 07:53:38,2017-03-08 00:00:00
ca254c5904f6a9a9063eef5239c54197,9806b34f5c5ed77c1f69465eab61c73b,delivered,2017-02-07 19:58:15,2017-02-07 20:10:13,2017-02-13 11:21:40,2017-02-17 10:43:48,2017-03-08 00:00:00
09514821d13482daa26aadf8c2273e7f,6f3981043130b73e335ccf2b30dbf116,delivered,2017-02-07 20:08:49,2017-02-07 20:22:19,2017-02-08 07:38:39,2017-02-17 18:05:15,2017-03-06 00:00:00
69ac71086ec549aa1752b27edc954d40,95ec62e8d34f56e5eb89e9f8794cb2a0,delivered,2017-02-07 20:15:42,2017-02-07 20:25:21,2017-02-09 09:34:16,2017-02-23 04:28:51,2017-03-08 00:00:00
64682ca1db0a46065072f31a87b390f8,f04aaccd5c720604537a81a6b14c46e6,delivered,2017-02-07 20:20:49,2017-02-07 20:30:12,2017-02-10 13:08:01,2017-02-24 08:21:38,2017-03-13 00:00:00
25e4af6ebff2dfb6213c8cc7e36ecbed,921df0e199c57f4fd686b8a141fb9b86,delivered,2017-02-07 20:31:37,2017-02-07 20:45:20,2017-02-21 06:06:14,2017-03-03 16:54:03,2017-03-08 00:00:00
f1c678e4d14a34ff56f675634bce6b15,001f6f1a5e902ad14e1f709a7215de11,delivered,2017-02-07 20:32:13,2017-02-07 20:45:16,2017-02-10 14:04:03,2017-02-16 10:45:58,2017-03-06 00:00:00
83ca4ac8af7cb175c24225800f0e5abe,5d4aace3120cc536cff20637f15cc987,delivered,2017-02-07 20:57:58,2017-02-07 21:10:08,2017-02-13 02:25:24,2017-02-17 09:54:29,2017-03-10 00:00:00
3578f604ba267d1491f68d8f929dbf28,24f0ff8f458c6b9f0f8222b516699b9c,delivered,2017-02-07 20:58:44,2017-02-09 02:45:18,2017-02-10 13:52:33,2017-02-21 13:18:29,2017-03-08 00:00:00
e0e8bc6045cfe08b087197d81196e339,ccf255b29886e51b62641549f3c2d9ce,delivered,2017-02-07 21:05:56,2017-02-09 02:45:17,2017-02-10 13:57:54,2017-02-23 09:32:11,2017-03-22 00:00:00
54b3dff57c665f797e9738df1014f9a0,e6a8ddc665d485959f163c554026e76e,delivered,2017-02-07 21:06:40,2017-02-07 21:15:11,2017-02-08 11:29:50,2017-02-15 15:38:51,2017-03-22 00:00:00
69ab7fdbd887d055b05826a8cc5591d7,12d40bdce2536956b181627d4762c68e,delivered,2017-02-07 21:17:45,2017-02-09 02:55:40,2017-02-10 11:20:36,2017-02-14 12:37:28,2017-03-06 00:00:00
4aa95ac048b026918957d83319f5eca6,52a10e6a657afbd2032734f1e9af8428,delivered,2017-02-07 21:24:48,2017-02-07 21:31:25,2017-02-09 08:38:19,2017-02-16 12:12:17,2017-03-08 00:00:00
49b9d47f2bb04361f15cf1537390dd60,fb2b3d5e34ae153e59fe64aa930e01d5,delivered,2017-02-07 21:32:58,2017-02-07 22:30:16,2017-02-08 09:10:12,2017-02-24 10:42:09,2017-03-22 00:00:00
f9d794ef7ae3d5df8951beb4029a7e93,4a89c746f44a934d1ed4ebbd64d52c16,delivered,2017-02-07 21:43:31,2017-02-09 02:50:48,2017-02-09 11:57:57,2017-02-20 12:47:47,2017-03-14 00:00:00
add98bb9caa9f37e7d0702845c3a5db5,90776ffa40604fb8ef0911e52c4c1d02,delivered,2017-02-07 21:46:58,2017-02-07 21:55:14,2017-02-09 14:38:45,2017-02-13 08:57:43,2017-03-07 00:00:00
e46c1a835d11d387ba01a130d8aa7c12,f93bc2741b9bdc89cfd6b672a956bf46,delivered,2017-02-07 21:56:36,2017-02-07 22:10:17,2017-02-08 05:21:59,2017-02-16 16:44:45,2017-03-20 00:00:00
1e6c83f252357f4c9ae0df874887ef7e,7e5f789e079e767b1048f6f69e3fb67c,delivered,2017-02-07 22:03:42,2017-02-07 22:15:14,2017-02-09 14:38:44,2017-02-14 14:19:02,2017-03-20 00:00:00
818bd73c0b6b0ad178a73807245dc58e,f84400c1f6c596edb25628a5f44ff8d3,delivered,2017-02-07 22:13:48,2017-02-09 02:55:24,2017-02-09 13:43:16,2017-02-11 05:55:59,2017-03-08 00:00:00
a24fa323cfbec085a10c18369c980b1e,7fd3a4989d98e2d60a403f6ae5f6e2ac,delivered,2017-02-07 22:29:03,2017-02-07 22:42:32,2017-02-10 10:25:19,2017-02-16 16:24:47,2017-04-20 00:00:00
496e779d0a36724d70beaf6ea94d7d9d,02f8299d68b913a3584db28a189be007,delivered,2017-02-07 22:50:27,2017-02-09 02:55:17,2017-02-10 13:57:54,2017-03-01 10:39:08,2017-03-20 00:00:00
2deb17060fc1ce18a85eba953ddcdeaf,ebb3c484a7824bcc474dc7502648ce12,delivered,2017-02-07 22:52:43,2017-02-07 23:05:12,2017-02-08 15:15:33,2017-02-14 14:37:47,2017-03-16 00:00:00
f3028a8f41ea1ee2b461420913663f97,4bb49ea252f313410f78be74bc1e33eb,delivered,2017-02-07 22:52:44,2017-02-07 23:05:12,2017-02-08 09:46:47,2017-02-14 10:48:16,2017-03-22 00:00:00
2f8f31eb2f7b6572836d662a6625c8e4,cbbb38942ea7e6eaecd622d228fec2b7,delivered,2017-02-07 22:52:44,2017-02-07 23:05:13,2017-02-10 13:52:34,2017-02-15 12:54:49,2017-03-06 00:00:00
492e8ed750e427ec9d97ca8d4d4eb69c,d8e2eb3e9f0c4624e6774d0241e81954,delivered,2017-02-07 23:13:17,2017-02-07 23:25:10,2017-02-09 13:43:20,2017-02-14 13:12:33,2017-03-08 00:00:00
51c88c10daf1d028607325b9f19e3a5f,ee5c318cf48984611de1e810886ed587,delivered,2017-02-07 23:15:25,2017-02-07 23:25:11,2017-02-09 06:37:43,2017-02-14 07:58:27,2017-03-10 00:00:00
971d58b94f7bda9a79f4847e1509a433,c6e12a66b9241b3d544ec4d4854b5472,delivered,2017-02-07 23:16:34,2017-02-10 10:45:09,2017-02-10 11:31:36,2017-03-10 08:54:02,2017-03-10 00:00:00
0fa927b252421189a0e0d5725fb3832d,ff7b32d3da9ed589c9695bc56021b10d,delivered,2017-02-07 23:17:02,2017-02-08 23:23:28,2017-02-09 09:20:29,2017-03-06 13:34:16,2017-03-16 00:00:00
5102eb8dd13b0cc9991a7686a229e96f,3f83e3f0ea569bd71cf9e9ae64704fff,delivered,2017-02-07 23:35:02,2017-02-07 23:45:16,2017-02-09 12:31:03,2017-02-13 06:34:05,2017-03-06 00:00:00
f9b2c72f5d0ba6455790c6e26e4551b4,b8bc981e72ff341c483d72babe5f4ade,delivered,2017-02-07 23:53:13,2017-02-09 02:43:25,2017-02-10 10:06:19,2017-03-03 14:03:27,2017-03-08 00:00:00
73c182f8914a0064d6c64ad65e4c6942,f51c6d9e24e077d5755ac7abdb209b1e,canceled,2017-02-08 00:53:19,2017-02-08 01:05:12,,,2017-03-15 00:00:00
cc0a676b66d4a6615ad8125548b44d12,ff365cf639c0f524559a48b9b0c25327,delivered,2017-02-08 01:42:45,2017-02-09 01:45:10,2017-02-10 15:14:10,2017-02-21 06:57:27,2017-03-17 00:00:00
749fcca936a6d6cf6373d2b6f7d72530,2ea8bb2930217f9907af50f779f18386,delivered,2017-02-08 02:32:36,2017-02-10 02:43:01,2017-02-13 09:37:27,2017-03-10 13:06:32,2017-03-15 00:00:00
195070d2d0eb1da7d93b958bce36d1ef,827d7240a35889668129a7b10aa0081b,shipped,2017-02-08 05:56:31,2017-02-10 03:03:30,2017-02-15 09:14:40,,2017-03-10 00:00:00
51eb3e42940efb2afe2e7546e8bf2f5d,88066642a5d1d72635324e65fade6905,delivered,2017-02-08 06:48:03,2017-02-08 06:55:12,2017-02-08 10:44:36,2017-02-22 15:12:35,2017-03-17 00:00:00
2b2b7a9693cc4ebba06693c88e6989d4,2ed90ffb1b6c71daacbd9acd0cbb79b3,delivered,2017-02-08 07:47:47,2017-02-09 02:55:44,2017-02-10 09:48:37,2017-02-21 11:43:48,2017-03-21 00:00:00
5b9714d8a4016e5add108c3ebb3c21a5,23337549917956398498fa582924a762,delivered,2017-02-08 07:50:36,2017-02-08 08:05:10,2017-02-14 14:26:31,2017-02-20 16:51:29,2017-03-09 00:00:00
c3084098ea4ba59510ba1278d3cee2d2,153d5985755b0fd26352e485753c7b28,delivered,2017-02-08 08:09:51,2017-02-08 08:32:36,2017-02-08 14:58:26,2017-02-16 10:40:15,2017-03-21 00:00:00
10c12ecab799c32c29b4df3a203ecaa8,2958f7dccf3976fef64e82ec6d3b562b,delivered,2017-02-08 08:34:04,2017-02-08 08:45:18,2017-02-08 10:33:02,2017-02-15 14:45:40,2017-03-09 00:00:00
c7b2b75e4013ba825f8617a06936a014,4447740ba0a171df89769758c72f15cc,delivered,2017-02-08 08:36:00,2017-02-10 02:45:21,2017-02-11 09:38:05,2017-02-20 09:18:42,2017-03-21 00:00:00
1b76802b72eb5517c97481ee2f7b7037,85ac32af92e4e38adeaeb0653a085dfd,shipped,2017-02-08 08:48:43,2017-02-08 08:55:11,2017-03-14 11:00:52,,2017-03-10 00:00:00
2140d49aa405c7c344212e78351fef98,ee5d56dc454b7fea73f0f8d016bcf387,delivered,2017-02-08 10:07:23,2017-02-08 10:15:14,2017-02-13 08:37:40,2017-02-20 16:09:38,2017-03-10 00:00:00
5b1ff9c294ce6149733c6912262c60f9,1cee7be2a8055eeac71626608c2360b9,delivered,2017-02-08 10:18:09,2017-02-10 03:03:16,2017-02-10 08:12:35,2017-02-23 10:51:16,2017-03-17 00:00:00
66c597806a0a0fceb57c8acf9a89a842,8829227f8fbaab27bc41e5f7b8c519f6,delivered,2017-02-08 10:29:28,2017-02-09 02:50:15,2017-02-09 11:53:19,2017-02-20 12:42:39,2017-03-21 00:00:00
41d9fff5e0bfa8712b28b761fa2f6bee,5d6235d00d8bf6288320b2d69f1378ad,delivered,2017-02-08 10:42:58,2017-02-10 02:45:22,2017-02-10 13:27:48,2017-02-13 10:04:47,2017-03-07 00:00:00
72af4684a55d706d5e011f13870c0648,7d8d274c36de5111d141260b020d51a9,delivered,2017-02-08 10:44:52,2017-02-08 11:02:47,2017-02-09 11:45:41,2017-02-11 03:51:47,2017-03-07 00:00:00
bd7585a77f0aa76b3775bb68fb293356,7eb5555aea491d47d05d05d3f6f99be6,unavailable,2017-02-08 10:46:02,2017-02-10 02:43:20,,,2017-03-07 00:00:00
277427ea3d46a465d7311f4107515ba5,5c457daa8db6f2e6e3124d040636fc98,delivered,2017-02-08 10:58:40,2017-02-08 11:10:21,2017-02-10 09:07:55,2017-02-23 14:33:30,2017-03-09 00:00:00
511c9c59155679bf85e46829de6bf067,8ad4ecbaa69e3b0119cadae300bd88f9,delivered,2017-02-08 11:04:56,2017-02-08 11:15:13,2017-02-10 09:18:40,2017-02-24 13:18:43,2017-03-13 00:00:00
47cb859a7f526319e3da0015c15c3b1f,5059378df49d90c06ff62b87ce33205b,delivered,2017-02-08 11:40:35,2017-02-08 11:50:16,2017-02-17 09:12:03,2017-02-24 17:13:54,2017-03-17 00:00:00
a18cb2293847a707b8ab9ccfa6445bbd,074fe3d7d1bfae730b41be9c647ff8c8,delivered,2017-02-08 11:55:59,2017-02-08 12:32:02,2017-02-09 13:43:16,2017-02-20 14:32:22,2017-03-09 00:00:00
a1284e7f7544a4215fb48331c04fd83a,b14e0e09e9300295fad83e14291ccc85,delivered,2017-02-08 11:59:07,2017-02-08 12:31:02,2017-02-08 12:57:11,2017-02-10 10:35:49,2017-03-07 00:00:00
cfec3311b95bf95d0d8d30e4ede143c8,dbba692279feffca33cacac80a04a0ec,delivered,2017-02-08 12:01:45,2017-02-10 02:55:33,2017-02-13 08:09:03,2017-02-21 12:11:35,2017-03-10 00:00:00
830f207231f6336678cc44594aa941d1,8cf9ef26c14f33abb31bc42e6446ab12,delivered,2017-02-08 12:05:04,2017-02-08 12:31:36,2017-02-09 11:52:14,2017-02-17 12:51:54,2017-03-13 00:00:00
31f92d9eaa5c91b7eef11e2729cf09ef,9979828cd758bdd9bf0963a38a7b112e,delivered,2017-02-08 12:12:26,2017-02-08 12:31:22,2017-02-17 06:53:51,2017-02-21 11:22:47,2017-03-22 00:00:00
0633c2f778161bd80bf27cb619d6437c,693b3b377e3e7a9475f585d765329230,delivered,2017-02-08 12:31:33,2017-02-09 06:50:11,2017-02-10 14:04:02,2017-02-21 13:42:43,2017-03-21 00:00:00
f40d3749a6d621bb95be74a8ce79e06f,3689abfed7e332a5cf585915310c0056,delivered,2017-02-08 12:53:38,2017-02-08 13:15:10,2017-02-13 08:17:32,2017-02-21 12:34:16,2017-03-16 00:00:00
74748a8ba7d523ab46fe3354996609f6,a3cce16d1def5991f7314b717b373ab4,delivered,2017-02-08 12:55:23,2017-02-10 02:45:27,2017-02-10 07:27:59,2017-02-14 16:08:45,2017-03-17 00:00:00
52fd8c890356febe4f78b653ef130cd2,21c57ebcb87ee3234cd00d36f40cfa9c,unavailable,2017-02-08 13:03:36,2017-02-09 02:55:30,,,2017-03-07 00:00:00
792295382332f1170f1edc45dfade051,4fc752f9385483f2f1f6a309bff21be7,delivered,2017-02-08 13:05:17,2017-02-08 13:15:26,2017-02-08 13:22:36,2017-02-14 13:13:41,2017-03-09 00:00:00
12d9fe1a3efa51a7fae337cba819adc1,2a6fc1968c4a29c9c258bb1994afbc7f,shipped,2017-02-08 13:07:19,2017-02-09 02:50:42,2017-02-09 10:56:46,,2017-03-17 00:00:00
7810232f329f64a33e2238b22ea8231e,a535b1e74da305442f52dbb8a46a7244,delivered,2017-02-08 13:09:38,2017-02-09 02:45:17,2017-02-10 09:05:50,2017-02-16 15:03:54,2017-03-23 00:00:00
020c01e41104519842f8a15605af646c,0fb0919d1c2791fb41c75bec69db8df1,delivered,2017-02-08 13:10:22,2017-02-08 13:22:39,2017-02-08 15:29:14,2017-02-14 14:47:33,2017-03-09 00:00:00
4d21276afd29a3f70e49766a9848d19c,83e4d344f3b14f96050798d2efb6032d,delivered,2017-02-08 13:14:41,2017-02-08 13:30:16,2017-02-09 13:03:00,2017-02-17 14:56:25,2017-03-15 00:00:00
b11356165e2d19ac9c425e2f38b770e3,498b577d46347e99e2134f84c42ed257,delivered,2017-02-08 13:23:53,2017-02-08 13:35:13,2017-02-08 15:16:04,2017-02-22 09:46:04,2017-03-21 00:00:00
b9763fc50599a4ba2c2405513546d844,acb6f5070c34dbadd42a7dd6b18f6590,delivered,2017-02-08 13:24:01,2017-02-08 13:35:14,2017-02-08 14:42:55,2017-02-14 07:36:22,2017-03-09 00:00:00
93942353ebd22541194b59e590c0d7de,849bdfd6f3313ffa83d9b0b2981331cb,unavailable,2017-02-08 13:32:00,2017-02-08 13:42:35,,,2017-03-17 00:00:00
f4e27ab53e927651894a4f69500baf5b,99291abf619e4c6b0d633ba7ba55caad,delivered,2017-02-08 13:50:59,2017-02-09 02:43:02,2017-02-10 13:27:41,2017-02-22 10:25:50,2017-03-21 00:00:00
8c7202d3273d8e64094815668d97a374,c6a3988a6cbcf5cc9c593b5151b7788f,delivered,2017-02-08 14:04:09,2017-02-10 02:43:19,2017-02-13 10:25:02,2017-02-20 10:34:00,2017-03-07 00:00:00
f51cb113ad5e21bc6d8082bc824fb25e,23304f69dac259edcc18688d38ab9250,delivered,2017-02-08 14:36:40,2017-02-08 14:45:16,2017-02-09 16:08:52,2017-02-13 10:05:41,2017-03-09 00:00:00
18ef2a64141eab548a2c46df2545b1ee,b2df53a0d86cbc9c48616392a6e57c57,delivered,2017-02-08 14:41:53,2017-02-10 02:43:14,2017-02-10 09:37:56,2017-02-20 13:42:38,2017-03-27 00:00:00
ff54c442f3e9f50941a09dcf4e061e6f,c761ebec64b4f7a47b094442b3dbfe0d,delivered,2017-02-08 14:42:14,2017-02-09 03:03:23,2017-02-20 07:35:07,2017-02-25 05:57:53,2017-03-27 00:00:00
f451f32b7c863ec284d824a449a407e9,f814ce46aabf6e4f2fddbc9cf21f2297,delivered,2017-02-08 14:59:56,2017-02-08 15:10:13,2017-02-10 11:59:56,2017-02-17 15:34:37,2017-03-09 00:00:00
14946316e496ee502d12d8fae8ef7d75,b69034f0d8651a0414f4f52c07358331,delivered,2017-02-08 15:13:25,2017-02-08 15:22:57,2017-02-08 15:57:19,2017-02-13 09:14:38,2017-03-13 00:00:00
3bb674c130836b55a540f493a9dde774,98261b9ec4a93f00af07fb130ca45f3b,delivered,2017-02-08 15:19:13,2017-02-08 15:30:21,2017-02-10 07:11:21,2017-02-17 18:21:36,2017-03-07 00:00:00
fa22247626749c6b54ee3b6a97cb8018,b47e3bb89a04830b931629ec351b5956,delivered,2017-02-08 15:32:23,2017-02-10 02:43:15,2017-02-20 07:04:55,2017-02-22 16:42:08,2017-03-23 00:00:00
6fb578cd2a36797ae65521816a678c1c,14acf219b872d59372c19045b364fe13,delivered,2017-02-08 15:35:42,2017-02-08 15:45:22,2017-02-11 09:31:01,2017-02-21 14:08:33,2017-03-09 00:00:00
e819c0a367da758c5e60ddaee6890dc0,c2a549fd103dfd913790133e8b3ee74b,delivered,2017-02-08 15:49:24,2017-02-08 16:55:19,2017-02-09 11:57:42,2017-02-13 16:54:19,2017-03-07 00:00:00
b46902d53ee0054d077220fefa87e7d5,83d7ab5d806218715a5e5a07d5d37dad,delivered,2017-02-08 15:53:07,2017-02-08 16:05:18,2017-02-09 13:16:22,2017-02-14 13:03:40,2017-03-13 00:00:00
56b50d57e6b735968a48a170b8364893,b0964d76975dbc174b623b5a300973d5,delivered,2017-02-08 16:06:47,2017-02-09 02:55:45,2017-02-09 10:52:15,2017-02-21 17:08:42,2017-03-09 00:00:00
1982a20c2a9d116da964e488d59eebe7,f134935ef1c94d9f955a76705011d30b,unavailable,2017-02-08 16:14:48,2017-02-09 16:25:15,,,2017-03-09 00:00:00
7b99db4b35bb7d1b97ef1573aa3c2171,8e781f06f8024c2f7098c991d4cc1a99,delivered,2017-02-08 16:40:12,2017-02-08 16:50:17,2017-02-09 10:11:17,2017-02-14 11:08:58,2017-03-21 00:00:00
c523f76b5fb8a02c2022378c58a597e2,1f467ec3d8100abe08e779cb09cbb61f,delivered,2017-02-08 16:41:29,2017-02-09 16:50:11,2017-02-10 10:47:51,2017-02-17 12:56:01,2017-03-13 00:00:00
35837feff69c830a990c5ecae625bab5,ea4b4e3e3f339a13d491b41ded5bf3ef,delivered,2017-02-08 16:49:29,2017-02-08 17:03:03,2017-02-13 08:49:28,2017-02-15 09:38:01,2017-03-21 00:00:00
1b01e824ff3005e8108c5112f41c219c,e621534f813417899b9d1f1a3556fe98,delivered,2017-02-08 17:01:04,2017-02-08 17:10:23,2017-02-16 05:48:47,2017-03-01 13:08:21,2017-03-29 00:00:00
41bf1169cb9e21c201df1aedbcdb6b1f,eb49614e45790ac166f91bcbcc1a9014,delivered,2017-02-08 17:25:18,2017-02-08 17:35:13,2017-02-09 14:37:47,2017-02-15 10:24:53,2017-03-21 00:00:00
84e17e421d31fb16afd5c58db7c40265,3c3011c54725dff74a33c25c8d79aab6,delivered,2017-02-08 17:32:55,2017-02-08 17:45:17,2017-02-09 09:44:27,2017-02-20 12:41:21,2017-03-15 00:00:00
cea5026b69096ddae036dee16fb94afb,ceadec4bf904e52ef6294e93d45b8b37,delivered,2017-02-08 17:48:25,2017-02-10 02:45:38,2017-02-10 15:14:53,2017-02-15 12:42:20,2017-03-07 00:00:00
51fc12a7908ea200b269a6ecfb3e7740,abbfa19a38ba17ff02883ba523a9d42f,delivered,2017-02-08 18:00:36,2017-02-10 02:55:28,2017-02-15 12:37:51,2017-02-20 18:14:01,2017-03-17 00:00:00
803b11f9f2ca75d45d2274b06fbbc71f,58de8e8cfeabb2443286e9d7a08e97c0,delivered,2017-02-08 18:22:59,2017-02-08 18:35:15,2017-02-10 08:11:58,2017-02-24 10:33:03,2017-03-10 00:00:00
061a6c0d2222c7c9f49a21e108579b49,546c427cda01bf664853d185e4cde13b,delivered,2017-02-08 18:28:10,2017-02-08 18:42:51,2017-02-14 11:35:31,2017-02-23 19:18:37,2017-03-29 00:00:00
a110dc76d143226dd697dedf9f513f14,05f55bda9372fe11109aaab2c157b57e,shipped,2017-02-08 18:51:14,2017-02-08 19:05:08,2017-02-22 07:57:45,,2017-03-09 00:00:00
2ce652745083fde285af6e431bc9aca6,7c07e516a60da9dd3c723fa02a1bc652,delivered,2017-02-08 18:58:04,2017-02-09 06:55:21,2017-03-08 15:34:09,2017-03-17 14:52:14,2017-03-21 00:00:00
5a9f106e9db0c818cee0c5c4a5efb352,b46b92545792b60cb001d909c3831ebe,delivered,2017-02-08 19:33:34,2017-02-10 02:45:37,2017-02-13 01:52:19,2017-02-17 17:47:57,2017-03-09 00:00:00
44aa6cb9b49cd7412acad36a95e32212,f3beead22416959885ed4f0cfc3bae67,delivered,2017-02-08 19:37:39,2017-02-08 19:45:17,2017-03-06 12:53:25,2017-03-10 12:25:02,2017-03-21 00:00:00
4b67dcd830305032861498d405f10123,5dcf097f6df316f7d167dc7f7e3dd6ef,delivered,2017-02-08 19:44:53,2017-02-09 19:50:09,2017-02-13 01:35:49,2017-03-13 02:38:58,2017-03-21 00:00:00
11769750147cf0a49a396b01ca004300,6cd17044d36a4ed98324c059259d52e0,delivered,2017-02-08 19:45:21,2017-02-10 02:55:22,2017-02-22 17:51:49,2017-03-03 09:27:37,2017-04-07 00:00:00
c8dee79811750611b390fe9501b1c543,a45c587035f04bb1a2534cc22a987655,delivered,2017-02-08 19:45:22,2017-02-08 21:55:15,2017-02-09 10:52:15,2017-02-21 10:38:49,2017-03-21 00:00:00
798ad597febc1c2ece313c04fc33d6de,5f6106098e8a7d8d4f33deb3fcd97ff8,delivered,2017-02-08 19:45:37,2017-02-08 20:02:58,2017-02-10 11:58:16,2017-02-16 08:12:13,2017-03-09 00:00:00
b7d340862fa4167bf17497298bf8d84b,b58dcfda4c9957fc651450f200bde69a,delivered,2017-02-08 19:51:19,2017-02-10 02:55:19,2017-02-15 12:37:50,2017-02-17 18:44:54,2017-03-21 00:00:00
9d364f50124ed8e149404dfd3908ac02,520bf65b8e69b74026243f7cc720c312,delivered,2017-02-08 19:59:58,2017-02-10 02:50:17,2017-02-22 17:09:02,2017-02-24 15:32:24,2017-03-22 00:00:00
832e8d2354732ff820bc425bf1d7cd52,31681d181856456f0e90f10594ed9b91,delivered,2017-02-08 20:30:19,2017-02-08 20:43:04,2017-02-09 11:06:59,2017-02-16 13:45:53,2017-03-14 00:00:00
70120a058bcfa89a603e2f27aa5881ab,142b789d35a01d909f5c0119a5ecb165,delivered,2017-02-08 20:32:26,2017-02-08 20:43:05,2017-02-09 07:42:45,2017-02-13 09:54:38,2017-03-09 00:00:00
882d810d98542e6512788b9a49d6d886,ec2dc6cc4dd715182e85b4e8bb9f3f63,delivered,2017-02-08 20:48:57,2017-02-09 03:03:24,2017-02-09 13:13:57,2017-02-13 17:05:56,2017-03-17 00:00:00
17028de7d02a1fca7c1d08221b859b77,89ba44b1047e2e06f48cebad470b10d7,delivered,2017-02-08 21:06:37,2017-02-08 21:15:17,2017-03-01 11:49:15,2017-03-08 08:44:02,2017-03-27 00:00:00
bcd03a007dcad04bc88701f563b985b7,39f707c5c87d5f8c8e4a26ce95292a81,shipped,2017-02-08 21:31:38,2017-02-08 21:43:06,2017-03-13 07:57:37,,2017-03-17 00:00:00
ed2df92b95519613e72472fc57654e32,69294d8ca2e350d2295610b59a5294c7,delivered,2017-02-08 21:33:15,2017-02-08 21:45:20,2017-02-13 09:30:37,2017-02-17 16:36:56,2017-03-14 00:00:00
a00f891df81b2ee87c6c5eb73c81c571,60f4e882b701ca5aea3378dfd8dc55d9,delivered,2017-02-08 21:38:50,2017-02-10 02:50:14,2017-02-10 10:41:12,2017-02-14 13:07:42,2017-03-07 00:00:00
1973095f2596945f9dcc773608d8cad2,412d6c1ff4aa0c2a06f3dca0b237e464,delivered,2017-02-08 21:42:21,2017-02-08 21:50:25,2017-02-09 10:31:05,2017-02-13 22:55:29,2017-03-09 00:00:00
233c8509a65f222cf855765d0784b68f,5ce4fbb6db799ff205fbb1a825eb75f9,delivered,2017-02-08 21:44:19,2017-02-08 21:50:24,2017-02-13 11:44:09,2017-03-27 09:50:12,2017-03-15 00:00:00
2bdd95b017c58f97f4e735116e778d28,24581467d0bfc119d33575ece54987b2,delivered,2017-02-08 21:49:49,2017-02-10 02:43:16,2017-02-10 12:25:32,2017-02-14 14:03:09,2017-03-07 00:00:00
984cdff250754f548d7c5bb77599a23b,8610db3f7a37d8a445f5649be9343960,delivered,2017-02-08 21:50:48,2017-02-08 22:05:13,2017-02-09 07:42:49,2017-02-14 15:14:40,2017-03-09 00:00:00
578e93018456eabf67495ce86d6e6315,bfb4818d76854787283fd72c7b5f84f8,delivered,2017-02-08 21:53:29,2017-02-08 22:05:14,2017-02-10 07:05:18,2017-02-21 08:13:55,2017-03-09 00:00:00
e20d0dab2f9762731d15cfc3d85f82ea,c083986c66490615ddf569438d975712,delivered,2017-02-08 21:58:56,2017-02-08 22:10:18,2017-02-10 07:05:21,2017-02-20 08:03:11,2017-03-09 00:00:00
3ac2f9ede9c2c9be884248c857c75226,86dbe8b0de56e7464e4b5a4bc77eab19,delivered,2017-02-08 22:08:44,2017-02-08 22:23:30,2017-02-09 11:42:35,2017-02-13 16:05:11,2017-03-21 00:00:00
09f86b7099faeb6a9d85623c5dba9665,54da6f5f969bb4601f0d78611694232e,delivered,2017-02-08 22:12:14,2017-02-08 22:23:27,2017-02-09 15:34:20,2017-03-08 13:56:01,2017-03-13 00:00:00
4fcecf52518a5e74c2431d5eb2dbc8bc,d9b1dfecfa8abc4ebe7572ecd5a8da14,delivered,2017-02-08 22:39:42,2017-02-08 22:50:21,2017-02-09 12:17:52,2017-02-15 16:13:54,2017-03-09 00:00:00
b93ffbad842670470ec41f35a317ee65,65a2a252eedd717594ec0e8b052ccd35,unavailable,2017-02-08 22:47:10,2017-02-10 02:50:10,,,2017-03-07 00:00:00
6444228a697a97d50b23bb9fd5c7ccac,a55d0e0d5e8af985ecc5e32d9bd5392d,delivered,2017-02-08 22:48:18,2017-02-08 23:03:13,2017-02-09 13:43:18,2017-03-02 16:38:48,2017-03-17 00:00:00
b9ed1cade4a77bad15fa7a3ced4585a4,cb536556469db7a61852d0de4cd9a279,delivered,2017-02-08 22:57:03,2017-02-08 23:10:14,2017-02-10 14:04:12,2017-02-17 09:37:44,2017-03-21 00:00:00
6aaedd714ad6929fc4df8d51bd4cfe9a,b24e99c21cef9de4ad6b940683949ce0,delivered,2017-02-08 22:58:15,2017-02-08 23:10:14,2017-02-10 05:24:05,2017-02-20 16:23:56,2017-03-09 00:00:00
b3e176098b9f9f6122d37fa3cb06279b,4922363693e673167789c03faf24a66d,delivered,2017-02-08 23:08:53,2017-02-08 23:23:27,2017-02-09 17:12:01,2017-02-14 15:12:22,2017-03-09 00:00:00
d53709cd2507666542fcf8f6120b99f0,cb14befe7de8c963c81f4a6fc8fae5e0,delivered,2017-02-08 23:17:10,2017-02-10 02:43:09,2017-02-15 09:17:55,2017-03-02 07:23:39,2017-03-24 00:00:00
fb520e46696d1669a96549c252ed177d,438bad05055d60b6e82e9f244a8a1024,invoiced,2017-02-08 23:17:29,2017-02-08 23:30:14,,,2017-03-22 00:00:00
ca6bd54a877cb432b4fb96afe8f6edff,3ee62dc0cd0fa17be76cdf402d7f94a2,delivered,2017-02-08 23:56:06,2017-02-09 00:31:50,2017-02-13 16:15:25,2017-02-15 08:34:32,2017-03-08 00:00:00
44e57ef48e2045411c809567c0db5628,c8a48f24e0d3338f916385b4097526e9,delivered,2017-02-09 02:03:45,2017-02-11 02:03:02,2017-02-13 13:20:04,2017-02-17 11:22:07,2017-03-08 00:00:00
11afac295480894b1dcdf9cf95815731,af06a118d5baeabd152479e412267333,delivered,2017-02-09 09:18:46,2017-02-09 09:30:17,2017-02-13 11:44:08,2017-02-14 09:56:59,2017-03-20 00:00:00
fc72d25952f5957a412411253f5804a7,5b76c1a96fc01949502602e1eec0e4d9,delivered,2017-02-09 09:23:21,2017-02-10 02:45:20,2017-02-15 10:32:23,2017-02-22 16:58:39,2017-03-13 00:00:00
916f5a97fd2a0dea046534fac1fbbd88,e3b774df7af6c6c0427f2f6e26a1b705,shipped,2017-02-09 09:31:15,2017-02-10 02:45:16,2017-03-01 10:05:24,,2017-03-10 00:00:00
8f49d00fac6d25b1dbdb0685ef43af10,1847a5181062817755a3763f35215e8e,delivered,2017-02-09 09:33:26,2017-02-10 09:35:16,2017-02-15 14:19:42,2017-02-21 14:47:32,2017-03-10 00:00:00
7fd3cf60e6c81a64f2adc0e09d2dfdac,cf47b091281173221ad0467851d5f02a,delivered,2017-02-09 10:05:12,2017-02-09 10:15:19,2017-02-09 15:12:41,2017-02-13 09:47:38,2017-03-10 00:00:00
e11dead0c183b7b8da09f6b3039ea730,e559ddc91d9410c38d576e423ffbb67b,delivered,2017-02-09 10:40:05,2017-02-09 10:55:14,2017-02-10 11:09:01,2017-02-14 13:08:44,2017-03-10 00:00:00
ab27a99818cdb3007d7a107f62ab4aea,f081cdc2c90a600fc2cd8e9ca3e6da1a,delivered,2017-02-09 10:42:07,2017-02-09 10:55:13,2017-02-13 08:32:30,2017-02-21 11:51:10,2017-03-14 00:00:00
fc0973ba8c96e67e0cfb458c1bac3a6a,95cca40cba8d9b592aa024f66b6ded35,delivered,2017-02-09 10:51:03,2017-02-09 11:03:42,2017-02-24 12:33:19,2017-03-08 17:59:10,2017-03-10 00:00:00
0943d27820129d9446a32ca20cf9bee1,18becbca2304b0e3031d1841a8b8b5c4,delivered,2017-02-09 11:01:14,2017-02-09 11:10:18,2017-02-15 06:17:33,2017-03-02 11:24:05,2017-04-03 00:00:00
661e075fa45fa4a73a79dd6972bce18b,0b325ef40af7bb04108befbdcc9b224c,delivered,2017-02-09 11:01:15,2017-02-09 11:10:17,2017-02-09 16:08:35,2017-02-15 11:54:38,2017-03-13 00:00:00
35fbd0c1666a2c04e7d111da0bcf1683,c94395fa4f7fd0440d8972d45d711d6d,delivered,2017-02-09 11:04:00,2017-02-09 11:15:20,2017-02-10 12:09:13,2017-02-15 18:54:52,2017-04-25 00:00:00
e1df61c61699c690427a33fc1b6b540c,4c44865a36098a8b24dba15c90f01511,delivered,2017-02-09 11:24:15,2017-02-09 11:35:21,2017-02-10 08:34:09,2017-02-20 11:51:52,2017-03-16 00:00:00
9570b858d92d0c29cd331a7326b84ac6,46f6474f7fa4d2600e0f97435c8826b5,delivered,2017-02-09 11:35:41,2017-02-10 02:45:30,2017-02-10 13:27:42,2017-02-15 10:12:27,2017-03-20 00:00:00
6c895a26a7b113a890c888e46f106907,55eaa25f13d0d25081e707fc622c64b1,delivered,2017-02-09 11:38:52,2017-02-09 11:45:32,2017-03-03 12:43:53,2017-03-14 16:22:24,2017-03-10 00:00:00
ed0c78512dc9e32eb0120ff13b93a8fb,bad0485089a89e8aaa270d32600776b3,delivered,2017-02-09 11:41:07,2017-02-09 11:55:10,2017-02-10 06:58:37,2017-02-22 12:34:53,2017-03-10 00:00:00
73a366d399bf1947b6d62c2a4e648f27,01950e4d4d0f0f8561e721ad5c8b0f9a,invoiced,2017-02-09 11:41:40,2017-02-09 11:55:13,,,2017-03-21 00:00:00
892d88aa8747d0e191d10bb0a87b9337,168fe9e12001de4aa4b035efcd035de5,delivered,2017-02-09 12:03:29,2017-02-09 12:31:32,2017-02-09 15:11:41,2017-02-17 17:05:05,2017-03-10 00:00:00
2e56f943f231f5fe108f43fb370b0ed6,66b9bc2d53ea09b027966337424fa0c7,delivered,2017-02-09 12:12:22,2017-02-09 12:32:26,2017-02-14 14:00:48,2017-05-25 07:14:44,2017-03-16 00:00:00
c0e7ba8e4333d68153dfe2fbc8f613f7,116e47f49c0558a5e9bb8eb119485e24,delivered,2017-02-09 12:44:35,2017-02-09 13:11:13,2017-02-10 06:51:20,2017-02-20 10:03:01,2017-03-10 00:00:00
849eace12a4c38cc5d4647af9f942eff,5a36bd2a84d5b3f6ea920871476935e0,delivered,2017-02-09 12:48:59,2017-02-09 13:11:15,2017-02-09 14:33:32,2017-02-17 16:32:56,2017-03-14 00:00:00
c920c9b4a0fbe334f146d3b9822f3cce,b79dae897347b6c137d63e50b5be5b1a,delivered,2017-02-09 12:53:13,2017-02-09 13:15:17,2017-02-10 11:34:07,2017-02-22 17:17:40,2017-03-14 00:00:00
b1c29680cbde517fcf3393e77aac6ffe,77f3c8da79a0c0a12a2accd97508e745,delivered,2017-02-09 13:07:09,2017-02-09 13:23:06,2017-02-13 12:23:32,2017-02-24 09:47:49,2017-03-20 00:00:00
6b95cbf782c29411b0d5feca16490ceb,1a0d6e9c1a8483fbeec12da522abc4b9,delivered,2017-02-09 13:15:09,2017-02-11 02:45:32,2017-02-13 08:17:32,2017-02-16 17:56:10,2017-03-08 00:00:00
87c15b8f29f9fc59405db62dcb5697c9,fcdcec28d1b560be4070d27f452c3db1,delivered,2017-02-09 13:16:39,2017-02-09 13:30:13,2017-02-15 10:32:28,2017-02-21 12:53:47,2017-03-22 00:00:00
00cf47526e0f7920b381b2baf4ecf1c7,1563bfe4b8d21ed87a2dd20cb1fae1a7,delivered,2017-02-09 13:21:46,2017-02-09 13:35:21,2017-02-10 13:27:09,2017-02-16 10:34:15,2017-03-17 00:00:00
765388e7b3d416ffe810ade706854872,a7288cab9fc524abf65915630e66c73b,delivered,2017-02-09 13:52:13,2017-02-10 02:45:27,2017-02-10 14:56:58,2017-03-29 09:37:34,2017-03-14 00:00:00
c9a54f6ed83e951ec2cbec315d2333cd,05fd3454ddf16d297616f9167700ab80,delivered,2017-02-09 14:00:53,2017-02-09 14:10:19,2017-02-21 06:19:47,2017-03-02 09:14:04,2017-03-15 00:00:00
86dcddd0920dec11c6faa2276be53edf,4700a9c25c2412e57e2ec4753b608af0,delivered,2017-02-09 14:03:16,2017-02-10 02:50:16,2017-02-10 08:12:53,2017-02-16 13:56:09,2017-03-10 00:00:00
66ac12943c406c5706fea2ce7a74be9e,0732b96294c351963d5ea56db7f5a3f9,delivered,2017-02-09 14:08:20,2017-02-09 14:23:08,2017-02-10 08:36:52,2017-02-15 14:41:53,2017-03-10 00:00:00
ee7f4e0a5223e51719a98941129bbc24,fd8c1c13c5a8e810e542362ffe896cb0,delivered,2017-02-09 14:18:34,2017-02-09 14:30:15,2017-02-10 14:29:02,2017-02-14 08:44:35,2017-03-22 00:00:00
3a8fa2133fb96a04512604d9c32dc7c3,42be08802b14ff1e10bc5bec7f1beae9,delivered,2017-02-09 14:29:29,2017-02-09 14:43:13,2017-02-14 12:07:25,2017-02-22 13:46:33,2017-03-14 00:00:00
49b40d0575b7f9b42d51d5faa0aab91a,993d0439436ad1ef23ad62dc6f66cfe2,delivered,2017-02-09 14:47:33,2017-02-09 15:05:08,2017-02-10 07:11:30,2017-02-16 11:49:24,2017-03-15 00:00:00
1e5276061569fd2d678f6363fd8f0aa1,e14ffadfda9f3cd76ec8c4fc2cfa9cb3,delivered,2017-02-09 15:03:09,2017-02-09 15:10:23,2017-02-21 08:43:56,2017-02-23 11:27:50,2017-03-15 00:00:00
1409fa8d66178147ed431573330397c0,2fae54536dde6fcf04a52571421e5813,delivered,2017-02-09 15:04:18,2017-02-11 15:05:09,2017-02-17 07:38:34,2017-02-22 16:13:14,2017-03-15 00:00:00
f559ac2258ea5dd75bf9ba503e7bc6e3,39944720ced378393477c968a26e0402,delivered,2017-02-09 15:19:41,2017-02-10 06:50:18,2017-02-10 11:19:33,2017-02-22 08:56:00,2017-03-16 00:00:00
8300640f8328abe9ac6691e4caf3c2bf,1e0918f0d58bd46e2465857831ec892c,invoiced,2017-02-09 15:27:30,2017-02-09 15:35:18,,,2017-03-14 00:00:00
1b4f84742c7c3d03f7c6d519212514ab,791d0d1144e6fb6603bb485bef1d73f6,delivered,2017-02-09 15:32:27,2017-02-09 15:43:34,2017-02-10 14:02:39,2017-02-14 08:43:35,2017-03-17 00:00:00
2994f64a88d65527ae04561a83ed11fe,e7b8f5b4e3ea1f449dcab86a426b4e01,delivered,2017-02-09 15:43:30,2017-02-09 15:55:13,2017-02-13 08:34:37,2017-02-15 10:08:01,2017-03-08 00:00:00
d1922da6bb996e9c76dad9202618a7ca,dab063fedffcd74dc36cab8ce70d7c29,delivered,2017-02-09 16:01:21,2017-02-09 16:25:13,2017-02-20 16:27:38,2017-03-01 08:36:47,2017-03-13 00:00:00
ca7d7c95b0f170aae8a2ee59e2f24f66,021e3ddcc0581de5bf087b1d87e4b136,processing,2017-02-09 16:09:42,2017-02-09 16:23:37,,,2017-03-10 00:00:00
27ae3ad0516a9b55f2236e24f690e01b,0058ebe2dc136d918dd001968cfa5903,delivered,2017-02-09 16:19:02,2017-02-09 16:30:12,2017-02-22 03:51:44,2017-03-03 10:34:43,2017-03-17 00:00:00
f4ffbf5a60f1fafa7ed118b999b34ff2,a33ccd0ba17bc25e9e1a0be5a0cc2c74,delivered,2017-02-09 16:26:09,2017-02-09 16:35:17,2017-02-10 10:17:33,2017-02-15 16:27:35,2017-03-08 00:00:00
50aab84da01ba9c794d22060d1b8abeb,d414fde275d1b2888f5acc164baef4a5,delivered,2017-02-09 16:37:16,2017-02-10 03:03:32,2017-02-13 08:32:22,2017-02-23 08:32:31,2017-03-13 00:00:00
aae373a2cc64ed2d1f262aa56e70b7e8,63d8ce2f854381279f3b762e962dc969,delivered,2017-02-09 16:42:59,2017-02-09 16:55:12,2017-02-10 07:07:56,2017-02-13 11:09:12,2017-03-10 00:00:00
cea4a13d87d71c7fc5ed35c588ce28b8,77faee5dfb910550f2f3be9f2c615d8a,delivered,2017-02-09 17:25:13,2017-02-09 17:35:18,2017-02-10 06:32:24,2017-02-14 08:37:35,2017-03-08 00:00:00
99ef3bde6a28c3a831215a21596b0d85,b8e5f13a17dbba03c377de6deb70c588,delivered,2017-02-09 18:26:58,2017-02-09 18:35:16,2017-02-10 15:11:32,2017-02-20 09:53:43,2017-03-10 00:00:00
5c9d1c87014d033ba9f70a7fb96ba7e5,4f0aabc56eb3f3cfa1eb12bd4de97110,delivered,2017-02-09 18:39:50,2017-02-09 18:50:12,2017-02-13 16:07:48,2017-02-15 08:14:01,2017-03-08 00:00:00
188e8c3184383f5eee9e40255048191b,b592e09a4081a4503a755962e85624c1,delivered,2017-02-09 18:41:44,2017-02-09 18:55:20,2017-02-10 10:00:05,2017-02-13 16:07:45,2017-03-10 00:00:00
01ad4f241a16bff724de081b558f0f4d,64189e336678007d8130fcd712d4a2b0,delivered,2017-02-09 18:47:17,2017-02-09 19:03:50,2017-02-17 11:56:11,2017-02-24 12:38:04,2017-03-24 00:00:00
23a5902b0758898d64701a3c89af36f2,6c8d36117b83a89b24d41e231af67429,delivered,2017-02-09 19:08:19,2017-02-11 02:45:34,2017-02-13 08:20:54,2017-02-16 17:18:08,2017-03-08 00:00:00
75729cd39e546ea4083ab7f3859bb745,aa3e69930a8912ca423373a6b5ac4f56,delivered,2017-02-09 19:33:07,2017-02-09 19:43:13,2017-02-14 13:52:28,2017-02-20 23:57:30,2017-03-16 00:00:00
17eef98a45132ca576588788ed401b96,4e88cdfcc6490fa26dc52e0e409a5704,delivered,2017-02-09 19:42:22,2017-02-09 19:55:08,2017-02-13 02:04:03,2017-03-03 09:58:59,2017-03-10 00:00:00
7449beca42d01504e128802e11560201,577ebb5b9d8b9c4f42a89430683dc032,delivered,2017-02-09 20:03:28,2017-02-09 20:25:26,2017-02-10 14:04:05,2017-02-17 08:52:12,2017-03-16 00:00:00
76279ee78a4924f44a3a83ef23b169b8,1568d0cf27776d57552118a63aec65e1,delivered,2017-02-09 20:18:20,2017-02-09 20:30:16,2017-03-01 11:34:30,2017-04-05 19:32:59,2017-03-17 00:00:00
ca674a7cd949c98c9e02bc4c5922836d,5a6ae5b68fd27c687c4fe130b679691b,delivered,2017-02-09 20:19:47,2017-02-09 20:30:17,2017-02-21 11:40:42,2017-03-03 15:52:06,2017-03-10 00:00:00
77857b5f4745e31dcc0626a9326f6543,36aad88aa6b75c986f11eecc4380bd66,delivered,2017-02-09 20:26:53,2017-02-09 20:35:21,2017-02-10 09:37:55,2017-02-25 10:08:52,2017-03-14 00:00:00
cd232b4fa3d7c031b04bc3d97e21344b,c19c45ed9d5b3d446b41e1d7f4543afa,delivered,2017-02-09 20:34:26,2017-02-09 20:50:08,2017-02-11 10:42:21,2017-03-06 16:05:45,2017-03-22 00:00:00
453b7a88cd66cd9e4210f05233cbf197,d6390fa5ef00fd7645498bdc63c38e50,delivered,2017-02-09 20:43:22,2017-02-11 14:40:11,2017-02-14 09:16:25,2017-02-17 10:23:45,2017-03-08 00:00:00
c867dd64bd728f7a87d1c868c7c2c33f,7203adde3a9d76f21c2b01223d07c2b0,delivered,2017-02-09 20:56:00,2017-02-09 21:05:23,2017-02-10 11:20:32,2017-03-06 07:48:00,2017-03-20 00:00:00
db986cb6dd75db5b02034f98fd00cf7d,d6fc5f88bd61861e269ea0d4fadcfb87,delivered,2017-02-09 21:01:59,2017-02-09 21:10:20,2017-02-24 15:33:29,2017-03-04 06:51:26,2017-03-14 00:00:00
a13e70df735fff3fc1285803f494777b,b290e388438c0fe0e7022df693252827,delivered,2017-02-09 21:17:20,2017-02-09 21:30:13,2017-02-10 10:11:47,2017-02-17 21:54:51,2017-03-20 00:00:00
4bee560781d45bb4b18efd58fef1901e,17bf9cb64d60724e449971a027dba7c8,delivered,2017-02-09 21:18:21,2017-02-09 21:30:18,2017-02-13 16:18:49,2017-02-16 14:51:37,2017-03-08 00:00:00
7081dc8aacd1f126eacaf66497364578,d399e431e970637a174aadff3eb35990,delivered,2017-02-09 21:19:01,2017-02-10 02:55:24,2017-02-10 15:47:14,2017-02-14 15:22:48,2017-03-15 00:00:00
a891f3efca32da79bccc94e6e69fd3e0,3cd4a0885a09ba26dfb6e3095d113f58,delivered,2017-02-09 21:28:59,2017-02-09 21:43:13,2017-02-13 17:10:59,2017-02-17 14:52:09,2017-03-08 00:00:00
3f1cef1dad28d66ac73d711f75a8ade6,93732ed72146ae356dec2a111f0879e1,delivered,2017-02-09 21:36:29,2017-02-09 21:50:16,2017-02-10 10:49:27,2017-02-24 13:06:30,2017-03-14 00:00:00
eed0820e183311e6ae0d016436318b19,ce706e81decc274e0a5a183d1690385f,delivered,2017-02-09 21:43:32,2017-02-09 21:55:11,2017-02-11 07:55:50,2017-02-16 10:04:45,2017-03-08 00:00:00
b04719a0e9a9c2cb394b7ef1f0ec4b01,a3a212b842336eff11f74d947fe2e2a2,delivered,2017-02-09 21:47:48,2017-02-11 02:45:33,2017-02-14 16:41:30,2017-02-16 12:53:58,2017-03-08 00:00:00
1c72f6c4fb7c7f004287761dd7fa32aa,17b0e9829728899569d2b8bee6a124d8,delivered,2017-02-09 21:56:57,2017-02-09 22:05:23,2017-02-10 11:24:22,2017-02-16 09:28:41,2017-03-10 00:00:00
2c173fae740c25aaf8668bc3eeda0114,c21f952b2c5a136d5b3e16d43af119d4,delivered,2017-02-09 22:03:43,2017-02-09 22:10:13,2017-02-13 08:32:21,2017-02-16 09:44:52,2017-03-09 00:00:00
cd383d7a5f926abfe7b2ee1b80078b45,37fccd2d756c8564ce539cef92358880,delivered,2017-02-09 22:05:38,2017-02-09 22:23:00,2017-02-20 09:32:08,2017-02-23 09:22:41,2017-03-10 00:00:00
f454701e5160f7518990fcac29a81932,dc47946c59cec7bb8590aadf5f667ac6,delivered,2017-02-09 22:25:41,2017-02-10 06:50:09,2017-02-10 12:07:39,2017-02-17 15:44:46,2017-03-10 00:00:00
d6322bbb41a10c3fe6721b45537106c8,cb0ae8d3e18ff1b675bdcadf373fc97f,delivered,2017-02-09 22:45:52,2017-02-11 02:45:27,2017-02-15 10:32:24,2017-03-02 08:55:52,2017-03-13 00:00:00
f237e8ddc05a21386ec9441d40f8e09e,c5293253d2861ddfc7811223b6dcbfcc,delivered,2017-02-09 23:19:27,2017-02-09 23:30:16,2017-02-13 16:07:51,2017-02-17 13:58:00,2017-03-08 00:00:00
8c0819345572d0da947e64bfdf38e3d2,28431c7da08761c1ea2827009796a928,delivered,2017-02-09 23:40:48,2017-02-10 01:05:13,2017-02-10 15:02:26,2017-02-20 11:32:49,2017-03-14 00:00:00
85fb2afed45145db40381a894fed8d1b,9aa7354b0719e5e51822b84828b73dd5,delivered,2017-02-09 23:51:22,2017-02-10 01:05:22,2017-02-10 11:34:12,2017-02-21 13:09:10,2017-03-16 00:00:00
fbd05af8c1751b972fc6e19b1190990e,6df4246f1cf9de5292f78450941d26eb,delivered,2017-02-09 23:55:19,2017-02-10 01:05:19,2017-02-13 12:21:41,2017-02-21 15:47:51,2017-03-09 00:00:00
96e5187ccb9753392e2dcd3beff8f85f,b3aaa85c9690e3e133f5c83529fdb16e,delivered,2017-02-10 00:17:54,2017-02-10 00:32:11,2017-02-13 11:22:59,2017-02-17 10:44:49,2017-03-13 00:00:00
fcf3478bc90a1b2e214d529d0455dc1e,99b72b76d26475c4412b8d88c363b066,delivered,2017-02-10 00:35:08,2017-02-10 01:05:19,2017-02-21 07:38:56,2017-03-02 09:18:56,2017-03-20 00:00:00
7142b298b22a79a285d2ce792dc533a2,d2fac3a405031b2adb1739b20cae646a,canceled,2017-02-10 00:58:01,2017-02-10 01:05:27,,,2017-03-13 00:00:00
1869017c844a8734ceb468c7da13a88e,2359a7ebdae8381103e9f7524e70fd48,delivered,2017-02-10 01:20:59,2017-02-10 01:30:15,2017-02-13 08:17:31,2017-02-17 15:22:36,2017-03-15 00:00:00
e9376e0fd65f7e856a08d32426f523ef,fc21178c7e1580988c8d748736a40bea,delivered,2017-02-10 07:10:51,2017-02-10 07:30:09,2017-02-13 10:01:34,2017-02-17 10:23:53,2017-03-09 00:00:00
4e8ccb7e52d788ba5787160a8bf84b60,9a7a96ae72427d119a20b935bb0cdc1b,delivered,2017-02-10 09:20:49,2017-02-10 09:30:17,2017-02-10 09:58:56,2017-02-24 13:53:56,2017-03-23 00:00:00
61597f05faaa90aa4bdc03d88668ae6a,edf0e6998ad856cd7d39c70e966150cc,delivered,2017-02-10 09:27:35,2017-02-10 09:35:19,2017-02-10 11:17:28,2017-02-17 16:12:58,2017-03-09 00:00:00
85b58bb30d219374cf9cfdebbc5fbb69,c498555685a103ca04bcb5f81cd974ab,delivered,2017-02-10 09:37:46,2017-02-11 06:50:17,2017-02-17 09:54:05,2017-02-17 17:53:43,2017-03-17 00:00:00
a89e14734d926ba4f06da4c653abf873,d884f544da907f4cc6ffc6504f6a27c5,delivered,2017-02-10 10:02:07,2017-02-10 10:15:17,2017-02-10 10:32:46,2017-02-20 14:46:02,2017-03-20 00:00:00
ab624383f19eac12ba7d277b58378c7c,78f9bb3f08999230469876f27fbda918,delivered,2017-02-10 10:05:12,2017-02-10 10:25:18,2017-02-10 14:56:57,2017-02-17 17:44:00,2017-03-13 00:00:00
c1e2bf2b7dd3309f2f5356c6b63968fa,e37d47e7eec62f08dc5deecc7d5532d6,delivered,2017-02-10 10:19:10,2017-02-10 10:30:13,2017-03-02 17:34:26,2017-02-14 15:15:57,2017-03-15 00:00:00
e85c92ee6a3ba1ef47e41c23286314d9,66657bf1753d82d0a76f2c4719ab8b85,delivered,2017-02-10 10:19:22,2017-02-11 15:45:19,2017-02-14 16:18:14,2017-02-22 12:07:56,2017-03-07 00:00:00
b607cddb1d5540b72adbffe3ffa05328,1b9d4ab93945ccf4032f286a4a803192,delivered,2017-02-10 10:31:39,2017-02-13 08:35:17,2017-02-13 14:10:44,2017-02-17 12:01:44,2017-03-13 00:00:00
66721fc1b7506481ff0d62fefe0aaa6c,07f531d80eec53e83d52e270ea6538ea,delivered,2017-02-10 10:34:36,2017-02-12 10:30:10,2017-02-13 11:09:50,2017-02-16 12:20:25,2017-03-09 00:00:00
8c11e7320d48d441627a82aa47d9afc1,248c47650075a87ff142d4227837be6c,processing,2017-02-10 11:11:05,2017-02-10 11:23:08,,,2017-05-11 00:00:00
b495ec18170fb28a3610c8d3ab464442,a7ef3a4c88848b53b0a34eb34ad1fc2a,delivered,2017-02-10 11:11:16,2017-02-10 11:23:10,2017-02-10 14:24:46,2017-02-17 18:47:55,2017-03-13 00:00:00
de9df170e0b97a46f12f9bc8eca0e0b7,c4d22f031c3697072e4d9186b454d5fd,delivered,2017-02-10 11:17:16,2017-02-10 11:25:10,2017-02-10 13:46:02,2017-02-16 10:22:16,2017-03-14 00:00:00
9a9a016a99c004915ea810b5fe0dd5f1,0759284165b6a48d477306b72b1ed8df,delivered,2017-02-10 11:18:22,2017-02-10 11:30:16,2017-02-14 09:16:25,2017-02-22 11:14:56,2017-03-13 00:00:00
768b4cf8bec9afe5a1f39b8e3c3e8cc0,0d19340c8c2718010e8b50071eef5643,delivered,2017-02-10 11:30:13,2017-02-10 11:45:18,2017-02-21 08:16:03,2017-03-03 11:51:36,2017-03-20 00:00:00
42e7795ee0acd43f7392b9f31bb39c33,bf8e7bb7d25a116ac52bae3030cdde91,delivered,2017-02-10 11:37:38,2017-02-10 11:50:08,2017-02-10 13:39:37,2017-02-20 17:34:09,2017-03-15 00:00:00
59093e9d4ab91f46ff314e966e4268c1,80242677269637e364586259ccc5558f,shipped,2017-02-10 11:46:44,2017-02-10 11:55:15,2017-02-10 14:30:17,,2017-03-14 00:00:00
a7b6b0d33a2814dff897167e737b22c8,288456cc4ddbce6d17383ab66199b78a,delivered,2017-02-10 11:48:43,2017-02-10 12:31:55,2017-02-13 08:58:37,2017-02-20 09:33:04,2017-03-16 00:00:00
e9be4a779b9911ae4f412b78093d2921,c5741f989a6049395c73425008fdba81,delivered,2017-02-10 11:57:02,2017-02-10 12:33:30,2017-02-14 14:31:19,2017-02-24 08:51:54,2017-03-13 00:00:00
8b267a755ea7f8e11012c8d4cb85e7b3,616077b2a7c75e09c541623ceb18c22a,delivered,2017-02-10 11:58:00,2017-02-10 12:31:53,2017-02-20 03:36:09,2017-03-21 08:45:40,2017-03-30 00:00:00
121bf0ddd1c3d94dd344d3f0e81de607,76151a775ac037b2e2acea0033ad43e4,delivered,2017-02-10 12:01:25,2017-02-11 06:50:19,2017-02-20 03:54:56,2017-02-23 11:23:29,2017-03-16 00:00:00
f8ff98a36706c66da3a3f060a0ec3141,5da482ec6bdfb14e5eee98fb3e445280,delivered,2017-02-10 12:04:19,2017-02-10 12:31:50,2017-02-15 14:11:29,2017-02-23 10:53:57,2017-03-17 00:00:00
2f78768fa4786d3f20e9b6f95d73207a,d49c9637bec435e84552bb95ca51eea3,delivered,2017-02-10 12:10:40,2017-02-11 02:43:05,2017-02-13 10:43:41,2017-02-22 11:09:06,2017-03-17 00:00:00
7764be5b6bee0dd95410f25abc0ecd6e,954759bb948c954f87dbba72b4703451,delivered,2017-02-10 12:10:51,2017-02-11 02:45:07,2017-02-11 11:21:35,2017-02-21 15:16:20,2017-03-21 00:00:00
61782adcbc7367ccf0c14043586c9495,e415222b4abe172614ed6c78d9d96994,delivered,2017-02-10 12:11:25,2017-02-10 12:32:24,2017-02-13 10:43:40,2017-02-20 09:23:57,2017-03-13 00:00:00
da225d51cdb2a615ac38734cfdaebab4,5a01248cc0f2dfc237fe63b35f27a918,delivered,2017-02-10 12:13:02,2017-02-10 12:32:19,2017-02-13 10:12:30,2017-02-23 08:53:59,2017-03-13 00:00:00
5dcaecab15d20be174a67f4f5392cd84,6e5b962a5db843edc33fd181f87d4725,delivered,2017-02-10 12:45:05,2017-02-10 13:10:48,2017-02-20 07:03:06,2017-02-23 14:55:47,2017-03-15 00:00:00
a60c6548ab8ab949bbfce006f7b8a513,afd83d05ef70ea7d5f93796e688ebb0d,delivered,2017-02-10 12:53:44,2017-02-11 02:55:45,2017-02-14 11:11:24,2017-03-03 13:05:52,2017-03-27 00:00:00
bca58807bbe0c11fa3099e2328f62647,ded450170efe5531454485ca13120aca,delivered,2017-02-10 13:17:53,2017-02-10 13:30:20,2017-02-14 17:12:18,2017-03-09 19:46:01,2017-03-24 00:00:00
d98f635a12ded39ef1002ffefe2c80f6,2510dab99846cf86151167128b2032e1,delivered,2017-02-10 13:54:57,2017-02-10 14:05:13,2017-02-15 11:54:43,2017-02-17 17:17:31,2017-03-10 00:00:00
469e8e6e5a8946a3ba0e0835ae771e6b,288e976c94e837a29abe6b90418dcfef,delivered,2017-02-10 14:34:59,2017-02-10 14:45:23,2017-02-10 15:42:49,2017-02-16 18:33:59,2017-03-13 00:00:00
ffdc5e3279114c523a09296f8fd28331,c1268d9379bcbdb861e57fa5ca4b2107,delivered,2017-02-10 14:49:23,2017-02-10 15:03:37,2017-02-14 14:34:40,2017-03-03 18:04:36,2017-03-15 00:00:00
ba6ef427eddcdf12922391f524c053aa,460dc8184b5df8c865de24c0a5b69fd3,delivered,2017-02-10 15:27:02,2017-02-10 15:35:24,2017-02-13 02:21:39,2017-02-15 13:34:02,2017-03-09 00:00:00
f87af4a276a00d935b34c0d42c3fcfc3,15227c626cb65b59e12a8bd141e85247,delivered,2017-02-10 15:29:29,2017-02-11 15:32:29,2017-02-13 09:03:59,2017-02-17 09:06:37,2017-03-09 00:00:00
84d49379a00e593760307d4eaf2733da,28cc933fc409acbd1009d63669faa05b,delivered,2017-02-10 15:32:14,2017-02-11 02:43:07,2017-02-14 08:51:49,2017-02-22 11:52:32,2017-03-13 00:00:00
c6da623560d211f315e175c9af4c8727,b698450718afb9e7420dc1cc7b4e4b9b,delivered,2017-02-10 15:36:37,2017-02-10 15:50:20,2017-02-15 04:41:36,2017-02-23 03:17:54,2017-03-27 00:00:00
9f26d6e7d343f91817f608ab2cb56cdd,ab2e069dc0a781952e8a2447efda4bdb,delivered,2017-02-10 15:43:45,2017-02-10 15:55:16,2017-02-15 12:54:49,2017-03-02 18:49:08,2017-03-13 00:00:00
4e3d811dd3b8ca1f39b4ce47ee24b368,dcf56a1334b83afcfbc1cfeb008f38a9,delivered,2017-02-10 15:46:04,2017-02-10 15:55:16,2017-02-15 13:47:48,2017-02-21 15:04:36,2017-03-16 00:00:00
825df75b7a4b5c436b9d2443f653cab2,86774a39f72b954bd12596f8cdcafa7c,delivered,2017-02-10 16:05:24,2017-02-10 16:15:17,2017-02-13 09:28:26,2017-02-16 10:18:50,2017-03-13 00:00:00
c9cf685a5970016a369f50c8f42e87b9,3c65db2e0ff1b2c65304964e61bdf190,delivered,2017-02-10 16:11:04,2017-02-10 16:23:07,2017-02-13 01:57:38,2017-02-15 13:07:38,2017-03-17 00:00:00
27863884193fa88ed79c356f4f568fe7,6db7d2433a64ccb8a2258d3282007b7a,delivered,2017-02-10 16:27:07,2017-02-11 02:55:17,2017-02-13 12:00:45,2017-02-20 12:31:39,2017-03-21 00:00:00
de81104d0d1d1a5d4dd09e89a7ea4cd1,b9f21de0cf737e46054822f6082eaf31,delivered,2017-02-10 16:37:55,2017-02-10 16:50:17,2017-02-14 10:21:06,2017-02-21 15:36:07,2017-03-13 00:00:00
1056d9c713cf16970b44a1994cbdebb3,f67c3132efd7fdbe82c5365dad71d736,delivered,2017-02-10 16:46:29,2017-02-10 17:20:26,2017-02-13 12:54:08,2017-02-17 10:28:02,2017-03-13 00:00:00
f16599b98c62d8e9ee08de8c41bed3d1,9bfe7794e18a8c329058e8a117cde1f4,delivered,2017-02-10 16:57:36,2017-02-15 11:33:00,2017-02-17 14:14:52,2017-02-21 18:24:57,2017-03-13 00:00:00
aaefff6521e66b3e5c88bb2c93b9bc72,a9b14551e3b3b65aafda561259f08f03,delivered,2017-02-10 17:40:30,2017-02-10 17:50:14,2017-02-11 09:34:05,2017-02-24 07:41:19,2017-03-10 00:00:00
3237c01ca83d6c17feee532d5b7e6b72,ef965f89f325a77c2b3c7e1de2b897ba,delivered,2017-02-10 17:43:20,2017-02-10 17:55:21,2017-02-13 13:10:52,2017-02-17 11:43:53,2017-03-09 00:00:00
6d2cb1a61d735811e501bb71b6dd9c35,4d6a4d801f7f07fd8e3f52f34d5b41fc,delivered,2017-02-10 17:44:00,2017-02-10 17:55:20,2017-02-13 13:39:42,2017-02-20 11:48:59,2017-03-13 00:00:00
ab78c0e74f7486a3c47185c0f5cfbb89,c26682fa19520b10d982ce0a36517926,delivered,2017-02-10 17:46:12,2017-02-10 17:55:21,2017-02-13 15:03:47,2017-03-01 05:10:30,2017-03-15 00:00:00
bd0f032970584aa4a5b78947cb63e455,dbdeea4fb8e0fd4d40712789930a2455,delivered,2017-02-10 18:17:17,2017-02-10 18:25:16,2017-02-14 10:28:04,2017-02-20 12:12:46,2017-03-17 00:00:00
b784702b3377c4b93c2159512fbf937e,8761873ad35020140800f12b4a4140be,delivered,2017-02-10 19:17:03,2017-02-10 19:25:18,2017-02-14 09:44:50,2017-02-20 10:33:58,2017-03-09 00:00:00
059b6e617cb9675ad8bc74b7aa750e7d,6cf015566aff008af26f65b0c770318c,delivered,2017-02-10 19:42:58,2017-02-10 19:55:09,2017-02-13 01:57:36,2017-02-21 07:41:41,2017-03-21 00:00:00
0a2fff457eab3cadff378f87851dac15,3ff9a0ff4d3f31c042b67356615d82f9,delivered,2017-02-10 19:44:25,2017-02-10 19:55:08,2017-02-20 03:24:03,2017-03-03 12:22:15,2017-03-20 00:00:00
03cfff56e65677083384243927b9915f,13e4f3eb0b0869583f720c992376bf08,delivered,2017-02-10 20:21:46,2017-02-11 20:25:17,2017-02-13 15:27:56,2017-02-21 17:38:55,2017-03-13 00:00:00
b04215f2cbc4e1fdd167427e657c7d16,beb649b39fa226baecfc1b5333671de8,delivered,2017-02-10 20:22:24,2017-02-10 20:30:13,2017-03-15 11:37:25,2017-03-20 09:37:32,2017-03-09 00:00:00
67543007812c990098e0ac6c6fcb3093,55370cd0afa128c7978a0935bc865fd4,delivered,2017-02-10 20:24:30,2017-02-10 20:43:13,2017-02-13 12:05:52,2017-02-21 14:51:53,2017-03-09 00:00:00
9abf2c67162c8756e2733a5f36e0ed12,a2623335c77869716765cebebe4deb18,delivered,2017-02-10 20:48:26,2017-02-10 21:03:02,2017-02-14 14:31:14,2017-02-21 14:18:52,2017-03-09 00:00:00
afa17ebff8d7e00d7c9e04860c7ddcea,a40c9c907d645ac0394aa28875d5986d,delivered,2017-02-10 21:12:19,2017-02-11 21:22:59,2017-02-15 09:14:41,2017-02-21 18:21:54,2017-03-16 00:00:00
4ad8cbb7faf3db8150935f1f06b16663,a5acc83d0613fa082aee11996117121c,delivered,2017-02-10 21:37:36,2017-02-10 21:50:13,2017-02-14 13:55:26,2017-03-03 16:04:37,2017-03-21 00:00:00
d029b3091a68a8ab2e4ed9cf13c5a1c7,93dc00b09dfe9b795707c31cfa9b05a5,delivered,2017-02-10 21:56:16,2017-02-10 22:10:14,2017-02-15 10:22:09,2017-03-01 10:49:12,2017-03-13 00:00:00
3c2a7cc75899d6a06e8735da9b7fa302,3dfd713792fd5ddc4ffedb9ea5fd9318,delivered,2017-02-10 22:12:39,2017-02-10 22:25:12,2017-02-13 08:32:21,2017-02-17 08:16:37,2017-03-10 00:00:00
67e9625c39f8c6e529f81ad4c28acc5e,b821c0ef4b3b00f7a2879f391aedb4fa,delivered,2017-02-10 22:30:01,2017-02-10 22:43:06,2017-03-28 14:10:50,2017-04-07 14:44:09,2017-03-14 00:00:00
a8b8b7289262a652bbc1c042766c97c8,c0f2ac8bda6a84f4d3666f08760d0ef4,delivered,2017-02-10 23:23:35,2017-02-10 23:30:15,2017-02-17 09:54:10,2017-02-24 17:09:47,2017-03-23 00:00:00
6bf0953ea2856ef95e31030263eacc2e,a602a55269bd7ad0a6d3d7ef86ea249d,delivered,2017-02-11 08:28:52,2017-02-11 08:42:41,2017-02-15 14:33:44,2017-02-17 11:22:30,2017-03-10 00:00:00
17bac873da4c588c3111d7399f91673e,3fc136b32b1b6068b0bd9fc719d69959,delivered,2017-02-11 10:11:23,2017-02-11 10:22:43,2017-02-15 09:05:26,2017-02-17 07:36:06,2017-03-15 00:00:00
fcfe1ea18aae8ae4a08253fd4060a763,7708775efe2bcb20a0da522027356ba2,unavailable,2017-02-11 10:36:04,2017-02-15 11:32:29,,,2017-03-10 00:00:00
3352b51dbcaf8074b24f0efab4772dde,aa9a203efa1c66ae5dce0e279ed362f5,delivered,2017-02-11 10:40:02,2017-02-11 10:50:16,2017-02-14 12:17:35,2017-02-22 15:51:55,2017-03-16 00:00:00
09e6dfb3a40d9c2e75458a76ff06e2d5,2ac05c2154577da9cf490951f1a0da84,delivered,2017-02-11 10:42:55,2017-02-11 10:55:16,2017-02-14 18:17:28,2017-02-16 07:08:53,2017-03-10 00:00:00
c5e754f77f6f127371e929ccb707fce3,19ce60e416e5f9342e80d5ddcc814b03,delivered,2017-02-11 10:53:48,2017-02-11 11:05:19,2017-02-20 03:54:56,2017-02-24 10:37:39,2017-03-17 00:00:00
fb239dec6971179d84f8ad7b5f5308d8,16fac45765973778094395bcaa2ba122,delivered,2017-02-11 10:56:36,2017-02-11 11:10:13,2017-02-13 14:22:47,2017-02-16 14:08:52,2017-03-14 00:00:00
fad93ddceb5b210f71589b1e9258a110,2822af661614ee97360679a39de22690,delivered,2017-02-11 11:59:05,2017-02-15 11:31:58,2017-02-17 13:50:53,2017-03-02 15:34:28,2017-03-14 00:00:00
8d053738b817a245da596c4aac057923,d7be54516b09d327e904b5bcfbe0a79e,delivered,2017-02-11 12:25:50,2017-02-11 19:31:52,2017-02-16 14:36:07,2017-02-24 12:47:58,2017-03-24 00:00:00
72cb2646f4d14d8cc71780e765f531dc,4b4b31f3c6970ebb076768e11bd95ab6,delivered,2017-02-11 12:42:53,2017-02-11 13:05:54,2017-02-15 07:07:36,2017-03-08 09:13:42,2017-03-21 00:00:00
9c40a111cc4f36ac3f23328139901312,55e8be09219e4bc9dd78f8596b1d03f7,delivered,2017-02-11 12:54:48,2017-02-15 11:33:15,2017-02-17 06:35:59,2017-03-02 07:54:00,2017-03-10 00:00:00
43cc7c567182b58ce0ee6a1f7c2447fb,d1887ee73588097df36e7d83dfdc6d72,delivered,2017-02-11 13:15:40,2017-02-11 13:25:19,2017-02-13 10:13:43,2017-02-24 16:19:06,2017-03-28 00:00:00
8bac7fabc9ec56a6a0a9b74619dd30b7,3b542cee52633ddfcc18e056344408d1,delivered,2017-02-11 13:33:12,2017-02-15 11:31:56,2017-02-16 14:41:28,2017-03-01 13:50:43,2017-03-14 00:00:00
f5c948dcc066017d10fd2dd3d01cea6d,9a742779321ef50e42cabb09ea58bfe7,delivered,2017-02-11 13:39:30,2017-02-11 13:50:17,2017-02-13 12:19:22,2017-02-20 11:22:10,2017-03-10 00:00:00
bb814d61ca007ff7d14736b5f8a8d89d,95deb7ac011ade1412af2a5007043682,delivered,2017-02-11 13:41:13,2017-02-11 13:50:16,2017-02-14 11:11:25,2017-03-09 20:26:16,2017-03-16 00:00:00
f97e435076c45487417ce991028f5445,dbb099efb706ebbe3d67bf067d2442db,delivered,2017-02-11 14:45:06,2017-02-11 14:55:12,2017-02-13 15:28:47,2017-03-13 18:35:44,2017-03-22 00:00:00
7976a5c0f4cf314a66586cf02f7aa596,3ba71e4f3f55b141801dc27ed1daa7f5,delivered,2017-02-11 15:10:03,2017-02-11 15:22:48,2017-02-14 10:11:47,2017-02-23 18:38:30,2017-03-16 00:00:00
ec72b3cb886591a30fe474f7474720c8,87b01be0c7f4ec17eafabf5f1588c306,delivered,2017-02-11 15:12:14,2017-02-11 15:22:48,2017-02-14 09:55:45,2017-02-17 10:35:48,2017-03-15 00:00:00
c6e85bb83d4a4831b79ccd25b2b98cd8,b12107d71983e8cefe72656d5202f754,delivered,2017-02-11 16:11:15,2017-02-11 16:22:48,2017-02-21 14:47:37,2017-02-24 09:33:21,2017-03-14 00:00:00
10e9f4b926adf55cefc13979e6b1d62b,cf96b5af1c0b18a84eb35a144c85f142,delivered,2017-02-11 16:42:22,2017-02-11 16:55:12,2017-02-13 09:59:57,2017-02-17 09:15:50,2017-03-16 00:00:00
387d6eb2681cc0d53bf68df6845a729a,a32a92d1ce4dbb02613186c1bb03a16f,delivered,2017-02-11 16:52:47,2017-02-11 17:05:13,2017-02-13 10:43:41,2017-02-17 10:05:03,2017-03-14 00:00:00
2609c6729fdff11b1686733d0852c7ed,d8dbc8388e99acb58b9ac6f0a7f6bbfb,delivered,2017-02-11 16:59:01,2017-02-11 17:10:19,2017-02-14 15:55:33,2017-02-21 14:52:00,2017-03-14 00:00:00
a033e71a9fdc7a30404bd7a39d3ad173,7967273ffe4b8e02d0fde3762994b1de,delivered,2017-02-11 17:06:41,2017-02-15 11:32:13,2017-02-20 04:34:06,2017-02-25 02:38:36,2017-03-10 00:00:00
a32e794aa3f7df03d1a3848213b24346,5d265f8913e710c0156ad1edc1e2e09d,delivered,2017-02-11 17:23:59,2017-02-11 17:31:50,2017-02-13 08:32:21,2017-02-24 06:52:30,2017-03-27 00:00:00
a112ffd9157da040b7951b8bb6bb2fba,f199293a1cd17c4e0c71a13f02a34a7c,unavailable,2017-02-11 17:32:35,2017-02-15 11:33:15,,,2017-03-14 00:00:00
647cd1d569c405ed9c09cbd6cf0813f9,2a1ee262586b0c336663bee289d388b5,delivered,2017-02-11 18:00:25,2017-02-11 18:10:08,2017-02-15 10:40:36,2017-02-20 07:14:05,2017-03-10 00:00:00
c3c35f2d43a0d5fd996de1f3b77ffa0d,d14b8484a2e75c490a1a1bc3d3426a48,delivered,2017-02-11 18:05:27,2017-02-12 06:45:45,2017-02-13 14:00:19,2017-02-21 16:52:29,2017-03-16 00:00:00
d87efaa8a13d7d43b3464f49c528c787,7eb927f63e4b090b789fac3324d400d3,delivered,2017-02-11 18:10:26,2017-02-11 18:22:47,2017-02-13 14:06:53,2017-03-04 04:42:25,2017-03-13 00:00:00
4eb2ac97a426c7f771f8bb1ef6ba5771,fd006a53412328405bda07eb5f6be031,delivered,2017-02-11 18:33:28,2017-02-11 18:45:11,2017-02-13 11:25:36,2017-02-23 09:07:32,2017-03-22 00:00:00
272bcd7b520b3a4628acadb461400675,b7f396c9fd13888c4ebe7f73435525b1,delivered,2017-02-11 18:42:33,2017-02-15 11:32:39,2017-02-16 14:42:56,2017-02-21 11:04:15,2017-03-13 00:00:00
38bf8e12131a605a38265416150b4888,c2a265d75ed170f4858647eb1a0b442d,delivered,2017-02-11 19:23:50,2017-02-11 19:31:46,2017-02-13 15:14:42,2017-02-22 14:43:53,2017-03-17 00:00:00
abc371fa4448846ac98855c256ab235f,2ae960d0b2a92913f76520f59d0749b4,unavailable,2017-02-11 19:26:28,2017-02-13 14:05:15,,,2017-03-10 00:00:00
73e0c0e9d14c86750d2df4a0d74eff29,0c19a47cf78648bc68d3e9e3d4fce3bf,delivered,2017-02-11 19:26:46,2017-02-11 19:42:57,2017-02-15 10:42:01,2017-02-20 16:22:54,2017-03-14 00:00:00
c1c7631c24af4189464f9bc75189fb55,770b54376073ab9fb3ece8772dfcb16e,delivered,2017-02-11 19:40:36,2017-02-11 19:50:14,2017-02-15 02:58:21,2017-02-21 12:53:47,2017-03-10 00:00:00
40cd91f7288925344c6b40edd0836c3f,8423a6559b5a7725b82a75775a5acd64,delivered,2017-02-11 19:58:25,2017-02-11 20:10:17,2017-02-14 04:04:25,2017-02-25 09:21:23,2017-03-16 00:00:00
e1f19495005161ca887eeb4b7cf3332d,074b92f6fc71f14f11bfa7c664136c8e,delivered,2017-02-11 20:02:31,2017-02-15 11:32:01,2017-02-20 15:58:50,2017-03-24 15:03:49,2017-04-07 00:00:00
30f7c25897bac24c9d57f04e7cd8903d,f21ba9720adb1d11243d94fb25c8607c,delivered,2017-02-11 20:33:07,2017-02-11 20:45:08,2017-02-13 13:48:04,2017-02-21 10:17:42,2017-03-22 00:00:00
f06e135f2a783426a58b29014f2346b3,ca77bde16eec6e0f47598d105c08899c,delivered,2017-02-11 20:41:14,2017-02-13 11:43:14,2017-02-14 06:05:13,2017-03-02 15:15:25,2017-03-24 00:00:00
5a5f3655d1d2c0a31d9ad1eee421ce81,6a67694e93de15ff31d131b4264a6951,delivered,2017-02-11 20:48:22,2017-02-15 11:33:04,2017-02-17 05:57:45,2017-03-30 13:30:03,2017-03-22 00:00:00
6d3130927406da969ab807821a93a65d,dc06b273fa5b109f3d49ec7e45665a7f,unavailable,2017-02-11 21:39:55,2017-02-11 21:50:13,,,2017-03-10 00:00:00
5685548b79358ab0ae555e21ef9cb4ea,c17c6a65a59d3b444858f91b44800134,delivered,2017-02-11 21:54:04,2017-02-11 22:05:15,2017-02-15 07:37:47,2017-02-21 10:11:46,2017-03-16 00:00:00
4ac0414dab9b48f0b168bb305b85df12,4d6427b10700b00dbebc5643bb630631,delivered,2017-02-11 22:03:11,2017-02-11 22:15:08,2017-02-17 12:42:29,2017-02-23 13:49:03,2017-03-16 00:00:00
84e37af08e63ea7261d22a0af81e73cd,9f0d2e42f83c55179cf336b77a28acb2,delivered,2017-02-11 22:10:04,2017-02-15 11:32:52,2017-02-17 13:50:55,2017-02-25 04:47:59,2017-03-10 00:00:00
668a90230a093eded715f999c5c93610,df034b70a93ea1cd89e82ffc7b0b45ae,delivered,2017-02-11 22:14:37,2017-02-11 22:25:20,2017-02-20 14:53:52,2017-02-21 12:24:09,2017-03-10 00:00:00
9170aebe7b37a53bea1f29d91488b0fc,a02700fc8188dbb2df5391ef5961d156,delivered,2017-02-11 22:44:15,2017-02-11 22:55:16,2017-02-14 16:41:31,2017-02-24 02:46:07,2017-03-14 00:00:00
75f1f96566e2fbecc5fe22dd4f16f8e8,88d44020b4142f4668150bc2a3c9530d,delivered,2017-02-11 22:45:38,2017-02-11 22:55:16,2017-03-06 10:11:44,2017-03-17 12:08:17,2017-03-14 00:00:00
fd0f11edd4d56e20fdb1763757220228,d110f0e027c5b384b2883816bc05b39f,delivered,2017-02-11 22:47:43,2017-02-11 22:55:17,2017-02-20 09:18:39,2017-02-23 18:20:11,2017-03-10 00:00:00
b78d95a93c70ace32ceafee76789a2f1,54b2e1f570b9493018c0fc2dead80220,delivered,2017-02-11 23:00:56,2017-02-11 23:10:12,2017-02-22 11:04:18,2017-03-03 02:09:59,2017-03-20 00:00:00
73c8476a5145125bb535e946a6192bb1,30b64fdb8dad83e88b8ecb0f9b6c0335,delivered,2017-02-11 23:23:22,2017-02-11 23:32:10,2017-02-13 16:15:11,2017-02-16 15:28:58,2017-03-10 00:00:00
8fb030b413de395dcbb7cb1a3c9b256e,b097036ec194b8151f619fe933161b3e,processing,2017-02-12 00:02:36,2017-02-12 00:17:20,,,2017-03-24 00:00:00
2efef48118e6846607240cd8910e05d0,9c7d570b975ac49cc2a6467c3e1048d8,delivered,2017-02-12 00:20:45,2017-02-12 00:34:00,2017-02-20 07:52:39,2017-03-08 22:23:46,2017-04-03 00:00:00
8ce80fc6b88ff67ab9506b08ba95f300,fc32515d52db6d39df219e2d53229a65,delivered,2017-02-12 00:31:17,2017-02-12 00:44:17,2017-02-13 13:46:14,2017-02-24 11:35:50,2017-03-14 00:00:00
b843f3e786e91ebc527779dc682f5487,e9b62718241d8b9a249909e4036f29c8,delivered,2017-02-12 01:27:41,2017-02-12 01:43:03,2017-02-13 12:19:21,2017-02-17 10:37:58,2017-03-10 00:00:00
19f97beaab0d2b8ba54f9a458629f5d6,90f8e726ef106ec88000fc6cae1168fe,delivered,2017-02-12 09:04:50,2017-02-12 09:15:19,2017-02-13 09:55:12,2017-02-14 15:08:21,2017-03-10 00:00:00
a6da74b3d9ae7e102985630416034486,7a1df13f94accb7df88adc51682d29f4,delivered,2017-02-12 09:21:56,2017-02-12 09:31:43,2017-02-16 09:47:37,2017-03-01 08:35:34,2017-03-21 00:00:00
6d649c890e34db80ede180e9497aeb6a,7bb9baed1a0bbe1688da57d56a71b89d,delivered,2017-02-12 09:25:16,2017-02-14 03:43:03,2017-02-15 11:34:40,2017-02-20 16:21:37,2017-03-15 00:00:00
4064338b1a0771e658af6c71d3fa2604,1e9af921838cb34a1bb286bd89abab23,delivered,2017-02-12 09:31:44,2017-02-12 09:43:02,2017-02-13 14:05:31,2017-02-25 10:02:45,2017-03-14 00:00:00
e3b7896b6e5a82264c8e99a140843793,7b94fc04e54eecc78e563d7ec5a28521,delivered,2017-02-12 09:32:14,2017-02-12 09:45:17,2017-02-14 17:12:18,2017-02-21 16:35:52,2017-03-15 00:00:00
c82d05a27c07ba92d333b046a6042d32,685ee60a0c6b76661ebb35ec6a5a3a55,delivered,2017-02-12 10:01:47,2017-02-12 10:10:08,2017-02-13 10:43:40,2017-02-22 11:03:15,2017-03-20 00:00:00
1a9c245550ac4d57455c5e25c866cad4,fc3ad5e4ca7a01c02e25bd40dd173b57,delivered,2017-02-12 10:27:34,2017-02-14 03:45:27,2017-02-21 14:06:04,2017-03-14 14:17:37,2017-03-24 00:00:00
21de78ac0578363ecb087f82755e6593,1f74cfeeda5e2f4b51ab875fb82748be,delivered,2017-02-12 12:12:51,2017-02-12 12:31:28,2017-02-13 12:19:22,2017-02-20 11:22:10,2017-03-14 00:00:00
c5d58ec8e7e7184d9a9d42b75ffa002d,18e42e6a3b2022561588b6d32c036b52,delivered,2017-02-12 12:30:04,2017-02-12 13:02:08,2017-02-13 14:00:21,2017-02-20 12:29:30,2017-03-16 00:00:00
693264d23ad645c479b42deea5eceec0,aa72002446dfbac0691304465c1b982d,delivered,2017-02-12 12:32:38,2017-02-14 04:15:22,2017-02-14 13:34:16,2017-02-17 15:12:28,2017-03-10 00:00:00
7928aaa2a94ef219ecd0f7d9224cfc7b,7606fb21cf20a7b04dcafb032d1e9ecd,delivered,2017-02-12 12:38:40,2017-02-14 03:43:06,2017-02-17 20:12:22,2017-02-20 12:12:26,2017-03-14 00:00:00
5c78f2a82781176defcf7f019892d324,5e085412648734bfe73b0c0196075f49,delivered,2017-02-12 12:39:09,2017-02-14 03:35:19,2017-02-14 08:48:15,2017-02-20 09:38:52,2017-03-22 00:00:00
8964e929ea610b2c2b98e3c4d1bb86d8,16fdfe3c4f948f802baee3f32d1f99fe,delivered,2017-02-12 13:12:39,2017-02-12 13:22:56,2017-02-13 12:28:50,2017-02-23 10:51:22,2017-03-14 00:00:00
56fd7f1e63ea8177e02f64f5077ee7f3,b56ae5e64e7fe3540d496019baaa61b5,canceled,2017-02-12 13:41:41,2017-02-12 13:50:20,,,2017-03-21 00:00:00
54b74eb9e20b816d9cc07605650b592c,fdb6ee42f69dd8ef339d4eb246cd8b58,delivered,2017-02-12 14:11:06,2017-02-12 14:22:50,2017-02-13 11:38:17,2017-03-01 11:26:02,2017-03-14 00:00:00
bfb022f17ef48196bf7cda1a9a437517,3dda9e6c4c336587def527c9d32eac08,delivered,2017-02-12 14:14:09,2017-02-12 14:22:54,2017-02-17 13:52:47,2017-03-08 11:57:48,2017-03-14 00:00:00
b4eb90d259a894fde9db24f991797b6b,aba01eb10d088b9a4412b060884c5812,delivered,2017-02-12 14:18:21,2017-02-14 03:45:15,2017-02-14 11:19:24,2017-03-01 12:44:03,2017-03-14 00:00:00
6146a7dc414dd1510ac54aa29c2311ed,39f4205ae1789fd59b6ce79e2cd7c381,delivered,2017-02-12 14:23:31,2017-02-14 03:45:29,2017-02-15 08:10:26,2017-02-20 14:03:17,2017-03-15 00:00:00
c7e64567d07503e82847c129519ea90c,718ed7b0762650c7764a7190183c79a3,delivered,2017-02-12 14:25:19,2017-02-13 14:30:18,2017-02-14 12:12:13,2017-02-21 17:17:45,2017-03-15 00:00:00
cf6264c37c96bc0cf63ebd0f9fba45da,4577f6d82b9291135c729578c39029bb,delivered,2017-02-12 14:42:48,2017-02-13 14:45:20,2017-02-17 07:43:46,2017-02-22 16:39:55,2017-03-14 00:00:00
4cad943ab8ba8479347dd102125fa87b,6e9b72d0362c6e0175d0fe1ee39a154d,delivered,2017-02-12 15:08:08,2017-02-14 03:35:17,2017-02-22 14:40:19,2017-03-07 17:35:18,2017-03-15 00:00:00
d184a50b5e40af5b04c71ea71a0f6637,bdccda5ccefdbb3e41596cd2577e26ce,delivered,2017-02-12 15:12:12,2017-02-12 15:22:57,2017-02-13 14:05:21,2017-02-22 14:21:31,2017-03-20 00:00:00
761d27773b89e0a86484468a0079a7d5,c58aae26cadcf02d41274b7aeac18ab8,delivered,2017-02-12 15:12:20,2017-02-14 03:42:56,2017-02-15 06:13:53,2017-02-20 12:14:01,2017-03-10 00:00:00
083c3a567b005b0f7261c9c0c76fe151,d4a6786c02a6e6ba536f58e3b4a13393,delivered,2017-02-12 15:45:27,2017-02-12 16:00:14,2017-02-17 09:54:11,2017-03-03 19:25:33,2017-03-22 00:00:00
29985fe387407ff7f6904b294fb89028,bbcd801cba7b655a6aab583778eb6af8,delivered,2017-02-12 15:53:19,2017-02-14 04:10:25,2017-02-15 11:08:42,2017-03-03 09:28:01,2017-03-14 00:00:00
dacf07b003ccc1ffbf3d890a402329f8,7cda83c1b0ab225fe4afb8d9d28c7fb5,delivered,2017-02-12 16:03:25,2017-02-12 16:15:21,2017-02-24 10:38:59,2017-03-02 12:05:57,2017-03-21 00:00:00
b1253279f7cb2552c9625335aa5ff684,12e244bdcf0634c2d48e7965647f06de,delivered,2017-02-12 16:41:04,2017-02-12 16:50:19,2017-02-14 13:39:55,2017-02-15 09:42:39,2017-03-16 00:00:00
fa479c8466485b9cb8b97b916885cd56,496f0fd97174c54fb601fe2e6d1ec494,delivered,2017-02-12 16:41:20,2017-02-14 03:50:21,2017-02-15 04:53:57,2017-02-24 11:05:27,2017-03-15 00:00:00
3ff488af63223ea08fce4e9db03a82dd,fb62f2a2b233dce9750bd57255526150,delivered,2017-02-12 17:11:02,2017-02-13 17:22:59,2017-02-14 09:15:08,2017-03-09 08:51:55,2017-03-22 00:00:00
48275cf565f4ea4f291da07bbbc7d330,48feef90ef337d61dbd501ba9fdec246,delivered,2017-02-12 17:28:07,2017-02-14 04:15:24,2017-02-14 08:30:27,2017-02-21 13:17:57,2017-03-16 00:00:00
6d17df1418ac08da686036d2a0359f5d,20c705ea06665873f96da22bcc958a6e,delivered,2017-02-12 18:12:18,2017-02-14 04:10:24,2017-02-16 08:27:33,2017-02-24 14:37:32,2017-03-14 00:00:00
f4e88b3ce1eb899d388467aa702fdf93,4a1435c406b7c8bf1404a88a197787b4,delivered,2017-02-12 18:14:57,2017-02-12 18:30:12,2017-02-14 11:18:49,2017-02-20 13:15:29,2017-03-14 00:00:00
e73c4ecd46f3549fd9ebcdfab800cd28,cde3d6f35cc850126ef374787cc74222,delivered,2017-02-12 18:37:11,2017-02-12 18:45:11,2017-02-16 14:07:20,2017-02-22 06:43:36,2017-03-20 00:00:00
86cf7f20f784187597f7a3f34ea1403d,e39af7797ef9fc32e6a07806a9562437,delivered,2017-02-12 18:43:37,2017-02-12 18:50:19,2017-02-17 03:55:35,2017-03-14 16:34:05,2017-03-20 00:00:00
ec95bda03fcd25491f6e0142ef318ee8,e1f665b9a62b55d9bfc07edf2bbfc9c2,delivered,2017-02-12 18:46:20,2017-02-12 19:02:51,2017-02-13 09:50:59,2017-02-22 10:13:40,2017-03-24 00:00:00
bb4f0c21ae6014e40ef007ff6fbcbeb9,94f7f1cb719dd707fd437e918d282537,delivered,2017-02-12 18:48:56,2017-02-12 19:02:52,2017-02-16 14:42:05,2017-03-01 14:09:10,2017-03-16 00:00:00
194a9f43598155086b091e0c827ad480,ceecf302e4a8a4018810a27e9501d422,delivered,2017-02-12 19:08:25,2017-02-12 19:15:12,2017-02-14 14:05:21,2017-04-13 08:29:43,2017-03-14 00:00:00
26258cbf6d2a9914460dcb10876cfd01,2a71f0f553e5ed3a56fdbaf9e41f4f5c,delivered,2017-02-12 19:15:33,2017-02-12 19:30:16,2017-02-14 09:44:50,2017-02-21 14:42:52,2017-03-14 00:00:00
d6229aca790acb92366c9888f1e0c181,5cb5ff757d630a29902ea9b9699b936e,delivered,2017-02-12 19:40:41,2017-02-12 19:50:19,2017-02-14 12:28:30,2017-02-17 06:52:16,2017-03-10 00:00:00
