order_id,order_item_id,product_id,seller_id,shipping_limit_date,price,freight_value
00042b26cf59d7ce69dfabb4e55b4fd9,1,ac6c3623068f30de03045865e4e10089,df560393f3a51e74553ab94004ba5c87,2017-02-13 13:57:51,199.90,18.14
001dbc16dc51075e987543d23a0507c7,1,777d2e438a1b645f3aec9bd57e92672c,4a3ca9315b744ce9f8e9374361493884,2017-02-01 13:17:57,69.90,18.00
002691433f09002ac9ca0c4e8dbb8ead,1,430d215740da7fdda91cc938f8fd92f6,0887a9f087bcd5d9f6642b52f897fc6c,2017-02-06 21:18:03,104.00,16.43
00b4a910f64f24dbcac04fe54088a443,1,ba05e2861971098fc7ecd8162c23452a,d50d79cb34e38265a8649c383dcffd48,2017-01-22 17:55:34,33.99,16.60
00cf47526e0f7920b381b2baf4ecf1c7,1,8c81af91a9b96d073ccaf0d3402ec5b2,5bc237df65098fe211bb4818f4d26d78,2017-02-18 13:21:46,59.90,14.59
012973f4cb6743d00d7e2644ddc8804c,1,cd59f488cef311feb633141ad1e8563d,8d79c8a04e42d722a75097ce5cbcf2ef,2017-02-02 22:02:29,15.32,18.00
013bc5ce14f856d31efc8bebdc3a278f,1,f2af004352a06a99dca765596240cbc3,f4aba7c0bca51484c30ab7bdc34bcdd1,2017-02-10 19:12:50,23.89,8.72
015fb6b5f739788434fa690540f90f19,1,a0eccc912d428eaddf1ef4fe47593ece,8a87611c08849ffeeccab52aa798b6c7,2017-02-04 13:06:05,143.00,94.98
015fb6b5f739788434fa690540f90f19,2,a0eccc912d428eaddf1ef4fe47593ece,8a87611c08849ffeeccab52aa798b6c7,2017-02-04 13:06:05,143.00,94.98
016dee69b3de35a39bfccee5309307c3,1,68bfdbfe84f03af17733b10362f10020,827f8f69dfa529c561901c4f2e0f332f,2017-01-18 16:35:59,45.00,17.19
01ad4f241a16bff724de081b558f0f4d,1,448f0791c4d2fc5d250a401edfc208d4,a888faf2d1baececa6baf9c3d603ee1f,2017-02-18 18:47:17,309.90,17.38
01ba72e24cf883d74c5479c0a626c740,1,fb060ad9a8625b626189641799bccf89,b1204cfda1d4948679db3cfc0d3cb95c,2017-01-21 19:55:40,44.60,14.52
01f216b447564f9ea791b521db577ccb,1,473795a355d29305c3ea6b156833adf5,620c87c171fb2a6dd6e8bb4dec959fc6,2017-01-28 18:44:53,59.90,14.59
020c01e41104519842f8a15605af646c,1,3a77cc438baf789ed16b12b553ce504a,710e3548e02bc1d2831dfc4f1b5b14d4,2017-02-12 13:10:22,29.99,21.82
02190241f7190a1f3c7e0df95a749c6a,1,e00d2c49504aeaf7acdc9ff7cf8a6107,46dc3b2cc0980fb8ec44634e21d2718e,2016-10-12 04:44:23,249.99,10.74
02190241f7190a1f3c7e0df95a749c6a,2,e00d2c49504aeaf7acdc9ff7cf8a6107,46dc3b2cc0980fb8ec44634e21d2718e,2016-10-12 04:44:23,249.99,10.74
021d08e4057e5b6414c8d2f69f4f72a0,1,a819714dd23a6ac18b1be2b13686017b,ffff564a4f9085cd26170f4732393726,2016-10-17 19:01:41,51.50,14.53
02605c218285d02df75a255f13396f1e,1,05c693a8085dad009cebdcf2830ab738,ef506c96320abeedfb894c34db06f478,2017-02-05 17:43:09,34.99,24.84
026b41054c5e6b7a4e94a971bb94193c,1,7aab18bec732db73232f712de3ba14fc,2b1a40c1daabc6ca280c4b815c101841,2017-02-07 18:25:13,379.00,29.99
02a0eb7c22b0616c767a45954a2a28f6,1,5f8c74f4a3d2b616857fcb7d4dd1f61a,83e197e95a1bbabc8c75e883ed016c47,2016-10-14 08:14:53,119.50,25.04
02d2287dea15cd93d945f1749f3288ed,1,65e3848513c9ab70bf542e5d694cf072,a416b6a846a11724393025641d4edd5e,2017-02-06 16:59:03,36.85,11.74
02ff3675b59b53ca5cdcb2b6752aeea1,1,d465fef4e52e46bc9e04996b37789bbd,8a87611c08849ffeeccab52aa798b6c7,2017-02-06 17:10:20,53.95,15.59
03128233e78ed8ade6738f2043f4cf8d,1,3cacd5299c846cb08ae1e445fd78392b,c7dcd301ecfe5ab7f778ac172cf74be7,2016-10-21 16:25:24,57.90,14.61
032bc75236a1cbaf410bb596a509e774,1,1f50c7757334d6acef5e3c5fa64eb3c7,dbb9b48c841a0e39e21f98e1a6b2ec3e,2017-01-24 22:18:06,39.90,11.74
033a79557b0d234035b38da3be948574,1,8fd009f43c970fdd7db487475a59cc7a,5fd924b4836098a5be0ecf81ba054ce0,2017-02-10 14:56:20,35.00,24.35
033bac5f45a9d0cf7be5e47f03ed1e44,1,8ce0b48cdcc4b753ae4de64497998338,75d34ebb1bd0bd7dde40dd507b8169c3,2017-02-13 17:01:06,131.99,11.66
035ab6fc3b7f9d16f714a337ee63b7be,1,9117307cf75efa6e964d697f0d1297f9,0ea22c1cfbdc755f86b9b54b39c16043,2017-01-27 23:36:55,19.90,24.84
03679d41c590caa3f9f56dfad35bff0a,1,2b4ad41f87f5ca9daba350c8f886b729,63b464dbf392c7b80d12d932fa7cafed,2017-02-15 15:47:22,159.00,26.61
03b218d39c422c250f389120c531b61f,1,c1488892604e4ba5cff5b4eb4d595400,1554a68530182680ad5c8b042c3ab563,2017-01-18 14:20:01,38.50,11.74
03cfff56e65677083384243927b9915f,1,e9ba3ec00ccd563b43e5de69a74a43d7,fa1c13f2614d7b5c4749cbc52fecda94,2017-02-14 20:21:46,229.90,15.78
03ffce741877a000ca0fb3520673d4c4,1,660422061e06da17ca6101e9d6b7aae8,76d5af76d0271110f9af36c92573f765,2016-10-10 16:02:37,649.00,169.12
042e247be09aeae88a74e35766aa03ca,1,7721582bb750762d81850267d19881c1,0c8380b62e38e8a1e6adbeba7eb9688c,2017-01-30 22:28:07,59.50,17.16
042e247be09aeae88a74e35766aa03ca,2,7721582bb750762d81850267d19881c1,0c8380b62e38e8a1e6adbeba7eb9688c,2017-01-30 22:28:07,59.50,17.16
0497899302217e8f8ea8645ac33c1882,1,cd8c7501d1e3a66f282dfed8dbd5ab9f,392e0502231ae2f8b29994ef6398cd77,2017-02-18 11:21:12,99.00,22.16
04bc36cd51141e11c2cbbd188b6e47ca,1,0fc6914383c2bea767a9562c9d8b43a1,8c16d1f32a54d92897cc437244442e1b,2016-10-13 14:35:21,43.89,14.52
0516c22655fe1e1f0b3390f4ee3fc5f6,1,67c8b207e496408eb0f63e09c234dbc0,7c67e1448b00f6e969d365cea6b010ab,2017-02-09 11:49:23,29.99,15.56
052523fd2c735b15cb107afc0a413bc2,1,c1488892604e4ba5cff5b4eb4d595400,1554a68530182680ad5c8b042c3ab563,2017-01-31 17:21:48,38.50,18.00
055eb7e5645d86bd278fc4f419622e8d,1,46f739c1cd676603026c0af4d29ef7a5,198c7ea11960a9844b544d9bcdca860c,2017-01-30 13:14:02,139.99,16.09
0571cdb407bf04b419c94ffd7acbd874,1,91b08d34d0ba4db44da2dc382867ba49,b76dba6c951ab00dc4edf0a1aa88037e,2017-01-23 21:24:05,6.90,15.65
058afe6c6322b4773393a66003934493,1,3cc52e01a315aba7f650574a3a256b1a,e5a38146df062edaf55c38afa99e42dc,2017-01-23 19:35:35,229.90,15.39
059b6e617cb9675ad8bc74b7aa750e7d,1,61509eaebb2d4bd1a7511b1a75703f8c,cca3071e3e9bb7d12640c9fbe2301306,2017-02-20 18:42:58,24.90,14.52
05a971ae7a83a0b371ae1b5bfc45514e,1,e951fa511351528e83ebde739f059348,8a87611c08849ffeeccab52aa798b6c7,2017-02-04 00:11:36,255.90,18.00
05bfcf9e287cad216cadb8a850f8db5c,1,eba7488e1c67729f045ab43fac426f2e,620c87c171fb2a6dd6e8bb4dec959fc6,2016-10-10 16:05:52,249.90,17.59
05bfcf9e287cad216cadb8a850f8db5c,2,eba7488e1c67729f045ab43fac426f2e,620c87c171fb2a6dd6e8bb4dec959fc6,2016-10-10 16:05:52,249.90,17.59
05c7d88e9c05e1fa1428f1ff2dcc29da,1,4e0946aebc8e1d7521219ec1e7380aed,817f85dbb65aa3e70831d90fe75cdf89,2016-10-21 16:18:08,128.90,16.04
05ca3bba2e4c3bc5c601b57af96cf3cf,1,f422d0d9f8b5f7c27289382b14b61248,1554a68530182680ad5c8b042c3ab563,2017-02-07 14:24:28,66.99,18.00
05cd156f0f47579a36d7a52724fc31b8,1,913580fde3e72c3b3e4ce0b79963bee6,b76dba6c951ab00dc4edf0a1aa88037e,2017-01-18 18:27:28,10.99,14.52
0608991422469365a7b98644f2456aed,1,f32941d7c00c56b8d7a3723c8ebb4be5,50c9975695009e5e6473912e83a6d1da,2017-02-09 15:53:52,195.00,48.72
061a6c0d2222c7c9f49a21e108579b49,1,8e14e42d480e0c520d2f8ee0e7d3249d,b98b715fe9e276204e2a3464f48cd796,2017-02-19 17:28:10,79.90,14.73
062f0992a050330334749ffa530fa796,1,5b8423dc7f23089c9c59c5d140eb5a1c,a3a38f4affed601eb87a97788c949667,2017-01-31 16:55:48,129.99,18.00
0633c2f778161bd80bf27cb619d6437c,1,a703f5ade6e4fae527357132230ea778,f4aba7c0bca51484c30ab7bdc34bcdd1,2017-02-12 12:31:33,23.90,24.35
063b573b88fc80e516aba87df524f809,1,3d37da85f5e66558333fb5daee494736,ecccfa2bb93b34a3bf033cc5d1dcdc69,2016-10-21 16:23:11,69.90,17.63
0650ef96422834cca0cc7799efbf6307,1,6b42b1f7dfb74bb23a01605fbedd5b85,bf100ecb7997df312b285358fb32f92c,2017-02-09 12:46:02,99.90,18.98
0675116b5556a78cf0413f70aa9f235e,1,d41a53937c9fddcd3aafd96be7d4f345,cca3071e3e9bb7d12640c9fbe2301306,2017-01-25 15:21:44,79.90,11.95
06d7e8a85f5cfef576c5303ed7d7f2e5,1,989fd236458b9c0410bc6e1cf23cde4d,c9a06ece156bb057372c68718ec8909b,2016-10-11 12:36:07,49.00,14.72
06dec2690e0cd75d327646a81fdba74d,1,04c48a5fe31aedc4ef3896c005fd483c,620c87c171fb2a6dd6e8bb4dec959fc6,2017-02-02 14:30:57,309.90,18.00
06f4be78b76ba6a42605efa4ce7544d7,1,ba4a91633739ceceb2b73b627e2cfbc3,7c67e1448b00f6e969d365cea6b010ab,2017-02-16 16:34:29,136.97,31.70
06f5f6139b33f53defc64643f1252d53,1,1412c0124f6acb78a0a1023ea5e82c88,82bd0703a4aefd6b599e5bfdaed378fb,2017-01-21 14:50:19,44.90,15.56
072e34b42ad90d7472e9a798f19a6bdb,1,7340a3839a1de1e99d149b8cf052a2ec,4a3ca9315b744ce9f8e9374361493884,2017-02-04 16:13:48,69.90,15.70
07d13d352c85dfbfa60dc56dea818335,1,a703f5ade6e4fae527357132230ea778,f4aba7c0bca51484c30ab7bdc34bcdd1,2017-01-26 23:07:15,23.90,8.72
083c3a567b005b0f7261c9c0c76fe151,1,7868a64aa111bbb4f41f8e1146c0becb,cca3071e3e9bb7d12640c9fbe2301306,2017-02-22 14:45:27,59.90,17.16
08432abcf785878edf1221a0611960ea,1,e4acef9f829635351de593a05d2406da,45d33f715e24d15a6ccf5c17b3a23e3c,2017-01-30 20:37:39,29.99,17.19
0891b66cbcc48cf64f31ae9cae3d08d8,1,cf78006a2a6b0429b9663edd99bb38f9,710e3548e02bc1d2831dfc4f1b5b14d4,2016-10-14 03:55:40,299.99,17.91
08d7ec7381dc51d41a0e4d86314b7a98,1,7fd93eccaf2d461cb6bc4bbd1aa91f1a,4d600e08ecbe08258c79e536c5a42fee,2017-01-14 17:18:09,699.17,20.59
08e617c0a81895c4d5f6ab1e4a20fad0,1,29d2735be03e1169db0545c3741c74e5,e9d99831abad74458942f21e16f33f92,2017-01-31 14:01:20,29.99,4.50
08e617c0a81895c4d5f6ab1e4a20fad0,2,29d2735be03e1169db0545c3741c74e5,e9d99831abad74458942f21e16f33f92,2017-01-31 14:01:20,29.99,4.50
08e617c0a81895c4d5f6ab1e4a20fad0,3,29d2735be03e1169db0545c3741c74e5,e9d99831abad74458942f21e16f33f92,2017-01-31 14:01:20,29.99,4.50
08e617c0a81895c4d5f6ab1e4a20fad0,4,29d2735be03e1169db0545c3741c74e5,e9d99831abad74458942f21e16f33f92,2017-01-31 14:01:20,29.99,4.50
08edff712f0cd04883215bdb5b0d7c7f,1,5e80fe2cee2f6de9a494047ed35a2fe3,e5a38146df062edaf55c38afa99e42dc,2016-10-12 16:34:44,69.99,12.09
090e9f5faaeef6a858eb1663e67c0838,1,1d3f55c00acdb29bd959f2760abc8b7d,8581055ce74af1daba164fdbd55a40de,2017-02-08 16:31:24,176.90,18.53
091ac0791556275533697b36e2b00ff4,1,ff5f8606556b625613f069a5a9a48966,8cbac7e12637ed9cffa18c7875207478,2017-01-30 14:29:25,35.00,20.43
091ac0791556275533697b36e2b00ff4,2,ff5f8606556b625613f069a5a9a48966,8cbac7e12637ed9cffa18c7875207478,2017-01-30 14:29:25,35.00,20.43
091ac0791556275533697b36e2b00ff4,3,ff5f8606556b625613f069a5a9a48966,8cbac7e12637ed9cffa18c7875207478,2017-01-30 14:29:25,35.00,20.43
0927a4ea2d6af04c6e8a1aecd4f9951d,1,baeb8e1a680cf9e1f13557d74b6cec3d,a36ac007a4d18f865c8d32c3b2402c2d,2017-01-26 21:25:01,129.99,16.02
0943d27820129d9446a32ca20cf9bee1,1,7d222dee34c6ec0f7562241d7e16d7c2,38102b031c2a15e54623d711bfc753d3,2017-02-13 11:01:14,48.00,24.84
0943d27820129d9446a32ca20cf9bee1,2,7d222dee34c6ec0f7562241d7e16d7c2,38102b031c2a15e54623d711bfc753d3,2017-02-13 11:01:14,48.00,24.84
09514821d13482daa26aadf8c2273e7f,1,2f02a124a827f65bfcc0baf443dad405,218d46b86c1881d022bce9c68a7d4b15,2017-02-11 20:08:49,340.00,18.53
0957ed870116e596b800540427c61497,1,5b8423dc7f23089c9c59c5d140eb5a1c,a3a38f4affed601eb87a97788c949667,2017-02-02 22:14:49,129.99,28.00
09b38400b1601bc9dea9de02c710857f,1,8338cef8355d238f43711dcb9c0657b2,cca3071e3e9bb7d12640c9fbe2301306,2017-01-27 13:23:49,45.90,14.52
09c103240d66c0e0d945071a9518d6ee,1,f75eb66dc82bccecabd706bd441cfd3a,6cd68b3ed6d59aaa9fece558ad360c0a,2017-02-07 22:33:38,109.90,14.94
09d557bf440b6c3b40cacfbb24fd5e28,1,5b8423dc7f23089c9c59c5d140eb5a1c,a3a38f4affed601eb87a97788c949667,2017-01-15 20:12:38,129.99,29.19
09dd83f72b2516179cd46b81121fad23,1,6d2928252aa5ba6a5fc439571dd0d748,ce27a3cc3c8cc1ea79d11e561e9bebb6,2016-10-16 04:02:06,58.00,21.99
09e6dfb3a40d9c2e75458a76ff06e2d5,1,eef3286d1162cb7eb46becab2a5aa884,8f119a0aee85c0c8fc534629734e94fd,2017-02-15 10:42:55,34.90,10.96
09f58c00f941827ab206de7796785e44,1,55ba658d5c2f0b1f118f98c36fe3fa04,48efc9d94a9834137efd9ea76b065a38,2017-01-09 16:05:07,8.90,8.72
09f86b7099faeb6a9d85623c5dba9665,1,8f9eb414b31a9433e8c89178813a2072,1336efc61c316ddf92c899eb817f7cae,2017-02-12 22:12:14,44.00,16.05
0a0837a5eee9e7a9ce2b1fa831944d27,1,583916a5dae918f5e89baec139141c54,3481aa57cd91f9f9d3fa1fa12d9a3bf7,2016-10-10 11:43:22,49.99,15.51
0a1ad2c293c3baacc6b2c2d442c71acd,1,f27f59721d5a9cb39432b91f812ee308,436bf27f2f18474fc6047702e9f8a866,2017-01-22 12:51:23,29.90,14.52
0a2d541ba7c40984543d72b5eb0abcba,1,6bf1cd252d73626ab181be470f56e07b,8bd0f31cf0a614c658f6763bd02dea69,2017-01-27 13:40:55,37.99,11.73
0a2fff457eab3cadff378f87851dac15,1,e8316a4667e5870c85e906b1f062bde1,7c67e1448b00f6e969d365cea6b010ab,2017-02-19 18:44:25,89.99,14.80
0a59027d2270c523a10d1c29e6c53a71,1,c689470c5a069795896edc7b896d9251,0c8380b62e38e8a1e6adbeba7eb9688c,2017-02-10 15:02:59,55.50,17.13
0a5d7e24850c68bf00d39bd62a9a45ee,1,a8fe47ad6f852f93cc92c7b408687de3,aaed1309374718fdd995ee4c58c9dfcd,2016-10-14 00:23:11,62.90,17.35
0aaf52291c13507e7fe4f565f079ad9a,1,25a1c5b2e0ccbf703cb7b69ffebfaf38,56642bcb79900e777d68e91915cb4267,2017-01-28 08:52:34,48.00,15.56
0afbc110b84719faaef4887a5cff5a2c,1,7340a3839a1de1e99d149b8cf052a2ec,4a3ca9315b744ce9f8e9374361493884,2017-02-04 22:31:13,69.90,11.88
0b1e73fa546894ad7310916b480de067,1,4a90b44b456e79e7a33435fdd36e551f,c9a06ece156bb057372c68718ec8909b,2017-01-15 11:21:23,380.00,39.06
0b2942062fff77e603cf4837c421e9a5,1,7743cda964f0400e51c2a904c3f1af36,710e3548e02bc1d2831dfc4f1b5b14d4,2017-02-11 11:34:57,109.99,89.10
0b3407e419ef6be66392971885acce73,1,1f2b62e693c588aef7be1f457137b15e,77530e9772f57a62c906e1c21538ab82,2017-02-03 08:14:53,139.90,4.50
0b3407e419ef6be66392971885acce73,2,1f2b62e693c588aef7be1f457137b15e,77530e9772f57a62c906e1c21538ab82,2017-02-03 08:14:53,139.90,4.50
0b3407e419ef6be66392971885acce73,3,1f2b62e693c588aef7be1f457137b15e,77530e9772f57a62c906e1c21538ab82,2017-02-03 08:14:53,139.90,4.50
0b3407e419ef6be66392971885acce73,4,1f2b62e693c588aef7be1f457137b15e,77530e9772f57a62c906e1c21538ab82,2017-02-03 08:14:53,139.90,4.50
0b6d11d4a289a1574e8888f2558dd548,1,d4d538563de6b49c547e6997f0f8be32,5a8e7d5003a1f221f9e1d6e411de7c23,2017-02-01 16:03:15,59.90,15.63
0bda8164c1a12b6a388ebec8559ee287,1,036bcd084feae22f3a997f5080ec30df,48efc9d94a9834137efd9ea76b065a38,2017-01-09 13:36:07,6.90,8.72
0c1f5fca68708d9a22f8a9fe30b5c588,1,30469bb5ea377eae7121981e2f0778e4,80e6699fe29150b372a0c8a1ebf7dcc8,2017-01-26 13:14:39,113.00,20.09
0c22166d9f7e5761e397affa5af438c7,1,d0ae5110da1575c15853f122de459f4b,b17b679f4f5ce2e03ce6968c62648246,2016-10-14 12:02:28,90.00,26.89
0c3a7b14aa5e70ef5991122f6bb552de,1,f07ef9dd6e2d9a366ff30a25e210be70,62c50c1af4dfdc4149d25c5222043d39,2017-01-30 10:44:38,137.99,16.67
0c4d07bcd65a6ce95cbe8e8e228a98cf,1,1a300f482e35d7eac74b229be067aefd,e9d99831abad74458942f21e16f33f92,2017-02-10 12:15:34,30.00,14.52
0c5d85fbd4b20a1d9d5fc6a29e739f36,1,9d374944ce89ce9afd8c8f79fb7f3bc9,9646c3513289980f17226a2fc4720dbd,2017-01-29 18:04:52,30.00,20.80
0c7fc95baa5e16992ed412ccea7f28b3,1,9805b37a2e4983fb5dbb5c8168590c44,d101c6da914ae3d53f7bee42283f2fe2,2016-10-11 03:10:07,89.90,23.27
0c8675dc2e52ab52977a76d810e45303,1,73026ce2daa69ea29901945b1f915846,b1fecf4da1fa2689bccffa0121953643,2017-02-01 15:55:11,89.90,18.00
0c995611a99f81268d859184a416f1db,1,d75fe2da6eb275eafad5535fff7a2005,014c0679dd340a0e338872e7ec85666a,2017-02-14 00:20:22,110.00,18.20
0ca768c507d1fc3c61bd950bb1c5231a,1,83a26c42a5f94b7456425cd0cd20daf8,46dc3b2cc0980fb8ec44634e21d2718e,2016-10-21 16:28:00,94.99,17.53
0ca8aabee13c6aada48490f516f823a3,1,49eaaa38ac3df51ca790372b47b99604,64b87978a11c1ea7501a89eabe8c2c1a,2017-02-17 14:12:10,69.99,16.19
0cb316841c24af560f6af0e3fb36137a,1,cb07b3df7c64648bbeceb85cacd464c9,62c50c1af4dfdc4149d25c5222043d39,2017-01-28 21:33:15,144.99,26.95
0cb316841c24af560f6af0e3fb36137a,2,cb07b3df7c64648bbeceb85cacd464c9,62c50c1af4dfdc4149d25c5222043d39,2017-01-28 21:33:15,144.99,26.95
0d1bbf582326272fa550ed829bd2e1d4,1,a0fe1efb855f3e786f0650268cd77f44,ef506c96320abeedfb894c34db06f478,2017-02-04 17:33:09,21.99,24.35
0d319cdad03395ebc9942c66fb16b7a9,1,880be32f4db1d9f6e2bec38fb6ac23ab,fa40cc5b934574b62717c68f3d678b6d,2017-02-07 13:58:44,42.99,14.11
0d9664d8da1dc4337269071b39e19423,1,eba7488e1c67729f045ab43fac426f2e,620c87c171fb2a6dd6e8bb4dec959fc6,2016-10-10 22:37:21,249.90,17.59
0daff24b7abb3accd3e2638a0d5be0a0,1,9ff668529410eefd5bca723acb4834c1,cca3071e3e9bb7d12640c9fbe2301306,2017-01-22 20:06:50,99.90,15.81
0dbfda5b69f9f25250969962f70929e9,1,ca38c039b717207dec906f4fa9a21db7,59fb871bf6f4522a87ba567b42dafecf,2017-01-20 00:05:37,164.99,25.29
0ddc3630cc5cb4fe371db7a299839ec6,1,e3d17cced20767fb24db3fb6a6a67b2d,79565f7d5603b24ddf07ade262547f2f,2017-02-11 10:07:01,89.00,11.23
0df040f84e5295f7894177ffe53850b8,1,65b89f415ce968a584fde133ae3ce3bf,0c8380b62e38e8a1e6adbeba7eb9688c,2017-02-09 23:05:28,74.90,18.80
0e4ac54a7cda0d985d64f8cba6f963ba,1,32272e8a9336baf4548671ac811f4f14,57e632711dec9ec14ca7546769483e7e,2017-02-11 23:17:55,189.90,16.54
0e556f5eafbf3eb399290101b183b10e,1,aafec8ef0f0e7bf2f2b811450df61818,0ea22c1cfbdc755f86b9b54b39c16043,2016-10-10 19:31:39,24.90,22.93
0e556f5eafbf3eb399290101b183b10e,2,aafec8ef0f0e7bf2f2b811450df61818,0ea22c1cfbdc755f86b9b54b39c16043,2016-10-10 19:31:39,24.90,22.93
0e659173ebf2a1d39e076be9bd0b2872,1,6f26402132b4c218396901cc4cf2804a,3a52d63a8f9daf5a28f3626d7eb9bd28,2017-02-10 08:42:43,35.00,17.78
0e660617f70b9a3f6bfd3919b49450ab,1,2b5bed5ddd304876b5d0c3eca2b6cbce,cca3071e3e9bb7d12640c9fbe2301306,2017-01-25 11:14:16,89.90,17.37
0eaa4845a6182d6b72de720fb976abd4,1,6cdd53843498f92890544667809f1595,ccc4bbb5f32a6ab2b7066a4130f114e3,2017-01-24 18:44:09,349.90,17.66
0ec04706b50b8bc69a14dff0d6a26f13,1,66f01f544ba693e1a1a7428caec79279,575df70bde3f9f2b30bf8d2e9910d725,2017-01-31 19:33:54,259.00,9.00
0ec04706b50b8bc69a14dff0d6a26f13,2,66f01f544ba693e1a1a7428caec79279,575df70bde3f9f2b30bf8d2e9910d725,2017-01-31 19:33:54,259.00,9.00
0ec61157a488963fe217233f74c52760,1,895fc53d66ecb6c1afc40138dbc2a73c,c43d924a0f1688ee9fae0efcd6f539d4,2016-10-14 11:04:05,29.90,15.11
0ed46f17da8a1c3bd0ed5fdfc50decc4,1,20e37962088a4061d3578def47a8648b,cca3071e3e9bb7d12640c9fbe2301306,2017-01-16 22:23:11,64.90,17.29
0efd0bc268d34da3f01f4ff25a6d4335,1,6dab56beb5263f0d554cae5c55809208,f4aba7c0bca51484c30ab7bdc34bcdd1,2016-10-11 16:12:23,39.70,24.70
0f3827e8b786c3d934c0863c1690603d,1,f0af7ec9760e53f21277444f32ee3308,cca3071e3e9bb7d12640c9fbe2301306,2017-01-27 08:50:04,99.90,17.44
0f475d7e08b52d8abf7e8c6141286c27,1,140395ed1d1dbd100f577c5403181a1c,4da0e408c99d2fdc2126dc9fce518060,2017-01-24 19:23:11,10.30,14.52
0f8cf123486438ffdee527bf82ec87d4,1,027cdd14a677a5834bc67a9789db5021,620c87c171fb2a6dd6e8bb4dec959fc6,2017-02-07 11:58:30,99.90,18.13
0f91be4a9bf9ffd2c1ace53b9e5dd9e2,1,9db78e784e1ca837bb7f510888807baa,054694fa03fe82cec4b7551487331d74,2017-01-26 02:01:36,467.00,18.38
0fa927b252421189a0e0d5725fb3832d,1,9ce4603565c839785b24a7e95e28f4eb,59fb871bf6f4522a87ba567b42dafecf,2017-02-11 23:17:02,119.99,22.34
0fd3cee523a106ac501c4cf18f56a4de,1,d05d900323cc6f68c3de5ad56d8d63e3,cca3071e3e9bb7d12640c9fbe2301306,2017-01-21 17:44:58,83.50,13.16
10221b5ef57cb66fe37a3b1e594918d1,1,fdcd8c17805ad801a924cf11272a2834,80e6699fe29150b372a0c8a1ebf7dcc8,2017-01-15 22:36:59,209.90,19.75
10271ddf4e66d7ebde86598c2447761d,1,d585c50d622ff40b4d69959caa42a5a3,64b87978a11c1ea7501a89eabe8c2c1a,2017-02-10 12:15:14,69.99,18.00
102b790156f60813474ed025355a59d5,1,35488a9242f4aa7f9f5c3580f1243512,2493dc3f20131696a0ecdb9948051a8d,2017-01-30 15:37:38,81.80,14.74
103a6df3372464e08e529f7d888a48f6,1,74d7448191f6e492834de7fe6dd952c2,620c87c171fb2a6dd6e8bb4dec959fc6,2017-02-10 21:16:29,199.90,43.86
1056d9c713cf16970b44a1994cbdebb3,1,0d79e2972015716ede4fabeb5b60f8c6,4da0e408c99d2fdc2126dc9fce518060,2017-02-14 16:46:29,76.90,18.82
1064f13c0d4e68e4ef47a2a99cca15f3,1,b72e63f4630dcaded1689b28efa4c583,5f2684dab12e59f83bef73ae57724e45,2017-02-08 18:56:39,129.90,15.67
1069874467b6a425853288c450f68fc9,1,d0b92134fa97a1ead038775a821847ea,8a32e327fe2c1b3511609d81aaf9f042,2016-10-11 23:13:46,29.99,10.96
10990e23642104aa4b9308fbf816611b,1,2a4147c2b7b63a57aba916e6a5a03493,b1aaae6b66ad3c40f54b389d7ea4bee0,2017-02-09 20:20:12,51.00,8.73
10a6476d4339a6b5f323db3d2357de52,1,8815734317fa2693bcce3db610158d92,dd2bdf855a9172734fbc3744021ae9b9,2017-02-09 21:43:48,69.90,24.83
10ac3b593f06e0dd6b38a53821c1d497,1,907c84d5b8961d53ba1b803638fffcad,e24fc9fcd865784fb25705606fe3dfe7,2017-02-02 11:18:22,168.00,18.00
10b6352081cd9c4b594e4be0c491ee62,1,770c09cc394c3244d902afda4ea364bc,8a32e327fe2c1b3511609d81aaf9f042,2017-01-28 11:16:26,39.99,11.74
10b6352081cd9c4b594e4be0c491ee62,2,770c09cc394c3244d902afda4ea364bc,8a32e327fe2c1b3511609d81aaf9f042,2017-01-28 11:16:26,39.99,11.74
10bce195e3966122a3dd0e2aa676f761,1,b34b2c889f5b26963569cf421254e121,cca3071e3e9bb7d12640c9fbe2301306,2017-01-25 13:38:16,104.90,15.84
10c12ecab799c32c29b4df3a203ecaa8,1,eb7172d8a3c64298d2d767f6603c231e,725c32fa80c2faacc4fc88450d27314e,2017-02-12 08:34:04,44.95,14.52
10d1e90a86d2be981a52b6a927c97dc5,1,d38b73f9519632415b56acb83abc77fa,575df70bde3f9f2b30bf8d2e9910d725,2016-10-11 10:11:31,199.90,33.70
10d1e90a86d2be981a52b6a927c97dc5,2,d38b73f9519632415b56acb83abc77fa,575df70bde3f9f2b30bf8d2e9910d725,2016-10-11 10:11:31,199.90,33.70
10dd6db4f61345e5fdaeebc10db28a72,1,cee96128d25ffe3429e69452233838dd,cfb1a033743668a192316f3c6d1d2671,2017-02-14 10:07:57,26.00,10.96
10dd6db4f61345e5fdaeebc10db28a72,2,cee96128d25ffe3429e69452233838dd,cfb1a033743668a192316f3c6d1d2671,2017-02-14 10:07:57,26.00,10.96
10e9f4b926adf55cefc13979e6b1d62b,1,d5f4f441812a9a67cf8fa6d6019192c8,b1fecf4da1fa2689bccffa0121953643,2017-02-15 16:42:22,174.90,17.65
11769750147cf0a49a396b01ca004300,1,02ce467092b184e71d3967d29110adc1,a7f13822ceb966b076af67121f87b063,2017-02-16 19:45:21,176.96,50.00
11837ac14fcdfb163c0b78d91be89498,1,a6b32d26b9f925954b1cd8339f664a6a,0747d5bb69f0586cc869d8af4c50f93e,2016-10-21 16:18:48,39.90,16.05
119d2d80c921d5b4806a1b19b4e8c531,1,a07f07c939807b4c970452eb30a130e6,7dc8c42cc750eeafea6c85712ffee9bf,2016-10-11 19:29:13,249.00,16.95
11a6ea18f3646c6e6dcbadbd0207b35d,1,a50acd33ba7a8da8e9db65094fa990a4,8581055ce74af1daba164fdbd55a40de,2017-02-01 10:26:06,117.30,18.00
11afac295480894b1dcdf9cf95815731,1,ec65faa314338306f45b04be616eed53,83e197e95a1bbabc8c75e883ed016c47,2017-02-13 09:18:46,109.90,13.35
11db6666e1dbeee776c8e15fd0792c4b,1,964011954f788aa4bd0dcf7b04056d81,2138ccb85b11a4ec1e37afbd1c8eda1f,2017-02-04 11:17:55,18.99,9.00
11db6666e1dbeee776c8e15fd0792c4b,2,410d5b211dce5611e7a6412bf0cc30fa,2138ccb85b11a4ec1e37afbd1c8eda1f,2017-02-04 11:17:55,18.99,9.00
1207b88243115c9eafb9931bc2d0b59d,1,d3060c543b1b88a647cc284ed7a9dd4a,f67efa3f0b6761102a7f8c6b7b571f5d,2017-02-10 13:29:00,109.99,23.06
121bf0ddd1c3d94dd344d3f0e81de607,1,aba86c093ccdbac75b09111d57e50004,7c67e1448b00f6e969d365cea6b010ab,2017-02-19 11:01:25,119.60,11.45
121bf0ddd1c3d94dd344d3f0e81de607,2,aba86c093ccdbac75b09111d57e50004,7c67e1448b00f6e969d365cea6b010ab,2017-02-19 11:01:25,119.60,11.45
126da462f642d99483c0691ac474c783,1,b72e63f4630dcaded1689b28efa4c583,5f2684dab12e59f83bef73ae57724e45,2017-01-31 12:54:57,129.90,18.00
127b06830315a6224e76085943d1f565,1,746191562977a60292922c316e21720b,d65f31d2413268e671989503f6cf9993,2017-02-11 17:57:14,159.90,23.89
127b06830315a6224e76085943d1f565,2,de7e97827841985dae27ef4c4769da95,d65f31d2413268e671989503f6cf9993,2017-02-11 17:57:14,139.00,30.72
1282867904225d219a5ec3f1251a5fce,1,3dacb3ae011b40803a508b23392e15a0,41c9d3997dd3c072c31139dc5bb5761f,2017-02-07 19:17:18,299.90,34.84
1297e99de06a5ee4ea9c4b403fa8831b,1,a9418952bd0aee716d44d25d706561b0,62760d278921b5f352461620d68a9cee,2017-02-16 19:44:09,199.00,19.67
12af24617f25e0c8cd411544f704f2f7,1,9934888916de3bff6437a425052717a0,d1a1b40ec554c593a1a99366746289dd,2017-01-30 23:11:32,49.70,14.52
12ca240539e7029e0328f0a410c12ad1,1,a25d948ddec359c8d80978d139a4db83,86bb7c4b535e49a541baf3266b1c95b1,2016-10-14 16:43:18,279.90,18.01
12d9fe1a3efa51a7fae337cba819adc1,1,61509eaebb2d4bd1a7511b1a75703f8c,cca3071e3e9bb7d12640c9fbe2301306,2017-02-18 13:07:19,24.90,14.52
1306d7999cdd320272eeea20f5768b77,1,a703f5ade6e4fae527357132230ea778,f4aba7c0bca51484c30ab7bdc34bcdd1,2017-01-29 11:59:47,23.90,17.78
1308f542d82d3b18c50659be0f12a323,1,3ba2b0de14984ce8f072c58be8d701dd,a3a38f4affed601eb87a97788c949667,2017-02-05 18:22:02,104.99,35.35
138630e7e14855ce216a9db0cdabbe06,1,1155065aa63d0a6d301e174ebb2972ea,7b07b3c7487f0ea825fc6df75abd658b,2017-01-30 10:31:18,128.90,16.11
138ccf0b37b60dfe366b895534e55bca,1,ec7b66dc5dc162790056db61a1d61c99,ca3bd7cd9f149df75950150d010fe4a2,2017-02-12 21:38:16,49.00,38.63
13a4e0efe42392b2ee22601883f47d24,1,cd23f8469a90c62d99eb9bf8ad74fed1,4a3ca9315b744ce9f8e9374361493884,2017-01-21 00:16:14,290.00,13.42
13c8da80a4b1a89a063dee494d324423,1,f25bbb88c1a219c21b1af6b99895b960,aaed1309374718fdd995ee4c58c9dfcd,2017-02-09 19:34:51,65.90,15.67
13f68da1f137146006b4c0c34b6824e8,1,362aecb999551eb6adcd8c5594e255fc,822b63912576852aea9a8436d72317b7,2017-01-28 13:02:32,719.88,21.30
1400d6665ba7f18ed06ea15ab083203f,1,3c794d260ad4b5f507a5d90df23523bf,1bb2bdb95f4841f1bba2c0d2cd83d3c9,2017-02-04 11:39:45,25.00,20.40
1409fa8d66178147ed431573330397c0,1,a5647c44af977b148e0a3a4751a09e2e,a7f13822ceb966b076af67121f87b063,2017-02-16 15:04:18,176.96,43.70
1409fa8d66178147ed431573330397c0,2,a5647c44af977b148e0a3a4751a09e2e,a7f13822ceb966b076af67121f87b063,2017-02-16 15:04:18,176.96,43.70
142c8688b5b13e21ac5a448a1688b9d7,1,3dacb3ae011b40803a508b23392e15a0,41c9d3997dd3c072c31139dc5bb5761f,2017-02-01 12:31:05,299.90,27.60
143f8e1be12f4d99301cec6f0d7a3834,1,52801616f7cc110c31c559fa94cb8563,dbb9b48c841a0e39e21f98e1a6b2ec3e,2017-01-28 16:58:46,59.90,11.03
1460b7b8fd63551dc68bfdffdc31edec,1,2c92025a63896497612a531b6d015669,c353f8fc0ce8344999f17d578eb69a5e,2017-01-27 07:23:50,87.99,15.92
1468556ad5a95f57ef848cf278d8c6dc,1,4dcb49b9ca7e48d2f108d40caa77caa2,5cf13accae3222c70a9cac40818ae839,2017-02-09 20:44:21,79.50,11.95
146bfe4003096bc16316672e59c6fb2e,1,e7d26dd6742baca292020c158e6720c3,6cd68b3ed6d59aaa9fece558ad360c0a,2017-01-30 23:08:52,54.90,10.99
1489856fc5e3169af6b06edbc1aeb1b1,1,5e57a146ccdca976190821a00a059ebf,620c87c171fb2a6dd6e8bb4dec959fc6,2017-02-02 20:24:13,369.90,18.00
14946316e496ee502d12d8fae8ef7d75,1,eef3286d1162cb7eb46becab2a5aa884,8f119a0aee85c0c8fc534629734e94fd,2017-02-12 15:13:25,34.90,16.05
14b01335f19b97fce1437168032ae388,1,ad5396bf96af6ede77130e54ad266c61,184a67a8f9f63234d3a92340bbdb727f,2016-10-10 15:59:20,22.37,39.93
14b01335f19b97fce1437168032ae388,2,98cd3776d33bddd0ebf8ad8b4732d1b4,184a67a8f9f63234d3a92340bbdb727f,2016-10-10 15:59:20,22.37,3.99
14b01335f19b97fce1437168032ae388,3,ace91f88d635b9e5563e36cc0a0a8f09,0336182e1b3e92f029d5354832045fdf,2016-10-10 15:59:20,14.90,4.26
14b01335f19b97fce1437168032ae388,4,c006d1427332464b79808bd9dfaec943,184a67a8f9f63234d3a92340bbdb727f,2016-10-10 15:59:20,22.37,3.99
14b01335f19b97fce1437168032ae388,5,57d9a5d185e8254383504f57c4b8ddcc,0336182e1b3e92f029d5354832045fdf,2016-10-10 15:59:20,14.90,13.31
14c06653b7d532679bdd383da5d8e0c8,1,a760ef0bb70c954d79e62ec6023d380c,01cf7e3d21494c41fb86034f2e714fa1,2017-02-06 15:53:09,76.05,15.79
157ec3dc3f38cdbd2706bd216edfe8fb,1,27066995b777fb84dbcb25961fd6d007,46dc3b2cc0980fb8ec44634e21d2718e,2017-01-10 13:43:16,159.99,15.29
15812af232ebe0d344d123c18fde51eb,1,c413fa08b405af6edb9d49e85e241c08,b76dba6c951ab00dc4edf0a1aa88037e,2017-02-06 10:07:57,12.97,14.52
15b1aceab346b46189a6eea3b6f4b951,1,4da918a160c19da9bfdf9945d18006ec,45213867cefbf2cd4c6177e10216a951,2017-01-31 18:16:50,339.74,18.00
164bcbb466afa4e7b9eec1760f0d7096,1,5a2de1e2c45d0602659260c6dd4aff70,612a743d294c27884fb7b80d2b19ba35,2017-01-29 12:49:36,28.90,14.11
164bcbb466afa4e7b9eec1760f0d7096,2,5a2de1e2c45d0602659260c6dd4aff70,612a743d294c27884fb7b80d2b19ba35,2017-01-29 12:49:36,28.90,14.11
165bda414fc1fd79eb721e1938ff198a,1,e2b9252181ddde232e0bfb68df262610,e24fc9fcd865784fb25705606fe3dfe7,2017-02-08 12:31:17,192.00,18.08
16976f8e43d0c9ee6079e3ed9eaa4fed,1,4da0329350218978429b287440f4b87a,062ce95fa2ad4dfaedfc79260130565f,2017-01-30 18:48:30,41.90,20.80
16fe5fdb7f5aa0c9e841387dfec29821,1,d654b576d9c9844bd7f6468421a38f48,5c603ffb38cbbf25a0e0698941324143,2017-01-29 10:11:38,174.40,21.30
17028de7d02a1fca7c1d08221b859b77,1,2a5806f10d0f00e5ad032dd2e3c8806e,7c67e1448b00f6e969d365cea6b010ab,2017-02-17 21:06:37,169.99,43.60
171398a0cd843c65ac78aee9e05a1f49,1,6cdd53843498f92890544667809f1595,ccc4bbb5f32a6ab2b7066a4130f114e3,2017-01-25 16:07:37,349.90,28.71
1726692d7d3bf55b3bf72214ed9e6f7e,1,deafef42415ecde158b2a30ed7981e65,3be5841cdcc46de4ed3f9116f104b2c5,2017-02-08 13:00:52,149.90,16.16
179b8db66f5362945c237b68bc358a77,1,209fa5709fd95c3fac1edddca1d6c505,004c9cd9d87a3c30c522c48c4fc07416,2017-02-05 20:26:28,79.99,18.00
17bac873da4c588c3111d7399f91673e,1,154e7e31ebfa092203795c972e5804a6,cc419e0650a3c5ba77189a1882b7556a,2017-02-18 10:11:23,19.99,10.96
17eba629ec542978d1ea929d473d4f19,1,c5e9693041e519fd6e2ebde0d76cc1ad,4e7c18b98d84e05cbae3ff0ff03846c2,2017-02-08 20:09:10,163.90,43.61
17eef98a45132ca576588788ed401b96,1,0eb2c19991a9a90d3536addc877e36a6,4e8dacf3d38f281ae26c3e0321d92d88,2017-02-13 19:42:22,59.90,18.70
17f70d10c2acd50864b5dae4885894b5,1,2636a9812d151c718b53387171ce08be,b17b679f4f5ce2e03ce6968c62648246,2017-01-29 09:12:10,30.97,14.52
17fed53ba6dfef9b594ee2268642e2aa,1,743801b34cc44776de511ba8eff778e2,48efc9d94a9834137efd9ea76b065a38,2017-01-09 14:50:54,9.90,8.72
18493260806e807d314bd6fcfc32e2b8,1,e0f33a3329af6716a0bb47fd7a664439,7e26c750b4cb9f6766f58265ff9ebe95,2017-02-07 16:10:44,49.80,14.11
1869017c844a8734ceb468c7da13a88e,1,cd74b22e441a1149c4b94faee78becbb,7e93a43ef30c4f03f38b393420bc753a,2017-02-14 01:20:59,1221.03,25.39
188e8c3184383f5eee9e40255048191b,1,e0520a21b848aa7efcb536bbda142e75,d66c305afaec317ebee552073a674429,2017-02-13 18:41:44,104.90,15.94
18dad78c0f87f4c45ef196daeaa3ffbb,1,0fc6914383c2bea767a9562c9d8b43a1,8c16d1f32a54d92897cc437244442e1b,2016-10-10 15:55:40,43.89,14.52
18eb75d1fa1fc1168de2bb0c4aa6dfd6,1,208e1df130afb08c59c387b356bc149a,7c67e1448b00f6e969d365cea6b010ab,2017-02-16 15:46:30,119.99,50.00
18ef2a64141eab548a2c46df2545b1ee,1,f8dc3e347e9b954a84d1d5e42b500e4c,4e7c18b98d84e05cbae3ff0ff03846c2,2017-02-12 14:41:53,10.00,17.78
194a9f43598155086b091e0c827ad480,1,73f5461cce8ab8a4db14936789113bfc,0c8380b62e38e8a1e6adbeba7eb9688c,2017-02-16 19:08:25,99.90,18.98
195070d2d0eb1da7d93b958bce36d1ef,1,154e7e31ebfa092203795c972e5804a6,cc419e0650a3c5ba77189a1882b7556a,2017-02-15 05:56:31,19.99,10.96
19512a70f62306416782f963d55c8b26,1,0d1d766e7cdd4a724e9ea9a18e5177bb,75d34ebb1bd0bd7dde40dd507b8169c3,2017-01-20 15:05:52,755.99,26.35
195416246665b8268100ef5fde9722b4,1,67639b8cb7f4b8c431ed4c48a76866e0,cca3071e3e9bb7d12640c9fbe2301306,2017-01-14 19:27:22,129.90,20.99
1962f977f7b7b5eb73a3c2c39bbc93b5,1,a703f5ade6e4fae527357132230ea778,f4aba7c0bca51484c30ab7bdc34bcdd1,2017-01-30 16:28:04,23.90,8.72
1970f2fb4b83ff962a75b064abc37f4c,1,545085671b9f2d7d2e1a9110b15d838c,4d600e08ecbe08258c79e536c5a42fee,2016-10-21 16:32:32,633.00,20.39
1972a123466d40a62224630f7d0de530,1,03bb06cda40712fb8473f7962fb7d198,da8622b14eb17ae2831f4ac5b9dab84a,2017-02-14 17:06:53,129.90,35.53
1973095f2596945f9dcc773608d8cad2,1,242edc6b84c00f0d48c664a020a92c52,6cd68b3ed6d59aaa9fece558ad360c0a,2017-02-12 21:42:21,54.90,14.14
19f97beaab0d2b8ba54f9a458629f5d6,1,990ecadcf56234a68b3a0af8d01c0d8a,620c87c171fb2a6dd6e8bb4dec959fc6,2017-02-16 09:04:50,59.90,11.03
19feb5627c41ea1b36a8e50a469b3644,1,4c72e6d081c8a1b5430351d015eb86ba,391fc6631aebcf3004804e51b40bcf1e,2016-10-11 17:32:10,193.80,18.52
1a2b0033f0b7a3116f00594ec5524344,1,f422d0d9f8b5f7c27289382b14b61248,1554a68530182680ad5c8b042c3ab563,2016-10-17 23:58:23,69.99,17.58
1a47da1d66c70489c8e35fe2b5433ab7,1,eba7488e1c67729f045ab43fac426f2e,620c87c171fb2a6dd6e8bb4dec959fc6,2016-10-11 18:53:48,249.90,20.85
1a4bf675df415785d3d9b3f3521988a7,1,5bfc7506459ae2a7b4b573fe557a58e1,4a3ca9315b744ce9f8e9374361493884,2017-02-02 18:19:02,69.90,18.00
1a9c245550ac4d57455c5e25c866cad4,1,1789a1b00c33bec9db6e27b4848a5c94,e9d99831abad74458942f21e16f33f92,2017-02-16 10:27:34,99.00,25.18
1add1aa4c6e709fd74a4eb691a9fc6bc,1,21fb5057dd6a737df6851a7ab7a130da,b14db04aa7881970e83ffa9426897925,2016-10-11 08:29:50,49.00,25.15
1b01e824ff3005e8108c5112f41c219c,1,9ead93350fbb3a5f0cc0b48c8c983748,adcf50477d6a1f5d91bb9d54c4903cb5,2017-02-28 16:01:04,42.00,10.96
1b01e824ff3005e8108c5112f41c219c,2,9ead93350fbb3a5f0cc0b48c8c983748,adcf50477d6a1f5d91bb9d54c4903cb5,2017-02-28 16:01:04,42.00,10.96
1b122a7be89622f672bb41380a83b69f,1,1dcff375b928a1807562ea4a895a8046,e8f6dc8e6a1dcde89d20e3995c8d90b3,2016-10-15 22:02:14,74.90,12.02
1b2d622f7ebb8e65f7de3e389f052540,1,1c1baeabe25824c8c22b511643852906,b17b679f4f5ce2e03ce6968c62648246,2016-10-10 15:51:13,40.90,11.03
1b3d11cf9f92c0f7baf627ab059621f8,1,b68cf84ede4fd1e14b1740de5b727d55,e24fc9fcd865784fb25705606fe3dfe7,2017-01-10 23:31:23,636.00,30.71
1b4f84742c7c3d03f7c6d519212514ab,1,ae1848ad278bbd5098dea4a749b333a1,70eea00b476a314817cefde4aad4f89a,2017-02-20 14:32:27,22.00,10.96
1b694ef5b28d3e949a4f0ffeb2c9fcd6,1,e500a9395078ba5b59387db0dbee0063,48efc9d94a9834137efd9ea76b065a38,2017-01-09 13:43:17,9.90,8.72
1b76802b72eb5517c97481ee2f7b7037,1,77cc62dc80ebe12a0452d1ce0565acdc,218d46b86c1881d022bce9c68a7d4b15,2017-02-13 08:48:43,113.00,17.53
1bacdc28aad23d1396a3fd39fdaa6c4f,1,6cc859e89d080218ff4416539ffa030c,cca3071e3e9bb7d12640c9fbe2301306,2017-02-08 17:20:12,99.90,19.19
1be5aa7ace982878dd1d68b4ed258127,1,ef23a80c3e7f9c63e9956f6f54b1cf15,1d29dfba02015238dfbe2449a5eaa361,2017-02-07 09:54:31,48.90,10.96
1bf6db71e147c950fe9925e0be89ec4b,1,11875b30b49585209e608f40e8082e65,669ae81880e08f269a64487cfb287169,2017-01-31 15:37:27,65.00,17.88
1bfa3dbef549cf9ba5c5661ef1b63168,1,4a90b44b456e79e7a33435fdd36e551f,c9a06ece156bb057372c68718ec8909b,2017-01-19 14:35:54,380.00,39.06
1c47e7875c7c3bd3399467e179c5c3bf,1,5bfcd193eb29c1c8332e2d4ca804d54f,522620dcb18a6b31cd7bdf73665113a9,2017-01-31 01:24:22,223.90,15.74
1c4cafd25254eee31c8c9b8c141fb10a,1,09b590ada623ecf66329917ea4731957,4d600e08ecbe08258c79e536c5a42fee,2016-10-21 16:38:22,649.17,22.14
1c4deb98d216d2fda120204a5fcfb57d,1,e7ffaa35a5caaca3366f5cc5705b5fb2,c7dcd301ecfe5ab7f778ac172cf74be7,2016-10-21 16:28:47,49.90,16.78
1c72f6c4fb7c7f004287761dd7fa32aa,1,1750753e77dc38c4afe6fc90f02c39bc,f8db351d8c4c4c22c6835c19a46f01b0,2017-02-13 21:56:57,36.90,14.52
1cb796218c383fc54a6a4541420201d8,1,a25a9e3433043fb8a0808f310d8d8203,1b8b75e227c9a9c100d0c210fb6176ce,2017-01-28 16:38:09,129.99,9.28
1d4744e42dc6d786bbc9512601f7e49c,1,1db2dfac4f8c0a4499f94838b3ee0628,4a3ca9315b744ce9f8e9374361493884,2017-01-18 15:41:48,66.90,11.08
1d47900c5d7d5277e6961367603f8925,1,8e14e42d480e0c520d2f8ee0e7d3249d,b98b715fe9e276204e2a3464f48cd796,2017-02-14 15:20:03,79.90,8.93
1d5182e38de4f122947727324f2870be,1,cfd414b4463647f58c7775eaae06893d,f8db351d8c4c4c22c6835c19a46f01b0,2017-01-30 13:43:07,98.90,16.39
1d5bd99b9b20b17bd85826aba9c18994,1,6cdd53843498f92890544667809f1595,ccc4bbb5f32a6ab2b7066a4130f114e3,2017-02-10 12:54:08,349.90,28.19
1dd1d53c1ea5df0ef093bf150807315f,1,3d37da85f5e66558333fb5daee494736,ecccfa2bb93b34a3bf033cc5d1dcdc69,2016-10-21 16:28:10,69.90,17.63
1dddc8e72eede911b9b36ff702a8f198,1,4633dfeb3a2588bdb52af32d504b44eb,b76dba6c951ab00dc4edf0a1aa88037e,2017-02-10 10:57:27,29.90,14.52
1df257323bb550a9b9bb150345c42e45,1,d2686065b870834cc92605a5b9ec84ba,2138ccb85b11a4ec1e37afbd1c8eda1f,2017-02-01 16:10:01,18.99,18.00
1e5276061569fd2d678f6363fd8f0aa1,1,68a058d125ba1544e726898f0b8c0523,7c67e1448b00f6e969d365cea6b010ab,2017-02-18 15:03:09,119.99,11.45
1e6025fd19451c74352d0bbf6a218bf6,1,d9279101bd9bcdf95aa06a8081b24367,46dc3b2cc0980fb8ec44634e21d2718e,2017-01-31 21:23:00,349.99,18.00
1e6377b497624e8fa908ee4a87e3687d,1,8ae1fefcfdc30ea49de246665b6d2713,f8db351d8c4c4c22c6835c19a46f01b0,2017-01-31 14:12:01,26.90,9.00
1e6377b497624e8fa908ee4a87e3687d,2,8ae1fefcfdc30ea49de246665b6d2713,f8db351d8c4c4c22c6835c19a46f01b0,2017-01-31 14:12:01,26.90,9.00
1e69dcdcbc094d39d6ba64248af906fb,1,2c2a7e84b8ea741adf739c11dd78ee1a,2493dc3f20131696a0ecdb9948051a8d,2017-01-28 17:09:24,164.89,21.60
1e6c83f252357f4c9ae0df874887ef7e,1,70358ca9f95694a2b9e41eed6edbd7b3,85d9eb9ddc5d00ca9336a2219c97bb13,2017-02-12 22:03:42,19.70,10.96
1e8c2b738fde51956f03f1a59bc86003,1,bfe05de8c1ac3259ae43ada77182d840,e24fc9fcd865784fb25705606fe3dfe7,2016-10-21 16:22:26,210.00,36.09
1e9a53e194e98b64434abc52aeedae1e,1,a9e0e7b3976de987fdbd2773ec699f0c,cca3071e3e9bb7d12640c9fbe2301306,2017-02-12 08:50:31,149.90,19.33
1ebeec1bb9ce388ee2e00d401058ca8b,1,e7f5908a3c9844728d24e3322254b109,7008613ea464bad5cb9b83456e1e6a8f,2016-10-15 05:02:16,39.90,15.70
1ef09d75953043a71a73428e15bc2f5c,1,7569eb05a9b91e5137cd9cf7494043e5,59fb871bf6f4522a87ba567b42dafecf,2017-01-22 14:53:29,164.99,11.76
1f59665af8c7408a7c633f9541644854,1,9b2db9ec16a8a51549f32462bf973523,a3a38f4affed601eb87a97788c949667,2017-01-29 19:09:39,128.90,23.19
1f5d62970c5b3cfedc1b2a8d15ffe40d,1,81288df52439985f610be64465e53f57,54a1852d1b8f10312c55e906355666ee,2017-01-29 09:21:45,109.99,17.51
1f9fa4b707b82f25dbf52e6695842e8c,1,6cdd53843498f92890544667809f1595,ccc4bbb5f32a6ab2b7066a4130f114e3,2017-02-07 12:33:44,349.90,28.71
1fb19f4cd7486d32cfc488577cc28235,1,04dc26a02c448f6f2b914f01c2902ebd,522620dcb18a6b31cd7bdf73665113a9,2017-02-06 11:15:31,343.40,26.89
1ff217aa612f6cd7c4255c9bfe931c8b,1,33430c5c1027d812b5c62f778e5ee7f7,4b1eaadf791bdbbad8c4a35b65236d52,2016-10-21 16:33:45,32.49,11.74
200f4d883fcc701355e46b8c6035743f,1,1f1354b0aa934e7ad75546467a6d028b,cca3071e3e9bb7d12640c9fbe2301306,2017-01-21 23:25:23,19.90,8.33
200f4d883fcc701355e46b8c6035743f,2,67f9d01bcd84e2229ba6f8a75b635b40,cca3071e3e9bb7d12640c9fbe2301306,2017-01-21 23:25:23,19.90,8.35
200f4d883fcc701355e46b8c6035743f,3,0e92dcf7b03df1de4e9349af065f8e63,cca3071e3e9bb7d12640c9fbe2301306,2017-01-21 23:25:23,19.90,8.33
200f4d883fcc701355e46b8c6035743f,4,d54a7e69c3102b38b13952aeae0bc8f3,cca3071e3e9bb7d12640c9fbe2301306,2017-01-21 23:25:23,19.90,8.33
200f4d883fcc701355e46b8c6035743f,5,b6f9abef16fdfec89e4f3675f6627dca,cca3071e3e9bb7d12640c9fbe2301306,2017-01-21 23:25:23,19.90,8.33
200f4d883fcc701355e46b8c6035743f,6,7e441b33f896ba519d58063f4c714bef,cca3071e3e9bb7d12640c9fbe2301306,2017-01-21 23:25:23,19.90,8.33
20127339dd8d9c579830783e565b4fd8,1,eb7172d8a3c64298d2d767f6603c231e,725c32fa80c2faacc4fc88450d27314e,2017-02-11 14:00:04,44.95,3.81
20127339dd8d9c579830783e565b4fd8,2,6f33a4a09ae1180a0ee1ff4682b2d21f,725c32fa80c2faacc4fc88450d27314e,2017-02-11 14:00:04,149.99,14.95
203f106e5b8bad1587426f019709014a,1,473795a355d29305c3ea6b156833adf5,620c87c171fb2a6dd6e8bb4dec959fc6,2017-02-07 16:45:40,59.90,17.85
203f106e5b8bad1587426f019709014a,2,473795a355d29305c3ea6b156833adf5,620c87c171fb2a6dd6e8bb4dec959fc6,2017-02-07 16:45:40,59.90,17.85
204afbf2adcafc867358369a658ea7aa,1,969a9ead309cdd6881492b674cbe5433,e24fc9fcd865784fb25705606fe3dfe7,2017-02-05 20:22:04,108.00,13.34
20550ea4a86fb3f3cc065b2598ebb01c,1,7e0dc102074f8285580c9777f79c90cf,e26901d5ab434ce92fd9b5c256820a4e,2017-02-06 15:32:24,39.90,18.00
205d7052a6505124d200f6fea6b423bc,1,d8c365a069853295a82caf595c2c8c8d,48efc9d94a9834137efd9ea76b065a38,2017-01-09 13:59:30,9.90,8.72
20960ecf3d6ac0b19f3818f15c8e3fc5,1,0167ff78aa8cd40d5432d3daae646c7a,6edacfd9f9074789dad6d62ba7950b9c,2017-01-24 00:52:29,46.90,11.74
20de77e28f73070461781b0eb6228f6f,1,a703f5ade6e4fae527357132230ea778,f4aba7c0bca51484c30ab7bdc34bcdd1,2017-01-29 17:06:40,23.90,8.72
21357c1f6313b781c9807522f57746cd,1,98030fe87f5a7493a33f427054966596,59fb871bf6f4522a87ba567b42dafecf,2017-02-05 14:51:46,159.99,17.55
2140d49aa405c7c344212e78351fef98,1,8d51190d4e52d32e6abf3d0551501114,92eb0f42c21942b6552362b9b114707d,2017-02-13 10:07:23,9.88,14.11
215235517f0e156724a0ac20bc1076a5,1,9ce6c37f9df63de67692c3f7d4d209f1,391fc6631aebcf3004804e51b40bcf1e,2017-02-08 23:27:50,119.90,12.23
21862ad09cda6a079859cb1fb77d5da2,1,2239cf6b4421c4bd57f8a87127800929,7c67e1448b00f6e969d365cea6b010ab,2017-02-14 17:43:31,129.99,46.40
2194d1dc5f73fad748d7a90fd673291d,1,653e9d44d27743337fc1868e4346d661,1554a68530182680ad5c8b042c3ab563,2017-02-04 13:41:56,62.90,22.37
2195712688ef03e20c8053de61c82493,1,eb6b6f708fb1a57720d0734f30c3b31e,440dd6ab244315c632130ecfb63827b1,2017-01-21 15:30:34,159.90,27.59
21aa5570514b188b031255172b1e04bd,1,5538ed283fd2d0e2a1151507e1cbd59c,4da0e408c99d2fdc2126dc9fce518060,2017-01-20 22:58:11,28.00,14.52
21ccfd8ee777c40d2407604c5ddd2db1,1,194163a8a65a48a8c95623c399a9d4a7,0c8380b62e38e8a1e6adbeba7eb9688c,2017-02-10 17:56:25,99.90,18.98
21cf778cbc216b501945041921a3aed5,1,5050cfa82dba6f455d0e91b798777f21,620c87c171fb2a6dd6e8bb4dec959fc6,2017-02-10 22:59:02,399.90,13.41
21de78ac0578363ecb087f82755e6593,1,66a4ac0f9c73e92afc9cb7566977ef83,f8db351d8c4c4c22c6835c19a46f01b0,2017-02-16 12:12:51,39.90,15.56
21dfb91aa3e9fa351ae6f12da1c53fb9,1,0b50295ca2c740dec15bb6fec6e8a3e2,6cf476a4ca74498db55cbccdaa9dcfb6,2017-02-08 19:06:36,24.99,14.52
21dfb91aa3e9fa351ae6f12da1c53fb9,2,0b50295ca2c740dec15bb6fec6e8a3e2,6cf476a4ca74498db55cbccdaa9dcfb6,2017-02-08 19:06:36,24.99,14.52
22266e2f8d8084cd2b5d8488164d043a,1,fe7976532777922f0d60261e75f7ad36,b76dba6c951ab00dc4edf0a1aa88037e,2017-01-19 00:01:45,10.49,14.52
22266e2f8d8084cd2b5d8488164d043a,2,fe7976532777922f0d60261e75f7ad36,b76dba6c951ab00dc4edf0a1aa88037e,2017-01-19 00:01:45,10.49,14.52
22474d84064cd7eb4a907ba3fd8a6398,1,6f6f3b1a96452e2fbad0cd4f7082765b,ff314fa6033cc68ec451c47aee2d6ba4,2017-01-29 09:09:46,279.90,16.88
22613579f7d11cc59c4347526fc3c79e,1,3ff81cd0e0861e991bb0106c03c113ca,86bb7c4b535e49a541baf3266b1c95b1,2016-10-08 14:27:50,379.90,18.22
2272148d6abbd3d385088f3e101edec9,1,c9576e5363ae9a93988b372d07f54b81,b1aaae6b66ad3c40f54b389d7ea4bee0,2017-02-03 10:03:21,51.00,18.00
2276cb38c742033aac3f4a4d67b57ab3,1,027cdd14a677a5834bc67a9789db5021,620c87c171fb2a6dd6e8bb4dec959fc6,2016-10-21 16:35:38,89.90,15.49
22929eca5fe4738503a332952b9bfbab,1,29313c7daada9c7f09bed37fda499026,fa1c13f2614d7b5c4749cbc52fecda94,2017-02-05 14:17:10,169.00,16.88
22aa0b4e8c7855fd8d534a7692579a36,1,ddebc97ddf43a9787d1ee7012e394ccc,05ff92fedb5be47920fea08e501238b9,2017-01-24 11:12:25,598.40,33.45
22aa0b4e8c7855fd8d534a7692579a36,2,8634ba98d69440265e955814c3e4cde1,05ff92fedb5be47920fea08e501238b9,2017-01-24 11:12:25,115.20,4.00
22bf3dde4d90667a74118fad0041bfd5,1,87283a98b24f9f1ac3a31b631073cf47,cab85505710c7cb9b720bceb52b01cee,2017-02-05 13:53:16,49.90,14.52
22c2b8497506479028918303045751dd,1,fe7976532777922f0d60261e75f7ad36,b76dba6c951ab00dc4edf0a1aa88037e,2017-01-16 22:24:48,10.49,10.96
230c830e0ace11bcabaf63deebbee836,1,a703f5ade6e4fae527357132230ea778,f4aba7c0bca51484c30ab7bdc34bcdd1,2017-01-25 15:41:06,28.90,16.05
233c8509a65f222cf855765d0784b68f,1,3b2171e2d0d589efd2eb579ced25dc80,83e197e95a1bbabc8c75e883ed016c47,2017-02-12 21:44:19,119.50,23.39
2363f4be725c1746c141cfe7e8432910,1,2d2600c283c0c1af0528fd84c14a2c28,e48b04bf1aa1ef711caebeb7aede6180,2017-01-30 18:33:10,127.90,26.39
23a5902b0758898d64701a3c89af36f2,1,163365b4428bf91ee261186233e5f796,bf961104a38e01b9062ee026bb657dee,2017-02-13 19:08:19,146.39,17.36
23ad1ae9db6999293449603e1a247803,1,8470bac0f1a7439fe183013eab283534,4a3ca9315b744ce9f8e9374361493884,2017-01-31 16:25:37,139.90,11.59
23b051786ba773bb672b5c49456b8511,1,473795a355d29305c3ea6b156833adf5,620c87c171fb2a6dd6e8bb4dec959fc6,2017-02-09 18:08:39,59.90,14.59
24040647efd179bd506acacbbbabd838,1,6ae7f4ef0ca670ca2609d039af87d057,620c87c171fb2a6dd6e8bb4dec959fc6,2017-02-02 19:59:20,23.90,3.60
24040647efd179bd506acacbbbabd838,2,6ae7f4ef0ca670ca2609d039af87d057,620c87c171fb2a6dd6e8bb4dec959fc6,2017-02-02 19:59:20,23.90,3.60
24040647efd179bd506acacbbbabd838,3,6ae7f4ef0ca670ca2609d039af87d057,620c87c171fb2a6dd6e8bb4dec959fc6,2017-02-02 19:59:20,23.90,3.60
24040647efd179bd506acacbbbabd838,4,6ae7f4ef0ca670ca2609d039af87d057,620c87c171fb2a6dd6e8bb4dec959fc6,2017-02-02 19:59:20,23.90,3.60
24040647efd179bd506acacbbbabd838,5,6ae7f4ef0ca670ca2609d039af87d057,620c87c171fb2a6dd6e8bb4dec959fc6,2017-02-02 19:59:20,23.90,3.60
2410734c3fc6d36010cf6b1b36c2974d,1,4eb3e07a4b54437a7f63eeb577ebf73a,5cf13accae3222c70a9cac40818ae839,2017-01-31 23:02:15,69.50,9.00
2410734c3fc6d36010cf6b1b36c2974d,2,2eb6e8f39feaf75fc5163f774d38f0f1,5cf13accae3222c70a9cac40818ae839,2017-01-31 23:02:15,69.50,9.00
24523db64c1af3f40f27cb4416fa5ea6,1,636f5be2cd52da4047bb73b7b15329e3,5f0057b677eb963672bf05dfa3f16c34,2016-10-11 21:32:42,132.00,15.08
2457f30493cdc677ad02b57dd6d17285,1,ca38c039b717207dec906f4fa9a21db7,59fb871bf6f4522a87ba567b42dafecf,2017-01-26 17:02:03,184.99,15.46
24e1c731364b64c76d98e985bfdbef77,1,9d8945bf83fcf586d751dacb07e28a3e,5fd924b4836098a5be0ecf81ba054ce0,2017-01-21 20:38:15,157.00,18.85
250d181fa1c603024562b93a8f8d5fe0,1,1fb368a1506cced21a07abb6d220c4e1,822b63912576852aea9a8436d72317b7,2017-01-25 16:30:43,139.99,11.87
250d181fa1c603024562b93a8f8d5fe0,2,1fb368a1506cced21a07abb6d220c4e1,822b63912576852aea9a8436d72317b7,2017-01-25 16:30:43,139.99,11.87
2511cdf205337513507a1863f0098d39,1,824479121ed07485e5195dd6bfe467a1,cca3071e3e9bb7d12640c9fbe2301306,2017-01-24 21:08:18,24.90,10.96
2511cdf205337513507a1863f0098d39,2,824479121ed07485e5195dd6bfe467a1,cca3071e3e9bb7d12640c9fbe2301306,2017-01-24 21:08:18,24.90,10.96
2511cdf205337513507a1863f0098d39,3,824479121ed07485e5195dd6bfe467a1,cca3071e3e9bb7d12640c9fbe2301306,2017-01-24 21:08:18,24.90,10.96
2526d08a2985e1b276a405915c2d8be9,1,9453bde60c4ee52155c963641736cfc5,5c243662ce92d84573bfaff24c3e3700,2017-02-10 15:00:01,514.99,18.58
255d951095fc26f86cc7a08b822b714a,1,0d1d766e7cdd4a724e9ea9a18e5177bb,75d34ebb1bd0bd7dde40dd507b8169c3,2017-01-19 15:18:25,755.99,26.75
2574da49ef376d653823449846a42733,1,562502b79845deae9bcd86384921a2c5,710e3548e02bc1d2831dfc4f1b5b14d4,2017-02-11 07:51:14,79.90,17.30
25e4af6ebff2dfb6213c8cc7e36ecbed,1,c1bc9defa33e2379fa66e43dd1875480,e83e93b71371817b11d78a63ff156aee,2017-02-11 20:31:37,99.00,37.09
25e4af6ebff2dfb6213c8cc7e36ecbed,2,c1bc9defa33e2379fa66e43dd1875480,e83e93b71371817b11d78a63ff156aee,2017-02-11 20:31:37,99.00,37.09
25f680bf746bec3df11d48318ff015de,1,bcaa4355b2521984b94978febf3f2b10,bd4ff04377f974574f7f0bf9d6ce7dde,2016-10-21 16:22:45,39.99,15.63
2609c6729fdff11b1686733d0852c7ed,1,701657bde0d39ea77205d996a89d9009,b1aaae6b66ad3c40f54b389d7ea4bee0,2017-02-15 16:59:01,73.00,14.68
2609c6729fdff11b1686733d0852c7ed,2,f22c326211220c21017efac98a117b2c,b1aaae6b66ad3c40f54b389d7ea4bee0,2017-02-15 16:59:01,73.00,14.68
262118ce178bb3e4590a3adcf6d62e6b,1,6aeed495dcb87dd06532f70dea6ebb5a,b56906f7fd1696e043f1bcce164c487b,2016-10-11 12:13:50,59.90,28.97
262118ce178bb3e4590a3adcf6d62e6b,2,6aeed495dcb87dd06532f70dea6ebb5a,b56906f7fd1696e043f1bcce164c487b,2016-10-11 12:13:50,59.90,28.97
26258cbf6d2a9914460dcb10876cfd01,1,242edc6b84c00f0d48c664a020a92c52,6cd68b3ed6d59aaa9fece558ad360c0a,2017-02-16 19:15:33,54.90,14.55
2631dba338efbcea9c3ace77ce210c01,1,8b2a1e0d2ee4fa00cd00519b7881203a,6cf476a4ca74498db55cbccdaa9dcfb6,2016-10-31 16:27:41,499.99,94.47
26ba0c1bad97bbfdcc4419e3ca40d9a8,1,a760ef0bb70c954d79e62ec6023d380c,01cf7e3d21494c41fb86034f2e714fa1,2017-02-04 20:17:34,76.05,15.79
26c18b7ca7a6a870496dafd3633b3412,1,562502b79845deae9bcd86384921a2c5,710e3548e02bc1d2831dfc4f1b5b14d4,2017-01-31 10:36:14,79.90,17.30
26fb6c984069988017b2d12b79849865,1,621b15d249d471192c1bd7ade2dd8b86,dc8798cbf453b7e0f98745e396cc5616,2017-01-28 11:41:58,22.40,10.96
270d816a580cef9525ac73d6c4b87255,1,cfd43c5e600d45ac029357406b05dd82,ed859002ad59dbf8cf3602696a6c3000,2017-01-27 20:35:00,149.90,19.33
270d816a580cef9525ac73d6c4b87255,2,cfd43c5e600d45ac029357406b05dd82,ed859002ad59dbf8cf3602696a6c3000,2017-01-27 20:35:00,149.90,19.33
272bcd7b520b3a4628acadb461400675,1,3e442d09f9dfef002aadf31960869f65,85d9eb9ddc5d00ca9336a2219c97bb13,2017-02-16 18:42:33,20.90,8.72
277427ea3d46a465d7311f4107515ba5,1,71a033537c0b1b79fc26e6d0bb3bb1a2,391fc6631aebcf3004804e51b40bcf1e,2017-02-12 10:58:40,73.35,15.72
27863884193fa88ed79c356f4f568fe7,1,c28e193de2c4238b77e875455c458067,b17b679f4f5ce2e03ce6968c62648246,2017-02-14 16:27:07,67.90,11.09
278b6dc641ac6cf9abcfb8b2aa95a0d0,1,3758055ab2434bd36ac78e00b15b5cf6,59fb871bf6f4522a87ba567b42dafecf,2017-02-05 15:41:43,199.99,21.85
279976cba5252901895ff5af44890cca,1,c8c073a1cae6a98799d7581958ede514,820c7c9eaf76d2b226b6c242bcf3f34d,2017-02-04 17:33:05,559.00,18.00
27ae3ad0516a9b55f2236e24f690e01b,1,a9516a079e37a9c9c36b9b78b10169e8,7c67e1448b00f6e969d365cea6b010ab,2017-02-18 16:19:02,119.99,15.01
27ae3ad0516a9b55f2236e24f690e01b,2,a9516a079e37a9c9c36b9b78b10169e8,7c67e1448b00f6e969d365cea6b010ab,2017-02-18 16:19:02,119.99,15.01
27b01bbc397d9282e115008e0d914f2c,1,c2e158a66da842665f27c88015a7dbd8,3bdff180c7e1f6551a643b99c265a120,2017-02-05 17:39:57,29.90,26.09
27c7c6aa7b6f3de99d2a3a64674d296f,1,1dc6a19ea34c75792743abebd47309d3,f5f2ab9bdb6b30c14c61be68c5ed37da,2016-10-10 16:03:32,101.90,21.30
27cbba95b3a45285af049060be4d4d10,1,c0275a8ac94fd0866ba76c7d2496bb5c,cca3071e3e9bb7d12640c9fbe2301306,2017-02-11 22:01:30,329.90,22.39
2815a8d7291facb79cc8c78f144836b3,1,913580fde3e72c3b3e4ce0b79963bee6,b76dba6c951ab00dc4edf0a1aa88037e,2017-02-09 11:15:12,10.99,14.52
281a4e1ef3ab9d256027ddd2db90c762,1,a14aea6067b93158e956612c50b74cfa,4e8dacf3d38f281ae26c3e0321d92d88,2017-01-31 14:59:18,449.99,18.00
2825848807f070485f0f0ef3829758f4,1,1d9c26a3cc1a9a167955e3922b597210,e8f6dc8e6a1dcde89d20e3995c8d90b3,2016-10-14 11:03:19,11.90,10.96
284039cca9a61886953286f5dae55fdf,1,ee6cf0274e75706751ecd4cd5e353db6,e1bed63d68ac36fe1f3061befe196af5,2017-02-03 18:30:53,199.00,18.00
28763f36038db84d7ab6ff7b3ef9774d,1,62744bf012b60074e5fa0fcd657cbd34,30a2f535bb48308f991d0b9ad4a8c4bb,2017-02-08 15:05:16,69.90,11.10
28f5847427849401fb017537fd20da41,1,2636a9812d151c718b53387171ce08be,b17b679f4f5ce2e03ce6968c62648246,2017-01-29 16:32:21,30.97,10.96
29656da67c9da8377949302afdef7c69,1,3a98bcea866c31f53b35a41d3822f908,2138ccb85b11a4ec1e37afbd1c8eda1f,2017-02-10 20:09:07,18.99,10.89
29656da67c9da8377949302afdef7c69,2,010a3a47c14f1295796c08419f32cef6,ef506c96320abeedfb894c34db06f478,2017-02-10 20:09:07,9.99,18.15
2994f64a88d65527ae04561a83ed11fe,1,d4ed9e130fbb1aca77ea64f08f1b20cc,1e483cc5c76fef08d3ca05f9a8af7d01,2017-02-13 15:43:30,39.90,10.96
29985fe387407ff7f6904b294fb89028,1,3edc3d3ffe806f5115118f86cbf5a021,ce33c6211beaa8fef4cae8b52db39862,2017-02-16 15:53:19,49.00,14.52
29d99fdabd0cb6b4e9d82f2f38c04a5a,1,fcde1899043318107d8f0ae043f69bc3,d66c305afaec317ebee552073a674429,2017-01-29 19:44:48,99.00,14.86
2a3d1cc4337b1cc9157560f6b1ca5802,1,30001d6521e7d5826eb1881050cea7e7,85d9eb9ddc5d00ca9336a2219c97bb13,2017-01-30 17:52:31,20.90,20.80
2a3d67c0d2045bf67abb3d8f320ac29f,1,3025303c80b01a0926fda2841cc31b4a,4da0e408c99d2fdc2126dc9fce518060,2017-01-25 18:17:14,66.90,26.94
2a3f0a5fbf1d28387b5aea5308d6fd4e,1,cbb702235ad267cca951499fa8475606,59fb871bf6f4522a87ba567b42dafecf,2017-02-07 22:18:03,229.99,25.61
2a940654991b7eaeb541171e5e1d497f,1,95ebf42730dea8baa19b9c8794da556b,710e3548e02bc1d2831dfc4f1b5b14d4,2017-02-11 15:48:56,289.99,22.35
2a940654991b7eaeb541171e5e1d497f,2,95ebf42730dea8baa19b9c8794da556b,710e3548e02bc1d2831dfc4f1b5b14d4,2017-02-11 15:48:56,289.99,22.35
2a9d70160f5851dffc39e01a5486fb62,1,93fd807bea9d7cf539c1f5e0ef7ab1b5,41b39e28db005d9731d9d485a83b4c38,2017-02-11 09:07:17,55.70,11.03
2b2b7a9693cc4ebba06693c88e6989d4,1,33202a8e7a645388c41ed714203d7131,8d79c8a04e42d722a75097ce5cbcf2ef,2017-02-12 07:47:47,149.90,32.08
2b9781917af4a7321519dd1db68cb72b,1,f997c8ca952938be7b2d487f761c7e76,2138ccb85b11a4ec1e37afbd1c8eda1f,2017-02-09 10:49:33,27.90,8.72
2b98d5c9b1969095e65f74308ae2e861,1,7958e96171ca669184bf4a085d7deec3,054694fa03fe82cec4b7551487331d74,2017-01-30 15:01:45,177.00,18.53
2bcf5ca88957e31faab027f2325cfd63,1,8c5876b1c7768217964f353bc7e64393,0db783cfcd3b73998abc6e10e59a102f,2017-01-31 12:29:31,49.00,10.96
2bdd95b017c58f97f4e735116e778d28,1,b77ae16cc8f67cd1c0ec781d5bf4da2b,7a67c85e85bb2ce8582c35f2203ad736,2017-02-12 21:49:49,239.99,10.05
2c173fae740c25aaf8668bc3eeda0114,1,b000447e24e31a4d7e628ca4d0622131,92eb0f42c21942b6552362b9b114707d,2017-02-14 22:03:43,25.00,10.96
2c45c33d2f9cb8ff8b1c86cc28c11c30,1,e24f73b7631ee3fbb2ab700a9acaa258,0cbcee27c791afa0cdcb08587a2013a8,2016-10-14 10:40:50,135.00,18.51
2c46f84b185f4aadc82a72d14d089c4d,1,c13e94ddeafb40833a4c2e02c65bbb5f,17f51e7198701186712e53a39c564617,2017-02-15 12:29:21,760.00,193.84
2c4ada2e75c2ad41dd93cebb5df5f023,1,6c7a0a349ad11817745e3ad58abd5c79,48162d548f5b1b11b9d29d1e01f75a61,2017-01-30 11:09:00,183.29,25.77
2ce652745083fde285af6e431bc9aca6,1,cf78006a2a6b0429b9663edd99bb38f9,710e3548e02bc1d2831dfc4f1b5b14d4,2017-02-12 18:58:04,299.99,22.18
2d2bd0487565c23b4bcc0b29a41da55a,1,196616257eff8bc851dc4fc041cbbbe9,701938c450705b8ae65fc923b70f35c7,2017-02-03 17:36:05,103.99,18.00
2d53b54fb747893711031caffe615f9c,1,9cfb95272c4cd1e98619d3bdea888a7c,7a67c85e85bb2ce8582c35f2203ad736,2017-02-04 10:33:02,219.99,23.00
2d5ec2229b5850cfe5032ee2b0e073ec,1,d902ca64b614964dc31d6b0372e800ac,391fc6631aebcf3004804e51b40bcf1e,2017-02-11 12:46:44,52.30,22.30
2d9e3c3c7f0f3ba8a8fa3db2f1211ceb,1,cfd43c5e600d45ac029357406b05dd82,ed859002ad59dbf8cf3602696a6c3000,2016-10-21 16:25:46,149.90,19.33
2d9e3c3c7f0f3ba8a8fa3db2f1211ceb,2,cfd43c5e600d45ac029357406b05dd82,ed859002ad59dbf8cf3602696a6c3000,2016-10-21 16:25:46,149.90,19.33
2d9e3c3c7f0f3ba8a8fa3db2f1211ceb,3,cfd43c5e600d45ac029357406b05dd82,ed859002ad59dbf8cf3602696a6c3000,2016-10-21 16:25:46,149.90,19.33
2d9e3c3c7f0f3ba8a8fa3db2f1211ceb,4,cfd43c5e600d45ac029357406b05dd82,ed859002ad59dbf8cf3602696a6c3000,2016-10-21 16:25:46,149.90,19.33
2deb17060fc1ce18a85eba953ddcdeaf,1,b3e99300a2d0481e7b1d7ce484d498cf,0ea22c1cfbdc755f86b9b54b39c16043,2017-02-11 22:52:43,24.90,10.96
2dedcbba76be1566c5b983e07348d75f,1,a5d722d3c7a01c224625d0881e630503,f8db351d8c4c4c22c6835c19a46f01b0,2017-02-04 15:56:56,51.90,11.75
2e22dc2fce65e5b9d73a11d717f41724,1,d0f5d2822e06a19526cb384022af2a9a,8a32e327fe2c1b3511609d81aaf9f042,2017-01-25 20:53:19,54.99,26.64
2e2e88c4bb691287b71a9e1ee8a193a4,1,424471a68d6b1ae4a53d39723e6981d3,054694fa03fe82cec4b7551487331d74,2017-01-16 23:42:50,377.00,22.72
2e32dea8a4d1ae5499a67674b387bc6a,1,f9bb291280bceedf7840b89e1e75b89c,391fc6631aebcf3004804e51b40bcf1e,2016-10-21 16:32:48,39.99,11.95
2e56f943f231f5fe108f43fb370b0ed6,1,d6c90261eb664ba97949a548e55d6c34,da8622b14eb17ae2831f4ac5b9dab84a,2017-02-17 12:12:22,244.90,23.18
2e5dc86c8c4aa663549caf5e31de840d,1,02f8dd9b448d3ec2c73e65a22da1121c,7e93a43ef30c4f03f38b393420bc753a,2017-04-13 10:56:48,124.96,25.00
2e5dc86c8c4aa663549caf5e31de840d,2,02f8dd9b448d3ec2c73e65a22da1121c,7e93a43ef30c4f03f38b393420bc753a,2017-04-13 10:56:48,124.96,25.00
2e7a8482f6fb09756ca50c10d7bfc047,1,c1488892604e4ba5cff5b4eb4d595400,1554a68530182680ad5c8b042c3ab563,2016-10-26 18:25:19,39.99,31.67
2e7a8482f6fb09756ca50c10d7bfc047,2,f293394c72c9b5fafd7023301fc21fc2,1554a68530182680ad5c8b042c3ab563,2016-10-26 18:25:19,32.90,31.67
2e84d66424ec0ddb081078d1411fb1db,1,3df9a620374297d963f991ff296639a4,0c8380b62e38e8a1e6adbeba7eb9688c,2017-01-23 16:17:57,59.50,17.16
2e8e21db96a8ab922e51cd297678c6b2,1,87ecdbf76c33c8f2dabc40eeb821dc6b,d4d99b60c4c94cd35acd502cec65dc8d,2016-10-14 01:16:09,72.90,14.39
2eed473a355a3965e5a3fbcea0ffa40d,1,926d11f0e2a1171fed968faf5caa8f92,0bb738e4d789e63e2267697c42d35a2d,2017-02-06 12:59:24,39.90,26.61
2efef48118e6846607240cd8910e05d0,1,2f282449dadb2e59ff2afcde0bd9f393,ea6b12bf9ffe2bac34602ec631d97a47,2017-02-23 23:20:45,212.00,27.95
2f371d97b4ea52be4c04ef49bb4f31ff,1,8abc2d73b55855c07b6888d4b21b3da6,522620dcb18a6b31cd7bdf73665113a9,2017-01-27 22:55:07,329.90,16.48
2f78768fa4786d3f20e9b6f95d73207a,1,9b2db9ec16a8a51549f32462bf973523,a3a38f4affed601eb87a97788c949667,2017-02-14 12:10:40,128.90,25.64
2f8f31eb2f7b6572836d662a6625c8e4,1,5415fa4d6c000c97cddafcf0419b09f7,0ea22c1cfbdc755f86b9b54b39c16043,2017-02-11 22:52:44,34.90,10.96
2f8f31eb2f7b6572836d662a6625c8e4,2,f59ff3f667dc8dc2b42117736585c1ba,0ea22c1cfbdc755f86b9b54b39c16043,2017-02-11 22:52:44,34.90,10.96
2f8f31eb2f7b6572836d662a6625c8e4,3,3c025396e63ff6925a3b68781e8b3456,0ea22c1cfbdc755f86b9b54b39c16043,2017-02-11 22:52:44,24.90,10.96
2f9d4ee8ca77fe0951ebfe9064cad953,1,cd2c03056720c7de4d6a59c1167bdee0,0ea22c1cfbdc755f86b9b54b39c16043,2016-10-15 12:03:03,79.90,11.17
2f9d791088532b218b41f892cc16073b,1,e500a9395078ba5b59387db0dbee0063,48efc9d94a9834137efd9ea76b065a38,2017-01-09 13:48:48,9.90,8.72
2fbb05b3ee700e1897b9fa501e416005,1,de6517dda8e49774f58c07f80abc8d7a,ffff564a4f9085cd26170f4732393726,2016-10-27 16:29:16,69.00,11.94
2fd1c83dd4714cf3cf796fffb6c8de62,1,17c7ec33a1657924ad493e6978b4bf91,3d01d1c414c44b5943a09619ff3853cb,2016-10-10 15:55:42,99.00,9.12
2fd1c83dd4714cf3cf796fffb6c8de62,2,966a067b38634929844120e39b1576bc,61f159ef6da2d441951d2c0efa719362,2016-10-10 15:55:41,59.99,24.08
3005c05dbcb19ff903a28b5d654bb1cf,1,4fb3bad6b502eaca3b6d7d87bc1613a4,45d33f715e24d15a6ccf5c17b3a23e3c,2017-01-29 16:57:30,59.90,11.81
3027797ce35841bf74917c0b0ea1a38d,1,17469cd3d2559b93669a813860296b8e,a3a38f4affed601eb87a97788c949667,2017-01-19 12:37:26,159.90,16.33
30f3a5252d3d97a113cefc74796f9fec,1,162e010af9fe224d35fd8496a273fb02,3c3017960b2dbd72711a61f0400aab8f,2017-02-04 11:34:42,89.90,20.95
30f7c25897bac24c9d57f04e7cd8903d,1,2ae40c35ef6620f730a55329d0cd3301,6b9b80d53ba3676eafe60268a810b5a1,2017-02-15 20:33:07,99.00,22.62
31112043c409fb9c7429a94904d314bd,1,61963c77fd2c3db173915d9dc837ee12,cfb1a033743668a192316f3c6d1d2671,2017-02-13 01:24:51,69.90,54.99
314c025c229f30a1b32658c7555269b8,1,7d854ab97c64ef9df2bbfaf332765786,aac29b1b99776be73c3049939652091d,2017-01-29 12:48:49,59.90,17.16
315da0cfbc485bb00c12a581077cf7b2,1,49eaaa38ac3df51ca790372b47b99604,64b87978a11c1ea7501a89eabe8c2c1a,2017-02-06 22:52:01,69.99,11.10
319ccdc182a8c5d60b228310a6432460,1,fb01a5fc09b9b9563c2ee41a22f07d54,522620dcb18a6b31cd7bdf73665113a9,2017-01-26 16:03:50,689.89,20.04
31b0dd6152d2e471443debf037ae171d,1,473795a355d29305c3ea6b156833adf5,620c87c171fb2a6dd6e8bb4dec959fc6,2016-10-10 16:03:46,59.90,11.30
31cb8821ab778cd23ebb6ce6f9e2bce0,1,a0fe1efb855f3e786f0650268cd77f44,ef506c96320abeedfb894c34db06f478,2017-02-09 19:35:10,21.99,14.52
31f92d9eaa5c91b7eef11e2729cf09ef,1,7f04dc0b85182744b422109acd2d40f5,a7f13822ceb966b076af67121f87b063,2017-02-15 12:12:26,159.96,20.42
32163a3da27e868cf12730227576ff1b,1,cf78006a2a6b0429b9663edd99bb38f9,710e3548e02bc1d2831dfc4f1b5b14d4,2017-02-07 19:23:59,299.99,17.21
32339685fefe9062d33175a4bc12d555,1,a8557b8cc2880e245f6e7b7dbb0cfb04,0adac9fbd9a2b63cccaac4f8756c1ca8,2017-01-26 20:25:54,32.90,10.96
3237c01ca83d6c17feee532d5b7e6b72,1,d3c4c77b75d9e3c3d4ee9b1e40591b04,e83c76265fc54bf41eac728805e4da77,2017-02-14 17:43:20,17.90,10.96
323dad8c483c7f8b818a825d257f4aa0,1,152153cc85a6e47325494a479a93fc4b,2138ccb85b11a4ec1e37afbd1c8eda1f,2016-10-11 10:16:04,29.90,8.72
329465dad46fffab333860e92e7ac984,1,92c1eb75a887a500d9689fbad65e27e3,7c67e1448b00f6e969d365cea6b010ab,2017-02-03 22:14:53,199.98,25.00
329799621fa31033287e1294f418de06,1,1be9a7b25f7ddfe1dfda88b9b64f595c,fa1c13f2614d7b5c4749cbc52fecda94,2017-02-07 21:51:29,124.90,16.57
32a7f2fa7d1b798b72a117f24095efd4,1,7c2d0df8e5fbfa71d54a400b33a8502e,7e1fb0a3ebfb01ffb3a7dae98bf3238d,2017-02-11 16:04:21,116.00,11.42
330a8410950e2c8bd89631999a37b2c9,1,95dacbf52db1d378303344b43f821cb6,cca3071e3e9bb7d12640c9fbe2301306,2017-01-29 18:02:48,129.90,17.65
330f4c4ce3d46e9f892b06e6f0bc9aad,1,81521040c9500ac8e175c2839d193a46,c13fb473e7cb8b83ccd543c094df0608,2017-02-03 22:18:53,34.90,20.00
3312588178a16638759fca54495ef50d,1,6df665a20caa80a66804f836165bbf36,f235413f677777a0738ff215d0184901,2017-01-20 18:36:49,595.99,32.36
3352b51dbcaf8074b24f0efab4772dde,1,9d395a6bc9dbad2dfe60c8c92d8df397,77530e9772f57a62c906e1c21538ab82,2017-02-15 10:40:02,148.00,19.63
337788b92e1812c7665aca6fd8b611e8,1,b0075cdedc8e455d734e6b1875336ca1,0ea22c1cfbdc755f86b9b54b39c16043,2017-02-09 17:24:21,29.90,21.26
3379d980824f0aa5dab057f2530759bb,1,33fac76e7f17367dedaef7954bbb33b4,56642bcb79900e777d68e91915cb4267,2016-10-16 04:01:59,72.00,15.90
3385c99ff53af3e0f1115d79f6165d6f,1,aa2b29bee083c3eb3779f39fc09527b7,46dc3b2cc0980fb8ec44634e21d2718e,2017-02-08 12:58:55,349.99,17.21
338cd98c972c8d9b015759974ca7446c,1,c1a97b7dfb03db09a3736bd6f1eb9034,58e4b302b54937e55a678c4d15111da4,2017-01-30 11:09:11,49.90,14.52
3398470b1f117c681a7dc2ead5553724,1,67b0d38a61d8e4c1c1df7d56276302aa,0ea22c1cfbdc755f86b9b54b39c16043,2017-02-09 19:10:08,59.90,14.59
339cfa1a6bf1f4f0c50db99c5255b714,1,afb20d6bc6e0556ba8e9e724e6ea03bb,ebef8d8c92b4fd3226e5d407bbff21ac,2017-02-06 21:40:21,159.90,19.40
33ef079ec39c1b46e6e552e038e67c5b,1,ace5d86cf1ac63cdb76f49e5cd23d2f8,cca3071e3e9bb7d12640c9fbe2301306,2017-01-25 18:57:33,50.90,11.75
33f85a7c0485cf4a504f78608c5d57c7,1,b9ca19b5696ec2668f48ae264c05bad6,0ea22c1cfbdc755f86b9b54b39c16043,2017-02-09 05:19:23,49.90,14.52
340be9cc41d50a5233f4849d93d8d2f1,1,610a37c2cc32f63b7dfdafef64e5069f,ca3bd7cd9f149df75950150d010fe4a2,2017-01-29 11:32:02,16.50,12.93
343d749914bab05f8c752813a075ef36,1,c94d19d021d4a8fbae5a45f904aeea90,701938c450705b8ae65fc923b70f35c7,2017-02-04 21:39:15,103.99,37.24
3440f090efa1949bc4e9ebd0b89b2b6c,1,0c3256090b6cc52703b152c874827cd7,3985a3c45be355a4c57fde108bfabd1c,2017-01-31 00:34:10,39.90,29.55
34445bc5a6255519c1d230b2231eeb63,1,211c67e3e61d45efe54ed020191d042f,b2ba3715d723d245138f291a6fe42594,2017-02-14 00:11:30,169.90,23.12
34605af753e44da907f983de0082faaf,1,991669e10bb13b3502329f768c98c7e6,6b9b80d53ba3676eafe60268a810b5a1,2017-02-08 08:42:45,29.90,17.78
3461c4b04fb9c6ecc30aee1e099bd1e1,1,33202a8e7a645388c41ed714203d7131,8d79c8a04e42d722a75097ce5cbcf2ef,2017-02-07 23:18:46,149.90,17.20
3498a243e9fe88c9c4ce97bf7fa4617c,1,bf80e0bf47dacb5f19bac03656bcf4bc,e5a38146df062edaf55c38afa99e42dc,2017-01-28 17:15:56,16.90,11.74
34ac523be174284d7b9df8e47bce2040,1,d5889e40a08a57aff04de227408ed197,1554a68530182680ad5c8b042c3ab563,2017-01-19 14:15:04,38.50,15.56
34ac523be174284d7b9df8e47bce2040,2,d5889e40a08a57aff04de227408ed197,1554a68530182680ad5c8b042c3ab563,2017-01-19 14:15:04,38.50,15.56
34bf4feda1e203af64692d97c6950c39,1,f5d8f4fbc70ca2a0038b9a0010ed5cb0,48efc9d94a9834137efd9ea76b065a38,2017-01-09 12:14:58,10.90,8.72
34c718970b33419ed6d537a90366231b,1,7ed8c74b7ad2f1790a24a24c071da537,46dc3b2cc0980fb8ec44634e21d2718e,2016-10-10 15:44:00,119.99,14.81
350f47d61d589f6218bff053db95fe62,1,837f3d09b625825bd84bfccb1f51d8be,6df688df543f90e9b38f4319e75a9d88,2017-02-04 13:01:10,11.63,17.35
350f47d61d589f6218bff053db95fe62,2,837f3d09b625825bd84bfccb1f51d8be,6df688df543f90e9b38f4319e75a9d88,2017-02-04 13:01:10,11.63,17.35
35123d3f1c7606f81eb9b60272f907df,1,c0400a62c5019cdc69bfc76d39b1cfb4,cfb1a033743668a192316f3c6d1d2671,2017-02-08 09:12:31,26.00,14.52
35444785eacb17aeda6810ebd8dd188e,1,f2a4a74038882bf1adc8a466962559ec,6edacfd9f9074789dad6d62ba7950b9c,2017-01-24 10:47:03,51.90,16.06
354a5b90cf468691c4b06debfd2c8115,1,45f176c0bd310b5d35594fc78a8ed5e5,a3a38f4affed601eb87a97788c949667,2017-02-01 20:01:21,68.99,19.00
354ca44327bb555017ef42fd921ada11,1,0de1e69dff6f40f9f71be7034a8bb8d2,620c87c171fb2a6dd6e8bb4dec959fc6,2017-02-03 16:33:23,349.90,18.00
3568894fa3afedc367d3a4816983dceb,1,dfb92838905ead933a01256a80edc894,76d5af76d0271110f9af36c92573f765,2017-01-28 15:59:17,320.00,19.53
356b492aba2d1a7da886e54e0b6212b7,1,eba7488e1c67729f045ab43fac426f2e,620c87c171fb2a6dd6e8bb4dec959fc6,2016-10-21 16:35:37,249.90,17.59
3578f604ba267d1491f68d8f929dbf28,1,f59ff3f667dc8dc2b42117736585c1ba,0ea22c1cfbdc755f86b9b54b39c16043,2017-02-11 20:58:44,34.90,14.52
35837feff69c830a990c5ecae625bab5,1,edd268662f0b2a4f131cf4690ca6cbc8,b2ba3715d723d245138f291a6fe42594,2017-02-17 16:49:29,294.90,12.24
35aa6b03b34d8d0a5c1eaae2bb5fcf76,1,4520766ec412348b8d4caa5e8a18c464,16090f2ca825584b5a147ab24aa30c86,2017-02-05 17:40:36,49.99,14.52
35aade410488cc865a183d6a7fa637eb,1,7868a64aa111bbb4f41f8e1146c0becb,cca3071e3e9bb7d12640c9fbe2301306,2017-02-15 11:56:43,59.90,24.62
35b8e54d765e6b217e2dc5ab34f6b323,1,b4763c2caeeac2424b64aa199789b81b,897060da8b9a21f655304d50fd935913,2016-10-11 03:10:10,38.00,16.71
35b8e54d765e6b217e2dc5ab34f6b323,2,2c41d13dc2cf0e9c2e8db8952f0f3ff3,897060da8b9a21f655304d50fd935913,2016-10-11 03:10:10,38.00,16.72
35b8e54d765e6b217e2dc5ab34f6b323,3,0bfd2b8146cd034448f6e4c8ac8e47f0,897060da8b9a21f655304d50fd935913,2016-10-11 03:10:10,38.00,16.72
35b8e54d765e6b217e2dc5ab34f6b323,4,0ee7a6e1cd4ecf72e711a2f68b4d8d2e,897060da8b9a21f655304d50fd935913,2016-10-11 03:10:10,38.00,16.72
35d3a51724a47ef1d0b89911e39cc4ff,1,c1488892604e4ba5cff5b4eb4d595400,1554a68530182680ad5c8b042c3ab563,2016-10-14 02:44:30,39.99,22.34
35d8c6d5e060ad24271ffda186312ef8,1,f436a5130457df6b73cdb2c12a90ea2b,dd2bdf855a9172734fbc3744021ae9b9,2016-10-15 13:42:50,169.90,22.66
35fbd0c1666a2c04e7d111da0bcf1683,1,b7e0771f4064f03ece592bce8ae2564e,41b39e28db005d9731d9d485a83b4c38,2017-03-15 10:04:00,89.90,18.98
3630513f30286ed696e4a2e36c79ae3c,1,e0b0974d4a06e6bd75b1412858f39da3,38e679b9e0064cd94c6f035707344dae,2017-02-02 19:17:41,87.74,18.00
36989eb07a0de2d3d3129eea35553875,1,43bb8825dd6838251606e5e4130cfff4,939f6e231201f26803cb5c3a3d2940b3,2016-10-08 13:46:32,23.90,26.82
36989eb07a0de2d3d3129eea35553875,2,43bb8825dd6838251606e5e4130cfff4,939f6e231201f26803cb5c3a3d2940b3,2016-10-08 13:46:32,23.90,26.82
36aa7a4fce4353a2a7f6d2aa9448900f,1,8158477dcd2a668fb6faf6aa4131b0f4,a3a38f4affed601eb87a97788c949667,2017-01-24 14:27:46,19.99,16.05
36f63f07e3c52585c8eb2795c466b3fa,1,a4d8f727f92014da5dd64116af14634c,63ffcb71394dd8ea3872ed9ffda17c74,2017-02-11 13:58:46,25.00,12.93
37420f333a6877b6e54ea0a728af2542,1,154e7e31ebfa092203795c972e5804a6,cc419e0650a3c5ba77189a1882b7556a,2017-02-10 22:32:04,19.99,10.96
376cc9a8f827d17966ea7c4b182f4426,1,79938780eb7ffb7289f59a9a283bc06b,ecccfa2bb93b34a3bf033cc5d1dcdc69,2016-10-11 19:28:40,59.90,11.31
37944c14b9384f4494476b8979f9d0b3,1,8453809459840629ed9a2ba9735c551e,cca3071e3e9bb7d12640c9fbe2301306,2017-02-11 21:58:59,39.90,15.56
37d24e9a88068283d102aebd4f765133,1,b45755e01d70d935e074cdde682bed74,0c8380b62e38e8a1e6adbeba7eb9688c,2017-01-26 23:08:14,89.90,17.37
382447aa0ebf13393d646287fed13df7,1,242edc6b84c00f0d48c664a020a92c52,6cd68b3ed6d59aaa9fece558ad360c0a,2017-02-08 23:16:00,54.90,16.08
387d6eb2681cc0d53bf68df6845a729a,1,877037e9f558d11ce22f3224771fd12f,a3a38f4affed601eb87a97788c949667,2017-02-15 16:52:47,159.90,16.33
389815397a4bcdf3dcf64b90c25b3140,1,2636a9812d151c718b53387171ce08be,b17b679f4f5ce2e03ce6968c62648246,2016-10-10 16:03:01,30.97,14.52
38bcb524e1c38c2c1b60600a80fc8999,1,680cc8535be7cc69544238c1d6a83fe8,48efc9d94a9834137efd9ea76b065a38,2017-01-09 12:06:36,2.90,8.72
38bf8e12131a605a38265416150b4888,1,66bea887d912474498434fcb72df5a8b,cfb1a033743668a192316f3c6d1d2671,2017-02-18 19:23:50,29.60,15.56
38bf8e12131a605a38265416150b4888,2,66bea887d912474498434fcb72df5a8b,cfb1a033743668a192316f3c6d1d2671,2017-02-18 19:23:50,29.60,15.56
38c5c2886f2aab75bb1ae3f79a3f300d,1,5a6b04657a4c5ee34285d1e4619a96b4,ecccfa2bb93b34a3bf033cc5d1dcdc69,2016-10-12 09:10:47,54.99,9.49
38e2829123a2bd1cbe111564824d0abb,1,5bfcd193eb29c1c8332e2d4ca804d54f,522620dcb18a6b31cd7bdf73665113a9,2017-01-30 11:14:58,223.90,15.74
38eb881851d90ec36b46d10b81792089,1,aad225c687cc75ba1148d41f2ce414c2,2f4b9d112bfa44a214bc6cef085d17c8,2017-01-31 09:29:40,18.90,17.19
38eb881851d90ec36b46d10b81792089,2,aad225c687cc75ba1148d41f2ce414c2,2f4b9d112bfa44a214bc6cef085d17c8,2017-01-31 09:29:40,18.90,17.19
3937ff0dcfc2d3e0ccf73d9b6521611a,1,777d2e438a1b645f3aec9bd57e92672c,4a3ca9315b744ce9f8e9374361493884,2017-01-28 18:11:44,69.90,26.75
395630df55589c28c5dbf91e72f7ca90,1,94957e92f3bfe1d1b2330039dc803853,1b8356dabde1d35e17cef975c3f82730,2017-02-07 16:13:58,44.99,9.34
399775d0638168dfd529422f995fcc41,1,4d882bfbe6d83c0671d5b2776d46c248,cb5df0dcb9e280b1780e9d589889f2c7,2017-02-02 14:57:59,209.99,50.00
39a82394b2cec13982585114e7f6838f,1,568e52d4c670b4d5130bae2dbf211c40,8581055ce74af1daba164fdbd55a40de,2017-02-03 23:17:07,92.10,22.00
39d0be719247e3b3a38846ba810197ea,1,e095c986136fd680308f08bc98f20a53,05ff92fedb5be47920fea08e501238b9,2016-10-21 16:18:29,89.00,32.01
3a1756d7060a993e85f1614b43da0c03,1,17383e180cbea9ef103d90a72754cd54,ca3bd7cd9f149df75950150d010fe4a2,2017-01-30 16:23:03,83.20,24.68
3a1756d7060a993e85f1614b43da0c03,2,ea9394ab60edfa4cca87947a938e8046,ca3bd7cd9f149df75950150d010fe4a2,2017-01-30 16:23:03,83.20,24.68
3a3c98aede7994faf4c5a37cf27877d4,1,e51136ef1d291cf07cc8a792b4a16f94,9bcdfa7b615b3abb9461d9e3ad9886ae,2017-02-05 21:14:52,359.90,17.63
3a6cac3e6717e6a7ee4cb28aaa149a91,1,99b89f140f651db441848081814dd1a1,3340ef1913fb70d28420f6ceb685c339,2017-01-22 20:14:17,199.90,19.99
3a87f961376193c10c6b28d341d32db5,1,8d98dedc3c19de17f1a090195e85d6b6,fa40cc5b934574b62717c68f3d678b6d,2017-02-07 14:03:12,49.90,8.72
3a8fa2133fb96a04512604d9c32dc7c3,1,b23a6d2e943df2a8248577f6523580ce,7994081388d55b9cf976c050653dd359,2017-02-15 14:29:29,120.00,14.60
3a96b8ddd22b9f22c3b8a556d2003fd8,1,23384f296aa1bf6461d22912093a9847,891071be6ba827b591264c90c2ae8a63,2017-02-08 13:24:34,20.00,14.52
3a9731efdd545919f0c6c36c8633b7fd,1,6dab56beb5263f0d554cae5c55809208,f4aba7c0bca51484c30ab7bdc34bcdd1,2017-02-07 00:18:35,23.90,28.97
3aa0a75931f649d9e3e83aaa9d6a95e7,1,0f3777229e40207d248acfd6e1f716b6,e2aee0892199b1d92530e371abd825bf,2017-01-18 21:56:03,169.90,98.63
3aa779fc4b813797c16ac4f02fe808ec,1,30469bb5ea377eae7121981e2f0778e4,80e6699fe29150b372a0c8a1ebf7dcc8,2017-01-17 22:21:41,113.00,36.62
3aa9ae345c5bf7396e8b237717c470cf,1,9523f1a3e7db9e38d55379435bd450c9,834f8533b2ecb6598dd004ff3de7203a,2017-01-21 22:34:59,134.17,16.05
3ab4eea6776259ae8dfbabaeffece352,1,9fc063fd34fed29ccc57b7f8e8d03388,ccc4bbb5f32a6ab2b7066a4130f114e3,2017-01-23 21:08:25,370.00,17.80
3ac2f9ede9c2c9be884248c857c75226,1,2d2600c283c0c1af0528fd84c14a2c28,e48b04bf1aa1ef711caebeb7aede6180,2017-02-12 22:08:44,127.90,23.89
3ac963599c50b9beedbcebb47eb33af9,1,66921e471530ee0d23a53ad72f49887f,834f8533b2ecb6598dd004ff3de7203a,2017-01-22 14:32:43,70.83,52.21
3b2ca3293a7ce539ea2379d704fa37ce,1,33e0cfd1cd80a0491da068d7a7f93ff8,dd2bdf855a9172734fbc3744021ae9b9,2016-10-10 15:47:18,169.90,14.97
3b64ff25a4610fb5599e4fd09f907501,1,4fcb3d9a5f4871e8362dfedbdb02b064,8581055ce74af1daba164fdbd55a40de,2017-01-29 13:22:05,143.80,18.30
3b697a20d9e427646d92567910af6d57,1,3ae08df6bcbfe23586dd431c40bddbb7,522620dcb18a6b31cd7bdf73665113a9,2016-10-21 16:27:20,29.90,15.56
3b8a3138cb95908731feea1a6e456ecc,1,d116d7f4aa44ed3793cce65c2aca77ba,0ea22c1cfbdc755f86b9b54b39c16043,2017-02-11 19:37:14,39.90,17.78
3bb674c130836b55a540f493a9dde774,1,dfb97c88e066dc22165f31648efe1312,8581055ce74af1daba164fdbd55a40de,2017-02-12 15:19:13,139.00,18.26
3bcf5ba4eec8b84af7663e2e261957cc,1,cae79e3b5c787c231543fa415a20b5cc,56642bcb79900e777d68e91915cb4267,2017-01-28 14:23:45,25.00,14.11
3bd5b53dee9d54938f56208bcc03d855,1,e1772099adc6b03202a50a2aae5efb0c,5f1dc28029d2c244352a68107ec2b542,2017-01-28 12:15:42,45.90,20.80
3be9883ba4ef261dc194228abc739d0c,1,6dab56beb5263f0d554cae5c55809208,f4aba7c0bca51484c30ab7bdc34bcdd1,2017-01-26 20:54:11,26.80,14.52
3c116d50bb76160ee1d7a2e8f5791427,1,9fa0c72476690fbc66bcacc498fe7fd6,e2aee0892199b1d92530e371abd825bf,2017-01-16 18:30:07,39.90,14.52
3c2a7cc75899d6a06e8735da9b7fa302,1,c4aa0ceec0529a29290c24f2bb490b3d,92eb0f42c21942b6552362b9b114707d,2017-02-15 22:12:39,12.98,8.72
3c3ca08854ca922fe8e9cedfd6841c8a,1,ac6c24af9f913c9375a3ea77883bda6e,5206cc4bc2297c833e6061c49bf9c43f,2016-10-12 13:21:35,35.00,10.96
3c4f38e27c5f6f27be39c8a2932c43e1,1,0cc13a424dc207f8c4d3b26ea1cd384c,710e3548e02bc1d2831dfc4f1b5b14d4,2017-01-29 00:19:56,349.99,20.73
3c54678edd9d58abadd6af16d0bce506,1,1e9f407b0d5f8f439956c66df050c107,d66c305afaec317ebee552073a674429,2017-01-21 11:26:55,37.90,15.56
3c5edc9665595ab8ab9bdd6c5c4a961a,1,68f3adaef1620e7b0c4c7cd9f78d7ed0,7b0df942f46435babab05d49b744b2c4,2017-02-07 10:09:40,1297.25,20.11
3c655487f0c8e34cde2c7b67de8f08cc,1,e251ebd2858be1aa7d9b2087a6992580,001cca7ae9ae17fb1caed9dfb1094831,2017-02-08 19:06:04,99.90,21.15
3c6f2c25e0bc1279d17395ec365ea14c,1,51b0fbc0001335d988588a43455a7514,e9d99831abad74458942f21e16f33f92,2017-01-31 10:52:15,49.99,10.96
3ce4038922670fead496aeae61a8a393,1,7ead55b1f52de17d6dac82001470b2a2,48efc9d94a9834137efd9ea76b065a38,2017-01-09 13:52:39,10.90,8.72
3d24c492f9555a79d4d6fd3a22fbee1f,1,82183967d9fde935fc0b0189bb68ccec,6cd68b3ed6d59aaa9fece558ad360c0a,2017-02-11 10:05:43,55.90,11.00
3d58fd1ee438a43f2a826dda6b013519,1,c2c503e76e239d461b3e92222f6b49c5,f5f2ab9bdb6b30c14c61be68c5ed37da,2016-10-21 16:21:57,41.99,19.07
3d668965eb89ea475911ce3364f73b07,1,001c5d71ac6ad696d22315953758fa04,41b39e28db005d9731d9d485a83b4c38,2017-02-13 05:31:30,79.90,20.74
3d7d60b10ba4b43cf6f6d5df2e933f67,1,5c12fb778168a77e3ffc8d7dd7a689fd,0307f7565ff85b299b6e5ef162b1b1a9,2016-10-21 16:25:18,16.90,10.96
3d7e8f32f5b59e005ccfc1076b4040b5,1,473795a355d29305c3ea6b156833adf5,620c87c171fb2a6dd6e8bb4dec959fc6,2016-10-15 05:02:06,59.90,25.18
3e01e667dc4b025af8c5eb4f606cc7a1,1,ed9d81a5043f74cbe0e3db315770af45,522620dcb18a6b31cd7bdf73665113a9,2017-02-07 21:22:15,398.00,18.49
3e9334d33c1e64167920675211fb1aee,1,c57d1d566402540eb9be608112ced702,522620dcb18a6b31cd7bdf73665113a9,2016-10-14 15:02:15,49.00,16.11
3ea870dceaaf86d0d1f024d34139d5a5,1,3ed31fdf8af68a6c0b059a256420a5c5,5fd924b4836098a5be0ecf81ba054ce0,2017-02-09 15:34:17,26.00,10.96
3eceaafe1639eb6b25f3cd604891c218,1,0a9bba9c02d484c391416587002dae47,b17b679f4f5ce2e03ce6968c62648246,2017-01-28 22:27:20,31.00,14.52
3ee8494bb94ea023beadcd0783c9d8d7,1,955ef07f4e61b2033c9d6af6a6b61783,da8622b14eb17ae2831f4ac5b9dab84a,2017-02-14 14:56:21,84.90,29.52
3f1cef1dad28d66ac73d711f75a8ade6,1,1f305b83cff66e6473d13aa6c64e5a20,066a6914e1ebf3ea95a216c73a986b91,2017-02-13 21:36:29,109.99,23.06
3f3e01f29d25bb2e62be81659113d44e,1,cf78006a2a6b0429b9663edd99bb38f9,710e3548e02bc1d2831dfc4f1b5b14d4,2017-02-10 14:02:03,299.99,17.21
3f72d2b757e725cd48a4726f831c7789,1,eba7488e1c67729f045ab43fac426f2e,620c87c171fb2a6dd6e8bb4dec959fc6,2016-10-10 16:45:50,249.90,17.59
3f913d30288c117e41ffe5cc74743dc9,1,b76d57984db550fe9e6f3ad3467e3025,c9a06ece156bb057372c68718ec8909b,2016-10-10 15:53:07,79.90,18.65
3ff04db80f0b2c359e8e47fdb913d826,1,6f790ed0f75949b7fa234ec087aed912,5dceca129747e92ff8ef7a997dc4f8ca,2017-01-31 13:37:09,669.00,22.00
3ff488af63223ea08fce4e9db03a82dd,1,e7d26dd6742baca292020c158e6720c3,6cd68b3ed6d59aaa9fece558ad360c0a,2017-02-16 17:11:02,54.90,20.83
4047217c6029782c1996e3cec14ef005,1,d696750e550fd0f733979dd7e5dff921,9de4643a8dbde634fe55621059d92273,2017-01-30 23:41:13,179.85,16.47
40599d3d28b75746952ded75566637b9,1,baddee1245c9736a49167f66e0912b0d,48efc9d94a9834137efd9ea76b065a38,2017-01-09 13:01:48,11.90,8.72
4064338b1a0771e658af6c71d3fa2604,1,1f15aad258a1559be6c62fe1a774daa7,1336efc61c316ddf92c899eb817f7cae,2017-02-16 09:31:44,129.00,15.07
4079df924e51e553825e62f9f8995d59,1,078482c5821678267aeb55b8edcdcb29,4d600e08ecbe08258c79e536c5a42fee,2017-01-28 14:22:33,224.16,15.74
40cd91f7288925344c6b40edd0836c3f,1,c5e9693041e519fd6e2ebde0d76cc1ad,4e7c18b98d84e05cbae3ff0ff03846c2,2017-02-15 19:58:25,163.90,50.63
4130a3c17d5018e8877e1dc104b55fec,1,05805f52cdeb93d7684f871e599f0078,6dc9bec584588412a6a338830946a3e4,2017-02-22 19:08:53,280.00,22.87
4152a677b7acfa7fdab8dc8e1dd436eb,1,0dcbc0d012d42719216ea7dff6b90a6f,46dc3b2cc0980fb8ec44634e21d2718e,2017-01-28 19:39:42,199.99,16.16
41bf1169cb9e21c201df1aedbcdb6b1f,1,207bb2d8180c2c7654872f6fab96e40e,2138ccb85b11a4ec1e37afbd1c8eda1f,2017-02-12 17:25:18,19.90,24.35
41d9fff5e0bfa8712b28b761fa2f6bee,1,328ccc632fdfa11f13190f1e6c773bdb,87142160b41353c4e5fca2360caf6f92,2017-02-12 10:42:58,19.90,10.96
41f25580214be3f00eb80620ca971032,1,c94d19d021d4a8fbae5a45f904aeea90,701938c450705b8ae65fc923b70f35c7,2017-02-04 21:57:33,103.99,37.24
41f25580214be3f00eb80620ca971032,2,c94d19d021d4a8fbae5a45f904aeea90,701938c450705b8ae65fc923b70f35c7,2017-02-04 21:57:33,103.99,37.24
423557ab2406aca36516f1d1b9765ae7,1,fcde1899043318107d8f0ae043f69bc3,d66c305afaec317ebee552073a674429,2017-02-09 12:18:08,104.90,14.90
4269e9f98b1e74f0732bc93de6aaca6f,1,c86f95986c7050bf988aed62520093e7,b1fecf4da1fa2689bccffa0121953643,2017-01-27 10:21:21,310.90,20.31
42a5f0ddbf1e377e7d31ef5957b62c0a,1,025249b91a565601dc1b8f47ee7a230e,fa1c13f2614d7b5c4749cbc52fecda94,2017-02-10 16:49:19,239.00,12.28
42c5091238dc63339c79f5f35f8a5a6b,1,4b88b15eb9d5ad74ffa095bcd4ddb64f,2199e7fe213c16213bf5d6a7eadc9a5d,2016-10-14 11:04:05,311.00,27.68
42e7795ee0acd43f7392b9f31bb39c33,1,8abc2d73b55855c07b6888d4b21b3da6,522620dcb18a6b31cd7bdf73665113a9,2017-02-14 11:37:38,314.80,17.90
4374c08bd3d2b8f7639e0704d80c0407,1,2eb9b2ef7c1da3c7b99702452ea4729f,0db783cfcd3b73998abc6e10e59a102f,2017-02-14 07:02:23,99.00,11.30
4381fa4ba1b423dcee980233d6b29d76,1,027cdd14a677a5834bc67a9789db5021,620c87c171fb2a6dd6e8bb4dec959fc6,2017-02-08 19:01:27,99.90,14.87
43a5d40681ed4ffe2ed88d6fb2639545,1,6a4afe6c644493c0a79d2c54c8149938,cca3071e3e9bb7d12640c9fbe2301306,2017-01-29 22:15:00,69.90,11.88
43cc7c567182b58ce0ee6a1f7c2447fb,1,09337f4d317bae01dfa96e6d368eafc4,934ed5cd1b9c1c7382d0a94a94b9e639,2017-02-17 13:15:40,125.85,26.62
43d29c6fc78c31c80080d85e5260a9fb,1,f5d8f4fbc70ca2a0038b9a0010ed5cb0,48efc9d94a9834137efd9ea76b065a38,2017-01-09 14:36:18,10.90,8.72
43f8e020752c67130ddf027e0297291a,1,8dacc114d37ff4b78075db0d2464022e,6cd68b3ed6d59aaa9fece558ad360c0a,2017-01-30 17:40:03,87.90,14.79
4418075144d646b6ecb7228571cec59e,1,f05901e010ebaa3924276751a35e6004,4a3ca9315b744ce9f8e9374361493884,2017-01-31 17:39:36,59.90,50.00
4421f094ff828b78aba6d18db005821d,1,d32c445df9d36f1cdfc915ed14ee44cd,b335c59ab742f751a85db9c411a86739,2016-10-14 12:02:36,65.90,23.18
4442d1fdf454197e9e141f0d83a9031e,1,7cb009e2ae1cdf7d16e8fbf0255ba953,45a3d05fb00435e52a28859dd03703b3,2017-02-07 18:08:16,1299.00,24.79
444ba35537c4a2b24c3bf2e576ee98ac,1,902f869d68a62356e8f9d054ad5e9072,004c9cd9d87a3c30c522c48c4fc07416,2017-02-02 10:34:34,119.99,20.92
44579d02e209aa42e391a4af78ec74fe,1,a4bc24bcb44abb54f2f6214991dcdab0,8e6cc767478edae941d9bd9eb778d77a,2017-02-08 16:30:43,59.90,18.70
44aa6cb9b49cd7412acad36a95e32212,1,9434f2004187b3e71abdb691ce47e552,e6a69c4a27dfdd98ffe5aa757ad744bc,2017-02-12 19:37:39,59.85,15.63
44e57ef48e2045411c809567c0db5628,1,a703f5ade6e4fae527357132230ea778,f4aba7c0bca51484c30ab7bdc34bcdd1,2017-02-13 02:03:45,23.90,10.96
44ed09232a24ad29cf2457b2780e806b,1,0d3847e4cbb1d79d2e28b2156f1e11f2,7c67e1448b00f6e969d365cea6b010ab,2017-02-04 22:44:11,176.99,96.63
452b706af12e25e6c8c740b4dc493ab0,1,afbe1e973aefbf72a330e3bc72d4b476,4a3ca9315b744ce9f8e9374361493884,2017-01-12 09:35:14,68.90,15.69
453b7a88cd66cd9e4210f05233cbf197,1,98d61056e0568ba048e5d78038790e77,8581055ce74af1daba164fdbd55a40de,2017-02-13 20:43:22,169.00,18.47
4551b488487e6cfa31f9e35073d3c5d4,1,1e571e871a93944c5c48e6226f2cd94e,ecccfa2bb93b34a3bf033cc5d1dcdc69,2016-10-15 17:16:28,87.99,16.61
45973912e490866800c0aea8f63099c8,1,46d66b9ad911a2cea5e3c9127aa7fac5,ed859002ad59dbf8cf3602696a6c3000,2016-10-11 22:58:38,178.90,21.75
45973912e490866800c0aea8f63099c8,2,46d66b9ad911a2cea5e3c9127aa7fac5,ed859002ad59dbf8cf3602696a6c3000,2016-10-11 22:58:38,178.90,21.75
45bff70fb7b99a5a33bc8ccb3786e170,1,838944cf86ccee50e01a52fba21cf29b,b56906f7fd1696e043f1bcce164c487b,2016-10-14 12:02:12,56.00,20.47
45ec58d30f2023e4dac16d956a657ddd,1,afad7a4420a4348d41da23ed8d0902dd,3481aa57cd91f9f9d3fa1fa12d9a3bf7,2016-10-15 05:02:02,59.90,27.61
46046adea0e222a29259bad3d922fee8,1,79bcd1f7f00535c801244eb999d8d290,99eaacc9e6046db1c82b163c5f84869f,2016-10-21 16:29:32,199.00,15.98
46081612169925ef8882b3bbf1c5011d,1,8681c71d24e694aaa4c582760736dd00,0ea22c1cfbdc755f86b9b54b39c16043,2017-01-27 08:35:27,44.90,11.06
46081612169925ef8882b3bbf1c5011d,2,d1b8f5983d9573c8e523b8c56a59497d,0ea22c1cfbdc755f86b9b54b39c16043,2017-01-27 08:35:27,79.90,11.07
464de32dc84484c1d26df3e8e38e708b,1,036bcd084feae22f3a997f5080ec30df,48efc9d94a9834137efd9ea76b065a38,2017-01-09 15:25:04,6.90,8.72
46936461f0c4e3c80b9289ce5fc1682a,1,fd37eb547d2c63b60bcefd68951ee54d,cca3071e3e9bb7d12640c9fbe2301306,2017-01-14 19:27:22,129.90,20.99
469e8e6e5a8946a3ba0e0835ae771e6b,1,e9eebb8e8ba0fadb9020f8ba1c003b48,620c87c171fb2a6dd6e8bb4dec959fc6,2017-02-14 14:34:59,379.90,16.83
469f0b908881368c45917f1bed8240ce,1,f422d0d9f8b5f7c27289382b14b61248,1554a68530182680ad5c8b042c3ab563,2017-02-04 21:35:25,66.99,17.21
46c22ce0488991c798933effd2b57574,1,a50acd33ba7a8da8e9db65094fa990a4,8581055ce74af1daba164fdbd55a40de,2017-02-10 15:43:18,117.30,22.29
46e61fd85afa09032021c9b0b507b693,1,b1ffef38f0db9fb4e1a6f91b47ec63d4,89bc797e2e29667aa035d4368f9b7f92,2017-01-30 14:41:39,13.00,10.96
46f05e5ae3a2b822e2f4148d99f69ca4,1,b4f9530c931398e215242293c2c8ba4c,4e922959ae960d389249c378d1c939f5,2017-01-22 19:24:49,45.00,17.91
46f05e5ae3a2b822e2f4148d99f69ca4,2,b4f9530c931398e215242293c2c8ba4c,4e922959ae960d389249c378d1c939f5,2017-01-22 19:24:49,45.00,17.91
4723d255a158f5b6c5a872264e3529c5,1,7cd29da0653abeb444703cc5a957f479,620c87c171fb2a6dd6e8bb4dec959fc6,2016-10-13 14:55:15,49.90,18.82
4724d70419b2219c68e4ae60a03738f7,1,edaa2bd93560f6d79e10b21fa2858004,391fc6631aebcf3004804e51b40bcf1e,2017-02-10 12:20:35,118.75,16.98
47378b461210a310c95e17323f7dd726,1,72af228db018a06518f1b2a8c070a2ac,83e197e95a1bbabc8c75e883ed016c47,2017-01-31 05:27:14,124.99,19.15
475f773f6c0d909e49b758adb2401e3a,1,7e0dc102074f8285580c9777f79c90cf,e26901d5ab434ce92fd9b5c256820a4e,2017-02-06 18:39:24,39.90,18.00
47676a246458b42506986a0c5b9dc94c,1,81288df52439985f610be64465e53f57,54a1852d1b8f10312c55e906355666ee,2017-02-07 13:02:57,109.99,17.51
4799c38fa3f9263d65b42c5f923538c6,1,7569eb05a9b91e5137cd9cf7494043e5,59fb871bf6f4522a87ba567b42dafecf,2017-01-28 09:42:13,164.99,16.85
47cb859a7f526319e3da0015c15c3b1f,1,0e9dfb804bafa3d68ef3ee7a621abfb2,1da366cade6d8276e7d8beea7af5d4bf,2017-02-12 11:40:35,398.00,64.63
481f2db41ea6571226192db2b584fa6e,1,2636a9812d151c718b53387171ce08be,b17b679f4f5ce2e03ce6968c62648246,2017-01-30 18:27:04,30.97,14.52
48275cf565f4ea4f291da07bbbc7d330,1,c8f7df520102efbaf9927f5acf21b928,a3a38f4affed601eb87a97788c949667,2017-02-16 17:28:07,84.99,16.29
488a3468338d9c4c6caa95bb4b536b90,1,93dc30627407d30e6917279857c8d9f1,b2ba3715d723d245138f291a6fe42594,2017-02-13 22:36:29,164.90,12.54
48a2b1dc26bd77deaee98e646fbc31cc,1,ff5f8606556b625613f069a5a9a48966,8cbac7e12637ed9cffa18c7875207478,2017-02-05 14:58:05,35.00,22.64
48ae7afdc684e9aff52a26bb84bce016,1,e5fe5612792826b2c61371acf1480225,8a32e327fe2c1b3511609d81aaf9f042,2017-01-26 17:11:39,44.99,15.56
48c43415ea1c4af9afa92542183b6e55,1,5cca824e6a0eebe738c8a6381d0d9349,4e922959ae960d389249c378d1c939f5,2016-10-21 16:29:59,19.00,14.52
49268496ecf8148bd16540c2a23c6c70,1,085481a1b9ec9eaa346ae0a39bd3c340,41b39e28db005d9731d9d485a83b4c38,2017-01-23 23:12:08,109.50,37.71
492e7cf9df2e0665bd893b5cbbcca6a3,1,6b42b1f7dfb74bb23a01605fbedd5b85,bf100ecb7997df312b285358fb32f92c,2017-02-11 20:25:50,99.90,18.98
492e8ed750e427ec9d97ca8d4d4eb69c,1,74cfb67b11aa83ec20fbb297748c8352,5a8e7d5003a1f221f9e1d6e411de7c23,2017-02-11 23:13:17,59.90,15.63
494c2e94dcd29167f5fe359a45aa879d,1,ef9ae4fb9a9005e8e463cc2616084276,38e679b9e0064cd94c6f035707344dae,2017-01-27 11:43:58,203.37,33.72
496e779d0a36724d70beaf6ea94d7d9d,1,ad53b56bfd80cb8adc160a3deaa239b9,75d34ebb1bd0bd7dde40dd507b8169c3,2017-02-15 22:50:27,142.99,18.52
49b40d0575b7f9b42d51d5faa0aab91a,1,25da7af0ae86de644e6410fec1d599d1,712e6ed8aa4aa1fa65dab41fed5737e4,2017-02-14 14:47:33,650.00,92.88
49b9d47f2bb04361f15cf1537390dd60,1,b6cefe1d620b9208fe6fae76b2c72887,d98eec89afa3380e14463da2aabaea72,2017-02-11 21:32:58,65.00,15.75
49c89a2aba7f8f079681f6967d846465,1,a703f5ade6e4fae527357132230ea778,f4aba7c0bca51484c30ab7bdc34bcdd1,2017-01-29 13:33:37,23.90,16.05
4a0401b9ac45b7c8c801fe5db8855bff,1,f4f67ccaece962d013a4e1d7dc3a61f7,8581055ce74af1daba164fdbd55a40de,2017-02-11 13:15:29,241.10,33.43
4a0401b9ac45b7c8c801fe5db8855bff,2,4fcb3d9a5f4871e8362dfedbdb02b064,8581055ce74af1daba164fdbd55a40de,2017-02-11 13:15:29,143.80,23.00
4a484c46ae5f093eca638e3c55d3dbc2,1,1139f00effbb6523b59f6e6ebddc6d44,440dd6ab244315c632130ecfb63827b1,2017-02-10 13:58:01,238.90,16.93
4a571f5e71e16ce232386c80d485db65,1,b14becd90b0c2fe7819c324c6a41168d,4e922959ae960d389249c378d1c939f5,2017-01-25 10:17:29,35.00,14.72
4a65f44b9d88b8af9f97037e89366abe,1,edd268662f0b2a4f131cf4690ca6cbc8,b2ba3715d723d245138f291a6fe42594,2017-02-04 10:56:10,294.90,14.64
4aa95ac048b026918957d83319f5eca6,1,9da6fbcdb4cc9d08de3c70331ea19a5f,0c8380b62e38e8a1e6adbeba7eb9688c,2017-02-11 21:24:48,99.90,18.98
4ac0414dab9b48f0b168bb305b85df12,1,1a596515dcbe1a261f8dc0640ccb5149,f650a9708fa1bab22bdd8d3a818cc415,2017-02-15 22:03:11,97.69,16.38
4ac9d969022c4a7ba509b39bb0f3d36c,1,243bb58796ed2164b831fb75e1241888,2138ccb85b11a4ec1e37afbd1c8eda1f,2017-01-30 16:59:33,27.99,14.11
4ad8cbb7faf3db8150935f1f06b16663,1,34b61264ecf24043cc09e6f4dbf6c0f4,cbbd5ae8f53de5f5097cd8217b529e24,2017-02-14 21:37:36,175.90,32.26
4b019b8fe8e95fc64a3cf3793b35b852,1,7fa380056f1fbd883cc80a75e60f207b,7c67e1448b00f6e969d365cea6b010ab,2017-02-12 19:12:05,169.99,43.60
4b038a7f8dfc36755eca741381e379e3,1,79938780eb7ffb7289f59a9a283bc06b,ecccfa2bb93b34a3bf033cc5d1dcdc69,2016-10-21 16:26:52,59.90,17.70
4b038a7f8dfc36755eca741381e379e3,2,79938780eb7ffb7289f59a9a283bc06b,ecccfa2bb93b34a3bf033cc5d1dcdc69,2016-10-21 16:26:52,59.90,17.70
4b417a70a89a9c265f52c8279dd489d7,1,b7639dcdb2ca827e7bd4c0ab0a7ed477,2138ccb85b11a4ec1e37afbd1c8eda1f,2017-02-05 13:08:13,32.99,14.52
4b67dcd830305032861498d405f10123,1,93c311d5adbe1ef297001d0b6f19894e,184a67a8f9f63234d3a92340bbdb727f,2017-02-12 19:44:53,29.90,24.84
4b7c1bc59d4ec725d8530c19ec09b06f,1,027cdd14a677a5834bc67a9789db5021,620c87c171fb2a6dd6e8bb4dec959fc6,2017-01-30 10:21:45,99.90,14.87
4ba4f54f9d165d6e980bdfdf8b4c4d11,1,11875b30b49585209e608f40e8082e65,669ae81880e08f269a64487cfb287169,2017-02-11 22:29:01,65.00,14.62
4baa3882a6f5d47e5ac98cd10c942c4f,1,54f45413afc0d5480c59f5dfeed2d19f,5ab05b6d86d417796c69ffd6774ec832,2017-01-24 21:20:07,99.90,15.81
4baa3882a6f5d47e5ac98cd10c942c4f,2,54f45413afc0d5480c59f5dfeed2d19f,5ab05b6d86d417796c69ffd6774ec832,2017-01-24 21:20:07,99.90,15.81
4bdbe1f2d1b360c34d90175e10ec090b,1,f436a5130457df6b73cdb2c12a90ea2b,dd2bdf855a9172734fbc3744021ae9b9,2017-02-04 17:54:09,169.90,27.69
4bee560781d45bb4b18efd58fef1901e,1,f9d151cf2fc10d41cce64b782856320f,e9d99831abad74458942f21e16f33f92,2017-02-13 21:18:21,30.00,8.72
4c379ba0590506b26a68dc00e29ba8ba,1,3ba2b0de14984ce8f072c58be8d701dd,a3a38f4affed601eb87a97788c949667,2017-02-03 18:54:46,104.99,18.00
4c701da56bc7e10f17d06fcbe6d1d070,1,a50acd33ba7a8da8e9db65094fa990a4,8581055ce74af1daba164fdbd55a40de,2017-02-10 20:51:09,117.30,22.29
4c775eb488939cb0be0ca90004e2f37a,1,be40e17908725e5bb30888064ff7e839,d66c305afaec317ebee552073a674429,2017-02-08 02:17:52,239.90,24.96
4cad943ab8ba8479347dd102125fa87b,1,f1261761d91b574288d60a6390a007b6,4a3ca9315b744ce9f8e9374361493884,2017-02-17 15:08:08,104.00,14.90
4ccd8da82485c892ae90284af589153a,1,9766ad53f42ee034fbc0e29c85fe626c,41b39e28db005d9731d9d485a83b4c38,2017-01-29 12:18:11,99.90,23.16
4ceb9336411700f9568db2ef11bda594,1,9abb00920aae319ef9eba674b7d2e6ff,1771297ac436903d1dd6b0e9279aa505,2017-01-23 22:41:52,40.00,14.52
4ceb9336411700f9568db2ef11bda594,2,9abb00920aae319ef9eba674b7d2e6ff,1771297ac436903d1dd6b0e9279aa505,2017-01-23 22:41:52,40.00,14.52
4ceb9336411700f9568db2ef11bda594,3,9abb00920aae319ef9eba674b7d2e6ff,1771297ac436903d1dd6b0e9279aa505,2017-01-23 22:41:52,40.00,14.52
4ceb9336411700f9568db2ef11bda594,4,9abb00920aae319ef9eba674b7d2e6ff,1771297ac436903d1dd6b0e9279aa505,2017-01-23 22:41:52,40.00,14.52
4d1f73fde643f7a1d08d400816850265,1,f408131193fe9da16836115414229012,b1aaae6b66ad3c40f54b389d7ea4bee0,2017-01-26 11:08:52,86.25,15.90
4d21276afd29a3f70e49766a9848d19c,1,9760ff15559ef0855c8aa01c00bd132b,96493fab2fbb13a14d0c0e8772eef5c3,2017-02-14 13:14:41,269.00,17.09
4d2c3fb1909604d5f9474e4675971ef2,1,47c064333cf67e5cdc8243db3f095767,b499c00f28f4b7069ff6550af8c1348a,2017-02-02 14:05:53,24.99,4.50
4d2c3fb1909604d5f9474e4675971ef2,2,47c064333cf67e5cdc8243db3f095767,b499c00f28f4b7069ff6550af8c1348a,2017-02-02 14:05:53,24.99,4.50
4d2c3fb1909604d5f9474e4675971ef2,3,47c064333cf67e5cdc8243db3f095767,b499c00f28f4b7069ff6550af8c1348a,2017-02-02 14:05:53,24.99,4.50
4d2c3fb1909604d5f9474e4675971ef2,4,47c064333cf67e5cdc8243db3f095767,b499c00f28f4b7069ff6550af8c1348a,2017-02-02 14:05:53,24.99,4.50
4d55408f3a98afa1d4f3087d4a24005d,1,51b0fbc0001335d988588a43455a7514,e9d99831abad74458942f21e16f33f92,2017-02-08 13:42:12,49.99,15.65
4d66b3a9d12facad48a3b23cc9fe7898,1,0c5801458e74f9b6c23b44c331426e30,e8f6dc8e6a1dcde89d20e3995c8d90b3,2016-10-08 14:09:08,89.90,17.51
4d7a365119241cbd17c7afb5b39bb9a0,1,1eb85357e22bf0c8c2a6f10eafad8423,522620dcb18a6b31cd7bdf73665113a9,2017-02-02 20:53:13,309.90,18.00
4d7b93709f08f674ff9d2185fd811cf9,1,4da0329350218978429b287440f4b87a,062ce95fa2ad4dfaedfc79260130565f,2017-02-04 17:11:49,41.90,17.78
4d7b93709f08f674ff9d2185fd811cf9,2,4da0329350218978429b287440f4b87a,062ce95fa2ad4dfaedfc79260130565f,2017-02-04 17:11:49,41.90,17.78
4d87e2e794792a3e2fcd7f7a5b4500b1,1,913580fde3e72c3b3e4ce0b79963bee6,b76dba6c951ab00dc4edf0a1aa88037e,2017-02-04 13:43:44,10.99,8.72
4d9aeb0219e736ad9dd72af9f25b3f88,1,9fa0c72476690fbc66bcacc498fe7fd6,e2aee0892199b1d92530e371abd825bf,2017-01-16 00:06:12,39.90,10.96
4dd47e84e6b8ff4a63d0b8425e6d788e,1,2aa489c905e1d41d8c716a6d6912d8c2,620c87c171fb2a6dd6e8bb4dec959fc6,2016-10-11 01:09:09,299.90,13.68
4deb2316dadf42f0daa6b8965d384ba8,1,cd2c03056720c7de4d6a59c1167bdee0,0ea22c1cfbdc755f86b9b54b39c16043,2017-02-02 14:46:06,79.90,5.14
4deb2316dadf42f0daa6b8965d384ba8,2,f727305c90ca9b9c36d4e84a817bc01d,0ea22c1cfbdc755f86b9b54b39c16043,2017-02-02 14:46:06,59.90,12.86
4e1d5bf07ad851a6470d6b28cfd1f1e6,1,a35a9f46dcee0a67c8c7ad8493eb4135,85d9eb9ddc5d00ca9336a2219c97bb13,2017-02-04 18:19:23,20.90,50.00
4e36d0170c671378f49f701a810360ae,1,9fc063fd34fed29ccc57b7f8e8d03388,ccc4bbb5f32a6ab2b7066a4130f114e3,2017-01-14 13:29:22,370.00,19.43
4e3d811dd3b8ca1f39b4ce47ee24b368,1,6cdd53843498f92890544667809f1595,ccc4bbb5f32a6ab2b7066a4130f114e3,2017-02-17 15:46:04,349.90,17.66
4e44d7b0462e32a51de74a16eac6534e,1,91b08d34d0ba4db44da2dc382867ba49,b76dba6c951ab00dc4edf0a1aa88037e,2017-02-06 16:18:44,6.90,14.52
4e44d7b0462e32a51de74a16eac6534e,2,91b08d34d0ba4db44da2dc382867ba49,b76dba6c951ab00dc4edf0a1aa88037e,2017-02-06 16:18:44,6.90,14.52
4e44d7b0462e32a51de74a16eac6534e,3,91b08d34d0ba4db44da2dc382867ba49,b76dba6c951ab00dc4edf0a1aa88037e,2017-02-06 16:18:44,6.90,14.52
4e8ccb7e52d788ba5787160a8bf84b60,1,dad033afaf01ca7098672af45bdd3400,a3a38f4affed601eb87a97788c949667,2017-02-14 09:20:49,159.90,27.38
4eb2ac97a426c7f771f8bb1ef6ba5771,1,4135a8c6b588263879a627ed27a2a3c3,8cc6a0e5738e61a87b03c78b2ba9db4b,2017-02-15 18:33:28,89.90,21.11
4eca6c2d172953276c75dd0e1bedce25,1,990ecadcf56234a68b3a0af8d01c0d8a,620c87c171fb2a6dd6e8bb4dec959fc6,2016-10-10 16:51:46,59.90,14.93
4ed01120b6d2cbb2a2fe37897f9611f4,1,0cc13a424dc207f8c4d3b26ea1cd384c,710e3548e02bc1d2831dfc4f1b5b14d4,2017-02-01 23:41:13,349.99,50.00
4f821ef636d5a5eb870c9ae7b7d7654f,1,378bb6601c068c842ca65be6c5e45ccd,8d79c8a04e42d722a75097ce5cbcf2ef,2017-02-04 23:52:27,27.50,18.00
4f95977893357c1a4a9ab91107e78cf5,1,ace5d86cf1ac63cdb76f49e5cd23d2f8,cca3071e3e9bb7d12640c9fbe2301306,2017-02-12 09:48:03,50.90,15.57
4fa07e91d7b4f8b191e3a6ab40f14f54,1,11875b30b49585209e608f40e8082e65,669ae81880e08f269a64487cfb287169,2017-02-05 15:41:21,65.00,14.62
4fb7f38042d214ada4d81cc23d228cc8,1,dd6a505f83dd3c6326aa9856519e0978,fa40cc5b934574b62717c68f3d678b6d,2016-10-15 10:44:13,49.90,24.84
4fcecf52518a5e74c2431d5eb2dbc8bc,1,c92f0e7b9d49a9543558d6532772441b,5dceca129747e92ff8ef7a997dc4f8ca,2017-02-12 22:39:42,129.90,40.34
4fcecf52518a5e74c2431d5eb2dbc8bc,2,c92f0e7b9d49a9543558d6532772441b,5dceca129747e92ff8ef7a997dc4f8ca,2017-02-12 22:39:42,129.90,40.34
4fe2e8b329e56a00aba9b0136b46f00f,1,53bd0c908c6ab820c9828763348728ef,cca3071e3e9bb7d12640c9fbe2301306,2017-01-20 11:06:56,69.90,13.07
4fea2d9b1556c6f36a21a75b5ba71246,1,2fcd5f747ee88ffce15493b3cf70d8d2,b1aaae6b66ad3c40f54b389d7ea4bee0,2017-02-11 09:20:01,52.00,14.53
50013835d7b14aefb452825864d3e414,1,473795a355d29305c3ea6b156833adf5,620c87c171fb2a6dd6e8bb4dec959fc6,2016-10-21 16:19:17,59.90,14.86
500e2838d85214e92e2c15b2fd5303b7,1,1da5a90b5fbd1e1bc37b7bbb999c7bd3,de66a66f2dd06bb9ec37aa96987466a3,2017-01-28 22:49:12,45.89,14.11
509a52223ecac6d67fb765b3b37c6974,1,10dd77710da08ea43018cb3b4cedff92,38e679b9e0064cd94c6f035707344dae,2016-10-21 16:23:01,44.90,20.80
50aab84da01ba9c794d22060d1b8abeb,1,125d26eac85cf57783e2b545149ad38c,92eb0f42c21942b6552362b9b114707d,2017-02-14 16:37:16,25.00,14.52
50f357099566f1be7abfaf8d9dc5b004,1,bcaa4355b2521984b94978febf3f2b10,bd4ff04377f974574f7f0bf9d6ce7dde,2016-10-21 16:34:06,39.99,11.81
5102eb8dd13b0cc9991a7686a229e96f,1,fc35f167625d74f06ad5e5e643172cb9,891071be6ba827b591264c90c2ae8a63,2017-02-11 23:35:02,25.00,10.96
511812fa8f384ecf987128b77cdfbc18,1,2d6676e04aac85ce66dcf8d0529f4012,a888faf2d1baececa6baf9c3d603ee1f,2017-02-15 00:37:19,299.90,12.71
511c9c59155679bf85e46829de6bf067,1,32ab984210a9cc604931ba8408ec6994,7a2d2949aea47fab95fd98d6c9f618b1,2017-02-12 11:04:56,242.00,19.82
51725d3e4bdfc97e28b40543310da8a3,1,79938780eb7ffb7289f59a9a283bc06b,ecccfa2bb93b34a3bf033cc5d1dcdc69,2016-10-09 17:06:52,59.90,14.87
51725d3e4bdfc97e28b40543310da8a3,2,8f1e43e0e3374ed8c84df748034d6179,ecccfa2bb93b34a3bf033cc5d1dcdc69,2016-10-09 17:06:52,59.90,14.87
517e0a52c193102990befc46a5c5245a,1,bb0697bdc552a255c992d331ca09afe3,8b11118053756a9a2932f447e11fc1b5,2016-10-10 23:11:28,79.99,11.17
519b875e24ac4f5060eda1fa6cd6b3bd,1,ed724a28107bfd2a1aebcb6dcd2055f4,bfd27a966d91cfaafdb25d076585f0da,2017-02-10 12:45:04,119.00,13.41
51b79a492b5e53504ce70340ce111374,1,61984b4164968929229a5bed244e353d,4a3ca9315b744ce9f8e9374361493884,2017-01-14 16:31:22,48.90,15.56
51c88c10daf1d028607325b9f19e3a5f,1,b76da58c750b3f050191dc0d87e6029e,2493dc3f20131696a0ecdb9948051a8d,2017-02-11 23:15:25,92.80,16.35
51ceba3ba51d4b4543e7f78e181e0ba9,1,7c68e7297c7df2535c9f0dcd61007f64,bb135baca94c82fcb731335ad5b04a03,2017-01-27 13:31:26,9.90,10.96
51ceba3ba51d4b4543e7f78e181e0ba9,2,7c68e7297c7df2535c9f0dcd61007f64,bb135baca94c82fcb731335ad5b04a03,2017-01-27 13:31:26,9.90,10.96
51ceba3ba51d4b4543e7f78e181e0ba9,3,7c68e7297c7df2535c9f0dcd61007f64,bb135baca94c82fcb731335ad5b04a03,2017-01-27 13:31:26,9.90,10.96
51ceba3ba51d4b4543e7f78e181e0ba9,4,7c68e7297c7df2535c9f0dcd61007f64,bb135baca94c82fcb731335ad5b04a03,2017-01-27 13:31:26,9.90,10.96
51ceba3ba51d4b4543e7f78e181e0ba9,5,7c68e7297c7df2535c9f0dcd61007f64,bb135baca94c82fcb731335ad5b04a03,2017-01-27 13:31:26,9.90,10.96
51eb3e42940efb2afe2e7546e8bf2f5d,1,82183967d9fde935fc0b0189bb68ccec,6cd68b3ed6d59aaa9fece558ad360c0a,2017-02-12 06:48:03,55.90,20.84
51f2bc977a4fb1086e3521f501645ddc,1,623fb8cc5f36842aa32650e2208a08c8,f8db351d8c4c4c22c6835c19a46f01b0,2017-02-09 19:17:06,24.90,10.96
51fc12a7908ea200b269a6ecfb3e7740,1,23384f296aa1bf6461d22912093a9847,891071be6ba827b591264c90c2ae8a63,2017-02-12 18:00:36,20.00,10.96
5204d67853f827d1ee32810bf8f2d6c2,1,b6f134ff2933bb0ee1f36e2865f21a91,0c8380b62e38e8a1e6adbeba7eb9688c,2016-10-10 15:45:44,139.90,21.34
520ec98515a0d6965012dfffa92f9e27,1,99e51ed7faea9cbf65fc7bb4ea396cd0,8cc6a0e5738e61a87b03c78b2ba9db4b,2017-02-10 23:05:26,739.90,21.92
521a470b601d24e156ef0afeefdb7f92,1,209fa5709fd95c3fac1edddca1d6c505,004c9cd9d87a3c30c522c48c4fc07416,2017-02-11 17:54:30,79.99,13.14
529c56bdb881d790cc51c6eea4f7b004,1,d4f91ac96799dc3d9221293e29892e30,afa6714acee029b2dfdf357e5579cc03,2017-01-28 22:38:56,139.99,22.91
533e104c4193cf07d264603f7800fb71,1,f142a5ca78eb112cafbcf29f9a43eca7,02a2272692e13558373c66db98f05e2e,2017-02-10 15:33:57,29.99,14.52
538917e9e6d39e4e2f6d7480f7c2479e,1,0eb5d1d033dcdd7b9b11658ce84ee8e9,7a2d2949aea47fab95fd98d6c9f618b1,2017-02-08 23:28:25,110.00,24.77
53cd36155a7bf507095985b2f26368a5,1,0ab80f38a21093b448518f68efe82c24,440dd6ab244315c632130ecfb63827b1,2017-01-16 09:45:32,19.90,10.96
53d01d5ea7c4979fe175f37286263091,1,4eb3e07a4b54437a7f63eeb577ebf73a,5cf13accae3222c70a9cac40818ae839,2017-02-09 23:26:45,69.50,14.66
540b7d70e38348c6a2412ede9e1f1f2a,1,a703f5ade6e4fae527357132230ea778,f4aba7c0bca51484c30ab7bdc34bcdd1,2017-02-10 10:20:27,23.90,8.72
543929b980aa17fb9d324f934440d131,1,c3182d1991c7d4859e8f39b6c45a026b,d66c305afaec317ebee552073a674429,2017-02-05 08:44:00,15.99,9.00
543929b980aa17fb9d324f934440d131,2,c3182d1991c7d4859e8f39b6c45a026b,d66c305afaec317ebee552073a674429,2017-02-05 08:44:00,15.99,9.00
54802d33f22620ff142f94fd4fe18b25,1,cd64fc35f195d70cebe293e0b60dce33,2138ccb85b11a4ec1e37afbd1c8eda1f,2017-02-06 15:18:39,24.99,8.72
5497655681652e7e1306139bb5d04a14,1,f32af0a8b0bcb05b60f05e8907ad8866,2a1348e9addc1af5aaa619b1a3679d6b,2017-01-27 22:23:01,29.90,14.52
54b3dff57c665f797e9738df1014f9a0,1,ad53b56bfd80cb8adc160a3deaa239b9,75d34ebb1bd0bd7dde40dd507b8169c3,2017-02-15 21:06:40,142.99,21.14
54b3dff57c665f797e9738df1014f9a0,2,ad53b56bfd80cb8adc160a3deaa239b9,75d34ebb1bd0bd7dde40dd507b8169c3,2017-02-15 21:06:40,142.99,21.14
54b3dff57c665f797e9738df1014f9a0,3,ad53b56bfd80cb8adc160a3deaa239b9,75d34ebb1bd0bd7dde40dd507b8169c3,2017-02-15 21:06:40,142.99,21.14
54b3dff57c665f797e9738df1014f9a0,4,ad53b56bfd80cb8adc160a3deaa239b9,75d34ebb1bd0bd7dde40dd507b8169c3,2017-02-15 21:06:40,142.99,21.14
54b74eb9e20b816d9cc07605650b592c,1,9bb2d066e4b33b624cbdfec7d50b3dcb,5cf13accae3222c70a9cac40818ae839,2017-02-16 14:11:06,79.50,15.77
54bb06e1ca86bd99ee2a8d6288bf4ede,1,bef13288a0f8b26d763411ced1dfa268,cf281cf8b7affbdfe751b29cc85580e1,2016-10-29 09:43:46,64.90,25.33
54c158b7244a2d0fcb90916d6b65ef61,1,9d395a6bc9dbad2dfe60c8c92d8df397,77530e9772f57a62c906e1c21538ab82,2017-02-09 23:31:24,148.00,17.78
54d744a4410b1edccc36c6d1f1c7e097,1,baeb8e1a680cf9e1f13557d74b6cec3d,a36ac007a4d18f865c8d32c3b2402c2d,2017-01-28 13:32:22,129.99,16.02
55090b3dd39aed5a2019b57cce6b174d,1,027cdd14a677a5834bc67a9789db5021,620c87c171fb2a6dd6e8bb4dec959fc6,2017-01-31 09:33:01,99.90,25.19
5525c00bfd980bae1cac46f7dcf88224,1,811f973313e8219988a69cc140c447f0,dd2bdf855a9172734fbc3744021ae9b9,2017-02-04 11:22:14,69.90,17.37
552e0a8dae101e32155120202f427b71,1,e4fe462cce9f36e312b869418a86bc3a,2b1a40c1daabc6ca280c4b815c101841,2016-10-14 08:35:12,195.00,34.57
552e0a8dae101e32155120202f427b71,2,e4fe462cce9f36e312b869418a86bc3a,2b1a40c1daabc6ca280c4b815c101841,2016-10-14 08:35:12,195.00,34.57
555761ab2426364f42e9e018047df4e0,1,9805b37a2e4983fb5dbb5c8168590c44,d101c6da914ae3d53f7bee42283f2fe2,2016-10-11 14:52:05,89.90,23.27
556689f3e30f4662d3ec219bdc556b93,1,915ff35b0555b98fe64bc60674da4c43,8a87611c08849ffeeccab52aa798b6c7,2017-02-03 14:01:38,310.00,25.00
5582d9b46edf97ccc2f3b993c39ace3e,1,9319e2f1f22df2c8e4a74f8b8f392e24,2138ccb85b11a4ec1e37afbd1c8eda1f,2017-01-30 11:58:33,22.99,10.96
5590b02a48dbcd875b82f7e97c4c5ddd,1,0d60ec9cf77726af8257bc483d038a72,e49c26c3edfa46d227d5121a6b6e4d37,2017-02-08 18:51:41,94.76,29.59
55b2e390d5d80ada31ad1b795ebeb087,1,c856eb93568d1abd93fbc39fc0a9704e,ed9eef5be0992d413d251fadba1a410d,2017-01-30 00:20:23,44.90,19.58
55b2e390d5d80ada31ad1b795ebeb087,2,ba1446377b3e8fb2c3ec8c7b59a0d9ba,ed9eef5be0992d413d251fadba1a410d,2017-01-30 00:20:23,44.90,22.02
5629fdbbd11b9755743ba8b8f517f8cc,1,20205e1ea024aec43a7a3fc0d8f7a287,62760d278921b5f352461620d68a9cee,2017-02-15 12:55:28,99.00,14.46
566f53fc7d36fa366f7e221468121877,1,02a99f266fc960423c1186ecbd627804,4da0e408c99d2fdc2126dc9fce518060,2017-02-04 13:15:42,69.90,15.70
5685548b79358ab0ae555e21ef9cb4ea,1,f858dbf7475a6089fc882318b8aeaded,835f0f7810c76831d6c7d24c7a646d4d,2017-02-15 21:54:04,24.90,1.88
5685548b79358ab0ae555e21ef9cb4ea,2,7afa8c8eca2a26b599823eed4975a820,835f0f7810c76831d6c7d24c7a646d4d,2017-02-15 21:54:04,169.90,37.65
56a726fa0f40d3678696e62aaed9690d,1,9fe172fa8e662ca8572cf12abf8bce23,cab85505710c7cb9b720bceb52b01cee,2017-01-29 00:46:17,49.90,10.96
56b50d57e6b735968a48a170b8364893,1,34ca28e1d0a2055f325d4275bad02073,f8db351d8c4c4c22c6835c19a46f01b0,2017-02-12 16:06:47,184.90,15.46
56eb381fff8db8d35134693062514084,1,7f524cd9e1d47c5aa4b15b54d6d146cb,7a073a40a9d3f1fee8bc45670ea1e909,2016-10-25 06:03:26,95.00,17.78
56ef80c564f6fd57cc662adee0379746,1,06e73ddcb54620a36bfdb2e073c4dc40,0ea22c1cfbdc755f86b9b54b39c16043,2017-01-20 14:24:22,34.90,14.52
56fd7f1e63ea8177e02f64f5077ee7f3,1,47259ce36f2aa500b4e7528100998ed4,818d28f936e791926d33bcb6ee94ef79,2017-02-21 12:41:41,27.90,14.52
571b3d06ddb5bba38fac92f4da0778e7,1,c92f0e7b9d49a9543558d6532772441b,5dceca129747e92ff8ef7a997dc4f8ca,2017-02-05 20:59:12,129.90,46.86
578e93018456eabf67495ce86d6e6315,1,a50acd33ba7a8da8e9db65094fa990a4,8581055ce74af1daba164fdbd55a40de,2017-02-12 21:53:29,117.30,22.29
57c0b0276ce0eaf721a4424bf077ce8b,1,8814a3da37fb9673a5ac06f82a2a00a9,391fc6631aebcf3004804e51b40bcf1e,2016-10-12 09:03:41,59.90,32.40
57c0b0276ce0eaf721a4424bf077ce8b,2,8814a3da37fb9673a5ac06f82a2a00a9,391fc6631aebcf3004804e51b40bcf1e,2016-10-12 09:03:41,59.90,32.40
57c0b0276ce0eaf721a4424bf077ce8b,3,52b668edc0d0c20cd9319bfda4019597,391fc6631aebcf3004804e51b40bcf1e,2016-10-12 09:03:41,59.90,16.20
57f7bb7d658b442616fce795fcc30146,1,2b6aba96aca0f3f5f28779c8a4395f42,066a6914e1ebf3ea95a216c73a986b91,2017-02-04 20:04:08,74.99,20.60
5836a9fd173a29689e12bf421d2d280b,1,15b142fc0f773fb67de91301d1701894,4a3ca9315b744ce9f8e9374361493884,2017-02-03 14:19:23,83.90,9.00
5836a9fd173a29689e12bf421d2d280b,2,5bfc7506459ae2a7b4b573fe557a58e1,4a3ca9315b744ce9f8e9374361493884,2017-02-03 14:19:23,69.90,9.00
584841703aaa81e11a1fb3bfac2056ea,1,a6f74de3ddfbdc9b33885b92656f992b,0ea22c1cfbdc755f86b9b54b39c16043,2017-02-07 22:11:29,79.90,21.01
586992f50ed97898737b07970376d19c,1,8b502ca34e28d30605bc667b965b6abf,fa1c13f2614d7b5c4749cbc52fecda94,2017-02-04 17:01:46,2999.00,17.01
587a39d6ab7297ee16b3d5ebdaa0f776,1,927a7ee2d74e3a1123047f40b42fcc09,b2ba3715d723d245138f291a6fe42594,2017-01-15 18:32:24,164.90,15.91
587d1c2d41167fd632fc7a7e6e6d03a4,1,7721582bb750762d81850267d19881c1,0c8380b62e38e8a1e6adbeba7eb9688c,2017-02-09 23:12:12,59.50,17.16
588454faf6ae4ce8b0f387e19b7115a2,1,b74d57e3377dd78aace6d070fc48cc88,4a3ca9315b744ce9f8e9374361493884,2017-01-14 13:58:33,65.90,22.39
5897449bce69856d88610b3c0f4f63b5,1,b0364648b1c062169015d9234d97d306,4da0e408c99d2fdc2126dc9fce518060,2017-01-19 21:46:43,183.90,15.46
58a4317c14bcba43d0cf161f17e9db2b,1,77cc62dc80ebe12a0452d1ce0565acdc,218d46b86c1881d022bce9c68a7d4b15,2017-02-03 11:55:23,113.00,18.00
58c851c107a9a3e21e03a9e2a1951d12,1,6cdd53843498f92890544667809f1595,ccc4bbb5f32a6ab2b7066a4130f114e3,2017-01-30 22:39:00,349.90,24.38
58fc974f8e0ddd9ce549e3272d0140c0,1,8d15106f1709b2a5340c0141ec76144e,1771297ac436903d1dd6b0e9279aa505,2017-02-03 23:40:39,46.22,18.00
59093e9d4ab91f46ff314e966e4268c1,1,e34f7accdfa3f3f2ab0c16db77858f6d,4a3ca9315b744ce9f8e9374361493884,2017-02-15 11:46:44,139.90,15.15
59093e9d4ab91f46ff314e966e4268c1,2,368ab9ae54053acc2a79f2e9f5fb4cbf,4a3ca9315b744ce9f8e9374361493884,2017-02-15 11:46:44,139.90,15.15
591634e3db632b8d5a60099a1b81cf7a,1,154e7e31ebfa092203795c972e5804a6,cc419e0650a3c5ba77189a1882b7556a,2017-02-12 19:47:13,19.99,14.52
5933483834803a0e8e9fcd26cdb3774d,1,d2fdf77a5b302a3adfb145131a217f2e,4a3ca9315b744ce9f8e9374361493884,2017-01-27 22:40:22,89.90,12.02
594bad57a253656f86d8282c5365be89,1,977e5f8adaa0cd1dac4f4b1969ec598b,56db5c0782e8f7ddc9343f9576ff6d16,2017-01-31 22:01:41,174.90,18.00
5965b589a33443dd1f820eb7df39762a,1,f5d8f4fbc70ca2a0038b9a0010ed5cb0,48efc9d94a9834137efd9ea76b065a38,2017-01-09 13:36:41,10.90,8.72
59695116e3986b9eb1eb35d5d74e728b,1,65987bbda0b048eb2cbd8fb635c959ab,5f1dc28029d2c244352a68107ec2b542,2017-02-10 14:49:45,6.25,17.35
59695116e3986b9eb1eb35d5d74e728b,2,65987bbda0b048eb2cbd8fb635c959ab,5f1dc28029d2c244352a68107ec2b542,2017-02-10 14:49:45,6.25,17.35
597bd074d7874048131c67581f0556d4,1,22c5e15506cbdfe5acd1b6a89e607868,a3a38f4affed601eb87a97788c949667,2017-02-04 11:54:14,59.90,14.59
59db0cf65fd439e6e76ec105e3aa421c,1,df297ceffd7a315a71586ace7d041ff2,0ea22c1cfbdc755f86b9b54b39c16043,2017-01-31 18:47:11,24.90,18.00
59e7ca596664da0a459a145eb95cc9c5,1,bf128b5dced56e2ec0391179eb70443d,46dc3b2cc0980fb8ec44634e21d2718e,2016-10-21 16:20:49,329.99,12.70
59f26737bbeea8142a7e982cfce13e7a,1,707e0fe138efb7009e1cd32efe19ce83,fa5fdc4e4bb6bd1009ad0e4ac4096562,2016-10-14 13:01:34,161.99,32.86
59fa27082bb77c5dbd8a6568f3b34380,1,4e0946aebc8e1d7521219ec1e7380aed,817f85dbb65aa3e70831d90fe75cdf89,2016-10-21 16:35:22,128.90,16.04
5a06ec99090e75d00d2b33b0efdce2f4,1,fa51e914046aab32764c41356b9d4ea4,1b8b75e227c9a9c100d0c210fb6176ce,2017-02-05 21:33:14,110.00,15.53
5a1b8ce8aee70bd3445109304936c826,1,664e6b2966fbf2ba213de566c311cd58,fa1c13f2614d7b5c4749cbc52fecda94,2017-01-17 15:11:52,279.00,26.44
5a37429384be05ca14780e4989543688,1,a5f6ba3fe91a2e73f10b612131cb2404,4e922959ae960d389249c378d1c939f5,2017-01-22 17:42:22,60.00,14.59
5a4cc097e0e591ab3f150524b83d81af,1,38650206798cd31f659906705a0eff70,cca3071e3e9bb7d12640c9fbe2301306,2017-01-27 03:35:44,119.90,15.95
5a5f3655d1d2c0a31d9ad1eee421ce81,1,eff955ba97941dc6837a770367d66944,1554a68530182680ad5c8b042c3ab563,2017-02-15 20:48:22,43.90,24.55
5a7ae4ca802c14fdff19558a4fee8727,1,f9bcf9d8e89d012d7dc24fe4de0abd80,897060da8b9a21f655304d50fd935913,2016-10-16 04:01:55,164.00,18.65
5a90bdab22ab69f4095415dd55451b66,1,d0fe4295267f15ccaceac4fb233d8c9a,0db783cfcd3b73998abc6e10e59a102f,2017-02-08 10:57:17,49.90,10.96
5a9f106e9db0c818cee0c5c4a5efb352,1,72f399a2336a151acdb3a0a3b391f75a,4e8dacf3d38f281ae26c3e0321d92d88,2017-02-12 19:33:34,49.90,15.56
5b1376fe61863fe3508011db309e35fe,1,2235d08138bfce7801a73463a3168ea5,440dd6ab244315c632130ecfb63827b1,2016-10-09 03:11:34,149.90,27.38
5b1ff9c294ce6149733c6912262c60f9,1,ee92961b88199a0d4329a6beca8f63da,78c99c6dff4eeae5be99bf635ed21e3f,2017-02-12 10:18:09,39.90,22.28
5b1ff9c294ce6149733c6912262c60f9,2,ee92961b88199a0d4329a6beca8f63da,78c99c6dff4eeae5be99bf635ed21e3f,2017-02-12 10:18:09,39.90,22.28
5b1ff9c294ce6149733c6912262c60f9,3,ee92961b88199a0d4329a6beca8f63da,78c99c6dff4eeae5be99bf635ed21e3f,2017-02-12 10:18:09,39.90,22.28
5b6bb420d4d6d53ae28c948c9a6b900a,1,ff5f8606556b625613f069a5a9a48966,8cbac7e12637ed9cffa18c7875207478,2017-02-05 18:00:24,35.00,20.43
5b9714d8a4016e5add108c3ebb3c21a5,1,b6075e028451d1426b276da0441684d3,b499c00f28f4b7069ff6550af8c1348a,2017-02-12 07:50:36,54.99,14.55
5bda3e4d7080c484cd646a53165a7892,1,a063b454bac19ab435a4594bab9b9eed,700f03c207639c22d933381ff60b35c2,2016-10-11 21:59:02,379.98,35.70
5c1da208717de55192c6556da7d1f0c1,1,e7d26dd6742baca292020c158e6720c3,6cd68b3ed6d59aaa9fece558ad360c0a,2017-02-06 13:26:08,54.90,14.14
5c3bb82274055ac07677d2c80c6b3a7a,1,c689470c5a069795896edc7b896d9251,0c8380b62e38e8a1e6adbeba7eb9688c,2017-02-10 17:13:06,55.50,17.13
5c5177333fb1fce1f4bb65868988f204,1,f25bbb88c1a219c21b1af6b99895b960,aaed1309374718fdd995ee4c58c9dfcd,2017-01-28 15:44:05,65.90,15.67
5c5c9fde60ffb741545cf2608e8c12ca,1,4af813a3e5bc89370ef80fe126542076,46dc3b2cc0980fb8ec44634e21d2718e,2016-10-14 11:02:17,549.99,63.79
5c78f2a82781176defcf7f019892d324,1,61509eaebb2d4bd1a7511b1a75703f8c,cca3071e3e9bb7d12640c9fbe2301306,2017-02-22 11:39:09,24.90,14.52
5c973d2b4652e1dec15353b59339f3b4,1,e9eebb8e8ba0fadb9020f8ba1c003b48,620c87c171fb2a6dd6e8bb4dec959fc6,2016-10-11 12:13:52,349.90,13.61
5c9d1c87014d033ba9f70a7fb96ba7e5,1,36eef04eb938af8bd108b4e2753b5a95,7dc8c42cc750eeafea6c85712ffee9bf,2017-02-13 18:39:50,99.00,11.57
5cb8558cbb7c0c2f00f43468579d3e3c,1,ad5396bf96af6ede77130e54ad266c61,184a67a8f9f63234d3a92340bbdb727f,2016-10-09 03:10:59,22.37,17.78
5cc475c7c03290048eb2e742cd64cb5e,1,3410cbd7df2130ec3cb9300ef0fe3df1,897060da8b9a21f655304d50fd935913,2016-10-09 03:10:31,71.00,11.69
5cd498954e2b37d71b315166809b4bd7,1,896a64a7f34cdfef2c60ce59fa2a148f,82bd0703a4aefd6b599e5bfdaed378fb,2016-10-12 03:56:16,44.90,15.63
5cd498954e2b37d71b315166809b4bd7,2,896a64a7f34cdfef2c60ce59fa2a148f,82bd0703a4aefd6b599e5bfdaed378fb,2016-10-12 03:56:16,44.90,15.63
5cd498954e2b37d71b315166809b4bd7,3,896a64a7f34cdfef2c60ce59fa2a148f,82bd0703a4aefd6b599e5bfdaed378fb,2016-10-12 03:56:16,44.90,15.63
5d36e8ca3ccd1262b7641467fdba0b8e,1,daf9915404caf75fa1717a436b46fa14,0f519b0d2e5eb2227c93dd25038bfc01,2017-01-31 12:10:46,79.90,23.00
5d389775a013b9eb8fcdab4cdc1eae1d,1,0f3288619c16188d156acc3ba91f36ab,87142160b41353c4e5fca2360caf6f92,2017-02-07 16:25:13,19.90,14.52
5d5b8c94e2bc6b963da5af8a4b02bf08,1,7721582bb750762d81850267d19881c1,0c8380b62e38e8a1e6adbeba7eb9688c,2017-01-26 10:08:18,59.50,21.05
5d6a02cac99fa9799762b72352be69df,1,82183967d9fde935fc0b0189bb68ccec,6cd68b3ed6d59aaa9fece558ad360c0a,2017-02-09 09:26:52,55.90,14.15
5d6e9993ecc20a59e637ce711858d081,1,3c2f792f1041177a81913a977431a99e,6ee85be3693ed79a8e80718743d80655,2017-01-26 11:26:57,29.50,14.52
5d8e9c0a711b826b72298f9abeb269cd,1,6a3dfd59a5999279171c5ea1014b0a09,440dd6ab244315c632130ecfb63827b1,2017-02-10 12:19:55,24.90,10.96
5d97051b2fbe2d850d8c195e054735b4,1,11875b30b49585209e608f40e8082e65,669ae81880e08f269a64487cfb287169,2017-02-02 09:49:10,65.00,18.00
5da2004d85f2828349d887c989da2adc,1,72bf8fd8b4596a7fa2c2cfab031204ed,87f3e35268860433e13d577825aada95,2016-10-11 02:48:26,19.90,14.52
5dc269b7c4dce1624653e914a1b739f5,1,20518c6950587eb5e8f02dad2fa0d685,aae3bfea055532c57fb453ed3ec80b30,2017-01-22 17:20:39,77.08,11.15
5dcaecab15d20be174a67f4f5392cd84,1,8ed094bfe076c568f6bb10feada3f75d,a7f13822ceb966b076af67121f87b063,2017-02-18 12:45:05,229.96,34.65
5dccad03ac8016afdcdb7cc0227ec9d7,1,402e8d6a95c83da5c3cef16b795329b9,6edacfd9f9074789dad6d62ba7950b9c,2017-01-29 15:10:14,66.90,14.64
5de59551c282b892ae9ff238fd557145,1,679804d4938f8bf53025298b725f2eb6,e3b4998c7a498169dc7bce44e6bb6277,2017-01-20 16:24:13,32.90,10.96
5e1c835de943927d56469fa225bca0fe,1,31639956e7fac87ecfd9d608040638bd,aac29b1b99776be73c3049939652091d,2017-02-05 22:26:21,64.90,15.66
5e1c835de943927d56469fa225bca0fe,2,31639956e7fac87ecfd9d608040638bd,aac29b1b99776be73c3049939652091d,2017-02-05 22:26:21,64.90,15.66
5e24cd2a73451af2660215702f8abc57,1,94fb2ab4419d523ecce8e5d56676788d,522620dcb18a6b31cd7bdf73665113a9,2017-02-06 14:42:37,214.90,15.67
5f0d307ca60a8b9329b9e6ea49a17190,1,e855d18497949fc298407b39639ee1cc,01cf7e3d21494c41fb86034f2e714fa1,2017-02-03 15:44:00,199.00,18.00
5f2e44ea1fc61083103e1a75f61d2bdf,1,1eb85357e22bf0c8c2a6f10eafad8423,522620dcb18a6b31cd7bdf73665113a9,2017-02-06 17:00:25,309.90,19.01
5f4c8250b9e6ee47971e0b19da4aa0f2,1,c62dee961914cc2e49239963b04258ec,38874e327ce94d11390b96eb42d61928,2016-10-12 11:12:54,689.99,93.23
5f6b520cff06f23c77386b75976256e9,1,5bfcd193eb29c1c8332e2d4ca804d54f,522620dcb18a6b31cd7bdf73665113a9,2017-02-04 11:58:52,223.90,15.74
5f834cc4ee109c58dff88c60b8ba5ecf,1,7a18f72d8f0acfbd60eea36f2644ce8e,4bde6149c15cf7e177b36fa060dd6de8,2016-10-21 16:35:18,79.90,16.33
5fe46d14177744ae2180101ce19bb414,1,aad225c687cc75ba1148d41f2ce414c2,2f4b9d112bfa44a214bc6cef085d17c8,2016-10-11 11:39:35,18.90,22.28
5ffbbd67f14392efe8fd533d38cd1338,1,196616257eff8bc851dc4fc041cbbbe9,701938c450705b8ae65fc923b70f35c7,2017-01-31 19:04:57,103.99,9.50
5ffbbd67f14392efe8fd533d38cd1338,2,196616257eff8bc851dc4fc041cbbbe9,701938c450705b8ae65fc923b70f35c7,2017-01-31 19:04:57,103.99,9.50
5ffc7455c07cb79260d36024277e417a,1,bc68b4f9aacf4761a51fe96ac9cb6d62,2138ccb85b11a4ec1e37afbd1c8eda1f,2017-02-10 17:02:13,32.99,16.05
603e15b90edc4dbafc68def34a24d4a7,1,473795a355d29305c3ea6b156833adf5,620c87c171fb2a6dd6e8bb4dec959fc6,2017-02-07 11:05:08,59.90,16.12
60762802b48bb6d256d55b013d115013,1,eba7488e1c67729f045ab43fac426f2e,620c87c171fb2a6dd6e8bb4dec959fc6,2016-10-21 16:35:08,249.90,14.03
60856ac7677a70cd87ad25d9b34d051b,1,a18c130946b89ab774bc5948fe71e2a5,ce27a3cc3c8cc1ea79d11e561e9bebb6,2016-10-21 16:24:25,15.00,10.96
60c75f7dd1ec49e06e204e2a86f0720a,1,cd59f488cef311feb633141ad1e8563d,8d79c8a04e42d722a75097ce5cbcf2ef,2017-02-11 15:42:51,15.32,24.84
60e2fe3a23e71c24f3ab0f648ebd6a8f,1,860a24fe5502e492593ec000b1c33559,f650a9708fa1bab22bdd8d3a818cc415,2017-01-29 13:42:49,91.71,14.81
610a60d9a69cdfd91aa5dd5a26d4ce95,1,748b2d1153c4265584b74e4574455dcf,77530e9772f57a62c906e1c21538ab82,2017-02-06 17:05:27,49.00,14.52
6146a7dc414dd1510ac54aa29c2311ed,1,7e0dc102074f8285580c9777f79c90cf,e26901d5ab434ce92fd9b5c256820a4e,2017-02-19 13:23:31,39.90,10.96
61597f05faaa90aa4bdc03d88668ae6a,1,7b94353bef4c3e78ed02f8cdf33d407d,c8e135e7b21ecbc36c1153a29d2f5a06,2017-02-14 09:27:35,211.00,15.25
616b813dbea8acc9de0ca0380cd89b83,1,dbd024d4182504993ad1e3cd2ee9d9e9,ffff564a4f9085cd26170f4732393726,2017-01-26 19:04:32,29.40,16.05
616c234744893b4411f6e056de1b0699,1,c202b596f6f2dafcad69ea9d86fbaaff,620c87c171fb2a6dd6e8bb4dec959fc6,2017-02-09 18:54:49,23.90,14.52
616f1f539d7add607844e0199fed7ea6,1,a0fe1efb855f3e786f0650268cd77f44,ef506c96320abeedfb894c34db06f478,2017-01-27 07:03:04,21.99,8.72
616f1f539d7add607844e0199fed7ea6,2,a0fe1efb855f3e786f0650268cd77f44,ef506c96320abeedfb894c34db06f478,2017-01-27 07:03:04,21.99,8.72
61782adcbc7367ccf0c14043586c9495,1,3ba2b0de14984ce8f072c58be8d701dd,a3a38f4affed601eb87a97788c949667,2017-02-14 12:11:25,104.99,20.81
61986df3dc483509b39f7fda7a82c10c,1,c347e9e3e30d35fff96379aef21c40d4,004c9cd9d87a3c30c522c48c4fc07416,2017-02-05 20:28:45,189.99,18.00
6199bf17a85a73b61d5e43a596b95b5b,1,e41a6ac2f57a273eb0d214c7cbab5db9,a7f13822ceb966b076af67121f87b063,2017-02-10 18:59:30,119.97,20.14
6219ece1f053a3ffa649340e87cd93d2,1,aa2b29bee083c3eb3779f39fc09527b7,46dc3b2cc0980fb8ec44634e21d2718e,2017-01-24 15:08:05,349.99,20.69
62246c16a32a0866943f17d7b42db940,1,2c818013dbc95f5cd2d6a393a31813e0,391fc6631aebcf3004804e51b40bcf1e,2016-10-21 16:30:18,49.99,19.36
6225dae3fcc1416785f294cc07f2e4db,1,0fa8853b873ba06e7d27385fbb1411ca,7c67e1448b00f6e969d365cea6b010ab,2017-02-09 23:37:58,239.99,38.08
62260701eb6b51252ed47c4967b1a48d,1,913580fde3e72c3b3e4ce0b79963bee6,b76dba6c951ab00dc4edf0a1aa88037e,2017-01-20 13:21:19,10.99,8.72
6248b0a9b547366913fb67922a7a2b77,1,06ead9c0b05b368667d858c09148af03,b2ba3715d723d245138f291a6fe42594,2017-01-23 15:11:28,109.90,14.94
625b3ac41fea45dbd5aaa02d0941ee59,1,027cdd14a677a5834bc67a9789db5021,620c87c171fb2a6dd6e8bb4dec959fc6,2017-01-30 10:58:56,99.90,14.87
632ba34265b5449d1f742d24cacf1208,1,33731b575da5eeaa98cd7c30b2c5c2e0,bfd938b22bc99bce1ae60dc602889f52,2017-01-26 21:50:07,69.90,19.19
632ba34265b5449d1f742d24cacf1208,2,33731b575da5eeaa98cd7c30b2c5c2e0,bfd938b22bc99bce1ae60dc602889f52,2017-01-26 21:50:07,69.90,19.19
632ba34265b5449d1f742d24cacf1208,3,33731b575da5eeaa98cd7c30b2c5c2e0,bfd938b22bc99bce1ae60dc602889f52,2017-01-26 21:50:07,69.90,19.19
6335afd8e6b7eb0ebc8bb71ea0008f6f,1,cac8035fdb858496d8e1b60ba8907d24,822b63912576852aea9a8436d72317b7,2016-10-14 11:03:07,949.99,21.97
63638a6806d67773f3adba8534553fff,1,85b99d83c60cab5b4d8f927ad35212a1,b335c59ab742f751a85db9c411a86739,2016-10-08 13:47:45,67.90,18.98
63902aae1ab37f12ba6aa2b6d21a0634,1,add32d15ff7c76396b982686227d9553,7e93a43ef30c4f03f38b393420bc753a,2017-02-14 16:34:23,1349.00,18.23
63a4d7a71c43e2f008340552233931ed,1,247fa5b4e2f524a22b21ef256ffc23e4,3bdff180c7e1f6551a643b99c265a120,2017-02-05 21:13:54,26.90,11.74
63f4ff5d2266b242ba0ce7c3ad390029,1,9abb00920aae319ef9eba674b7d2e6ff,1771297ac436903d1dd6b0e9279aa505,2017-01-26 22:54:32,40.00,10.96
640aef9709beda161ca0b5af58ac437c,1,abba22ec8f8647474e51e996d74da8e7,54aa8463e87776b5612f4bdc4bd5d4de,2016-10-15 05:03:14,269.90,16.65
642b02cc49a41f1a1edfcad2d7222c3c,1,0f18dd94b11fed8cecd947decde9d3b1,7e93a43ef30c4f03f38b393420bc753a,2017-02-11 11:58:19,492.04,14.83
64410a4fbf4904d3f9445bf58e9491b5,1,b4f9530c931398e215242293c2c8ba4c,4e922959ae960d389249c378d1c939f5,2017-01-28 12:21:50,45.00,11.03
6444228a697a97d50b23bb9fd5c7ccac,1,cbfdbf24b32d9aceeeff3e9c77fd9d36,5a8e7d5003a1f221f9e1d6e411de7c23,2017-02-12 22:48:18,59.90,20.87
6460e331ee8f69c01f1423cca48d9991,1,6b2c1aa8429875eb5ade006973f8bad8,ce27a3cc3c8cc1ea79d11e561e9bebb6,2016-10-15 05:02:26,6.00,14.11
64682ca1db0a46065072f31a87b390f8,1,77cc62dc80ebe12a0452d1ce0565acdc,218d46b86c1881d022bce9c68a7d4b15,2017-02-12 20:20:49,113.00,19.38
647cd1d569c405ed9c09cbd6cf0813f9,1,880be32f4db1d9f6e2bec38fb6ac23ab,fa40cc5b934574b62717c68f3d678b6d,2017-02-15 18:00:25,42.99,8.72
64ba433f9d86e1df4e9cb86b1a3884d1,1,913580fde3e72c3b3e4ce0b79963bee6,b76dba6c951ab00dc4edf0a1aa88037e,2017-01-30 21:11:42,10.99,15.65
64ba433f9d86e1df4e9cb86b1a3884d1,2,913580fde3e72c3b3e4ce0b79963bee6,b76dba6c951ab00dc4edf0a1aa88037e,2017-01-30 21:11:42,10.99,15.65
64cad05fe3f34277719621c70f416ad2,1,ffa8916ae85546ee99d1965b28e447ae,422be4cc81a457fdb46f47edeb968ae5,2017-01-30 16:20:32,239.90,77.47
64f5569ef96004a1e1137bdf28fd4c45,1,ecac086eca2f806295b1f43b4f6ca119,dc8798cbf453b7e0f98745e396cc5616,2016-10-10 15:59:50,54.90,14.73
652138adffce146ad78592e6d17b2552,1,c347e9e3e30d35fff96379aef21c40d4,004c9cd9d87a3c30c522c48c4fc07416,2017-02-11 19:31:37,189.99,21.41
65357d7465edecb310d5cfd8551f87a2,1,bb674e06dbfa1c64d429fd65dfc02f87,817f85dbb65aa3e70831d90fe75cdf89,2017-02-11 12:53:24,149.99,14.82
6561b237241a2fbd514d45440cd1b349,1,194163a8a65a48a8c95623c399a9d4a7,0c8380b62e38e8a1e6adbeba7eb9688c,2017-02-09 13:00:58,99.90,18.98
65d1e226dfaeb8cdc42f665422522d14,1,9c7bdf67b06b419aefb93cfdfc96c55d,ed49da7cadefc454d6a67de249eab240,2016-10-21 16:24:43,21.50,14.11
65e96eb0ec0c05756d035e9eb8fce071,1,ecbe1ef7e2903ff8b1d704ba78fa264d,c3cfdc648177fdbbbb35635a37472c53,2017-02-04 12:04:27,99.00,17.43
65fd2f07bc74b8df1728cc3ee9e19ebb,1,5bfcd193eb29c1c8332e2d4ca804d54f,522620dcb18a6b31cd7bdf73665113a9,2017-01-30 18:19:41,223.90,15.74
660c604f50fc9edcf854689682d1560e,1,21a95b5525c6d658ff4e5e1b50f7c02d,46dc3b2cc0980fb8ec44634e21d2718e,2017-01-22 10:27:19,149.99,11.66
660e589af9553d75506968867c922d91,1,146e38440bfc14b0d923856ddac3709f,46dc3b2cc0980fb8ec44634e21d2718e,2017-01-29 23:30:25,349.99,18.70
66144189f7b5fbb4eb76eb513ac33a17,1,be958064244f19bf11ee270b2feca7a2,6fc26fe110feebd80a433e1f012a84f9,2017-02-07 00:53:39,59.99,10.00
66144189f7b5fbb4eb76eb513ac33a17,2,be958064244f19bf11ee270b2feca7a2,6fc26fe110feebd80a433e1f012a84f9,2017-02-07 00:53:39,59.99,10.00
66144189f7b5fbb4eb76eb513ac33a17,3,be958064244f19bf11ee270b2feca7a2,6fc26fe110feebd80a433e1f012a84f9,2017-02-07 00:53:39,59.99,10.00
66144189f7b5fbb4eb76eb513ac33a17,4,be958064244f19bf11ee270b2feca7a2,6fc26fe110feebd80a433e1f012a84f9,2017-02-07 00:53:39,59.99,10.00
66144189f7b5fbb4eb76eb513ac33a17,5,be958064244f19bf11ee270b2feca7a2,6fc26fe110feebd80a433e1f012a84f9,2017-02-07 00:53:39,59.99,10.00
661e075fa45fa4a73a79dd6972bce18b,1,404a57563d487aecbc2b1a01d9b89aab,4a3ca9315b744ce9f8e9374361493884,2017-02-14 11:01:15,220.00,15.71
66721fc1b7506481ff0d62fefe0aaa6c,1,fa2fd2d3e78769a9f0b997cfa389a0d2,9535a841eecebed61a9fb1ac1cbb5597,2017-02-14 10:34:36,598.90,17.96
6681acf07c66eff9fee173f15b893de3,1,e973af845d652b7bc8928c1ce0bbb164,6338ea67c41078a46ad99cc009654956,2017-02-09 18:07:07,31.99,24.84
668a90230a093eded715f999c5c93610,1,24d95adbf4d5909e2353d0256eb3ab4f,dbb9b48c841a0e39e21f98e1a6b2ec3e,2017-02-15 22:14:37,109.90,12.16
668ee4108169a1d58c55b20ddc3fa3c9,1,027cdd14a677a5834bc67a9789db5021,620c87c171fb2a6dd6e8bb4dec959fc6,2017-01-30 11:32:30,99.90,18.13
66ac12943c406c5706fea2ce7a74be9e,1,fcf6ad274391aea29f5d6e5ef9da5050,5cf13accae3222c70a9cac40818ae839,2017-02-13 14:08:20,69.50,14.66
66c597806a0a0fceb57c8acf9a89a842,1,06abf4be826ed1d548e8a22a3d75d912,bbf9ad41dca6603e614efcdad7aab8c4,2017-02-12 10:29:28,599.00,38.81
66cd3a1c2edd13d9da86b50aca9e3d32,1,a4d8f727f92014da5dd64116af14634c,63ffcb71394dd8ea3872ed9ffda17c74,2017-02-11 15:29:07,25.00,12.93
66f1a7baf73c12eb3af95058da54b6f8,1,b993dfaf418915ff7d0aa74016f030f7,827f8f69dfa529c561901c4f2e0f332f,2017-01-24 22:11:31,34.90,14.11
66f5111aa3f376fd7dfa577aa7c57515,1,fcde1899043318107d8f0ae043f69bc3,d66c305afaec317ebee552073a674429,2017-01-31 15:00:25,99.00,18.00
6706f390222e7bc202b12f387ecd6e29,1,edf219cab1d0e435e3e499287dca9a03,c8660dcf9ba70575f45d80fe28c27713,2017-02-11 13:59:49,45.00,15.65
67418605ab8f9414a2e238bbcdde1312,1,6c32e1f7898b6a905ee6ccf087461abd,62c50c1af4dfdc4149d25c5222043d39,2016-10-12 18:34:07,129.99,9.90
6744d76b253e71e06a89867248227b9c,1,3a70556370b28da113dfdd18d2da5413,cca3071e3e9bb7d12640c9fbe2301306,2017-01-18 12:46:35,59.90,24.91
67543007812c990098e0ac6c6fcb3093,1,eeeb2241b2cde4b94bc73dbc8e5c7586,80e6699fe29150b372a0c8a1ebf7dcc8,2017-02-14 20:24:30,39.99,10.96
676157c2d1075c88ea0009f8d7d2d389,1,f0f3c686ec837b27ec9da08762d85317,710e3548e02bc1d2831dfc4f1b5b14d4,2016-10-11 11:55:28,49.99,26.61
6789a1de9a37be580653e51fc6458776,1,9e0abf2fbcf4445cb287fbf474dcd8ed,4e922959ae960d389249c378d1c939f5,2017-01-24 14:43:44,23.00,14.53
6789a1de9a37be580653e51fc6458776,2,9e0abf2fbcf4445cb287fbf474dcd8ed,4e922959ae960d389249c378d1c939f5,2017-01-24 14:43:44,23.00,14.53
678b28f078641e74d50be86b4ecaec7e,1,9abb00920aae319ef9eba674b7d2e6ff,1771297ac436903d1dd6b0e9279aa505,2017-01-30 18:19:42,40.00,16.05
67a02a73466642c42627bf50de7bea92,1,a31e2b31d699c94831605bd8c9f1b36e,3be5841cdcc46de4ed3f9116f104b2c5,2017-02-06 17:43:35,149.90,21.13
67adba02e0955286954975ea56f9d17f,1,0980718a7bdcf89f5848b202b6394965,82bd0703a4aefd6b599e5bfdaed378fb,2016-10-14 11:02:07,79.99,18.84
67d0c933fefa1c4ff65e800b8c8bf804,1,b1ffef38f0db9fb4e1a6f91b47ec63d4,89bc797e2e29667aa035d4368f9b7f92,2017-01-30 18:04:03,13.00,14.52
67d0c933fefa1c4ff65e800b8c8bf804,2,b1ffef38f0db9fb4e1a6f91b47ec63d4,89bc797e2e29667aa035d4368f9b7f92,2017-01-30 18:04:03,13.00,14.52
67e2b3a30d665abe59b95f2d60676138,1,f3ff1b0df51e4b86a6dc168c8bfe7dc9,4a3ca9315b744ce9f8e9374361493884,2017-01-23 15:37:26,128.80,16.11
67e9625c39f8c6e529f81ad4c28acc5e,1,fa80471d26662bb653b2286e4b735a5a,712e6ed8aa4aa1fa65dab41fed5737e4,2017-02-15 22:30:01,650.00,92.47
682e90d16332af76ecbdaee2e0c74bf6,1,06abf4be826ed1d548e8a22a3d75d912,bbf9ad41dca6603e614efcdad7aab8c4,2017-02-09 17:07:34,599.00,38.81
683076b91bcaf79259334f6aa80d41a3,1,e891d4a9622cae3b9fc2ec558bda155b,e603cf3fec55f8697c9059638d6c8eb5,2017-02-13 11:32:53,27.00,16.05
68d26fb6265ab404953d918e97319c5c,1,9d703ce870d13f6fca072b0fca977fc1,820cc752a266cdc6c1a1e61dd4583330,2017-02-06 09:33:28,109.90,14.94
693264d23ad645c479b42deea5eceec0,1,9a9f428eef4cf4c588633509b9fd1c5a,bd697db56ff8e7c9cd1abeb7f72029b2,2017-02-16 12:32:38,9.99,10.96
697705c05da5ef945de721dd31bf23c6,1,4396a21dbcffe535748c5df0f544b5de,67e43d802fde8cfd3f9580124f8167d1,2017-02-17 11:31:48,12.00,14.12
69ab7fdbd887d055b05826a8cc5591d7,1,48c4971ba55bfffcbf4f2805048b5944,2138ccb85b11a4ec1e37afbd1c8eda1f,2017-02-11 21:17:45,19.90,8.72
69ac71086ec549aa1752b27edc954d40,1,6df23f718baba6b30c0f3a6a516ae0bf,8581055ce74af1daba164fdbd55a40de,2017-02-11 20:15:42,23.90,15.56
6a4c99d30fea593a981e1ab8e2605313,1,a0ef8572cd061badd81ffc48dc04d1fa,cca3071e3e9bb7d12640c9fbe2301306,2017-02-09 20:18:25,119.90,17.58
6a94666b47f6006dda56e5edc10968a3,1,b6cefe1d620b9208fe6fae76b2c72887,d98eec89afa3380e14463da2aabaea72,2017-02-04 09:57:39,65.00,17.92
6a94666b47f6006dda56e5edc10968a3,2,aa0568a1b7093748a1922993f5817983,d98eec89afa3380e14463da2aabaea72,2017-02-04 09:57:39,10.00,0.03
6a94666b47f6006dda56e5edc10968a3,3,aa0568a1b7093748a1922993f5817983,d98eec89afa3380e14463da2aabaea72,2017-02-04 09:57:39,10.00,0.03
6a94666b47f6006dda56e5edc10968a3,4,aa0568a1b7093748a1922993f5817983,d98eec89afa3380e14463da2aabaea72,2017-02-04 09:57:39,10.00,0.03
6aaedd714ad6929fc4df8d51bd4cfe9a,1,0cf1296fa38622de944eb05701b4ff34,6e0908ef4d4efadbc3cc2b74ea477cb0,2017-02-12 22:58:15,46.80,14.52
6ab63ddaa43a0adec6b62f06e9128af2,1,cfc8376b91d04c43d4431abcf28d51bc,7008613ea464bad5cb9b83456e1e6a8f,2017-02-11 19:15:56,23.90,14.52
6abb2dd22e301e03c68d0b4e55cf5560,1,bd7cd34fc6d02e730221b11edc354aae,46dc3b2cc0980fb8ec44634e21d2718e,2017-02-08 19:47:02,99.99,9.69
6acecf438369055d9243e121045cca74,1,1514ddb0f4a5afc8d24104e89c714403,48efc9d94a9834137efd9ea76b065a38,2017-01-09 12:11:23,9.90,8.72
6ad644c08b98d152d28f183097633d41,1,9fe172fa8e662ca8572cf12abf8bce23,cab85505710c7cb9b720bceb52b01cee,2016-10-12 05:07:45,49.90,10.96
6b07198fae1bb61de16e845a92fc876f,1,a1efe4a86746c22541813e22e1d23e33,da8622b14eb17ae2831f4ac5b9dab84a,2017-02-14 21:14:15,129.90,20.99
6b0918aeb353fa97d8df7b685c19e14f,1,ad53b56bfd80cb8adc160a3deaa239b9,75d34ebb1bd0bd7dde40dd507b8169c3,2017-02-14 13:33:16,142.99,18.43
6b3ee7697a02619a0ace2b3f0aa46bde,1,4c7d4a2efde21e3bf1660926fabc6a9d,ce27a3cc3c8cc1ea79d11e561e9bebb6,2016-10-21 16:25:38,57.00,8.77
6b5e619dedba6d4297fb10dd5886912f,1,9805b37a2e4983fb5dbb5c8168590c44,d101c6da914ae3d53f7bee42283f2fe2,2016-10-17 22:09:06,89.90,13.71
6b5e619dedba6d4297fb10dd5886912f,2,9805b37a2e4983fb5dbb5c8168590c44,d101c6da914ae3d53f7bee42283f2fe2,2016-10-17 22:09:06,89.90,13.71
6b686186d43eaa21c407ecf34ebb9ee6,1,5445335704bf8a32827f3bf6b9701ed9,669ae81880e08f269a64487cfb287169,2017-01-25 14:30:03,29.99,14.52
6b686186d43eaa21c407ecf34ebb9ee6,2,5445335704bf8a32827f3bf6b9701ed9,669ae81880e08f269a64487cfb287169,2017-01-25 14:30:03,29.99,14.52
6b686186d43eaa21c407ecf34ebb9ee6,3,5445335704bf8a32827f3bf6b9701ed9,669ae81880e08f269a64487cfb287169,2017-01-25 14:30:03,29.99,14.52
6b686186d43eaa21c407ecf34ebb9ee6,4,5445335704bf8a32827f3bf6b9701ed9,669ae81880e08f269a64487cfb287169,2017-01-25 14:30:03,29.99,14.52
6b686186d43eaa21c407ecf34ebb9ee6,5,5445335704bf8a32827f3bf6b9701ed9,669ae81880e08f269a64487cfb287169,2017-01-25 14:30:03,29.99,14.52
6b95cbf782c29411b0d5feca16490ceb,1,8317b177579dd27ff068b83205e2169b,7e93a43ef30c4f03f38b393420bc753a,2017-02-13 13:15:09,279.64,13.35
6bc3c200db7e637a78b05d8984dcf66f,1,7cb189885a8c492d7fe0ebad09449b3c,4aba391bc3b88717ce08eb11e44937b2,2017-02-07 11:05:24,119.00,21.28
6bc4d884c713e5a93fae26d2e3defe0f,1,ecbe1ef7e2903ff8b1d704ba78fa264d,c3cfdc648177fdbbbb35635a37472c53,2017-02-08 19:34:09,99.00,18.82
6bc6b07e448bae52d248c4df401d6157,1,566837caf82af3f65421f9d9d8820a27,cca3071e3e9bb7d12640c9fbe2301306,2017-01-30 19:44:07,39.90,11.74
6bf0953ea2856ef95e31030263eacc2e,1,be5353e2c543ba4f67831f95d3775420,f4aba7c0bca51484c30ab7bdc34bcdd1,2017-02-15 08:28:52,23.90,8.72
6c273b11e7a7b4b410ea29fac9769fac,1,739312eddb4431af9a760e797da4d869,f41ce2e25237f9092cd8e6e7516c7a2f,2017-01-25 17:33:30,15.80,10.96
6c6e590c8ce02ecc30bef8bd3b34d82f,1,5b8423dc7f23089c9c59c5d140eb5a1c,a3a38f4affed601eb87a97788c949667,2017-02-02 20:37:04,129.99,18.00
6c7481b5566c6a3821a91a05b0f9f7c8,1,473795a355d29305c3ea6b156833adf5,620c87c171fb2a6dd6e8bb4dec959fc6,2017-01-31 10:31:21,59.90,14.59
6c82197bc099415d9919ccb609a9c072,1,c7084bc72369a57c93c6edaf0b60b235,59fb871bf6f4522a87ba567b42dafecf,2017-01-17 00:14:27,189.99,12.72
6c895a26a7b113a890c888e46f106907,1,210f0fc19063f1cbddd677a13d6e489f,bcd2d7510d58e293f20fad6438c1b314,2017-02-13 11:38:52,23.90,15.56
6c8b41df796056dfa59f256768d11654,1,ceb9134650bd7cae74affc51800f309a,48985c61529077fa4f1e38bcff0f2ed3,2017-02-04 08:37:02,129.90,20.00
6ca2b1dbcac1751cab45df5faa1b892e,1,755d50f7034720815db9431dc2f1cb27,999f6d9a1c7c81f43be44c6b7d076210,2017-01-30 14:26:43,14.00,8.72
6cf5d7a6b6eb9cad292da0b65d6c010e,1,0cf13ac73dbcf6586ba63b89dd1f780a,b14db04aa7881970e83ffa9426897925,2017-01-26 17:43:58,47.00,26.61
6d02a007afc7698b7dd60ffb07514d1c,1,12a3dba07d03c2dedf0c40d6499b55d3,31344c16881c08a8a72c6d2eb29918c1,2017-02-03 14:51:21,189.90,18.00
6d04ee9620b18893b53a68b7522f2fcd,1,9453bde60c4ee52155c963641736cfc5,5c243662ce92d84573bfaff24c3e3700,2017-02-10 12:22:49,514.99,12.78
6d17df1418ac08da686036d2a0359f5d,1,05d80513da078badb81a5f232e489376,dd2bdf855a9172734fbc3744021ae9b9,2017-02-16 18:12:18,69.90,15.70
6d212e3f7da7cdbf836ce9494d33a606,1,516ccdc0667fe7e260156d1998ef9546,a7f13822ceb966b076af67121f87b063,2017-02-11 09:01:30,119.97,29.98
6d234dea658ce0c00f91e931cb11f93c,1,00be617b58175bf207fd35910d5097a4,4a3ca9315b744ce9f8e9374361493884,2017-01-19 15:52:04,48.90,15.56
6d2cb1a61d735811e501bb71b6dd9c35,1,53f94c255b909ffb24a4047e0c255b91,2bd05d410a8fd26dc4184a15f4f2f588,2017-02-14 17:44:00,25.00,14.11
6d646ecd1e4497544257783077e9ce14,1,3c62f48140fdc7650a63b182fe3b9e4d,0c8380b62e38e8a1e6adbeba7eb9688c,2017-02-09 11:58:04,64.50,17.19
6d649c890e34db80ede180e9497aeb6a,1,4340de579ecca5b411504b2d06d2edc3,cca3071e3e9bb7d12640c9fbe2301306,2017-02-19 08:25:16,129.90,16.02
6dfdc1eefc7a125d1bb81feb04a6c2e6,1,cfd414b4463647f58c7775eaae06893d,f8db351d8c4c4c22c6835c19a46f01b0,2017-02-04 07:39:04,98.90,18.00
6e0d2539e48e84296bae6290de41058c,1,4fee671ea459ebc96546523917e254a5,822b63912576852aea9a8436d72317b7,2016-10-21 16:19:48,949.99,32.42
6e4a67f3a94e46e6cc5af48093d14127,1,b19e331e05bee8900ed6e582b4c8dab6,41b39e28db005d9731d9d485a83b4c38,2017-01-23 15:21:44,149.90,17.20
6e5fe7366a2e1bfbf3257dba0af1267f,1,7721582bb750762d81850267d19881c1,0c8380b62e38e8a1e6adbeba7eb9688c,2016-10-14 12:02:21,19.83,17.00
6e5fe7366a2e1bfbf3257dba0af1267f,2,65bb78cf0bbc3ca6406f30e6793736f9,391fc6631aebcf3004804e51b40bcf1e,2016-10-14 12:02:20,39.90,19.24
6e5fe7366a2e1bfbf3257dba0af1267f,3,7721582bb750762d81850267d19881c1,0c8380b62e38e8a1e6adbeba7eb9688c,2016-10-14 12:02:21,19.83,17.00
6e5fe7366a2e1bfbf3257dba0af1267f,4,65bb78cf0bbc3ca6406f30e6793736f9,391fc6631aebcf3004804e51b40bcf1e,2016-10-14 12:02:20,39.90,19.24
6e5fe7366a2e1bfbf3257dba0af1267f,5,7721582bb750762d81850267d19881c1,0c8380b62e38e8a1e6adbeba7eb9688c,2016-10-14 12:02:21,19.83,17.00
6e5fe7366a2e1bfbf3257dba0af1267f,6,65bb78cf0bbc3ca6406f30e6793736f9,391fc6631aebcf3004804e51b40bcf1e,2016-10-14 12:02:20,39.90,19.24
6e68d4f670783e41ced4e82d14debce9,1,7c1bd920dbdf22470b68bde975dd3ccf,cc419e0650a3c5ba77189a1882b7556a,2017-02-07 17:15:33,64.99,11.06
6eb51c1c9c69f78ea9fd4665fb98b7d2,1,473795a355d29305c3ea6b156833adf5,620c87c171fb2a6dd6e8bb4dec959fc6,2016-10-10 15:56:11,59.90,14.86
6ece326e25f193d084e3dc092bbdd93b,1,a10553a1882cc51b8910c246613fb0b0,939f6e231201f26803cb5c3a3d2940b3,2016-10-21 16:17:54,59.90,25.92
6ed4f19dc97f2a4b5d0f15651247dbca,1,3948f284081821f4e27ba8c23d4cbc9a,c542f5a8c64d973f30e9df8d06f70b4a,2017-01-22 09:52:32,81.00,17.31
6ef172eee30cfbfa01516ce2eb2ee68f,1,d5448c89ef7dc8228e12ae75e180ba74,89bc797e2e29667aa035d4368f9b7f92,2016-10-12 03:51:25,18.90,10.96
6f275c944d1814eca6bfbb2bcfa3b0ea,1,ebb4faacc3b7ade065ff47901900c4e7,4da0e408c99d2fdc2126dc9fce518060,2017-01-21 09:15:35,45.00,15.56
6f275c944d1814eca6bfbb2bcfa3b0ea,2,ebb4faacc3b7ade065ff47901900c4e7,4da0e408c99d2fdc2126dc9fce518060,2017-01-21 09:15:35,45.00,15.56
6f275c944d1814eca6bfbb2bcfa3b0ea,3,ebb4faacc3b7ade065ff47901900c4e7,4da0e408c99d2fdc2126dc9fce518060,2017-01-21 09:15:35,45.00,15.56
6f275c944d1814eca6bfbb2bcfa3b0ea,4,ebb4faacc3b7ade065ff47901900c4e7,4da0e408c99d2fdc2126dc9fce518060,2017-01-21 09:15:35,45.00,15.56
6f334a2e1303fe798ae16f4c33269e82,1,cea0783f5748d01abec8fd268dccba49,a416b6a846a11724393025641d4edd5e,2017-02-02 13:43:36,89.57,18.00
6f6b636fb54260d97e6124e137986824,1,c94d19d021d4a8fbae5a45f904aeea90,701938c450705b8ae65fc923b70f35c7,2017-02-03 11:01:19,103.99,22.00
6f7390ae95a89ea985e0d81b189e96d5,1,7642ddbf174d9a97119510f56be6c201,46dc3b2cc0980fb8ec44634e21d2718e,2017-02-03 20:52:02,279.99,18.00
6f748695717d537b882406da58acefec,1,05fca08b4d54ab5d1d371db7d5534136,d03698c2efd04a549382afa6623e27fb,2017-01-16 20:28:10,161.55,21.58
6f748695717d537b882406da58acefec,2,05fca08b4d54ab5d1d371db7d5534136,d03698c2efd04a549382afa6623e27fb,2017-01-16 20:28:10,161.55,21.58
6f7626222f2b324b580e36eb22d8bb8e,1,2c2a7e84b8ea741adf739c11dd78ee1a,2493dc3f20131696a0ecdb9948051a8d,2017-02-01 14:49:09,164.89,18.00
6fb578cd2a36797ae65521816a678c1c,1,cba54528d3adcef3c12d8e8b9a48bc17,318f287a62ab7ac10b703ac37435a231,2017-02-12 15:35:42,39.00,15.11
6fccc57f4270cc3628193bd168efc780,1,2c92025a63896497612a531b6d015669,c353f8fc0ce8344999f17d578eb69a5e,2017-02-10 14:54:29,87.99,20.67
6feae1bd5cdc1727594445028310015f,1,c57c6b0b6d9868bc2164f6182b52d9ca,de66a66f2dd06bb9ec37aa96987466a3,2017-02-08 21:38:34,38.99,14.52
6ff09113fd48861d786d40583b7f2aa3,1,67fcc72a4cfd0ac826c0158ce5c98ae6,76d5af76d0271110f9af36c92573f765,2017-01-23 20:12:02,659.00,30.87
7002a78c79c519ac54022d4f8a65e6e8,1,c3b271f47e73d0c9ccf1b43b7606c705,cca3071e3e9bb7d12640c9fbe2301306,2017-01-29 22:26:59,45.90,14.52
7004296aa0256632eaddc171edaf727f,1,f5d8f4fbc70ca2a0038b9a0010ed5cb0,48efc9d94a9834137efd9ea76b065a38,2017-01-09 13:31:22,10.90,8.72
70120a058bcfa89a603e2f27aa5881ab,1,4555f012f9764d3e5cedbe66cd24513b,25e6ffe976bd75618accfe16cefcbd0d,2017-02-12 20:32:26,120.00,15.01
7033745709b7cf1bac7d2533663592de,1,35084deab9603bbb6035bb8638b1df89,df560393f3a51e74553ab94004ba5c87,2016-10-08 14:46:49,93.90,17.61
705bc68dd9abcfe7d39ecf21e897a250,1,3a7c9b0413d7b9cc7f4a18318fc5afb3,7a67c85e85bb2ce8582c35f2203ad736,2017-02-11 14:56:25,129.99,18.34
705c7fd61dcb0c54b80538158eec1f4a,1,2653c1a28e65f36161bcc73f0ca52727,1f9ab4708f3056ede07124aad39a2554,2017-02-03 16:52:41,219.99,18.00
7081dc8aacd1f126eacaf66497364578,1,175cce7a953e6f5765c7bb03b369a672,818d28f936e791926d33bcb6ee94ef79,2017-02-18 21:19:01,27.90,10.96
7090c88db4158f89d839c794cdd73272,1,e9e0f397f1ed036b4318417a84b0e407,0ea22c1cfbdc755f86b9b54b39c16043,2017-02-02 10:03:54,64.90,18.00
70d0dedf8c23e2cedca5915427acd101,1,77e9f75a40f2341f6a7f9f17cc0a8ffd,2be17df1c49978426251562096c3cc09,2017-01-21 16:58:06,169.90,15.36
711b9be9c346d9ecdb9d38a5e1e7e39b,1,d6f3bd7b1fc04fb1a2effb51ae44ab17,4b1eaadf791bdbbad8c4a35b65236d52,2016-10-21 16:33:27,189.90,12.87
71303d7e93b399f5bcd537d124c0bcfa,1,d2998d7ced12f83f9b832f33cf6507b6,25e6ffe976bd75618accfe16cefcbd0d,2016-10-21 16:19:54,100.00,9.34
7142b298b22a79a285d2ce792dc533a2,1,a97c27ea59cd231856af01eceb977ac9,d66c305afaec317ebee552073a674429,2017-02-14 00:58:01,565.70,55.51
717d28ee12c7c0ef8b384ff1b62b33c7,1,d32c445df9d36f1cdfc915ed14ee44cd,b335c59ab742f751a85db9c411a86739,2017-01-25 21:20:06,65.90,18.74
719628a909505f12f342015fd53a8d43,1,407e01944d78001dbd21da4c2059b8dc,e8f6dc8e6a1dcde89d20e3995c8d90b3,2016-10-10 15:52:45,29.90,10.96
719b940ab2f1e351ffb14a0a02ffe3c4,1,a07d0595ac61dcdd44214f0426431c9b,0ea22c1cfbdc755f86b9b54b39c16043,2017-01-20 13:01:51,29.90,5.14
719b940ab2f1e351ffb14a0a02ffe3c4,2,6b119e825230e877b98f89b47081bc52,0ea22c1cfbdc755f86b9b54b39c16043,2017-01-20 13:01:51,49.90,12.86
71d1d659a3fc76b377ac21af193fae99,1,9453bde60c4ee52155c963641736cfc5,5c243662ce92d84573bfaff24c3e3700,2017-02-09 00:58:25,514.99,12.78
71d85c2db870a3606e1ef292aec2d5b0,1,87283a98b24f9f1ac3a31b631073cf47,cab85505710c7cb9b720bceb52b01cee,2017-02-11 17:24:22,49.90,24.84
71f86189760ff1dec6805f4fc7c6f52f,1,2b5ae8fa7040dc2ecc8483150f36a667,3f8034bfc6b8b4135534975d49f04c63,2017-01-22 10:42:05,168.00,27.44
7219b463820695c30f441c2c3e33a393,1,8815734317fa2693bcce3db610158d92,dd2bdf855a9172734fbc3744021ae9b9,2017-02-05 11:53:55,69.90,17.37
721c90253d3c1f625f71e2faf53a6b57,1,9538a4d0d20e31d209def88993f8dca3,93b9a99027bd8bd6af682aff18dd19bf,2017-01-30 21:58:53,18.00,7.50
721c90253d3c1f625f71e2faf53a6b57,2,608b018a4443a457a5cd1e58de213cb2,93b9a99027bd8bd6af682aff18dd19bf,2017-01-30 21:58:53,24.00,14.42
721e8bafa01037b2af767f8de9617d97,1,c3182d1991c7d4859e8f39b6c45a026b,d66c305afaec317ebee552073a674429,2017-02-08 21:54:21,15.99,14.12
7249fd69ae42373a6a357567e41ecc57,1,0521fe3eb04940304b489d0fb49a37dd,e99e927c81e3f51739c94fcdfca9f10f,2017-01-31 22:15:22,89.99,20.71
7254ba1421bac35de5d5da660715bf0e,1,05fca08b4d54ab5d1d371db7d5534136,d03698c2efd04a549382afa6623e27fb,2016-10-11 22:59:24,161.55,15.30
726714fe5c6124b8501feb36c5b89896,1,6d6b0f6705c1acf1128ecf19d57d5444,891071be6ba827b591264c90c2ae8a63,2017-02-07 23:26:40,25.00,20.80
72af4684a55d706d5e011f13870c0648,1,ddbcffa21df7d85a96fc395a6d9ca334,76d5af76d0271110f9af36c92573f765,2017-02-12 10:44:52,35.90,10.96
72bdfd404277294c8a974c65864ad82a,1,843c3f321cc992f9a1a3c6319fd568f2,45d33f715e24d15a6ccf5c17b3a23e3c,2017-02-08 15:58:19,104.49,15.94
72c1d87887d0b9a3965557013e74f543,1,81288df52439985f610be64465e53f57,54a1852d1b8f10312c55e906355666ee,2017-01-27 13:55:30,109.99,29.70
72c6b41818d5e645f455986b59b7a964,1,8179f0f767e26a993ba41c67665a4b10,cca3071e3e9bb7d12640c9fbe2301306,2017-01-27 10:58:23,115.90,19.09
72cb2646f4d14d8cc71780e765f531dc,1,6f840285d8144b4bf384115658527591,cca3071e3e9bb7d12640c9fbe2301306,2017-02-18 12:42:53,39.90,17.19
73558fe683b9ce228381cf2ca678d322,1,1dfa1d1603b10b073093775015d0fc74,aaed1309374718fdd995ee4c58c9dfcd,2017-01-25 22:41:08,126.90,32.21
736bd2c49bc856e7dbaf8106a23036f8,1,9e61de7e3ef7e99896060d76e48df65d,d66c305afaec317ebee552073a674429,2017-02-10 19:56:28,89.90,23.91
73a366d399bf1947b6d62c2a4e648f27,1,d585c50d622ff40b4d69959caa42a5a3,64b87978a11c1ea7501a89eabe8c2c1a,2017-02-20 10:41:40,69.99,14.66
73aca43a4a4709c819920271b2743341,1,04c48a5fe31aedc4ef3896c005fd483c,620c87c171fb2a6dd6e8bb4dec959fc6,2017-02-10 14:38:16,309.90,16.34
73c182f8914a0064d6c64ad65e4c6942,1,8d98dedc3c19de17f1a090195e85d6b6,fa40cc5b934574b62717c68f3d678b6d,2017-02-12 00:53:19,49.90,17.78
73c8476a5145125bb535e946a6192bb1,1,af4d2eba32e1b183e1934671e7683d20,0adac9fbd9a2b63cccaac4f8756c1ca8,2017-02-15 23:23:22,8.90,10.96
73c8476a5145125bb535e946a6192bb1,2,af4d2eba32e1b183e1934671e7683d20,0adac9fbd9a2b63cccaac4f8756c1ca8,2017-02-15 23:23:22,8.90,10.96
73c8476a5145125bb535e946a6192bb1,3,af4d2eba32e1b183e1934671e7683d20,0adac9fbd9a2b63cccaac4f8756c1ca8,2017-02-15 23:23:22,8.90,10.96
73e0c0e9d14c86750d2df4a0d74eff29,1,d5b703c271f43f9c588a6f512a00f77e,fa40cc5b934574b62717c68f3d678b6d,2017-02-15 19:26:46,34.90,14.52
73e934755292def8b6519b03f2230723,1,bbc9e653c2f5794542ac3867ab5ab757,0c8380b62e38e8a1e6adbeba7eb9688c,2017-01-30 17:48:22,33.50,15.56
7419d74066b299f2c4c8640ce5fa8e7d,1,9ce4603565c839785b24a7e95e28f4eb,59fb871bf6f4522a87ba567b42dafecf,2017-02-10 16:37:37,119.99,17.27
743cc56ca44d32e3e125c74c98044997,1,cef211702e18d39ca1a4b6d2d6580c0d,d66c305afaec317ebee552073a674429,2017-01-18 00:13:51,97.99,19.28
7449beca42d01504e128802e11560201,1,f2af004352a06a99dca765596240cbc3,f4aba7c0bca51484c30ab7bdc34bcdd1,2017-02-13 20:03:28,23.89,17.35
74748a8ba7d523ab46fe3354996609f6,1,b17184dce2f379b2a98393d8ae885611,b14db04aa7881970e83ffa9426897925,2017-02-12 12:55:23,89.00,39.51
74748a8ba7d523ab46fe3354996609f6,2,b17184dce2f379b2a98393d8ae885611,b14db04aa7881970e83ffa9426897925,2017-02-12 12:55:23,89.00,39.51
747996a66f5aa711deb8ae58f5ae46a0,1,2797d3826d386bfda4f347a378b89f4d,48efc9d94a9834137efd9ea76b065a38,2017-01-09 15:25:10,9.90,8.72
7489466aa2aad065d81a6b70e516a562,1,e94df75b2e9a8b056be0c144a731f55c,5cf13accae3222c70a9cac40818ae839,2017-02-05 11:42:15,74.50,15.73
749a31c1093994e39ecb4aef66a7aa3a,1,a703f5ade6e4fae527357132230ea778,f4aba7c0bca51484c30ab7bdc34bcdd1,2017-01-31 11:57:43,23.90,16.05
749c1e78ae991da38b61c92f926ab6e7,1,4325528d61b94383829ce61040c858ed,a3a38f4affed601eb87a97788c949667,2017-02-11 19:41:56,64.90,17.29
749fcca936a6d6cf6373d2b6f7d72530,1,a0fe1efb855f3e786f0650268cd77f44,ef506c96320abeedfb894c34db06f478,2017-02-12 02:32:36,21.99,17.78
74b9c5a1b6f7632750a25db4de597512,1,f7b6ca5735bfd052e73fa0b776070112,70a12e78e608ac31179aea7f8422044b,2017-01-22 16:25:29,38.90,14.52
74e641936ca794c33828b911b8907257,1,66a0a6e02b7f543e5b021ce361f267d4,7a67c85e85bb2ce8582c35f2203ad736,2017-02-08 19:42:12,119.99,22.77
753aaaa715f963740a358c291bc79727,1,77f70ac9f5426624db4fb65c4f1195b8,fa1c13f2614d7b5c4749cbc52fecda94,2017-01-15 23:32:55,129.00,15.07
7559c51df991c6861e6a8be5fb1e3751,1,21fb5057dd6a737df6851a7ab7a130da,b14db04aa7881970e83ffa9426897925,2016-10-15 05:02:30,49.00,20.49
75729cd39e546ea4083ab7f3859bb745,1,af9418dfcdd7f19b51906a2f32cd6bc0,da8622b14eb17ae2831f4ac5b9dab84a,2017-02-17 19:33:07,129.00,20.98
75de6a99721eba5ffbb4c4bd2fa0ee07,1,ecbe1ef7e2903ff8b1d704ba78fa264d,c3cfdc648177fdbbbb35635a37472c53,2017-02-08 08:30:48,99.00,18.82
75f1f96566e2fbecc5fe22dd4f16f8e8,1,606bfa78f6209099f25529bb1211522f,b92e3c8f9738272ff7c59e111e108d7c,2017-02-15 22:45:38,119.90,22.31
75fb23d26903b71ce3dd550ae22d2cc1,1,8a90417eb713be09fd87a5d077ae06a2,a36b125ac6d5fdbc7f50de85c9157bdc,2016-10-14 12:02:46,49.99,11.03
761d27773b89e0a86484468a0079a7d5,1,0f0c4960b05d6145bbb4b348423503ef,edf96ef93ed595084bbcbd9224bd2894,2017-02-16 15:12:20,42.00,14.12
76279ee78a4924f44a3a83ef23b169b8,1,2a5806f10d0f00e5ad032dd2e3c8806e,7c67e1448b00f6e969d365cea6b010ab,2017-02-18 20:18:20,169.99,37.59
76458889992169d3135b264dc13aec67,1,c50663262403f916d58303c231e7ed3a,391fc6631aebcf3004804e51b40bcf1e,2016-10-11 11:24:44,73.35,12.23
765388e7b3d416ffe810ade706854872,1,59038ff2ef33867691a60d4fe44ae544,710e3548e02bc1d2831dfc4f1b5b14d4,2017-02-13 13:52:13,109.99,38.26
765442de6466c0bb079c22b8b20e0eab,1,8a330ba3cd34d650c45bce0fc21771ac,46dc3b2cc0980fb8ec44634e21d2718e,2017-01-13 17:50:06,349.99,17.66
765e82006189100419015233bf26be8a,1,010a3a47c14f1295796c08419f32cef6,ef506c96320abeedfb894c34db06f478,2017-02-01 19:50:15,9.99,50.00
76774c936de5cb5a431120fde98e40da,1,a25a9e3433043fb8a0808f310d8d8203,1b8b75e227c9a9c100d0c210fb6176ce,2017-01-13 20:57:29,129.99,11.38
768b4cf8bec9afe5a1f39b8e3c3e8cc0,1,68a058d125ba1544e726898f0b8c0523,7c67e1448b00f6e969d365cea6b010ab,2017-02-19 10:30:13,119.99,15.01
76bd9ce8aa3ce93bd913f3ec17f66790,1,67f95d5d22a25ae3c8c0651319c7d355,933446e9a59dece7ae9175103820ca8f,2017-02-12 15:37:05,64.99,22.38
76c6e866289321a7c93b82b54852dc33,1,ac1789e492dcd698c5c10b97a671243a,63b9ae557efed31d1f7687917d248a8d,2017-01-27 18:29:09,19.90,16.05
770d331c84e5b214bd9dc70a10b829d0,1,eba7488e1c67729f045ab43fac426f2e,620c87c171fb2a6dd6e8bb4dec959fc6,2016-10-11 15:07:11,249.90,14.03
775eb0ae1891c8dd8f12c2f8c6850006,1,07ecfc5bd0d3ca496facedede13afb80,7e93a43ef30c4f03f38b393420bc753a,2017-02-03 09:20:04,1299.00,27.79
7764be5b6bee0dd95410f25abc0ecd6e,1,ecbe1ef7e2903ff8b1d704ba78fa264d,c3cfdc648177fdbbbb35635a37472c53,2017-02-14 12:10:51,99.00,24.89
77857b5f4745e31dcc0626a9326f6543,1,a203dd46978039dcbd6329a71112f09a,4e7c18b98d84e05cbae3ff0ff03846c2,2017-02-13 20:26:53,149.00,61.11
77c34615b2963e4bf4b48d59da0eb5e1,1,a50acd33ba7a8da8e9db65094fa990a4,8581055ce74af1daba164fdbd55a40de,2017-01-22 17:44:05,117.30,22.29
77c75c0f9b0b1c5417b62c696c4734e5,1,a5f6ba3fe91a2e73f10b612131cb2404,4e922959ae960d389249c378d1c939f5,2017-01-20 23:03:40,39.00,16.11
77e102ecf08e057581ef2ce55c80c6c0,1,d5b703c271f43f9c588a6f512a00f77e,fa40cc5b934574b62717c68f3d678b6d,2017-01-23 12:02:28,34.90,8.72
7810232f329f64a33e2238b22ea8231e,1,f1f762d742a61bd111909093655c621d,bb3dca718920a4d7ec3cc9ffb025108b,2017-02-14 13:09:38,36.00,21.85
7810232f329f64a33e2238b22ea8231e,2,f1f762d742a61bd111909093655c621d,bb3dca718920a4d7ec3cc9ffb025108b,2017-02-14 13:09:38,36.00,21.85
7853cfd26dee49109295b3e604567180,1,3ba2b0de14984ce8f072c58be8d701dd,a3a38f4affed601eb87a97788c949667,2017-01-26 15:41:21,104.99,20.81
78a1a87882880114ee891ccdcbd1ccde,1,11875b30b49585209e608f40e8082e65,669ae81880e08f269a64487cfb287169,2017-01-31 11:45:18,65.00,14.62
78eff39e81cd88a03dc278396f3cee15,1,b206760d97dbc76527bb07029a6179cb,85d9eb9ddc5d00ca9336a2219c97bb13,2017-02-09 00:09:20,26.90,10.96
792295382332f1170f1edc45dfade051,1,c7c27b5cbae5f0689560d8d154af7724,91f0eec23d4a61d7d7caeefa3f0ad1ca,2017-02-12 13:05:17,199.90,19.68
7928aaa2a94ef219ecd0f7d9224cfc7b,1,561bea95142a07c5a363216f47879cbe,46dc3b2cc0980fb8ec44634e21d2718e,2017-02-16 12:38:40,1699.99,82.56
796d29c5558898a4ee393750879fb1c5,1,67cdbf842853a39463b426b3b2d27466,620c87c171fb2a6dd6e8bb4dec959fc6,2017-02-07 09:42:20,249.90,12.36
7974289bffc998c320825e123de8ee7d,1,d9ee0c2943c9663aef6a2bc0411cbc14,cca3071e3e9bb7d12640c9fbe2301306,2017-02-12 01:01:05,114.90,13.38
7974289bffc998c320825e123de8ee7d,2,d9ee0c2943c9663aef6a2bc0411cbc14,cca3071e3e9bb7d12640c9fbe2301306,2017-02-12 01:01:05,114.90,13.38
7976a5c0f4cf314a66586cf02f7aa596,1,3572a945e47ca64e7796603040878145,575df70bde3f9f2b30bf8d2e9910d725,2017-02-15 15:10:03,189.90,23.62
798ad597febc1c2ece313c04fc33d6de,1,b45755e01d70d935e074cdde682bed74,0c8380b62e38e8a1e6adbeba7eb9688c,2017-02-12 19:45:37,89.90,17.37
798ad597febc1c2ece313c04fc33d6de,2,b45755e01d70d935e074cdde682bed74,0c8380b62e38e8a1e6adbeba7eb9688c,2017-02-12 19:45:37,89.90,17.37
799dc0fd216e2a8e571a2684ddb6f940,1,4a92216ec92c54fca6f132ae1988390d,ea6b12bf9ffe2bac34602ec631d97a47,2016-10-20 16:54:48,128.70,12.29
79c2ffc2f003219f466be98942ec35ae,1,81fad99d75a97d6ea46263987cc218a9,cca3071e3e9bb7d12640c9fbe2301306,2017-02-12 20:24:12,66.30,17.30
79ffdd52a918bbe867895a4b183d6457,1,5691a536d459e5cb326b7bedce928067,c7dcd301ecfe5ab7f778ac172cf74be7,2016-10-21 16:35:09,299.99,19.01
7a094f321857b6925fee399192bb5ebd,1,2636a9812d151c718b53387171ce08be,b17b679f4f5ce2e03ce6968c62648246,2017-01-29 19:11:42,30.97,10.96
7a125641d07db9def010cf07e54913fe,1,bc5eb8763748dffc2350d94dca6f7a95,cca3071e3e9bb7d12640c9fbe2301306,2017-02-10 13:12:29,117.60,22.29
7a18a504c1a4b32d883e68de2e1a7db0,1,c0d4027067afcf9c1697cce981b8fed6,48efc9d94a9834137efd9ea76b065a38,2017-01-09 12:09:08,7.90,8.72
7a30c15d4766a1dcd8e9cb869cdb328e,1,25a1c5b2e0ccbf703cb7b69ffebfaf38,56642bcb79900e777d68e91915cb4267,2017-02-05 08:45:22,48.00,22.28
7a36fa82d4bcff7d936c10be470b9c8e,1,b3b0bce74668bf355cbd94db1e4d17b9,8c16d1f32a54d92897cc437244442e1b,2016-10-11 03:12:09,24.99,17.78
7a7d2c889e27d93b2005462a8788e168,1,f6fe388c9bfc145a2790437f1e4888d9,dc8798cbf453b7e0f98745e396cc5616,2016-10-10 15:57:05,24.90,10.96
7ab9c55c59eaeea579d047e2d8aaed81,1,c4b925e40f11289063a854c47aaef129,ffff564a4f9085cd26170f4732393726,2017-02-01 13:04:20,11.50,10.96
7ac6f4778cd283c6b76c66fe1e0d4431,1,8bc9dee0f2da0b7ad43095be7ad8414f,76d5af76d0271110f9af36c92573f765,2016-10-11 11:22:49,399.00,56.01
7b177fcb9ffb753496f019d4ca317479,1,2b4ad41f87f5ca9daba350c8f886b729,63b464dbf392c7b80d12d932fa7cafed,2017-02-18 07:58:07,159.00,25.85
7b4fb0197b18a0fd0e75f9e44b3fc757,1,b150110bc5afad8ff2cce5cd50c8e2a2,e5a38146df062edaf55c38afa99e42dc,2017-01-22 23:15:29,99.00,22.62
7b99db4b35bb7d1b97ef1573aa3c2171,1,913580fde3e72c3b3e4ce0b79963bee6,b76dba6c951ab00dc4edf0a1aa88037e,2017-02-12 16:40:12,10.99,14.11
7c0ff60ea08a0885a1404c299f7ed4f2,1,dda262b26fcbc5dc618bbf9c12ee8779,8a32e327fe2c1b3511609d81aaf9f042,2017-01-28 22:10:48,63.99,19.04
7c28cd51bc7b7b5b8e81ae0bb7f17340,1,5a4ec7366f4a5fddd269c4d9a047c6c3,2a1348e9addc1af5aaa619b1a3679d6b,2017-01-29 18:55:31,16.90,10.96
7c933084ae34df732cfb3b47968b1666,1,fe95eb948375116da759c8ef60295001,4a3ca9315b744ce9f8e9374361493884,2017-01-18 12:17:10,65.90,11.85
7ca4e50d72a12009d398a335125b4871,1,ad53b56bfd80cb8adc160a3deaa239b9,75d34ebb1bd0bd7dde40dd507b8169c3,2017-02-15 11:44:41,142.99,18.09
7cb5aaf8b7b7b439174c2e4efdf4c7a3,1,8bff0b13faf092077c3bba691c07ff16,59fb871bf6f4522a87ba567b42dafecf,2016-10-21 16:23:15,109.99,16.26
7cbc58346dce935abff14a7c5a0488f5,1,9ce4603565c839785b24a7e95e28f4eb,59fb871bf6f4522a87ba567b42dafecf,2017-01-30 09:15:18,119.99,17.68
7cc5f7da21653de1b71a6f4ad590e5a1,1,da9278e44c4ae00f02a965792a392ea3,054694fa03fe82cec4b7551487331d74,2017-02-03 23:33:35,439.00,24.54
7d09e4056c3bfda6715955ee27a98e5d,1,5355a40d35bd884a0a357a703be19df5,54a1852d1b8f10312c55e906355666ee,2017-02-10 11:06:15,25.99,14.52
7d0eb8de17d494f4151e4470cd1b0605,1,2929be0cb603321a26091c3f376d52df,066a6914e1ebf3ea95a216c73a986b91,2016-10-10 17:53:06,79.90,11.38
7d5a1a738b20a4220f8673e0ee63bafc,1,247fa5b4e2f524a22b21ef256ffc23e4,3bdff180c7e1f6551a643b99c265a120,2017-02-05 22:59:05,26.90,11.74
7d7bf3ee337c36ce012762da5f28f53a,1,4d7ccacbf7d2dd3e566cf5f149fb92e8,897060da8b9a21f655304d50fd935913,2016-10-11 12:14:46,153.00,17.30
7d86c4aa9e59504b23f16c7ca68954a7,1,e8d7b12572b213ba22acebb8983a4615,8d92f3ea807b89465643c219455e7369,2017-01-31 16:38:10,63.90,26.71
7d960d3f481b040257655876b44e79bc,1,a14aea6067b93158e956612c50b74cfa,4e8dacf3d38f281ae26c3e0321d92d88,2017-02-10 21:11:50,449.99,13.76
7e2dddf174cc4d2768bf39c43ab2bd7a,1,e41a6ac2f57a273eb0d214c7cbab5db9,a7f13822ceb966b076af67121f87b063,2016-10-14 05:54:52,129.97,29.38
7e61a4c6d93d6ad8a4ca4a8d00094339,1,d4ad9721bda56413600c43c11006cb78,6fc26fe110feebd80a433e1f012a84f9,2017-02-04 04:52:16,59.00,3.60
7e61a4c6d93d6ad8a4ca4a8d00094339,2,d4ad9721bda56413600c43c11006cb78,6fc26fe110feebd80a433e1f012a84f9,2017-02-04 04:52:16,59.00,3.60
7e61a4c6d93d6ad8a4ca4a8d00094339,3,d4ad9721bda56413600c43c11006cb78,6fc26fe110feebd80a433e1f012a84f9,2017-02-04 04:52:16,59.00,3.60
7e61a4c6d93d6ad8a4ca4a8d00094339,4,d4ad9721bda56413600c43c11006cb78,6fc26fe110feebd80a433e1f012a84f9,2017-02-04 04:52:16,59.00,3.60
7e61a4c6d93d6ad8a4ca4a8d00094339,5,d4ad9721bda56413600c43c11006cb78,6fc26fe110feebd80a433e1f012a84f9,2017-02-04 04:52:16,59.00,3.60
7e6b55f6388682bf51a05d8f13c2d466,1,362aecb999551eb6adcd8c5594e255fc,822b63912576852aea9a8436d72317b7,2017-01-22 12:59:05,719.88,20.74
7e7d02281bcb8b908e7e347469114ba8,1,8903e02564eb6f9584dae521a9663b55,5f0057b677eb963672bf05dfa3f16c34,2017-02-06 03:48:06,29.90,14.11
7ead6c8726098bd70de2b16cac42df74,1,6bf1cd252d73626ab181be470f56e07b,8bd0f31cf0a614c658f6763bd02dea69,2017-01-22 10:55:55,37.99,31.95
7ece3f32d060f91a98d50279ab15ebaf,1,baeb8e1a680cf9e1f13557d74b6cec3d,a36ac007a4d18f865c8d32c3b2402c2d,2017-01-29 01:23:07,129.99,29.95
7ef1da1730f64df72be4189c5ea58c66,1,f33a17471b6e603085c4a0ccd48ce19a,77530e9772f57a62c906e1c21538ab82,2017-01-24 16:32:37,49.00,14.52
7f14c64f7f48c0243c290e47dd51cfeb,1,95c40b993a22463c83beb5c51a03d46c,85d9eb9ddc5d00ca9336a2219c97bb13,2017-02-12 18:31:58,20.90,10.96
7f97f025c45cac922275120fdee4e062,1,a703f5ade6e4fae527357132230ea778,f4aba7c0bca51484c30ab7bdc34bcdd1,2017-02-11 12:01:07,23.90,10.96
7faec2979809e2590815b95ff2d7c3ca,1,d8de812ed5d981fc6a3984f4caa2aa05,54a1852d1b8f10312c55e906355666ee,2017-02-11 15:46:53,59.99,11.03
7fd3cf60e6c81a64f2adc0e09d2dfdac,1,e2613182a3d5b61459d52f24823134fb,6df688df543f90e9b38f4319e75a9d88,2017-02-13 10:05:12,41.08,14.11
800527a0973637e539fec69236ce5938,1,0c61745b90fbcbd2a7ac7d3cccde8776,6df688df543f90e9b38f4319e75a9d88,2017-02-14 13:38:41,14.89,10.96
8025c3b296960e0bc0070fa50b546dbe,1,e000ecbb2e86143e74b3b2c3cf15f21e,25e6ffe976bd75618accfe16cefcbd0d,2017-02-06 00:15:09,120.00,21.29
803b11f9f2ca75d45d2274b06fbbc71f,1,77cc62dc80ebe12a0452d1ce0565acdc,218d46b86c1881d022bce9c68a7d4b15,2017-02-13 18:22:59,113.00,17.53
804f733828d8587c734a1d8fc5634e06,1,34b2f2ad489d0598df09cab99e17c928,8c3b533c63cca56240f94f1e3a6b18ef,2017-02-09 18:47:44,49.90,13.68
804f733828d8587c734a1d8fc5634e06,2,19f1647ffc7e4a8ea74bf2dc45ac8e44,575df70bde3f9f2b30bf8d2e9910d725,2017-02-09 18:47:44,179.90,41.02
80606b26965c5ed21e85a085e0667b63,1,c3b7e4d83e530c27a8e6368296aece48,77530e9772f57a62c906e1c21538ab82,2016-10-10 07:46:47,148.00,30.11
80e9acbfd99b46609bded7263945fe15,1,ff5f8606556b625613f069a5a9a48966,8cbac7e12637ed9cffa18c7875207478,2017-02-01 12:20:43,35.00,18.00
811eadaef225935d84d4d3fdcca7ee85,1,4a90b44b456e79e7a33435fdd36e551f,c9a06ece156bb057372c68718ec8909b,2017-01-15 11:34:58,380.00,39.06
81251f18621a822ad5b09593dfee4fc9,1,c4b925e40f11289063a854c47aaef129,ffff564a4f9085cd26170f4732393726,2017-01-31 14:17:21,11.50,10.96
8141520643442c50aa531801cbc79e46,1,24c5d76ef43ee1782af51114a121ca3d,cca3071e3e9bb7d12640c9fbe2301306,2017-02-05 21:46:14,129.90,18.00
8179e1a142b156c4c24a824d0bf0af86,1,67024c9e5ec20f39379750aed90423fe,7722b1df1b0e383e000397b2c11e3e19,2017-02-06 00:09:40,19.98,10.96
818bd73c0b6b0ad178a73807245dc58e,1,f614b080b510187124d5e964cb35584a,5a8e7d5003a1f221f9e1d6e411de7c23,2017-02-13 22:13:48,59.90,11.81
81e5043198a44ddeb226002ff55d8ad4,1,c1488892604e4ba5cff5b4eb4d595400,1554a68530182680ad5c8b042c3ab563,2017-01-13 00:37:18,38.50,15.56
81e5043198a44ddeb226002ff55d8ad4,2,c1488892604e4ba5cff5b4eb4d595400,1554a68530182680ad5c8b042c3ab563,2017-01-13 00:37:18,38.50,15.56
8213bc96304fc0881189c4525f3002f7,1,2504bf725d7aa06820b73b85c5ca6653,1554a68530182680ad5c8b042c3ab563,2016-10-14 11:03:38,32.99,15.56
8220769da5e88eb4288d26cc8f694b41,1,e751ef808163a46290ab3b4cbd70b6ad,f650a9708fa1bab22bdd8d3a818cc415,2017-02-04 13:41:55,130.83,15.09
825df75b7a4b5c436b9d2443f653cab2,1,336cfb12a5468070795ae4c964f4ce47,7008613ea464bad5cb9b83456e1e6a8f,2017-02-14 16:05:24,94.90,17.40
82779777675c9ae6f1e10c9385572ca6,1,2016dc27f7cc30f18815b34170e0ce98,82bd0703a4aefd6b599e5bfdaed378fb,2017-02-06 22:08:16,388.00,17.83
82bfafb84a5843f06b8c3983edb1883b,1,8eed5d27f5b8c6248731efb4782f6141,2a1348e9addc1af5aaa619b1a3679d6b,2017-02-01 19:10:46,229.90,18.00
82e4f033f60598903866557d89c9c042,1,0ab80f38a21093b448518f68efe82c24,440dd6ab244315c632130ecfb63827b1,2016-10-12 11:02:41,19.90,24.84
8300640f8328abe9ac6691e4caf3c2bf,1,ea99388f66ccc3a78b6c2d7725184b12,6d66611d7c44cc30ce351abc49a68421,2017-02-13 15:27:30,49.90,16.78
830f207231f6336678cc44594aa941d1,1,fb060ad9a8625b626189641799bccf89,b1204cfda1d4948679db3cfc0d3cb95c,2017-02-12 12:05:04,44.60,16.05
832e8d2354732ff820bc425bf1d7cd52,1,cef211702e18d39ca1a4b6d2d6580c0d,d66c305afaec317ebee552073a674429,2017-02-15 20:30:19,97.99,17.43
832e8d2354732ff820bc425bf1d7cd52,2,cef211702e18d39ca1a4b6d2d6580c0d,d66c305afaec317ebee552073a674429,2017-02-15 20:30:19,97.99,17.43
835bf4777ad72891587719f1098e3528,1,2636a9812d151c718b53387171ce08be,b17b679f4f5ce2e03ce6968c62648246,2016-10-11 09:09:13,30.97,10.96
83812118bb682267a9880ea1b261ac4b,1,eba7488e1c67729f045ab43fac426f2e,620c87c171fb2a6dd6e8bb4dec959fc6,2016-10-11 10:12:10,249.90,27.91
83ca4ac8af7cb175c24225800f0e5abe,1,4a1759556510b507ede067b7e191b927,dc4a0fc896dc34b0d5bfec8438291c80,2017-02-15 20:57:58,69.90,11.88
84044525fdc38c357145cbe9681e387e,1,3cebb9158a3aa0b3f78ee0f934c9f032,7008613ea464bad5cb9b83456e1e6a8f,2017-02-09 15:41:37,61.70,24.69
84705956de681a2d1420bd90d7667472,1,d9279101bd9bcdf95aa06a8081b24367,46dc3b2cc0980fb8ec44634e21d2718e,2017-02-04 14:38:27,349.99,26.90
849eace12a4c38cc5d4647af9f942eff,1,f196248e8b5d060cca414a664ea9a76f,91f0eec23d4a61d7d7caeefa3f0ad1ca,2017-02-13 12:48:59,199.00,21.71
84d49379a00e593760307d4eaf2733da,1,e0f33a3329af6716a0bb47fd7a664439,7e26c750b4cb9f6766f58265ff9ebe95,2017-02-14 15:32:14,49.80,14.52
84d8cb80e8228cbea6d970499c3ce3c3,1,2ef9d434efcd0544c16be36a03c7652a,620c87c171fb2a6dd6e8bb4dec959fc6,2016-10-21 16:24:50,299.90,13.82
84e17e421d31fb16afd5c58db7c40265,1,7e97894cc00196a56d6ec315c68b2353,7008613ea464bad5cb9b83456e1e6a8f,2017-02-12 17:32:55,109.00,18.19
84e37af08e63ea7261d22a0af81e73cd,1,afad7a4420a4348d41da23ed8d0902dd,3481aa57cd91f9f9d3fa1fa12d9a3bf7,2017-02-15 22:10:04,59.90,27.61
84fbd5c07d190419428197464cdba60a,1,3ba2b0de14984ce8f072c58be8d701dd,a3a38f4affed601eb87a97788c949667,2017-02-06 17:57:15,104.99,20.81
855729ceef5841ce6e1c564027caf14d,1,2635c3e7db0ac6cb3e733cac61ce0ba5,f8db351d8c4c4c22c6835c19a46f01b0,2017-02-08 17:54:03,26.90,14.52
8557dabbdacec1a9e250f5e70afe1eab,1,fb060ad9a8625b626189641799bccf89,b1204cfda1d4948679db3cfc0d3cb95c,2017-01-30 13:15:41,44.60,16.05
855a174fc0471c4ddf1a01a131c9cf6d,1,a703f5ade6e4fae527357132230ea778,f4aba7c0bca51484c30ab7bdc34bcdd1,2017-02-07 23:26:02,23.90,10.96
85841af0d94e5d0cd3a9c0e42e565b74,1,0534940d69bf94dc61c0e722b4168235,939f6e231201f26803cb5c3a3d2940b3,2016-10-10 16:03:33,22.90,15.46
85b58bb30d219374cf9cfdebbc5fbb69,1,e336c656869480e20d04ca9389b12167,cca3071e3e9bb7d12640c9fbe2301306,2017-02-20 08:37:46,59.90,11.81
85f8ad45e067abd694b627859fa57453,1,09ff539a621711667c43eba6a3bd8466,8b8cfc8305aa441e4239358c9f6f2485,2017-02-03 21:40:02,1934.00,27.00
85fb2afed45145db40381a894fed8d1b,1,67cdbf842853a39463b426b3b2d27466,620c87c171fb2a6dd6e8bb4dec959fc6,2017-02-13 23:51:22,249.90,19.18
86cf7f20f784187597f7a3f34ea1403d,1,94f2d239e688aa415a2dd620435e8344,bb5bd94c8f59cc050072d2930c869cac,2017-02-16 18:43:37,149.90,18.48
86dcddd0920dec11c6faa2276be53edf,1,9262b60f16a326c81c74275472fbe0ce,a3a38f4affed601eb87a97788c949667,2017-02-13 14:03:16,62.90,14.61
86df4a2f1f5cd47ee3f5bf1781240d1a,1,2636a9812d151c718b53387171ce08be,b17b679f4f5ce2e03ce6968c62648246,2016-10-10 15:58:46,30.97,14.52
8729a8f7c27d03afe731463091711489,1,4e0946aebc8e1d7521219ec1e7380aed,817f85dbb65aa3e70831d90fe75cdf89,2016-10-21 16:22:50,128.90,23.22
87bced03e631b959304311f077bfbe31,1,819fc0e9c061a08bac3d5044eb92b173,6cd68b3ed6d59aaa9fece558ad360c0a,2017-02-11 13:36:45,118.90,11.44
87c15b8f29f9fc59405db62dcb5697c9,1,753de82a096285dc21658d87c4933771,16090f2ca825584b5a147ab24aa30c86,2017-02-15 13:16:39,69.99,11.10
87d1cfb06abb3632d70f55d8b2f2735d,1,027cdd14a677a5834bc67a9789db5021,620c87c171fb2a6dd6e8bb4dec959fc6,2017-02-08 22:10:06,99.90,11.31
87d43116721d5ee0c0748fd7d393cc9d,1,81288df52439985f610be64465e53f57,54a1852d1b8f10312c55e906355666ee,2017-02-05 22:31:12,109.99,13.35
87f48ad03a575830fd30137520ef411b,1,cbbc2be2dd13b09f354a19a987e05924,7c67e1448b00f6e969d365cea6b010ab,2017-02-10 23:33:27,94.99,19.96
88130f20a472f28fcca9dd5d50358820,1,b846c1b90a30689a98f530aa20edd424,76d5af76d0271110f9af36c92573f765,2016-10-10 15:44:28,399.00,48.49
882c1e2076610adab15e5a68430d2180,1,1b717631654816892a7b2ef8b7c7c3c4,77530e9772f57a62c906e1c21538ab82,2017-01-26 17:43:23,119.00,19.42
882c1e2076610adab15e5a68430d2180,2,1b717631654816892a7b2ef8b7c7c3c4,77530e9772f57a62c906e1c21538ab82,2017-01-26 17:43:23,119.00,19.42
882d810d98542e6512788b9a49d6d886,1,16ce899c7af0c99f46948734a0d00f0f,0725b8c0f3f906e58f70cbe76b7c748c,2017-02-12 20:48:57,79.61,13.14
8846a9571a893b22eb57d4732b978bbb,1,d914a2a0c672fc21c9f0087e07e9e881,620c87c171fb2a6dd6e8bb4dec959fc6,2017-01-30 20:44:49,379.90,45.12
88f2acef90e7ca305b8b5db51dd0be27,1,1d8b0573a8ebb81f72288beba6bf4327,e5a38146df062edaf55c38afa99e42dc,2017-02-10 13:11:31,69.90,15.25
892d88aa8747d0e191d10bb0a87b9337,1,4135a8c6b588263879a627ed27a2a3c3,8cc6a0e5738e61a87b03c78b2ba9db4b,2017-02-13 12:03:29,89.90,14.83
893dc49276696129a9bf6f2a9fe23e57,1,27051f70cfcbd63fec388f34e1f0d2a2,ed859002ad59dbf8cf3602696a6c3000,2016-10-21 16:24:04,149.90,19.33
89484162f10c48a5cbccb77221419395,1,5bfcd193eb29c1c8332e2d4ca804d54f,522620dcb18a6b31cd7bdf73665113a9,2017-01-31 11:34:09,223.90,50.00
894edb990c70b85e810f6a5869ed3075,1,741a31499a578979be85db7f80139e62,cca3071e3e9bb7d12640c9fbe2301306,2017-02-13 20:30:42,45.90,14.52
8964e929ea610b2c2b98e3c4d1bb86d8,1,55ebae49cf4c0963d5738a39e1e79750,2be17df1c49978426251562096c3cc09,2017-02-16 13:12:39,139.00,15.14
897702f9f3fe72f18863ffc09e7ddef3,1,a767d41b71a909a1dd1e969f4b50732c,582d4f8675b945722eda7c0cb61ba4c7,2017-01-24 12:04:03,249.90,13.14
897ed337ed4c3fba920924b9143c2ea0,1,46cc07237660346018f8838ae0b7ed2b,8cbac7e12637ed9cffa18c7875207478,2017-01-31 17:31:45,45.00,50.00
8982c5a29644a98312ad54cac13d513e,1,b000447e24e31a4d7e628ca4d0622131,92eb0f42c21942b6552362b9b114707d,2017-02-10 21:01:32,25.00,16.05
89898719573722b59b173f76fb213501,1,3889a02f55ae9a5e5e321c4a4d2eee64,b14db04aa7881970e83ffa9426897925,2017-01-11 00:34:47,34.90,12.93
89aabb395bd3e6f5778b44a5aa2ef6ff,1,3ba2b0de14984ce8f072c58be8d701dd,a3a38f4affed601eb87a97788c949667,2017-02-10 23:05:54,104.99,25.47
89f586f0cbddc6428831c41c8c333c66,1,69faf0d53eb73597d6cfd50175901a56,82bd0703a4aefd6b599e5bfdaed378fb,2016-10-14 01:55:39,29.90,14.59
8a027244dea2edca1449d9150e74eb45,1,13c6408395db73f81805ef46fa6ac926,b6dc74ed30f124f95227bed4e43a3bed,2017-02-08 17:57:18,48.80,10.96
8a027244dea2edca1449d9150e74eb45,2,13c6408395db73f81805ef46fa6ac926,b6dc74ed30f124f95227bed4e43a3bed,2017-02-08 17:57:18,48.80,10.96
8a15d9098e2b9a4a791e07691801bd9f,1,31639956e7fac87ecfd9d608040638bd,aac29b1b99776be73c3049939652091d,2017-02-06 13:32:21,64.90,15.66
8a2baaa71c6646dbb9ba2e94d7cd0ba1,1,9ce4603565c839785b24a7e95e28f4eb,59fb871bf6f4522a87ba567b42dafecf,2017-02-08 12:48:11,119.99,17.27
8a2c407ae60a30f282158e16de83fc2c,1,65869c674f968fabec92e25a2b43d6ff,a3a38f4affed601eb87a97788c949667,2017-02-10 22:56:55,99.90,14.87
8a784d47854e4cbc5562362393d504db,1,d8c365a069853295a82caf595c2c8c8d,48efc9d94a9834137efd9ea76b065a38,2017-01-09 14:18:03,9.90,8.72
8a7f0e6d9767d52a05dd48229e24d766,1,4b1bf508b7e2b27e8472c16d7f189909,c273175f7c6c80fb02f051e2fc6d0d72,2017-01-29 16:25:03,139.99,18.73
8a903d20555a91edeffd6eab45743f26,1,f2af004352a06a99dca765596240cbc3,f4aba7c0bca51484c30ab7bdc34bcdd1,2017-02-03 11:44:24,23.89,20.00
8a98b899923f5a4f37a74af5c8b1d774,1,0fe71728868b7995080b3971f0b94c70,80e6699fe29150b372a0c8a1ebf7dcc8,2017-02-09 14:54:08,179.00,40.07
8a98b899923f5a4f37a74af5c8b1d774,2,7676b117e79a01065c4962a3064886f6,45d33f715e24d15a6ccf5c17b3a23e3c,2017-02-09 14:54:08,58.47,6.52
8aa9f9fb8d016c8abd90a65dcd7f2ab6,1,23384f296aa1bf6461d22912093a9847,891071be6ba827b591264c90c2ae8a63,2017-01-28 21:16:24,20.00,10.96
8adafb3466daa5395694d3a906ff9d40,1,5554c5718f820a868853dbc5ca859b3b,973f21788dfab357250f69a8dcb7ddee,2017-01-29 15:47:27,21.00,6.25
8adafb3466daa5395694d3a906ff9d40,2,181b31b11ea16a87d5acab5a78320b93,973f21788dfab357250f69a8dcb7ddee,2017-01-29 15:47:27,35.00,10.42
8adafb3466daa5395694d3a906ff9d40,3,5554c5718f820a868853dbc5ca859b3b,973f21788dfab357250f69a8dcb7ddee,2017-01-29 15:47:27,21.00,6.25
8adafb3466daa5395694d3a906ff9d40,4,181b31b11ea16a87d5acab5a78320b93,973f21788dfab357250f69a8dcb7ddee,2017-01-29 15:47:27,35.00,10.42
8adafb3466daa5395694d3a906ff9d40,5,871cfa7d587b8305a5a0e376866323ef,973f21788dfab357250f69a8dcb7ddee,2017-01-29 15:47:27,28.00,8.34
8adafb3466daa5395694d3a906ff9d40,6,871cfa7d587b8305a5a0e376866323ef,973f21788dfab357250f69a8dcb7ddee,2017-01-29 15:47:27,28.00,8.34
8b160e3e272dcca4665850aae31ae6fd,1,d38001d747d4cd832d1ceb2c2d3ca15d,13e85aac53340018b40c2af68001b7e0,2016-10-15 11:02:22,17.80,14.12
8b267a755ea7f8e11012c8d4cb85e7b3,1,e8316a4667e5870c85e906b1f062bde1,7c67e1448b00f6e969d365cea6b010ab,2017-02-19 10:58:00,89.99,25.12
8b388d845a3e8700444b971fa2bef902,1,35bd74b6319ba18ae4f30d8b54144fd2,cca3071e3e9bb7d12640c9fbe2301306,2016-10-13 03:10:59,39.90,13.40
8b388d845a3e8700444b971fa2bef902,2,dc82d7e8f99966cb4c641f7ea5590eaf,cca3071e3e9bb7d12640c9fbe2301306,2016-10-13 03:10:59,39.90,15.64
8b6d201fff0b1b32e59f7cbdc6beaf54,1,16ce899c7af0c99f46948734a0d00f0f,0725b8c0f3f906e58f70cbe76b7c748c,2017-01-25 17:17:20,79.61,10.00
8b6d201fff0b1b32e59f7cbdc6beaf54,2,16ce899c7af0c99f46948734a0d00f0f,0725b8c0f3f906e58f70cbe76b7c748c,2017-01-25 17:17:20,79.61,10.00
8b6d201fff0b1b32e59f7cbdc6beaf54,3,16ce899c7af0c99f46948734a0d00f0f,0725b8c0f3f906e58f70cbe76b7c748c,2017-01-25 17:17:20,79.61,10.00
8b6d201fff0b1b32e59f7cbdc6beaf54,4,16ce899c7af0c99f46948734a0d00f0f,0725b8c0f3f906e58f70cbe76b7c748c,2017-01-25 17:17:20,79.61,10.00
8b6d201fff0b1b32e59f7cbdc6beaf54,5,16ce899c7af0c99f46948734a0d00f0f,0725b8c0f3f906e58f70cbe76b7c748c,2017-01-25 17:17:20,79.61,10.00
8b93f79b1a4d6b3388dab2356493c0b3,1,baeb8e1a680cf9e1f13557d74b6cec3d,a36ac007a4d18f865c8d32c3b2402c2d,2017-01-30 12:49:54,129.99,29.95
8b94c85a97b61f51a419a57e451d4e3a,1,913580fde3e72c3b3e4ce0b79963bee6,b76dba6c951ab00dc4edf0a1aa88037e,2017-01-15 12:49:53,10.99,15.65
8bac7fabc9ec56a6a0a9b74619dd30b7,1,762e9c384b4752bbcbea568e3d89856f,3361277dc30b7cccdb0c286b24219756,2017-02-15 13:33:12,58.55,14.58
8beb59392e21af5eb9547ae1a9938d06,1,c66def7098f4d87751f40c3a4855ced1,46dc3b2cc0980fb8ec44634e21d2718e,2016-10-13 14:34:31,99.99,11.23
8bef37e0a778afcdf32118f376beb9de,1,0cf13ac73dbcf6586ba63b89dd1f780a,b14db04aa7881970e83ffa9426897925,2017-01-24 19:33:29,47.00,11.74
8c0819345572d0da947e64bfdf38e3d2,1,ca9bcd697674a4d0eeb84be9c533b9d2,232a6014e7b10cba61c6c2b2ea6bb4b0,2017-02-13 23:40:48,39.90,17.19
8c0a4c58ee098fea192d86cb195786e6,1,fb949f35bd1873f846cb7246d9db81b0,6edacfd9f9074789dad6d62ba7950b9c,2017-01-22 12:27:53,43.90,26.61
8c10b4712b6c450e49bcfb6b1e48449f,1,6ae7f4ef0ca670ca2609d039af87d057,620c87c171fb2a6dd6e8bb4dec959fc6,2017-01-31 16:31:12,23.90,18.00
8c11e7320d48d441627a82aa47d9afc1,1,97868e08c02c9f4f6b49ebe5a4d4dfec,7e959205cebc10adefcb331f934238a4,2017-03-06 10:11:05,234.80,15.40
8c46c4b2bbf318ff31368bc87309662e,1,82cfbad6a3bb123bb807f51078765a0f,80e6699fe29150b372a0c8a1ebf7dcc8,2017-02-09 22:32:10,159.00,47.61
8c482c28bfcadc891bc37e13dc7ace34,1,f7b6ca5735bfd052e73fa0b776070112,70a12e78e608ac31179aea7f8422044b,2017-01-22 18:42:36,38.90,11.16
8c7202d3273d8e64094815668d97a374,1,45a15b38cc3c0514717a1de673c6193c,99eaacc9e6046db1c82b163c5f84869f,2017-02-12 14:04:09,108.00,11.37
8c72f52f7655510c1ec81f3b9019c638,1,4a90b44b456e79e7a33435fdd36e551f,c9a06ece156bb057372c68718ec8909b,2016-10-14 11:03:34,380.00,39.06
8c78d01de3a9009e23d6877a7cc9be20,1,2b50a33b93e3b489f648b9166a62e13d,391fc6631aebcf3004804e51b40bcf1e,2016-10-12 18:13:45,59.90,6.80
8c78d01de3a9009e23d6877a7cc9be20,2,36696562bef043d7e07305d62baf5ca7,391fc6631aebcf3004804e51b40bcf1e,2016-10-12 18:13:45,159.90,23.12
8c98ea8f168f55d7c590b90e0e3ae53a,1,7402c8cf69df715729b26da0ac2cc721,d66c305afaec317ebee552073a674429,2017-02-06 02:33:08,69.90,26.75
8c98ea8f168f55d7c590b90e0e3ae53a,2,7402c8cf69df715729b26da0ac2cc721,d66c305afaec317ebee552073a674429,2017-02-06 02:33:08,69.90,26.75
8ca35ef9366e216446621215448b381a,1,4f4474c152e4d8831cc0abc3551e8ff4,392e0502231ae2f8b29994ef6398cd77,2017-02-09 19:46:40,49.90,12.93
8cb07e7e810ad9e5f33062cb4735d488,1,a703f5ade6e4fae527357132230ea778,f4aba7c0bca51484c30ab7bdc34bcdd1,2017-01-28 00:22:40,23.90,14.52
8ce80fc6b88ff67ab9506b08ba95f300,1,c57d1d566402540eb9be608112ced702,522620dcb18a6b31cd7bdf73665113a9,2017-02-16 00:31:17,46.00,14.52
8d053738b817a245da596c4aac057923,1,43f88c8353708451babf9bcdd1fda92a,cab85505710c7cb9b720bceb52b01cee,2017-02-15 12:25:50,49.90,14.52
8d25f73f2fe9c225dff2232fd1e7c89b,1,12a3f3a8ef6c5e3c29c88e670fd61ee9,c53bcd3be457a342a97e39e5a9f0be22,2017-02-03 23:20:41,119.90,26.00
8d47519f5c9c42540b37bd3db0492878,1,3d37da85f5e66558333fb5daee494736,ecccfa2bb93b34a3bf033cc5d1dcdc69,2016-10-21 16:20:04,69.90,19.48
8d99000d8edc9aa445a270e29e85fb05,1,b000447e24e31a4d7e628ca4d0622131,92eb0f42c21942b6552362b9b114707d,2017-02-10 18:47:13,25.00,14.52
8d9a9808c4a5546adb15d524d6ab2e91,1,dc9f66a56b89e4278d921898a861a29a,8d92f3ea807b89465643c219455e7369,2017-02-01 16:44:35,3.90,10.96
8dc67de08c1738a90e70f62f2920b432,1,0de1e69dff6f40f9f71be7034a8bb8d2,620c87c171fb2a6dd6e8bb4dec959fc6,2017-01-29 01:29:42,349.90,19.88
8dd55d9758dbe56ba3fbad399f7eca7c,1,6bf1cd252d73626ab181be470f56e07b,8bd0f31cf0a614c658f6763bd02dea69,2017-02-08 23:13:40,37.99,18.63
8e7ef380ad5ae407dffbe2f0826cae73,1,4e77e23d6c2215228d4ab312c0b8d405,0747d5bb69f0586cc869d8af4c50f93e,2016-10-15 05:02:45,32.90,14.52
8efea0c3d02c48c7c99f50109fa108f6,1,430d215740da7fdda91cc938f8fd92f6,0887a9f087bcd5d9f6642b52f897fc6c,2017-02-08 14:16:17,104.00,14.90
8f1a2a26d4f0ed5608a8857e0e88b7ad,1,91a5ae441d12befb1c62c19c4ffc940e,8a87611c08849ffeeccab52aa798b6c7,2017-01-31 18:18:31,155.00,26.00
8f359a870a6206af39d54ab82c99619d,1,55ebae49cf4c0963d5738a39e1e79750,2be17df1c49978426251562096c3cc09,2017-01-29 06:31:50,139.00,21.42
8f49d00fac6d25b1dbdb0685ef43af10,1,6ec3c050cedb96661c07a891ee359146,a478c7961d6a992065b24e63b366f90b,2017-02-13 09:33:26,186.90,16.52
8f4a99f661ae72e850cb5b49d427f53a,1,6435be64ad92f52631170f9a92718a99,f3041c2e75ec683697a6a5ea82192210,2017-02-09 20:43:42,145.00,24.00
8f527e48221d505b8224a9b04749f319,1,6b5af19067eeadc0f331687a79ca656b,bf0045791395e66460eb04749c68672a,2017-02-16 13:50:56,59.90,11.03
8f72f1ad07895bd823ba96b580936a1f,1,52faaea7e7d55dfe5aa81f0b5f79d7b9,b92e3c8f9738272ff7c59e111e108d7c,2017-02-07 10:15:40,59.90,12.59
8f72f1ad07895bd823ba96b580936a1f,2,fe55c83c8471a2fca643b9291c1f105e,b92e3c8f9738272ff7c59e111e108d7c,2017-02-07 10:15:40,49.90,19.38
8f72f1ad07895bd823ba96b580936a1f,3,fe55c83c8471a2fca643b9291c1f105e,b92e3c8f9738272ff7c59e111e108d7c,2017-02-07 10:15:40,49.90,19.38
8fb030b413de395dcbb7cb1a3c9b256e,1,34b61264ecf24043cc09e6f4dbf6c0f4,cbbd5ae8f53de5f5097cd8217b529e24,2017-02-16 00:02:36,175.90,38.19
8fce31c913563c7a93802d8c2cf758b2,1,61a15da36ca0448be0565f8ee41dd37e,e627629ba868740e287800f1a9be81c2,2017-02-12 21:44:34,46.00,10.96
8fe36dfd03ccfe3ed3d492c146705b9d,1,c66def7098f4d87751f40c3a4855ced1,46dc3b2cc0980fb8ec44634e21d2718e,2016-10-14 12:02:48,99.99,11.23
8ffd24fbf822586b2712a4becc7217dc,1,8bba4a8de8b5de57c7ff105d043254dc,5b33b527da3c5b969cc99dc435cad09a,2017-02-02 00:31:42,124.00,18.00
90207c312f193fbd229671833bf08d47,1,4c35791f944cf1550e8ae288b3f9e258,79ee721b6f766066a80264402548d359,2017-02-20 14:21:50,269.00,13.27
9021fdebb45ac827a6033d6969d5c2e3,1,49e142d8098b20ff2dc9ec73cdd5afec,8f119a0aee85c0c8fc534629734e94fd,2017-01-09 19:52:28,34.90,16.05
903c880841c9b1af32d6d086b9763133,1,4c55077cfe05007e8051304d1b721343,b17b679f4f5ce2e03ce6968c62648246,2017-01-29 00:47:25,32.30,10.96
90480b682af5c1a9c00cbbbc7ef9bda7,1,f1443bfa1e4eadc787b25d959f21163b,1782ce2db72c3dda627d5e7c898104e1,2017-02-10 10:13:04,89.90,14.80
90480b682af5c1a9c00cbbbc7ef9bda7,2,83b9177e8afdc2719c085b5a96aa441b,1782ce2db72c3dda627d5e7c898104e1,2017-02-10 10:13:04,89.90,14.80
9058bc799c3791077efb3aaa8e0d5e02,1,a6f74de3ddfbdc9b33885b92656f992b,0ea22c1cfbdc755f86b9b54b39c16043,2017-01-28 09:24:11,79.90,11.17
90aea7c4e52538a18cb9bbfd16f09185,1,4fee671ea459ebc96546523917e254a5,822b63912576852aea9a8436d72317b7,2016-10-21 16:24:58,949.99,29.92
90b27d5506a9be4b5fb162ac5857d2b7,1,942a3f93bb7ecf95f0b901bd89f4acdb,54a1852d1b8f10312c55e906355666ee,2017-02-03 19:43:36,159.99,18.00
90bd4466c2905d7b5b56370149e62bcc,1,269e87010f6d5e57015a90b00983e334,0db783cfcd3b73998abc6e10e59a102f,2016-10-14 00:22:45,35.00,16.05
90bf0d006edb962cf09943bf3e4ad217,1,2647bd04a8ac8605c0034dc49d21445d,77530e9772f57a62c906e1c21538ab82,2017-01-23 17:17:28,49.00,16.05
90d2bbc31356e711e2fe7b0b78181687,1,a1bf559ac1eab015ba992bd76d9d76c7,85d9eb9ddc5d00ca9336a2219c97bb13,2017-01-23 16:48:00,19.90,10.96
916f5a97fd2a0dea046534fac1fbbd88,1,473795a355d29305c3ea6b156833adf5,620c87c171fb2a6dd6e8bb4dec959fc6,2017-02-13 09:31:15,69.90,14.66
9170aebe7b37a53bea1f29d91488b0fc,1,f32af0a8b0bcb05b60f05e8907ad8866,2a1348e9addc1af5aaa619b1a3679d6b,2017-02-15 22:44:15,29.90,14.52
91735aed391322fa8924dbce615566b8,1,8338cef8355d238f43711dcb9c0657b2,cca3071e3e9bb7d12640c9fbe2301306,2017-02-15 22:13:20,45.90,10.96
91750e4d3d89e619cd557a6da400be06,1,d4a8ab90e626911fa92af68c07228390,cca3071e3e9bb7d12640c9fbe2301306,2017-01-27 14:23:56,45.90,15.56
917ca364b9fb9460dee6ea613ee2a5ab,1,8bc9dee0f2da0b7ad43095be7ad8414f,76d5af76d0271110f9af36c92573f765,2017-01-29 15:12:59,399.00,92.36
91bcbd0102f5188ea47df5bcc83f3cad,1,e5d860a0fff2e94bd1a406456cc6c4b3,01cf7e3d21494c41fb86034f2e714fa1,2017-02-04 02:29:51,209.90,18.00
91c52e15672343c61768b4d10597eea8,1,c4a45b9505564b0de1ff3e79062cffd8,cca3071e3e9bb7d12640c9fbe2301306,2017-02-05 18:35:23,69.90,18.00
91c96626f9e13b1b71a1f3e7ed52dd7a,1,fb21cbf5cf37c8282a583cf8b6e770dc,b17b679f4f5ce2e03ce6968c62648246,2016-10-13 02:33:03,75.90,26.79
91d1bf2b7745903cb0d17162d1bbd750,1,d8de812ed5d981fc6a3984f4caa2aa05,54a1852d1b8f10312c55e906355666ee,2017-01-25 21:58:35,59.99,16.12
9209e9a4ad05cf804c49922051fc44d9,1,25a1c5b2e0ccbf703cb7b69ffebfaf38,56642bcb79900e777d68e91915cb4267,2017-02-05 09:08:50,48.00,22.28
9224db86cedf958891e1b1afb4ad570c,1,410d5b211dce5611e7a6412bf0cc30fa,2138ccb85b11a4ec1e37afbd1c8eda1f,2017-02-04 10:12:59,18.99,25.00
9224db86cedf958891e1b1afb4ad570c,2,207bb2d8180c2c7654872f6fab96e40e,2138ccb85b11a4ec1e37afbd1c8eda1f,2017-02-04 10:12:59,19.90,25.00
925076985315dd0cc772d4156564d009,1,a703f5ade6e4fae527357132230ea778,f4aba7c0bca51484c30ab7bdc34bcdd1,2017-02-09 16:17:02,23.90,20.40
92580e7039e427da2884d35809a95996,1,0ec63d4c614fff936b02b10d242bf955,4a3ca9315b744ce9f8e9374361493884,2017-01-17 23:24:59,89.90,15.84
92ab8a19c1116e567a86ebdefeaa96af,1,79cdc73931bb8e30077784ebbd2a16fc,b2ba3715d723d245138f291a6fe42594,2017-02-16 13:56:36,169.90,17.93
92b44b87f1f7670b8911c5f0e642435e,1,f07ef9dd6e2d9a366ff30a25e210be70,62c50c1af4dfdc4149d25c5222043d39,2016-10-10 07:45:48,149.99,11.66
92e3415f60fec80f07ebca939434c3a7,1,983fb87b74395e82bbe509cf694296ce,2bd05d410a8fd26dc4184a15f4f2f588,2017-01-31 10:29:59,29.99,10.96
9315757eaf0e782619bed131508dbddb,1,e41a6ac2f57a273eb0d214c7cbab5db9,a7f13822ceb966b076af67121f87b063,2016-10-11 10:44:55,129.97,20.49
942cb81b8e0a2f33510159729f69d8b1,1,30469bb5ea377eae7121981e2f0778e4,80e6699fe29150b372a0c8a1ebf7dcc8,2017-01-28 11:24:20,113.00,54.32
944f618b790d6d01c2c78750fc0f700a,1,a6b32d26b9f925954b1cd8339f664a6a,0747d5bb69f0586cc869d8af4c50f93e,2017-01-21 15:01:33,39.90,27.99
944f618b790d6d01c2c78750fc0f700a,2,d51e0a7f437c0d14f560082ed007fd85,0747d5bb69f0586cc869d8af4c50f93e,2017-01-21 15:01:33,8.90,1.05
94a71bedec852e752e86d530d03d6061,1,3e442d09f9dfef002aadf31960869f65,85d9eb9ddc5d00ca9336a2219c97bb13,2017-02-12 18:31:57,20.90,10.96
94b35c9542f07ad80b3367f9051b63af,1,24905035adec59d4ab5a46c13973ef17,ffff564a4f9085cd26170f4732393726,2017-02-03 12:38:48,47.50,26.61
94b9fdffc1d9b49273c91598fc0dc5e6,1,ca152649b43c4c6081853d9421c59869,85d9eb9ddc5d00ca9336a2219c97bb13,2017-02-08 21:36:05,26.90,28.97
94bde44a48f191d7175f67eb93b9ed67,1,bf128711128b70eaa9e07df69e9a75e2,75d34ebb1bd0bd7dde40dd507b8169c3,2017-02-09 17:31:17,119.99,17.84
95431c05f2b32414cf7839de333dc57f,1,884fa3cd42986ba480ea2f8ae4e25ff7,3340ef1913fb70d28420f6ceb685c339,2017-02-05 13:01:36,195.00,16.58
95431c05f2b32414cf7839de333dc57f,2,884fa3cd42986ba480ea2f8ae4e25ff7,3340ef1913fb70d28420f6ceb685c339,2017-02-05 13:01:36,195.00,16.58
9559e0b00c67d159a266152428f85615,1,060cb19345d90064d1015407193c233d,8581055ce74af1daba164fdbd55a40de,2017-02-03 10:47:14,147.90,18.00
956f15dfe9a7f2414a02c445fdbb865a,1,7868a64aa111bbb4f41f8e1146c0becb,cca3071e3e9bb7d12640c9fbe2301306,2017-01-31 18:37:21,59.90,17.16
9570b858d92d0c29cd331a7326b84ac6,1,2d4086091519b04cd687a38e33dc276c,87142160b41353c4e5fca2360caf6f92,2017-02-13 11:35:41,125.00,12.26
95d31d53ccc53bca2c13fcd535d67526,1,d5f4f441812a9a67cf8fa6d6019192c8,b1fecf4da1fa2689bccffa0121953643,2016-10-11 14:52:27,174.90,17.65
95e01270fcbae9863423400103359279,1,b73f6899a58fe7a37e55149e9a11c717,a7f13822ceb966b076af67121f87b063,2016-10-10 15:51:43,86.99,28.23
95e4477d8423c69a93c55d840e02d9ba,1,8d99a7ed81f061ceed740d8900be880a,4a3ca9315b744ce9f8e9374361493884,2017-02-01 23:55:20,48.90,18.00
95fd5e469d8ce5093adeace50b5a4389,1,dd6a505f83dd3c6326aa9856519e0978,fa40cc5b934574b62717c68f3d678b6d,2017-01-22 22:57:25,49.90,10.96
960ebed19a1d45c40c1ab0ed4dc03ebc,1,3128a1273a207ae946c4dd1e23c86fed,2f09f7d37a97956d11cc1a7cadd5262b,2017-02-11 17:18:57,65.00,14.33
96123b9ae5a9cdfd4efe5fe402a94675,1,8a8ffceebd3e62e6b982760275d38128,ecccfa2bb93b34a3bf033cc5d1dcdc69,2016-10-12 04:27:44,131.99,17.55
963030216f9dfae3f21a1660bfed8274,1,41f447e263110b954a7e52f6052ab5e1,b76dba6c951ab00dc4edf0a1aa88037e,2017-02-09 20:21:51,11.97,10.96
9656510a0f73952b9c305fe0bd264056,1,66a0a6e02b7f543e5b021ce361f267d4,7a67c85e85bb2ce8582c35f2203ad736,2017-02-09 18:57:32,119.99,16.05
966f96af9d189dc428ff04ebbca821b8,1,112dad9870ca76046f327b9c08f00b29,5f2684dab12e59f83bef73ae57724e45,2016-10-21 16:40:32,129.90,12.44
96867881a8d245ffae18dd2f1c4898d2,1,b7a2d0cb90ba252129d34d7c8d079d2b,620c87c171fb2a6dd6e8bb4dec959fc6,2017-01-30 22:19:43,239.90,15.85
969a2e70a6aea318567b09b1b165a52a,1,242e1933d9cb1c789d3c6a3f2d083ba0,e48b04bf1aa1ef711caebeb7aede6180,2017-02-10 10:32:17,158.90,29.99
96caf486ad384c707d860dbb4e519794,1,77cad52aa444e612b99517bebbb4abb2,fa1a9dec3a9940c072684a46728bf1fc,2016-10-15 08:57:48,99.90,16.26
96e4e8d7578138ee620bd65cced420db,1,4abef02c9dfc89006cb3d501d1f291c1,d98eec89afa3380e14463da2aabaea72,2017-02-09 21:20:34,50.00,28.97
96e4e8d7578138ee620bd65cced420db,2,4abef02c9dfc89006cb3d501d1f291c1,d98eec89afa3380e14463da2aabaea72,2017-02-09 21:20:34,50.00,28.97
96e5187ccb9753392e2dcd3beff8f85f,1,880be32f4db1d9f6e2bec38fb6ac23ab,fa40cc5b934574b62717c68f3d678b6d,2017-02-14 00:17:54,42.99,14.11
96e60a8b7fe4d9cd4f5ef7f3399a502b,1,ecbe1ef7e2903ff8b1d704ba78fa264d,c3cfdc648177fdbbbb35635a37472c53,2017-02-02 17:16:40,99.00,6.67
96e60a8b7fe4d9cd4f5ef7f3399a502b,2,ecbe1ef7e2903ff8b1d704ba78fa264d,c3cfdc648177fdbbbb35635a37472c53,2017-02-02 17:16:40,99.00,6.67
96e60a8b7fe4d9cd4f5ef7f3399a502b,3,ecbe1ef7e2903ff8b1d704ba78fa264d,c3cfdc648177fdbbbb35635a37472c53,2017-02-02 17:16:40,99.00,6.67
96f7907d370d310cc46c4875701cb40f,1,9453bde60c4ee52155c963641736cfc5,5c243662ce92d84573bfaff24c3e3700,2017-02-07 18:29:23,514.99,24.86
971d58b94f7bda9a79f4847e1509a433,1,bdbfa0a4ac2ed4bc431e7ba6c4971450,edf96ef93ed595084bbcbd9224bd2894,2017-02-11 23:16:34,47.00,20.67
9725a1c59138f30c5dba936ca3a2de34,1,e390a486e30fd924501447fb663de0b7,004c9cd9d87a3c30c522c48c4fc07416,2017-02-05 14:19:22,89.99,18.00
973f596fdd2295f00754dd37ab7eb684,1,64d0feb1bcf9c7fe7b5dad3271c10910,e5a38146df062edaf55c38afa99e42dc,2017-02-10 22:47:03,89.18,9.61
9758e655b4d2fca01c69a4dde9d4fb5b,1,f821142b81bcee787d6383b5c384d37d,9baf5cb77970f539089d09a38bcec5c3,2017-01-30 09:44:46,119.99,14.61
9786c52ca3e1ed1ef3ba5c65941627f0,1,7dba49d05059dfa721e63caf83965829,41b39e28db005d9731d9d485a83b4c38,2017-01-25 21:12:13,119.90,50.00
97d2f8fe76f2f253b8291e17b5383884,1,a8255c87078b4bd9bc05fe7290ca5c25,a7f13822ceb966b076af67121f87b063,2016-10-10 15:51:26,279.99,121.20
97df4160390cf20ee63b032b5a93d0e2,1,7958e96171ca669184bf4a085d7deec3,054694fa03fe82cec4b7551487331d74,2017-01-30 14:12:54,177.00,26.73
97e63289be97b0d9bfd3fad99000f662,1,d41d8cd98f00b204e9800998ecf8427e,066a6914e1ebf3ea95a216c73a986b91,2017-02-09 23:49:25,229.90,30.10
983ca2708d1c50ac99ed54a30ae38d0f,1,91a5ae441d12befb1c62c19c4ffc940e,8a87611c08849ffeeccab52aa798b6c7,2017-02-06 11:40:32,155.00,21.40
9843c2a66fe0afda6509bc4274f743de,1,b59cf7db0bc7ebb20a80f1ea335194b0,620c87c171fb2a6dd6e8bb4dec959fc6,2017-02-03 15:12:23,129.90,50.00
9846cae21962f6c6e65ad2e77d3c2be7,1,7eb2e1637a623d3491843dff3bad4836,ca3bd7cd9f149df75950150d010fe4a2,2017-02-03 09:39:54,83.20,25.00
9846cae21962f6c6e65ad2e77d3c2be7,2,49f57e8347e394d0ddfcc1c8acaf9b2d,ca3bd7cd9f149df75950150d010fe4a2,2017-02-03 09:39:54,83.20,25.00
984b006a1482a4e7916421a663b1e800,1,e27c4dd075a521097a085bced0631ce7,701938c450705b8ae65fc923b70f35c7,2017-02-03 23:40:40,103.99,22.00
984cdff250754f548d7c5bb77599a23b,1,9dc618f54fd1da651f99468dcf5191f3,25e6ffe976bd75618accfe16cefcbd0d,2017-02-12 21:50:48,99.81,15.91
984d046c833232079162e22c7ef8c15d,1,461a85909a0075c82f74d0221f6991c9,ed859002ad59dbf8cf3602696a6c3000,2017-01-23 10:33:22,419.90,31.13
985db56d4cabd2577d0960194dd2cd5a,1,062619359d5f9a664606cb2a6ccb477a,b1fecf4da1fa2689bccffa0121953643,2016-10-21 16:33:54,136.90,17.39
98750f114ae6088d04ea0d3cfe3f137f,1,5c75915e4a74994308fe805cdbfbf5f5,63b9ae557efed31d1f7687917d248a8d,2016-10-10 03:07:51,10.00,14.52
9889e26ac5a56d800689699664af0f82,1,81288df52439985f610be64465e53f57,54a1852d1b8f10312c55e906355666ee,2017-02-07 09:51:56,109.99,17.51
98974b076b01553d49ee6467905675a7,1,ecf23a6c1689e2bed38171ececac6138,5b179e9e8cc7ab6fd113a46ca584da81,2016-10-21 16:20:21,109.90,11.23
989788f1c17a087572e29eb4fc130983,1,b45755e01d70d935e074cdde682bed74,0c8380b62e38e8a1e6adbeba7eb9688c,2017-02-09 11:09:50,89.90,13.21
98beb6d036255a151fd6d5000ad66da8,1,525a5744fb5d26e4035d0610446900c5,f41ce2e25237f9092cd8e6e7516c7a2f,2016-10-15 04:56:37,58.00,14.60
98e38b5d59b358aaf4d5a08ca9814883,1,b35ce9c1e37f5b0f4134da0fe4c93b84,dd2bdf855a9172734fbc3744021ae9b9,2017-02-11 15:25:41,69.90,15.70
9980a5ade25fc8add3023440935ef36d,1,d9ba932a269adb3893a1d7e53161c7d2,8c91bfea4263b8fba54081460693e2a1,2017-02-09 21:37:59,590.00,19.24
9980c5519e01cc5a1c1c35bd247bb499,1,0dcbc0d012d42719216ea7dff6b90a6f,46dc3b2cc0980fb8ec44634e21d2718e,2017-01-21 16:59:30,199.99,16.61
99a4238f13a11d486a5eabe5c8b1a1ab,1,a855248349fb73a158bae22b79ae955f,1336efc61c316ddf92c899eb817f7cae,2017-01-27 20:45:59,42.00,16.05
99c0817d6ecd5fe55d21540917f1f5f9,1,d9471e8bbb843a2afe92def2edfb8638,8a32e327fe2c1b3511609d81aaf9f042,2017-01-30 11:51:38,49.99,14.11
99d3df1714b20b9eb9734e731927379a,1,42d2add84cc80443a8128adc87b6a958,620c87c171fb2a6dd6e8bb4dec959fc6,2016-10-13 15:57:14,299.90,19.19
99e3f90c535337b45eace6f8a8a9400f,1,49cd59957f1c81427ca0b2edf5696969,d98eec89afa3380e14463da2aabaea72,2017-01-22 08:01:37,45.00,50.00
99ef3bde6a28c3a831215a21596b0d85,1,157c0b6a86cb5823d6d2dd1fa8c5d450,f67efa3f0b6761102a7f8c6b7b571f5d,2017-02-13 18:26:58,79.99,17.37
9a3956da42c0f49603a35e901b6e1fab,1,cddf971ea646c184a153eb3899113d5e,aaed1309374718fdd995ee4c58c9dfcd,2017-02-10 20:54:37,20.70,10.96
9a3966c23190dbdbaabed08e8429c006,1,4c50dcc50f1512f46096d6ef0142c4a9,abe021b01ba992245271b9aa422032df,2017-02-18 18:54:15,3980.00,62.74
9a3e437ab219133c20a7033be9087edf,1,368343a35b2e888dae4f3f831d22437a,fa1c13f2614d7b5c4749cbc52fecda94,2017-01-11 20:45:31,149.00,15.21
9a4ae4d5c3a3dabdf42e5d7ec4203ed2,1,2e5c0bb27fdd53873a033938b91ed656,5c603ffb38cbbf25a0e0698941324143,2017-01-27 02:54:13,174.40,23.51
9a52b513e3ad42b2ec72f145c2ffcfeb,1,6a061bfb29801343fcf5bf10207409ad,59fb871bf6f4522a87ba567b42dafecf,2017-02-07 15:03:46,129.99,11.73
9a535db7017bc4d84dcfdd14e9a8cfcc,1,3c794d260ad4b5f507a5d90df23523bf,1bb2bdb95f4841f1bba2c0d2cd83d3c9,2017-02-03 18:43:16,25.00,18.00
9a75a775d17d37cd19193fe02c3f21de,1,4a90b44b456e79e7a33435fdd36e551f,c9a06ece156bb057372c68718ec8909b,2017-01-15 15:56:35,380.00,44.04
9a9a016a99c004915ea810b5fe0dd5f1,1,dfb97c88e066dc22165f31648efe1312,8581055ce74af1daba164fdbd55a40de,2017-02-14 11:18:22,139.00,23.96
9aa3197e4887919fde0307fc23601d7a,1,1949890685a12526806e9463ba1a3964,c12d7463a579237ffb9248bd7cff378b,2016-10-10 16:07:00,25.90,8.72
9abb2627b40ff1591e62553894e6b312,1,5f8c74f4a3d2b616857fcb7d4dd1f61a,83e197e95a1bbabc8c75e883ed016c47,2017-02-04 17:31:36,109.90,17.51
9abf2c67162c8756e2733a5f36e0ed12,1,ac1789e492dcd698c5c10b97a671243a,63b9ae557efed31d1f7687917d248a8d,2017-02-14 20:48:26,19.90,8.97
9abf2c67162c8756e2733a5f36e0ed12,2,ca1bcde1715f1d903681187ef59e459c,63b9ae557efed31d1f7687917d248a8d,2017-02-14 20:48:26,19.90,8.97
9abf2c67162c8756e2733a5f36e0ed12,3,575a31c3324630960ae12bf5bb9618e4,63b9ae557efed31d1f7687917d248a8d,2017-02-14 20:48:26,29.90,14.94
9b2e5e7107f9b0d28873782803e01ecd,1,c1488892604e4ba5cff5b4eb4d595400,1554a68530182680ad5c8b042c3ab563,2017-01-21 20:20:10,38.50,15.56
9b42f8813f6bfa620e0c91a4e132f2c0,1,77cc62dc80ebe12a0452d1ce0565acdc,218d46b86c1881d022bce9c68a7d4b15,2017-01-30 20:56:43,113.00,13.37
9b91ddcbd6cbceb83d4fd2462ca1f95e,1,f5d8f4fbc70ca2a0038b9a0010ed5cb0,48efc9d94a9834137efd9ea76b065a38,2017-01-09 14:22:02,10.90,8.72
9c0b834fc89f4dd70679baffe8bed38e,1,d696750e550fd0f733979dd7e5dff921,9de4643a8dbde634fe55621059d92273,2017-01-22 22:12:34,173.85,12.61
9c1ef8552f9a1af4860b014689f6be79,1,bf80e0bf47dacb5f19bac03656bcf4bc,e5a38146df062edaf55c38afa99e42dc,2017-02-06 16:04:21,16.90,11.74
9c40a111cc4f36ac3f23328139901312,1,137cf4a496d574ddab72e448e6a4ae2e,fe1bbc5feda5c8979a8a1b3b2512d5a6,2017-02-15 12:54:48,49.99,10.96
9c54a1816e487456bb7eb5082b9823ff,1,985c412b0ac92ed9d8a76bbeab6d44eb,1554a68530182680ad5c8b042c3ab563,2017-01-21 14:23:54,68.90,17.22
9d00e5dd1d0a6dc258a09e9c90854357,1,c0d4027067afcf9c1697cce981b8fed6,48efc9d94a9834137efd9ea76b065a38,2017-01-13 14:04:26,7.90,8.72
9d34d5659dfa39b38d29bfcf0c85ead9,1,ae7893ab2f9eec6630b5098e6362adc2,41b39e28db005d9731d9d485a83b4c38,2017-01-30 22:23:15,13.80,10.96
9d34d5659dfa39b38d29bfcf0c85ead9,2,ae7893ab2f9eec6630b5098e6362adc2,41b39e28db005d9731d9d485a83b4c38,2017-01-30 22:23:15,13.80,10.96
9d364f50124ed8e149404dfd3908ac02,1,9a78fb9862b10749a117f7fc3c31f051,a7f13822ceb966b076af67121f87b063,2017-02-15 19:59:58,149.96,22.38
9d57e7a9c3dae94772187f73e97d9854,1,52c87e7b33516eb97c3023a20848ea81,b127efdabeffb5d559349c7b172eb75d,2017-01-30 13:51:54,28.00,5.03
9d57e7a9c3dae94772187f73e97d9854,2,afab5f7ab5c82f92ddcdc46c4cd85fbc,0ea22c1cfbdc755f86b9b54b39c16043,2017-01-30 13:51:54,24.90,25.14
9d664ec86be69d869bb6870294c4fdd8,1,d26580768894ea0cdc9f19dc672956c2,d50d79cb34e38265a8649c383dcffd48,2016-10-12 19:55:50,169.99,34.39
9d6f552c9b731d52bb9c9b6051ddf5a2,1,0df2a1aed6dc8c10577115fa9e4b6de0,54a1852d1b8f10312c55e906355666ee,2017-01-31 12:54:59,29.99,26.61
9d70de973b8b083b57fc62f12634f914,1,ecf23a6c1689e2bed38171ececac6138,5b179e9e8cc7ab6fd113a46ca584da81,2017-02-10 22:25:58,149.90,17.79
9d7737b250ca12ae1e89ef38f2e5d213,1,46255a421f244cd985f138a63d77d09c,3481aa57cd91f9f9d3fa1fa12d9a3bf7,2017-02-11 08:25:08,78.50,17.85
9d8eb4197962f028d0a0f9caa37f0402,1,e7d26dd6742baca292020c158e6720c3,6cd68b3ed6d59aaa9fece558ad360c0a,2017-02-06 21:15:18,54.90,17.81
9d91a9530ea3af0213cfae03feed3be9,1,be5353e2c543ba4f67831f95d3775420,f4aba7c0bca51484c30ab7bdc34bcdd1,2017-02-06 18:27:57,23.90,24.35
9dc6746a8f29fafaa637f2239a9f3d28,1,6c34d241bbd85d693f1fee6a4b8a8e2b,59417c56835dd8e2e72f91f809cd4092,2017-02-06 20:11:36,839.00,36.96
9de58a725e435fc7ff5d41e6d8691788,1,fca5d31cf768e5bf8a75483fa7f4674c,7c67e1448b00f6e969d365cea6b010ab,2017-02-13 18:25:15,129.99,20.21
9e0ca19fb3cd696e318f58f0613ee8b1,1,386486367c1f9d4f587a8864ccb6902b,cca3071e3e9bb7d12640c9fbe2301306,2017-02-05 18:18:36,109.90,18.00
9e1b7a7d17aa42da16ee605b5fee2e0a,1,5bfcd193eb29c1c8332e2d4ca804d54f,522620dcb18a6b31cd7bdf73665113a9,2017-01-29 13:15:38,223.90,15.74
9e631c9b66b8485a8b8a42fce40ed307,1,c004bf0d41d08a3304ade12681600a96,6c1b6d0c604b776f844125f911eb7377,2017-02-07 15:42:59,46.94,14.52
9eca84d28a0c3cd0746a25f588705d30,1,8d1cfc0463b545928bfb4e589e017bd4,aae3bfea055532c57fb453ed3ec80b30,2017-02-05 20:54:37,62.90,16.14
9edaabce3c4beef5432b6327ade4109b,1,9818832859d572545cee5a86ff7f4a3b,bfd938b22bc99bce1ae60dc602889f52,2017-01-30 11:39:55,199.90,18.40
9eddcb9c8cbfd8719bbc6b147ef32735,1,a703f5ade6e4fae527357132230ea778,f4aba7c0bca51484c30ab7bdc34bcdd1,2017-02-08 12:28:55,23.90,24.35
9ee391a01004a9f330f16ebf9f7f0966,1,68a058d125ba1544e726898f0b8c0523,7c67e1448b00f6e969d365cea6b010ab,2017-02-05 15:28:18,119.99,18.00
9ee53d821aec1c97d5b1514199c74c27,1,a703f5ade6e4fae527357132230ea778,f4aba7c0bca51484c30ab7bdc34bcdd1,2017-02-06 12:37:02,23.90,10.96
9ef13efd6949e4573a18964dd1bbe7f5,1,37eb69aca8718e843d897aa7b82f462d,0b36063d5818f81ccb94b54adfaebbf5,2017-02-03 21:44:49,51.00,1.20
9ef13efd6949e4573a18964dd1bbe7f5,2,37eb69aca8718e843d897aa7b82f462d,0b36063d5818f81ccb94b54adfaebbf5,2017-02-03 21:44:49,51.00,1.20
9ef13efd6949e4573a18964dd1bbe7f5,3,37eb69aca8718e843d897aa7b82f462d,0b36063d5818f81ccb94b54adfaebbf5,2017-02-03 21:44:49,51.00,1.20
9ef13efd6949e4573a18964dd1bbe7f5,4,37eb69aca8718e843d897aa7b82f462d,0b36063d5818f81ccb94b54adfaebbf5,2017-02-03 21:44:49,51.00,1.20
9ef13efd6949e4573a18964dd1bbe7f5,5,37eb69aca8718e843d897aa7b82f462d,0b36063d5818f81ccb94b54adfaebbf5,2017-02-03 21:44:49,51.00,1.20
9ef13efd6949e4573a18964dd1bbe7f5,6,37eb69aca8718e843d897aa7b82f462d,0b36063d5818f81ccb94b54adfaebbf5,2017-02-03 21:44:49,51.00,1.20
9ef13efd6949e4573a18964dd1bbe7f5,7,37eb69aca8718e843d897aa7b82f462d,0b36063d5818f81ccb94b54adfaebbf5,2017-02-03 21:44:49,51.00,1.20
9ef13efd6949e4573a18964dd1bbe7f5,8,37eb69aca8718e843d897aa7b82f462d,0b36063d5818f81ccb94b54adfaebbf5,2017-02-03 21:44:49,51.00,1.20
9ef13efd6949e4573a18964dd1bbe7f5,9,37eb69aca8718e843d897aa7b82f462d,0b36063d5818f81ccb94b54adfaebbf5,2017-02-03 21:44:49,51.00,1.20
9ef13efd6949e4573a18964dd1bbe7f5,10,37eb69aca8718e843d897aa7b82f462d,0b36063d5818f81ccb94b54adfaebbf5,2017-02-03 21:44:49,51.00,1.20
9ef13efd6949e4573a18964dd1bbe7f5,11,37eb69aca8718e843d897aa7b82f462d,0b36063d5818f81ccb94b54adfaebbf5,2017-02-03 21:44:49,51.00,1.20
9ef13efd6949e4573a18964dd1bbe7f5,12,37eb69aca8718e843d897aa7b82f462d,0b36063d5818f81ccb94b54adfaebbf5,2017-02-03 21:44:49,51.00,1.20
9ef13efd6949e4573a18964dd1bbe7f5,13,37eb69aca8718e843d897aa7b82f462d,0b36063d5818f81ccb94b54adfaebbf5,2017-02-03 21:44:49,51.00,1.20
9ef13efd6949e4573a18964dd1bbe7f5,14,37eb69aca8718e843d897aa7b82f462d,0b36063d5818f81ccb94b54adfaebbf5,2017-02-03 21:44:49,51.00,1.20
9ef13efd6949e4573a18964dd1bbe7f5,15,37eb69aca8718e843d897aa7b82f462d,0b36063d5818f81ccb94b54adfaebbf5,2017-02-03 21:44:49,51.00,1.20
9f26d6e7d343f91817f608ab2cb56cdd,1,69530f4ebf4b017348e5f19323ab8a00,cb32766839f443db85c82a43c4a6c19e,2017-02-14 15:43:45,119.00,15.00
9fb6e7ca3a34e0500eb810d98b00b81d,1,79896466715d0179d8e5c8a84e5f0a18,05ff92fedb5be47920fea08e501238b9,2017-01-29 18:22:36,449.00,27.34
9fe67982918cf778dbf3cd0b582aff80,1,ca8900ebdc7a2b907753dd3bf2672e19,0ea22c1cfbdc755f86b9b54b39c16043,2017-02-10 11:19:47,19.90,6.26
9fe67982918cf778dbf3cd0b582aff80,2,6ccbeb9656e37cb5fd5086f838762471,0ea22c1cfbdc755f86b9b54b39c16043,2017-02-10 11:19:47,24.90,15.66
a00f891df81b2ee87c6c5eb73c81c571,1,c8fac97dc76c4867dbe264c28b31fafe,8fdca8e349553f99bc738833a62c8802,2017-02-12 21:38:50,9.99,8.72
a019866aa872221f740c30ecd607c231,1,5291f2fd6367110ed90adc7a8da2f261,8cc6a0e5738e61a87b03c78b2ba9db4b,2017-02-06 12:25:09,89.90,21.08
a01cc79e3afbac4a52ce1d528080e438,1,adcfd260203f2ab192f83edb46d0f83f,dbb9b48c841a0e39e21f98e1a6b2ec3e,2017-01-15 10:24:36,17.50,10.96
a033e71a9fdc7a30404bd7a39d3ad173,1,34d94359772f0bc123b585b23014e311,bee36b4f9a2b9fdcaff6ec05df202ed0,2017-02-15 17:06:41,16.90,10.96
a041155864e5141116458291313b35c2,1,29bedbfbe73ea473396306b4f0c010ec,5b179e9e8cc7ab6fd113a46ca584da81,2016-10-10 15:56:28,89.90,27.96
a08d1f4b300c3d7ec52f5f9a74234eca,1,1da5a90b5fbd1e1bc37b7bbb999c7bd3,de66a66f2dd06bb9ec37aa96987466a3,2016-10-21 16:25:05,45.89,11.17
a0d8e0c491e4b25ae11e8bb875935c18,1,30d55419015a4d9c2ca68586923d5a9f,19e0f40a907ec568c34bfac15de4f4a1,2017-02-06 11:26:49,44.50,10.96
a10231eb95955f12c2bbc1e34e25c950,1,473795a355d29305c3ea6b156833adf5,620c87c171fb2a6dd6e8bb4dec959fc6,2017-02-04 17:14:07,59.90,14.59
a1031a3fcd990edb954ba03274a2c39d,1,99ad29366bb604be21e29faa41057d34,2e3be8a987a30d7544dbbda6861cc14e,2017-02-13 17:03:30,550.99,17.62
a110dc76d143226dd697dedf9f513f14,1,102977ffbec43473f129d2e77b019475,01cf7e3d21494c41fb86034f2e714fa1,2017-02-12 18:51:14,79.90,17.37
a1284e7f7544a4215fb48331c04fd83a,1,9abb00920aae319ef9eba674b7d2e6ff,1771297ac436903d1dd6b0e9279aa505,2017-02-12 11:59:07,40.00,10.96
a13e70df735fff3fc1285803f494777b,1,250ac1c9c91aa7b446a4fa9ff67190f8,33ac3e28642ab8bda860a2f693000e78,2017-02-13 21:17:20,82.99,21.03
a1597cc7eca8c8d095e5de327444d9d0,1,1da5a90b5fbd1e1bc37b7bbb999c7bd3,de66a66f2dd06bb9ec37aa96987466a3,2017-01-29 17:35:24,45.89,17.78
a15df161654da3f47c2984ffd7764920,1,7bbc646134de228a74392d8407d16df8,ddd51ae8cda92f3995a51fc0f0f3eec7,2017-02-01 18:30:17,30.00,9.00
a15df161654da3f47c2984ffd7764920,2,7bbc646134de228a74392d8407d16df8,ddd51ae8cda92f3995a51fc0f0f3eec7,2017-02-01 18:30:17,30.00,9.00
a18cb2293847a707b8ab9ccfa6445bbd,1,09c3d39641970009c198caed304ccfc4,5a8e7d5003a1f221f9e1d6e411de7c23,2017-02-12 11:55:59,39.90,14.52
a241bea87dcdd0160ca94ebdba5bdbb9,1,e96867993d08fadbc6f828871885f897,620c87c171fb2a6dd6e8bb4dec959fc6,2016-10-10 16:03:06,279.90,17.45
a24fa323cfbec085a10c18369c980b1e,1,15d5088ad671c687e6ee89b9ba4e0766,f9244d45189d3a3605499abddeade7d5,2017-02-23 21:29:03,635.90,38.97
a2c7b8f8a4fe1bc4a8f4e30a5311861d,1,8a1e1c6e48f0d275628e3c626d57257f,bf100ecb7997df312b285358fb32f92c,2017-01-27 07:33:11,59.90,14.59
a2db088616f079ceb7a0e856f8a741ca,1,8015f5d7a88ec30688c99aa9486561f7,89bc797e2e29667aa035d4368f9b7f92,2017-01-29 22:19:19,19.90,10.96
a2e4c44360b4a57bdff22f3a4630c173,1,dcecb611ba878d5d8c7853585b285c12,8cc6a0e5738e61a87b03c78b2ba9db4b,2017-02-10 20:18:17,19.85,10.96
a2e4c44360b4a57bdff22f3a4630c173,2,dcecb611ba878d5d8c7853585b285c12,8cc6a0e5738e61a87b03c78b2ba9db4b,2017-02-10 20:18:17,19.85,10.96
a3032220da3f83acf7fa0db99dc28804,1,6868e3f08c6acd37b48c785aedddfdb7,432c67955c0acd1fd6b0b5d678766a71,2017-02-05 09:24:38,163.00,16.35
a32e794aa3f7df03d1a3848213b24346,1,8d51190d4e52d32e6abf3d0551501114,92eb0f42c21942b6552362b9b114707d,2017-02-16 17:23:59,9.88,24.84
a37d74c80da3b0cbd44c246918d31ea8,1,71e54303c8b80673889bfc98bc5ecb0e,004c9cd9d87a3c30c522c48c4fc07416,2017-02-12 12:28:07,169.99,16.30
a3d1ef2562cf71542edfed06c1a7b6c8,1,dd27fbe859b9453b8147c3aaf47623c7,3c3017960b2dbd72711a61f0400aab8f,2017-01-25 11:43:35,89.90,25.37
a3e6136894621db402a772c6bc72a12a,1,0c9ff9d8ed9b9bdd825487b3a66e05f5,8581055ce74af1daba164fdbd55a40de,2017-02-03 17:00:09,238.90,18.00
a41b16eb820cfb62112086ea0a18dee5,1,ab328a14d2698a726fe1ed2695f5f43c,620c87c171fb2a6dd6e8bb4dec959fc6,2017-02-11 17:16:39,64.90,14.62
a41c8759fbe7aab36ea07e038b2d4465,1,b72b39418216e944bb34e35f4d3ea8c7,45d33f715e24d15a6ccf5c17b3a23e3c,2016-10-21 16:18:26,36.49,17.24
a47c6e02b84d8dea0ec21748a611293e,1,58c41dff5d439e3f6260765550748762,2bdb95a56a36ebbc6640337ac5eac174,2017-01-31 22:07:02,89.90,18.00
a47d0baf5bb361cf68e3f1ec57bf57e4,1,37274552ed878a9f6279f30be24b1473,710e3548e02bc1d2831dfc4f1b5b14d4,2017-02-09 03:00:31,179.99,15.43
a48abf79f4b815add190fb96a34c058d,1,f9eb3d4735a873ed48d15dea16183664,6338ea67c41078a46ad99cc009654956,2017-02-10 15:59:04,109.90,24.97
a4e62639ac0ca7429854efc494c1915f,1,fe1ba35c47a4b599f34ce8ad2aa2c42b,75fbb52eda0cbc24f479d3b2fbfa8d3e,2017-02-04 10:48:02,14.90,9.00
a4e62639ac0ca7429854efc494c1915f,2,812b558694cd8e22f35f9d1bcfb549b5,75fbb52eda0cbc24f479d3b2fbfa8d3e,2017-02-04 10:48:02,14.90,9.00
a4fa33c4486ff17afcc146d9a2b0aec6,1,c54ed8ea69e24c191fbc23b3234c6b32,c8e135e7b21ecbc36c1153a29d2f5a06,2017-02-05 14:39:07,239.80,15.45
a503ed3639b58426f15f719d61bfe408,1,80d3aeff2ab6c9d795010c029dbd5ddd,1554a68530182680ad5c8b042c3ab563,2017-01-31 12:10:43,199.99,34.60
a50d16f8c24acdc0c3d2fe0af2cd5c87,1,e2b9252181ddde232e0bfb68df262610,e24fc9fcd865784fb25705606fe3dfe7,2017-01-29 20:17:33,192.00,18.08
a52e6fa2d7c6ecaf73ff5f7f10438339,1,28fd1639ff52d870a3d2c38090d2d902,2199e7fe213c16213bf5d6a7eadc9a5d,2017-02-01 20:09:18,189.00,18.00
a59fd1b51d1198a8845cfb665209ea4d,1,6d811b6e8cada9a8f7f38bb315620e1b,80e6699fe29150b372a0c8a1ebf7dcc8,2017-02-11 14:24:45,129.00,22.37
a60c6548ab8ab949bbfce006f7b8a513,1,8ce0b48cdcc4b753ae4de64497998338,75d34ebb1bd0bd7dde40dd507b8169c3,2017-02-18 12:53:44,131.99,21.50
a60c6548ab8ab949bbfce006f7b8a513,2,8ce0b48cdcc4b753ae4de64497998338,75d34ebb1bd0bd7dde40dd507b8169c3,2017-02-18 12:53:44,131.99,21.50
a6194f2c90f8905dcf4e5fe2b8c5358b,1,fba0d8ee4c9aa479a86833c83892e589,5a8e7d5003a1f221f9e1d6e411de7c23,2017-02-08 20:46:59,79.90,14.73
a6254817fe719457b22250e3cd2eb2ad,1,a703f5ade6e4fae527357132230ea778,f4aba7c0bca51484c30ab7bdc34bcdd1,2017-02-11 09:06:33,23.90,8.72
a6475bb7a50387e3c665534e15bd40ac,1,39731b928af43b0f49dd60d4706e403f,432c67955c0acd1fd6b0b5d678766a71,2016-10-09 02:46:18,599.00,60.41
a65d4ac927fef29da1b58e60ebdbb1d7,1,d34984353fa530831479ab9686c090e7,24c1de8d9551c0b4fbc53317d53efda8,2017-02-05 18:41:32,355.00,57.12
a68667474430fadbcfc1bfbb9e2adc0b,1,1074656a4fa698879d65d619f58083b2,61f159ef6da2d441951d2c0efa719362,2017-01-22 20:48:59,14.99,17.78
a6cd683d4bd3b9b1f0aa37b27f8116d3,1,721b56b7d205d6750e97716593bcb370,5c243662ce92d84573bfaff24c3e3700,2017-02-03 23:45:53,589.90,20.00
a6da74b3d9ae7e102985630416034486,1,23ed7a10a36c6f88a757a9c83df9ea20,a888faf2d1baececa6baf9c3d603ee1f,2017-02-21 08:21:56,459.90,18.43
a6dfab363a9e239287c4b1e3c275fb93,1,04c48a5fe31aedc4ef3896c005fd483c,620c87c171fb2a6dd6e8bb4dec959fc6,2017-01-30 09:11:37,309.90,26.66
a6e307f50d1a494a1ad373af7a748e1d,1,bd7cd34fc6d02e730221b11edc354aae,46dc3b2cc0980fb8ec44634e21d2718e,2017-01-29 09:42:36,99.99,19.40
a73a38a5eeac4ab94ef2bcbd90f92e43,1,4f8303640418a925cc83a18d2caf0dbe,f9f68daa2af419d38f745478bcb3da1a,2017-02-02 19:55:05,11.20,18.00
a74a1bb28cb0ae0a239270f8e3a85cdf,1,25ed6ff9d1830f39f847e63f2653c07f,4e922959ae960d389249c378d1c939f5,2017-01-27 00:53:05,17.95,14.52
a7765f04ecc5f2e0683f08a97ee8174e,1,77d1f94d7eeaaeb36736fd1049e79eb3,8e6cc767478edae941d9bd9eb778d77a,2017-02-02 19:08:00,64.90,18.00
a7b6b0d33a2814dff897167e737b22c8,1,2eb9b2ef7c1da3c7b99702452ea4729f,0db783cfcd3b73998abc6e10e59a102f,2017-02-17 11:48:43,99.00,14.86
a8305d2dfd60042d6000b3de3bc533a3,1,3952bdd2bc1fc8c324a78de21ae4d801,8a87611c08849ffeeccab52aa798b6c7,2017-01-30 23:48:56,60.00,14.18
a83c50dc6af9424ae926506ebac55807,1,dc387d493524242e32ec63d1073e98f7,6c177e38df6d3f34182b1f1d427231bf,2017-02-13 16:57:03,78.00,15.85
a87f63f16c37c383775f476c6f22b635,1,5538ed283fd2d0e2a1151507e1cbd59c,4da0e408c99d2fdc2126dc9fce518060,2017-01-18 15:42:20,28.00,17.78
a8846701b9f3e21e64c9062ed3f4dfd7,1,b11456f416365fcb044ae90260691ccd,4bde6149c15cf7e177b36fa060dd6de8,2016-10-11 12:15:24,79.90,16.33
a891f3efca32da79bccc94e6e69fd3e0,1,222efa72a47277d611b8b38d71149afd,cd06602b43d8800bd0afad514919d35c,2017-02-13 21:28:59,6.00,10.96
a89b268d1a28bab0770e650f25232b06,1,6ae7f4ef0ca670ca2609d039af87d057,620c87c171fb2a6dd6e8bb4dec959fc6,2017-01-31 11:38:59,23.90,10.96
a89e14734d926ba4f06da4c653abf873,1,6d4bb6101d2927f04617ed23f0d6aee5,4da0e408c99d2fdc2126dc9fce518060,2017-02-17 10:02:07,37.20,20.99
a89e14734d926ba4f06da4c653abf873,2,d00c845d98a49bda7c00543fa86d2540,4da0e408c99d2fdc2126dc9fce518060,2017-02-17 10:02:07,28.40,12.25
a8a2941e92152e0edc39bb862cd6b6e2,1,614d9b959168fce3e0cbd0645acbb666,eec3469d83e142f9a104886655338c37,2017-02-07 16:32:12,39.90,10.96
a8b8b7289262a652bbc1c042766c97c8,1,f99c1a9777ae7b608359a17bf3436d90,cca3071e3e9bb7d12640c9fbe2301306,2017-02-20 22:23:35,29.90,16.05
a8c012ba7d95bd2d15f666681f19c146,1,2635c3e7db0ac6cb3e733cac61ce0ba5,f8db351d8c4c4c22c6835c19a46f01b0,2017-02-10 19:47:10,26.90,14.52
a8c3f65a43b2e956cbfca10db4300853,1,e08d86e1c599e2373d95380ac9a3ccc8,3606774ec64634822d78dc2db6d37045,2016-10-10 15:46:27,179.90,16.37
a8f7a1d76c02dc4a7c5177aee8c2b02c,1,e5d860a0fff2e94bd1a406456cc6c4b3,01cf7e3d21494c41fb86034f2e714fa1,2017-02-02 10:02:37,209.90,27.00
a909c24a30d5a05204ecb7ef3f11e321,1,5008f57a319af1670091cd1d64656910,515d781150feed28a6ac091bb0e3cb8c,2016-10-11 22:15:33,212.40,25.57
a9121d9a1f7b2530fd9d2d6dc01647cd,1,87283a98b24f9f1ac3a31b631073cf47,cab85505710c7cb9b720bceb52b01cee,2017-02-04 03:52:34,49.90,18.00
a92ac2f2738d0a4b0add8fe65157d5f5,1,43a24e051b37c8e88accdfdeecddb71b,3340ef1913fb70d28420f6ceb685c339,2017-02-06 11:56:21,209.90,22.10
a93bb13e55f292aa026428dd42bd1565,1,9a78fb9862b10749a117f7fc3c31f051,a7f13822ceb966b076af67121f87b063,2017-02-14 13:37:43,149.96,34.42
a9506e4af5c19ca12362961efdefb20d,1,6dab56beb5263f0d554cae5c55809208,f4aba7c0bca51484c30ab7bdc34bcdd1,2017-01-29 22:16:53,23.90,10.96
a957bd5128480b4ec4c8762e9bcf3a13,1,59617a7c706291d0b7df5b380aa3e583,365e445f796710c3431557e85caa25db,2017-02-05 16:03:51,214.00,12.11
a978d6eb16b0dd287c64cf99680c15e9,1,cbb702235ad267cca951499fa8475606,59fb871bf6f4522a87ba567b42dafecf,2017-02-10 22:02:37,209.99,25.96
a9a93c428c6103f2151bb63a1d32a520,1,e4e9fa024c5f014419b395452a41987c,e2aee0892199b1d92530e371abd825bf,2017-01-18 17:57:50,99.90,60.77
a9ad904bde6787e355771489eef73012,1,beda52fd19ab7f39cadee87a7f3f472f,903037660cf848a717166eb7a06d616e,2017-01-27 21:38:10,112.99,15.55
a9ad904bde6787e355771489eef73012,2,beda52fd19ab7f39cadee87a7f3f472f,903037660cf848a717166eb7a06d616e,2017-01-27 21:38:10,112.99,15.55
a9b1166b05c95760685adca729c66a40,1,fec565c4e3ad965c73fb1a21bb809257,da8622b14eb17ae2831f4ac5b9dab84a,2017-02-13 21:46:05,89.90,17.37
a9fc3ae13c740ad46532fd50b61c69d5,1,bd701724b9bc9f955e22db8ec65b5097,bac44fa8e13424950488659b5f765c41,2016-10-10 15:44:57,19.90,14.52
aa04ef5214580b06b10e2a378300db44,1,9fc063fd34fed29ccc57b7f8e8d03388,ccc4bbb5f32a6ab2b7066a4130f114e3,2017-02-03 00:30:03,370.00,19.43
aa3e939d90791cb80173b38e4faf79a1,1,ecb4c7c604905689ed8075d75c012acc,7c67e1448b00f6e969d365cea6b010ab,2017-02-14 23:52:09,199.99,52.95
aa3e939d90791cb80173b38e4faf79a1,2,927c2a01437aaec44d9b67f277b55eab,7c67e1448b00f6e969d365cea6b010ab,2017-02-14 23:52:09,199.99,52.95
aa4f1c4318226e2f86adeb5578d8726b,1,952d57ee94f3a9873bc70d9789a21c8a,f7496d659ca9fdaf323c0aae84176632,2017-02-08 15:49:39,119.90,18.59
aa58df9711205e09b4ef6d704db7871e,1,6df665a20caa80a66804f836165bbf36,f235413f677777a0738ff215d0184901,2017-01-27 19:32:40,595.99,23.47
aa799c67bfe59b0de24f6db1dc1b776e,1,6ff2272628904adc50a60b0d755e9526,7e93a43ef30c4f03f38b393420bc753a,2017-02-02 20:14:15,222.40,18.00
aa830d74d3e7d4a392cb7eac51a9c719,1,39e96bf755a2107369e9e9654476d831,cca3071e3e9bb7d12640c9fbe2301306,2017-01-21 17:59:38,89.90,14.40
aac01d5ce6fab5aa0e191d71aedbaa3c,1,6fba9843ddfdebe33d2625afc8001eb7,7008613ea464bad5cb9b83456e1e6a8f,2017-02-01 13:24:20,35.50,18.00
aae373a2cc64ed2d1f262aa56e70b7e8,1,e891d4a9622cae3b9fc2ec558bda155b,e603cf3fec55f8697c9059638d6c8eb5,2017-02-15 16:42:59,27.00,10.96
aaefff6521e66b3e5c88bb2c93b9bc72,1,9e71d4f2f252c40fd2528b50789ed5f1,ad14615bdd492b01b0d97922e87cb87f,2017-02-15 17:40:30,8.25,10.96
ab0c90a5da04e0132ea07c113bedec0d,1,ace5d86cf1ac63cdb76f49e5cd23d2f8,cca3071e3e9bb7d12640c9fbe2301306,2017-01-31 20:53:06,50.90,26.62
ab27a99818cdb3007d7a107f62ab4aea,1,34f43f2313b41bbb5cd668a24d2f33e3,0c8380b62e38e8a1e6adbeba7eb9688c,2017-02-13 10:42:07,51.90,17.20
ab29316ca52a6f49c3e55b77c1d6e4bb,1,b11b6e603959e09bb5b90095db226602,2f4b9d112bfa44a214bc6cef085d17c8,2017-02-10 15:23:54,99.00,17.43
ab624383f19eac12ba7d277b58378c7c,1,f0f3c686ec837b27ec9da08762d85317,710e3548e02bc1d2831dfc4f1b5b14d4,2017-02-14 10:05:12,49.99,15.56
ab78c0e74f7486a3c47185c0f5cfbb89,1,285c450e91b164b1586e1441413fbba5,4e922959ae960d389249c378d1c939f5,2017-02-14 17:46:12,35.00,16.05
ab8e5f9b860cd703f5f647200c2c7b58,1,95c40b993a22463c83beb5c51a03d46c,85d9eb9ddc5d00ca9336a2219c97bb13,2016-10-22 16:21:54,20.90,14.52
aba7884f1a6e6e52b774eb7654651325,1,28c8150eb44ec8106c8f061afd9c3e9f,75d34ebb1bd0bd7dde40dd507b8169c3,2017-02-02 19:00:25,659.99,25.70
abbbf52551bc34cd52a7851c06dfca90,1,6f1ccca9f878a413a495487eb649ab32,586a871d4f1221763fddb6ceefdeb95e,2017-01-30 23:20:31,99.00,20.74
abbbf52551bc34cd52a7851c06dfca90,2,6f1ccca9f878a413a495487eb649ab32,586a871d4f1221763fddb6ceefdeb95e,2017-01-30 23:20:31,99.00,20.74
abef8b5d0f7fa066c7473db7d650c870,1,f0af7ec9760e53f21277444f32ee3308,cca3071e3e9bb7d12640c9fbe2301306,2017-01-22 13:17:46,99.90,13.28
abef8b5d0f7fa066c7473db7d650c870,2,f0af7ec9760e53f21277444f32ee3308,cca3071e3e9bb7d12640c9fbe2301306,2017-01-22 13:17:46,99.90,13.28
abef8b5d0f7fa066c7473db7d650c870,3,f0af7ec9760e53f21277444f32ee3308,cca3071e3e9bb7d12640c9fbe2301306,2017-01-22 13:17:46,99.90,13.28
abef8b5d0f7fa066c7473db7d650c870,4,f0af7ec9760e53f21277444f32ee3308,cca3071e3e9bb7d12640c9fbe2301306,2017-01-22 13:17:46,99.90,13.28
abfb34ed11820c7247adfb30fe5bb7ae,1,6cdd53843498f92890544667809f1595,ccc4bbb5f32a6ab2b7066a4130f114e3,2017-01-27 00:25:39,349.90,21.15
ac00d3859c095d282f6bef69e0ed1b38,1,a760ef0bb70c954d79e62ec6023d380c,01cf7e3d21494c41fb86034f2e714fa1,2016-10-15 18:32:03,69.90,19.26
ac0b40db773fed894ef5646453a38544,1,11875b30b49585209e608f40e8082e65,669ae81880e08f269a64487cfb287169,2017-02-12 19:45:53,65.00,14.62
ac2b7c522d811acba0aa270ed3e112e4,1,4632bc49b300378ed4f1d48f424d414e,ed859002ad59dbf8cf3602696a6c3000,2016-10-10 15:44:27,294.90,20.34
ac7735eec51a3fe9e31e51210ecbad34,1,c8a3354f3676a68d1d990112ee5f2b5a,f435898e493ba0356019a0b1cb8b55b1,2017-02-09 02:16:12,24.87,24.35
ac7735eec51a3fe9e31e51210ecbad34,2,c8a3354f3676a68d1d990112ee5f2b5a,f435898e493ba0356019a0b1cb8b55b1,2017-02-09 02:16:12,24.87,24.35
acb3a4ba3d4d4b0c57cd93736fa61558,1,30469bb5ea377eae7121981e2f0778e4,80e6699fe29150b372a0c8a1ebf7dcc8,2017-02-02 15:21:30,113.00,31.00
acc3d4031cbd2f28ac6b5b71427a054c,1,ab4d426852a7cd31cef3270bfab3bcdd,392e0502231ae2f8b29994ef6398cd77,2017-01-13 21:40:42,109.90,20.85
acf83f0e8fb878cb25197344426ed10b,1,5cd07c84a1c25575ac2fc3fa73f1d952,86bb7c4b535e49a541baf3266b1c95b1,2016-10-11 02:49:22,629.90,34.03
ad0d46c22c5a9dd2699f5142b1882f5f,1,bc9b777dcebf814cf56193dcef254448,b499c00f28f4b7069ff6550af8c1348a,2017-02-09 17:55:05,54.99,18.81
ad0d46c22c5a9dd2699f5142b1882f5f,2,154e7e31ebfa092203795c972e5804a6,cc419e0650a3c5ba77189a1882b7556a,2017-02-12 17:55:05,19.99,3.14
ad1aeeb1a99c9f021e38a49865bb812c,1,d9894482fba41f536a273ba2276d951f,024b564ae893ce8e9bfa02c10a401ece,2016-10-21 16:23:50,77.90,26.30
ad1aeeb1a99c9f021e38a49865bb812c,2,d9894482fba41f536a273ba2276d951f,024b564ae893ce8e9bfa02c10a401ece,2016-10-21 16:23:50,77.90,26.30
ad1aeeb1a99c9f021e38a49865bb812c,3,d9894482fba41f536a273ba2276d951f,024b564ae893ce8e9bfa02c10a401ece,2016-10-21 16:23:50,77.90,26.30
ad1aeeb1a99c9f021e38a49865bb812c,4,d9894482fba41f536a273ba2276d951f,024b564ae893ce8e9bfa02c10a401ece,2016-10-21 16:23:50,77.90,26.30
ad1aeeb1a99c9f021e38a49865bb812c,5,d9894482fba41f536a273ba2276d951f,024b564ae893ce8e9bfa02c10a401ece,2016-10-21 16:23:50,77.90,26.30
ad1aeeb1a99c9f021e38a49865bb812c,6,d9894482fba41f536a273ba2276d951f,024b564ae893ce8e9bfa02c10a401ece,2016-10-21 16:23:50,77.90,26.30
ad818323f40e1a353eb3a3874d138c51,1,20090bcd0d43eb49feb63d53d387780b,05ff92fedb5be47920fea08e501238b9,2017-01-14 19:43:30,176.00,15.40
adbbe31eab3ec8799e71b8fd89956464,1,2647bd04a8ac8605c0034dc49d21445d,77530e9772f57a62c906e1c21538ab82,2017-02-04 12:01:46,49.00,16.05
add98bb9caa9f37e7d0702845c3a5db5,1,30001d6521e7d5826eb1881050cea7e7,85d9eb9ddc5d00ca9336a2219c97bb13,2017-02-12 21:46:58,20.90,10.96
addf1e910072af631c49adca7b07fbdd,1,ea922d4a264635e1c479157377deb623,9add47bf45ce8e8c7db6b9cf670b1e09,2017-02-09 11:05:44,46.00,24.17
adebb4dfc650b98f7c7e38bb11cb0aa9,1,f4d1833c85057a25ac14374dda132701,f4aba7c0bca51484c30ab7bdc34bcdd1,2017-02-02 19:10:43,34.90,18.00
adf684f287283640cb375a2e8ada8c82,1,8ce0b48cdcc4b753ae4de64497998338,75d34ebb1bd0bd7dde40dd507b8169c3,2017-02-08 23:18:22,131.99,15.22
adf684f287283640cb375a2e8ada8c82,2,8ce0b48cdcc4b753ae4de64497998338,75d34ebb1bd0bd7dde40dd507b8169c3,2017-02-08 23:18:22,131.99,15.22
ae0913baa54f18027667d8049c36fde2,1,0f3c8906e5b08127d539956bc587074c,f67efa3f0b6761102a7f8c6b7b571f5d,2016-10-21 16:33:37,149.99,23.41
ae162713f33901220faa2a22c2bdba45,1,aba86c093ccdbac75b09111d57e50004,7c67e1448b00f6e969d365cea6b010ab,2017-02-09 14:38:41,119.60,11.45
ae162713f33901220faa2a22c2bdba45,2,aba86c093ccdbac75b09111d57e50004,7c67e1448b00f6e969d365cea6b010ab,2017-02-09 14:38:41,119.60,11.45
ae162713f33901220faa2a22c2bdba45,3,aba86c093ccdbac75b09111d57e50004,7c67e1448b00f6e969d365cea6b010ab,2017-02-09 14:38:41,119.60,11.45
ae25aaffc9b89e8519bb9b5aa59cc8ef,1,1fb368a1506cced21a07abb6d220c4e1,822b63912576852aea9a8436d72317b7,2017-01-28 12:18:07,139.99,15.43
ae86389756e9af7f5f5f64aa266a439a,1,aba86c093ccdbac75b09111d57e50004,7c67e1448b00f6e969d365cea6b010ab,2017-02-14 20:00:06,119.60,11.45
ae8a60e4b03c5a4ba9ca0672c164b181,1,a5c3ddb1a400f50d1cf7138727aec136,817f85dbb65aa3e70831d90fe75cdf89,2016-10-21 16:27:42,128.90,25.67
ae917963181c56c14f8d0e873b1588ac,1,852b19e59727d554cf958607536d86d9,4d600e08ecbe08258c79e536c5a42fee,2017-01-21 16:47:13,379.00,27.14
aee92405acf40c19e4f73fb75727715d,1,c7084bc72369a57c93c6edaf0b60b235,59fb871bf6f4522a87ba567b42dafecf,2017-02-06 12:31:44,189.99,23.26
aef214f769de82d355c5d2ab49e15891,1,dca18a6e2fb6da75092ed874094ed7b6,5656537e588803a555b8eb41f07a944b,2016-10-10 16:03:14,31.89,15.65
aef21aeac3544cbf31a1b0c4db759e44,1,086351823300e0339f6955b27998c186,0c8380b62e38e8a1e6adbeba7eb9688c,2017-02-09 12:08:28,149.90,17.79
af045d3e5d7082db57d5b5dde3c0c97b,1,89f055104adb9365d7f7b5c475f77742,6b15924333bd1a741595fe981ea04822,2017-02-06 11:13:37,26.90,14.52
af71d2ac9926b3c080b892c4882849c2,1,9dce7ad606cfbd6ea6ef7f7e43c039c1,cca3071e3e9bb7d12640c9fbe2301306,2017-02-10 16:23:28,45.90,10.96
af9cf6a8b011e9fea2be4c295942e58b,1,6fdfdddfa3c98723386e5fab78e87be3,1b8b75e227c9a9c100d0c210fb6176ce,2017-01-20 23:17:31,89.99,14.66
afa17ebff8d7e00d7c9e04860c7ddcea,1,7c1bd920dbdf22470b68bde975dd3ccf,cc419e0650a3c5ba77189a1882b7556a,2017-02-17 21:12:19,64.99,14.62
b017dafe7c59c8aaf92ab3fa1ca54d78,1,4bf205e4dc4e2c6b258e1ec0e2be9367,e3b4998c7a498169dc7bce44e6bb6277,2017-01-30 16:16:15,130.00,11.52
b01daae956b23211a3dd59e8c287ca32,1,9da6fbcdb4cc9d08de3c70331ea19a5f,0c8380b62e38e8a1e6adbeba7eb9688c,2017-02-10 17:06:39,99.90,18.98
b033a34245ae159e80dd599b3c5cb92f,1,47f699d9462e071f977f612be2b5b67a,56642bcb79900e777d68e91915cb4267,2017-02-03 19:25:23,170.00,18.00
b03fd938df9e8a597888994c096914f4,1,1c5bd6a742367ec4d654a0859523e880,1f9ab4708f3056ede07124aad39a2554,2017-02-03 20:27:40,119.90,18.00
b04215f2cbc4e1fdd167427e657c7d16,1,f9d151cf2fc10d41cce64b782856320f,e9d99831abad74458942f21e16f33f92,2017-02-14 20:22:24,30.00,8.72
b04719a0e9a9c2cb394b7ef1f0ec4b01,1,5b8d60277cb78caf49ba0c814eae519b,2a1348e9addc1af5aaa619b1a3679d6b,2017-02-13 21:47:48,34.90,8.72
b04bd4e0a1a21fef81b1f24f6fb81c08,1,bdfe450775bde583b7abb5698f1bd6e2,56642bcb79900e777d68e91915cb4267,2016-10-15 05:03:18,131.00,12.78
b05922c45fc699ae9049a2c5add3e02a,1,ea99388f66ccc3a78b6c2d7725184b12,6d66611d7c44cc30ce351abc49a68421,2017-02-06 07:05:42,49.90,15.11
b063bf13bfec7c847d7a6bdb54554c00,1,f58bb9f12b0ca10029de2df4585a353f,46dc3b2cc0980fb8ec44634e21d2718e,2017-01-21 23:37:51,89.99,14.80
b07a6274640ebe112c2180a18ea07b3c,1,f2af004352a06a99dca765596240cbc3,f4aba7c0bca51484c30ab7bdc34bcdd1,2017-02-10 11:12:29,23.89,10.96
b07a6274640ebe112c2180a18ea07b3c,2,f2af004352a06a99dca765596240cbc3,f4aba7c0bca51484c30ab7bdc34bcdd1,2017-02-10 11:12:29,23.89,10.96
b08dfa6db006194a07108b6ff6330313,1,40057bb8798f91bc5835fe774b8b4c36,d12c926d74ceff0a90a21184466ce161,2017-01-28 09:00:49,69.90,11.10
b0cfee6ce5503781be6004e0e31e4309,1,44377a26f7c80dbf0a9b2b300604e6bf,ecccfa2bb93b34a3bf033cc5d1dcdc69,2016-10-21 16:24:03,99.90,16.27
b0f913cb83681e8a8563b96b641b3e1b,1,e5d860a0fff2e94bd1a406456cc6c4b3,01cf7e3d21494c41fb86034f2e714fa1,2017-02-01 17:59:37,209.90,18.00
b11356165e2d19ac9c425e2f38b770e3,1,04c48a5fe31aedc4ef3896c005fd483c,620c87c171fb2a6dd6e8bb4dec959fc6,2017-02-12 13:23:53,309.90,17.87
b1253279f7cb2552c9625335aa5ff684,1,419538c5c0c21d892928586bee1ea16a,da8622b14eb17ae2831f4ac5b9dab84a,2017-02-20 15:41:04,174.90,16.33
b157079a62d77688a0f66043aa1f0306,1,6c0163ecd7df58f4240f9a83ca6079c7,afa6714acee029b2dfdf357e5579cc03,2016-10-12 18:54:23,119.90,15.01
b174fa32929e4af3622213e835cfa84a,1,6d811b6e8cada9a8f7f38bb315620e1b,80e6699fe29150b372a0c8a1ebf7dcc8,2017-01-13 21:31:15,129.00,22.37
b19169c7cb8391fb8561e094d61c531a,1,bdcec8e22b04a8f4241d87bcfe9ea877,d101c6da914ae3d53f7bee42283f2fe2,2016-10-21 16:35:49,28.90,14.11
b19169c7cb8391fb8561e094d61c531a,2,bdcec8e22b04a8f4241d87bcfe9ea877,d101c6da914ae3d53f7bee42283f2fe2,2016-10-21 16:35:49,28.90,14.11
b19169c7cb8391fb8561e094d61c531a,3,bdcec8e22b04a8f4241d87bcfe9ea877,d101c6da914ae3d53f7bee42283f2fe2,2016-10-21 16:35:49,28.90,14.11
b1c29680cbde517fcf3393e77aac6ffe,1,6c1f4831ccdb5827090656c9f1551d3e,0c8380b62e38e8a1e6adbeba7eb9688c,2017-02-13 13:07:09,109.90,27.24
b1d88d1e4179448cac98b8d433e23316,1,6c0d548acd149f30331671548dda66e8,440dd6ab244315c632130ecfb63827b1,2016-10-11 03:14:15,89.90,17.47
b23dfa1c97d08f8d2017e85dbdc5b1aa,1,6f790ed0f75949b7fa234ec087aed912,5dceca129747e92ff8ef7a997dc4f8ca,2017-02-01 17:05:18,669.00,41.00
b2f92b2f7047cd8b35580d629d7b3bfb,1,8f1e43e0e3374ed8c84df748034d6179,ecccfa2bb93b34a3bf033cc5d1dcdc69,2016-10-21 16:27:28,59.90,11.31
b330d4bdde86ff11a726ee57dd2a7d75,1,382d28bfa85a9857cd10bfdb1b8b7f80,4b90495391ac0bd181a80a459df1e718,2016-10-10 16:06:06,248.00,18.11
b34d8ec665f905d3c7583b291f54b605,1,9dbf7eb5228b2070008a2e331b114512,85d9eb9ddc5d00ca9336a2219c97bb13,2017-02-03 13:34:56,26.90,18.00
b379b3d63e1948d3692990c4e0a5adc8,1,1d092cf4f9b3ea4bed6ec6566b38ad45,b2ba3715d723d245138f291a6fe42594,2017-02-04 13:08:14,74.90,11.13
b3a60e4531d82485b6ed7c49ba266c66,1,91a5ae441d12befb1c62c19c4ffc940e,8a87611c08849ffeeccab52aa798b6c7,2017-02-01 22:54:48,155.00,18.00
b3aa45b7ba0f950a1b163a9f85f613de,1,7e7e1af4ab49963c6e1245b2dbd8f492,11305281b50fff20ae8bb473f8e11876,2016-10-14 03:15:42,44.99,15.53
b3c8c0dd2b042239054fd43c6f63c8ee,1,ce5a5a85a0704113bd7fd75b3fbaed71,cfb1a033743668a192316f3c6d1d2671,2017-02-08 15:30:26,29.90,11.74
b3c8fc1049e54f4c7ab9340db821a4b9,1,d2a0d941f4d70b5ec52ae23a1290cd0a,7008613ea464bad5cb9b83456e1e6a8f,2017-02-11 13:57:24,26.90,15.56
b3e176098b9f9f6122d37fa3cb06279b,1,8d15106f1709b2a5340c0141ec76144e,1771297ac436903d1dd6b0e9279aa505,2017-02-12 23:08:53,46.22,20.43
b42efbd88abf3882f91928b08cf74d6f,1,1789a1b00c33bec9db6e27b4848a5c94,e9d99831abad74458942f21e16f33f92,2017-01-28 17:11:53,99.00,14.86
b44d71edad65f41824d2e177470ef8f6,1,8b39be5bbb8a4585ed19cacbf4162c27,9c3c24eca51c52b91c1de727d2a2ae06,2016-10-14 16:04:50,49.90,11.74
b46902d53ee0054d077220fefa87e7d5,1,4c8541293fb2d3359cf52485b4d59b8e,a416b6a846a11724393025641d4edd5e,2017-02-14 15:53:07,63.36,15.65
b46a7e15cacce08914d49a6a7ab63270,1,9d395a6bc9dbad2dfe60c8c92d8df397,77530e9772f57a62c906e1c21538ab82,2017-02-05 12:50:24,148.00,17.78
b4700fc91bb3fbc155bfc04ae821ba04,1,a8bf9a06bef0fe4106c1fc0df21a5eb6,cca3071e3e9bb7d12640c9fbe2301306,2017-02-14 22:46:24,45.90,15.56
b4700fc91bb3fbc155bfc04ae821ba04,2,a8bf9a06bef0fe4106c1fc0df21a5eb6,cca3071e3e9bb7d12640c9fbe2301306,2017-02-14 22:46:24,45.90,15.56
b4924647a0523d99010023d68b76c18d,1,36c2d6cd6fd0a6720f3ebe3379a2032d,d379f449f2a3b271bc01c0782020f705,2017-02-03 13:23:50,99.99,50.00
b495ec18170fb28a3610c8d3ab464442,1,3513bbea7a2bd5526aa2be8f2f898a70,2e0dba2da448400b1c11d7b4b22f32a4,2017-02-14 11:11:16,24.79,14.52
b49998737b7359ebe1b64b0b7ffb20f6,1,8efcb24ccca088a16dab13882f1c45e0,5f1dc28029d2c244352a68107ec2b542,2017-01-24 16:27:25,22.30,14.52
b4a600b2f7cc0efe40a086465eca8799,1,fb01a5fc09b9b9563c2ee41a22f07d54,522620dcb18a6b31cd7bdf73665113a9,2017-01-30 13:32:04,689.89,20.04
b4c24344dd0972f479220d8479be6d34,1,19239f99ecca2c266c57cdce121a6727,57c764b4a836300be881e2ff86e449f9,2017-02-07 09:23:41,79.90,11.95
b4d81b7ba0a5e97d9b77104dc0f3b82d,1,68a058d125ba1544e726898f0b8c0523,7c67e1448b00f6e969d365cea6b010ab,2017-02-05 14:27:36,119.99,50.00
b4e9e179195a7cee910bf458c5b6e01e,1,a8fe47ad6f852f93cc92c7b408687de3,aaed1309374718fdd995ee4c58c9dfcd,2017-01-29 20:00:43,72.90,26.77
b4eb90d259a894fde9db24f991797b6b,1,6bf1cd252d73626ab181be470f56e07b,8bd0f31cf0a614c658f6763bd02dea69,2017-02-16 14:18:21,37.99,18.63
b51edc2e9375a9cc6fd96daf82dcfab8,1,f2af004352a06a99dca765596240cbc3,f4aba7c0bca51484c30ab7bdc34bcdd1,2017-02-08 19:06:49,23.89,14.52
b533dea24ada4dc5c1a9041d25d7c812,1,661e3bba6bdb874638367462b49ae590,23613d49c3ac2bd302259e55c06c050c,2016-10-15 04:56:41,15.90,14.52
b53a9de5d97ba2bdb4053685fb09446a,1,6ab41d7f15e7af9d6c7cd912055acc1a,218d46b86c1881d022bce9c68a7d4b15,2017-02-11 18:32:13,119.99,16.05
b582532527260a8be949eac9f4d0ccff,1,c29a770821480abc0e0150220a24e7cc,cca3071e3e9bb7d12640c9fbe2301306,2016-10-15 04:56:46,49.90,26.61
b5b103fe531168050d785d5b8de74174,1,1fa728d99803c8849b5c95cfeaf9b60c,403aa86912527d730337ffcb0fb096ab,2017-02-03 13:13:59,2199.99,18.00
b5c037cf61074d84c0a994fa0d024064,1,84c6e1fb0400fb720bfd40e3396e9044,cca3071e3e9bb7d12640c9fbe2301306,2017-01-19 15:58:39,169.90,16.35
b5c037cf61074d84c0a994fa0d024064,2,be7815756efd025355c3e09139c3f2ac,cca3071e3e9bb7d12640c9fbe2301306,2017-01-19 15:58:39,184.90,16.35
b5d124183f47ec6adf54b1cfc3e445f8,1,f32af0a8b0bcb05b60f05e8907ad8866,2a1348e9addc1af5aaa619b1a3679d6b,2017-01-31 12:22:34,29.90,14.11
b5eeec1b045b05d3e3010ef57120a8dc,1,17d17b9640ddee0ec3fa09c91b284ae9,cd06602b43d8800bd0afad514919d35c,2017-02-04 11:48:46,27.90,8.72
b607cddb1d5540b72adbffe3ffa05328,1,1ea0352ad33ece4164c6f98f2c25bc6f,abc015ebac1d283a323ca9db35ede4b9,2017-02-14 10:31:39,109.00,15.97
b60e330e00299aeeafa976b885447190,1,dcf0f4c00270e4e71c868cbfedff1e9d,54a1852d1b8f10312c55e906355666ee,2017-02-08 10:11:24,109.99,50.00
b626a11507dbce56f74a5b1b1a6af615,1,aeeed2c170290c9293b7f8f401714e01,5f0057b677eb963672bf05dfa3f16c34,2017-01-27 22:29:40,26.99,10.96
b64ac23ab101c7a751f630414df68790,1,4e5e41fb7d296a6f776c63fee5cb9fac,4d600e08ecbe08258c79e536c5a42fee,2017-02-06 08:47:57,649.17,18.71
b65db414b568d2c8b1eb008f7ea04096,1,1750753e77dc38c4afe6fc90f02c39bc,f8db351d8c4c4c22c6835c19a46f01b0,2017-02-07 11:33:20,36.90,14.52
b6659c7944e48c1be78a188b4d51dbeb,1,2cfec57b3d2ea171bceca7aef38d044a,77dcbb67ccb3659bd58eaf5661560a30,2017-02-05 23:33:26,24.00,16.05
b6e5aa946acc4e29e7069510f28a0bce,1,2a763f02c6a7a8ab7c1be0460ff891d0,cca3071e3e9bb7d12640c9fbe2301306,2017-01-22 17:58:42,149.90,19.33
b7026ba7432929d99880463305b8ce98,1,f3dd572f31692bb5b6ab21d2af0673b1,b7ba853e9551f4558440881fd3e5c815,2016-10-21 16:32:42,136.90,25.70
b73f09200030e4970b9840b72a630e45,1,16ba44d9231d19fc57e0a4188d0ce1cf,cca3071e3e9bb7d12640c9fbe2301306,2017-02-10 19:07:34,22.90,16.05
b7624f6b70f7b79ea2b092b6f1be678c,1,5291f2fd6367110ed90adc7a8da2f261,8cc6a0e5738e61a87b03c78b2ba9db4b,2017-02-07 22:21:47,94.90,18.09
b782d486ebb05fdf0ba6ec05652f704f,1,34742604f6cd1e891726b849b6890f81,76d5af76d0271110f9af36c92573f765,2017-01-30 16:29:30,859.00,59.58
b782d486ebb05fdf0ba6ec05652f704f,2,34742604f6cd1e891726b849b6890f81,76d5af76d0271110f9af36c92573f765,2017-01-30 16:29:30,859.00,59.58
b784702b3377c4b93c2159512fbf937e,1,13c20e4b6e3e7d4f0f336fedcf4198da,6cd68b3ed6d59aaa9fece558ad360c0a,2017-02-14 19:17:03,30.90,10.96
b78d95a93c70ace32ceafee76789a2f1,1,02ce467092b184e71d3967d29110adc1,a7f13822ceb966b076af67121f87b063,2017-02-19 22:00:56,176.96,33.52
b79559dba6909e4d8ac0ddf501a99f14,1,4a625789888350aabb6b1acd0e8f9e39,8a32e327fe2c1b3511609d81aaf9f042,2017-01-23 08:57:04,12.99,9.34
b79559dba6909e4d8ac0ddf501a99f14,2,4a625789888350aabb6b1acd0e8f9e39,8a32e327fe2c1b3511609d81aaf9f042,2017-01-23 08:57:04,12.99,9.34
b7ae7c643ef9274727f48dcb0ba08593,1,43f88c8353708451babf9bcdd1fda92a,cab85505710c7cb9b720bceb52b01cee,2017-01-29 16:51:27,49.90,14.52
b7d340862fa4167bf17497298bf8d84b,1,23384f296aa1bf6461d22912093a9847,891071be6ba827b591264c90c2ae8a63,2017-02-12 19:51:19,20.00,14.52
b7d6888a6d024b1e676d3156e53defb8,1,ff5f8606556b625613f069a5a9a48966,8cbac7e12637ed9cffa18c7875207478,2017-02-03 13:24:35,35.00,18.00
b7ef1124cfa9a18db6bb683801089f56,1,c941e81ce9fde807c2747a28fc360206,6338ea67c41078a46ad99cc009654956,2017-02-06 17:56:17,59.90,16.12
b8297ee8722ce94cc9a2e9263124cd36,1,be62f0c24387eae79f18265ad2a5d8cc,76d5af76d0271110f9af36c92573f765,2017-01-22 00:31:51,24.90,20.67
b843f3e786e91ebc527779dc682f5487,1,2635c3e7db0ac6cb3e733cac61ce0ba5,f8db351d8c4c4c22c6835c19a46f01b0,2017-02-16 01:27:41,26.90,10.96
b85614e04ee9ee71f2632faf63ff3ac9,1,e0f33a3329af6716a0bb47fd7a664439,7e26c750b4cb9f6766f58265ff9ebe95,2017-02-11 10:43:31,49.80,14.52
b85614e04ee9ee71f2632faf63ff3ac9,2,e0f33a3329af6716a0bb47fd7a664439,7e26c750b4cb9f6766f58265ff9ebe95,2017-02-11 10:43:31,49.80,14.52
b866af202be0692766081310cd4085e1,1,0561435e3af107a3bd2104466ad5985a,41b39e28db005d9731d9d485a83b4c38,2017-02-15 14:59:17,34.90,3.39
b866af202be0692766081310cd4085e1,2,63cbf4066cf395d6634831160ddacbbd,0b09101900100c0e9d312861fad5a1b9,2017-02-25 13:59:17,153.75,14.61
b88cd65e1d90bf6e185bf9b6f0b614cd,1,57e5c7033739b88d673eba67e9cf9376,89bc797e2e29667aa035d4368f9b7f92,2016-10-15 16:13:12,29.90,10.96
b89d3f466656d80cfaa4bf9698218c83,1,73a41d74cd46a1c78fe0a50d09920f3a,e067ad2c1c0b48758eb1b5228bcf7a68,2017-02-10 12:44:51,87.90,14.79
b8a4cbf978ddb7ef0264c480a122329f,1,1d828db422e61ea21702baf9eda8732d,b76dba6c951ab00dc4edf0a1aa88037e,2017-01-31 11:36:22,6.99,8.72
b8afeb65bbea252eef3d4a2845dfd6ab,1,4d397d263f26b146e2305cfecf8193ba,b1aaae6b66ad3c40f54b389d7ea4bee0,2017-02-10 15:58:15,30.00,14.52
b8b9d7046c083150cb5360b83a8ebb51,1,12715d8bb61f9c2c26219377d9737584,8fdca8e349553f99bc738833a62c8802,2016-10-10 16:05:20,107.99,11.80
b92e445b2b63be72a4cd1001e20826bd,1,8c34ab7fffe8c063bc8c6da88aa92185,76d336555bb25f3165d2f0d6da719c40,2017-02-07 19:52:09,165.00,11.76
b942bb8edd1c815cd011efcf4e05024e,1,473795a355d29305c3ea6b156833adf5,620c87c171fb2a6dd6e8bb4dec959fc6,2017-02-06 11:23:17,59.90,11.03
b9581bf1b646f4fc021b131e1ca4d034,1,1b06c90f0a31f14d0f505323b5723a80,f8db351d8c4c4c22c6835c19a46f01b0,2017-01-29 22:46:24,61.90,15.64
b95a0a8bd30aece4e94e81f0591249d8,1,6c04a068e5ab37749c980c42a036b9e3,48efc9d94a9834137efd9ea76b065a38,2017-01-09 12:01:20,10.90,8.72
b95b454428554b28f33786b07e41edc4,1,e1ecccdfd47d369563db0edf20549475,cca3071e3e9bb7d12640c9fbe2301306,2017-02-01 16:31:54,79.90,18.00
b95df3cef5297e79ef709ba256518f6f,1,6cdd53843498f92890544667809f1595,ccc4bbb5f32a6ab2b7066a4130f114e3,2017-02-07 17:19:01,349.90,13.84
b96f5299909903eedc435d396f90f726,1,c6edce374ec89184d740f3e674add5f4,7e93a43ef30c4f03f38b393420bc753a,2017-01-30 09:50:17,1299.00,24.30
b9763fc50599a4ba2c2405513546d844,1,6252b27a90918a7503170102a8b630a9,d12c926d74ceff0a90a21184466ce161,2017-02-12 13:24:01,39.90,14.52
b9b3a57801f2cb36617b727e256b4089,1,fec76cdd2170ca10b02e2f0d81ff4123,fe1bbc5feda5c8979a8a1b3b2512d5a6,2017-02-07 06:55:52,49.99,20.80
b9b51e569a2e79970555eb81107eb369,1,880be32f4db1d9f6e2bec38fb6ac23ab,fa40cc5b934574b62717c68f3d678b6d,2017-01-26 17:27:57,42.99,14.52
b9e69989a006047e2c8ee665b51b10db,1,04c48a5fe31aedc4ef3896c005fd483c,620c87c171fb2a6dd6e8bb4dec959fc6,2017-02-11 14:24:33,309.90,16.34
b9ed1cade4a77bad15fa7a3ced4585a4,1,f2af004352a06a99dca765596240cbc3,f4aba7c0bca51484c30ab7bdc34bcdd1,2017-02-12 22:57:03,23.89,14.52
ba3d713d46b9dadf35bf0ab911b06408,1,777d2e438a1b645f3aec9bd57e92672c,4a3ca9315b744ce9f8e9374361493884,2017-01-17 09:02:32,69.90,15.70
ba410d3716d84da98d4c313d16b13bf4,1,8815734317fa2693bcce3db610158d92,dd2bdf855a9172734fbc3744021ae9b9,2017-02-10 14:19:04,69.90,16.88
ba6ef427eddcdf12922391f524c053aa,1,36e5949d5ebec0e432fa58f5f3e65a54,dbb9b48c841a0e39e21f98e1a6b2ec3e,2017-02-14 15:27:02,39.90,10.96
ba78eeba3ae33579487bedc08dce96be,1,7642ddbf174d9a97119510f56be6c201,46dc3b2cc0980fb8ec44634e21d2718e,2017-01-28 14:14:29,279.99,22.59
bab0a62e41a5f0abc7f04989cdd7a6fd,1,f2b525fa6f0346d64e4efcf1b2302d31,822b63912576852aea9a8436d72317b7,2017-01-24 20:33:49,195.99,25.86
bb0ef554fe35f069cb84d62115f885f0,1,51f906f965ca71722df2059f9a7c1b62,3481aa57cd91f9f9d3fa1fa12d9a3bf7,2017-02-02 17:38:09,90.00,18.00
bb2dfe6031f35f7abc9a3c7dad5e4467,1,b68cf84ede4fd1e14b1740de5b727d55,e24fc9fcd865784fb25705606fe3dfe7,2017-01-26 14:09:03,636.00,15.84
bb448c2c512a6883aa2a26cb57b6cf4a,1,b463e740932577be6bedc720f216e79c,cca3071e3e9bb7d12640c9fbe2301306,2017-01-25 11:38:56,124.90,13.45
bb4f0c21ae6014e40ef007ff6fbcbeb9,1,0768657d39e02ff11e1a30708e010588,c458e2045a8aa8964f8879af03fdcce6,2017-02-20 17:48:56,34.99,10.96
bb780b0ed67fce7c92b2772fde29bc6e,1,26c574b434aeee44ae054dcb540f2ebe,7b0df942f46435babab05d49b744b2c4,2017-02-09 14:23:56,290.47,14.61
bb814d61ca007ff7d14736b5f8a8d89d,1,8ce0b48cdcc4b753ae4de64497998338,75d34ebb1bd0bd7dde40dd507b8169c3,2017-02-19 12:41:13,131.99,11.66
bb814d61ca007ff7d14736b5f8a8d89d,2,8ce0b48cdcc4b753ae4de64497998338,75d34ebb1bd0bd7dde40dd507b8169c3,2017-02-19 12:41:13,131.99,11.66
bb9fd560a08ca7403789dedaca85da14,1,3c37a8a5d5ef2eca9d5e6ccf39673031,46dc3b2cc0980fb8ec44634e21d2718e,2016-10-21 16:23:22,199.99,17.31
bbcec25aefec973dfa1b9499147fdf76,1,4a90b44b456e79e7a33435fdd36e551f,c9a06ece156bb057372c68718ec8909b,2017-01-14 14:08:07,380.00,45.07
bbd33e429ca683f6c4a848acdaab9f9a,1,f821142b81bcee787d6383b5c384d37d,9baf5cb77970f539089d09a38bcec5c3,2017-02-11 00:34:52,119.99,32.44
bbf0608a4772666602f2fe57fe81742e,1,bf00630db939d773babccfe2449e9075,6edacfd9f9074789dad6d62ba7950b9c,2017-01-30 21:07:27,105.90,17.58
bc0e0c28cbe995798d3afb7c7c75d269,1,fd8a5b9a8a79d7ba0739d69be5dc5aa1,7e93a43ef30c4f03f38b393420bc753a,2016-10-12 03:19:10,1399.00,24.55
bc7bc14f585b1879f63e89cb0e4cfa17,1,9ce4603565c839785b24a7e95e28f4eb,59fb871bf6f4522a87ba567b42dafecf,2017-01-29 10:41:24,119.99,19.54
bca58807bbe0c11fa3099e2328f62647,1,95c40b993a22463c83beb5c51a03d46c,85d9eb9ddc5d00ca9336a2219c97bb13,2017-02-15 13:17:53,20.90,24.35
bcb093f60b7e48f285bf92f681e65651,1,c9d1849f97b6fe404378805a105d64ec,7722b1df1b0e383e000397b2c11e3e19,2017-01-23 13:06:45,89.90,11.24
bcbc0973414b1dd97555e6f8e9713cfa,1,48a12f318432c4b6a1fdfd5d79372e66,cca3071e3e9bb7d12640c9fbe2301306,2016-10-09 03:45:42,79.90,15.91
bcbc0973414b1dd97555e6f8e9713cfa,2,fd440fd792fd8a4b681f1eb258c25445,cca3071e3e9bb7d12640c9fbe2301306,2016-10-09 03:45:42,79.90,15.91
bcbc0973414b1dd97555e6f8e9713cfa,3,66e08854f9319c6aa4874ca435598331,cca3071e3e9bb7d12640c9fbe2301306,2016-10-09 03:45:42,79.90,15.91
bcbc0973414b1dd97555e6f8e9713cfa,4,d48e56be99464cbf285a9da17f618165,cca3071e3e9bb7d12640c9fbe2301306,2016-10-09 03:45:42,79.90,15.91
bcd03a007dcad04bc88701f563b985b7,1,87283a98b24f9f1ac3a31b631073cf47,cab85505710c7cb9b720bceb52b01cee,2017-02-12 21:31:38,49.90,8.72
bcf5665129063675d2d1006d95d3c813,1,430d215740da7fdda91cc938f8fd92f6,0887a9f087bcd5d9f6642b52f897fc6c,2017-02-06 23:09:15,104.00,14.90
bd0f032970584aa4a5b78947cb63e455,1,564f6ff7ae760d6eda6d32c551724036,da8622b14eb17ae2831f4ac5b9dab84a,2017-02-18 18:17:17,159.90,21.20
bd2623f3663c5daa3f89e6b527fd49da,1,6d59a3fe3140425fb175cdd1e688dc2e,cca3071e3e9bb7d12640c9fbe2301306,2017-01-27 17:08:01,29.90,10.96
bd4b5585c4d7c16db3fe69d062fcafb0,1,623fb8cc5f36842aa32650e2208a08c8,f8db351d8c4c4c22c6835c19a46f01b0,2017-02-07 13:32:11,24.90,24.84
bd50a7fe9fd97ea4b7663031a319e150,1,f5d8f4fbc70ca2a0038b9a0010ed5cb0,48efc9d94a9834137efd9ea76b065a38,2016-12-27 23:16:47,10.90,8.72
bd726a1bcd046edd7019cee8a66245f7,1,ec1600d8f15b93ce3e402f522696a18c,432c67955c0acd1fd6b0b5d678766a71,2016-10-15 11:02:24,389.00,60.65
bda31774eda0320ee68c33da94027e4d,1,baeb8e1a680cf9e1f13557d74b6cec3d,a36ac007a4d18f865c8d32c3b2402c2d,2017-01-27 18:34:12,129.99,16.02
bdf4423bf60eac03b6786ebd0e507cc1,1,2636a9812d151c718b53387171ce08be,b17b679f4f5ce2e03ce6968c62648246,2017-01-30 23:10:07,30.97,10.96
be0321747be0efc1c7241a5e985dd299,1,1da5a90b5fbd1e1bc37b7bbb999c7bd3,de66a66f2dd06bb9ec37aa96987466a3,2017-02-06 08:35:36,45.89,14.52
be0321747be0efc1c7241a5e985dd299,2,1da5a90b5fbd1e1bc37b7bbb999c7bd3,de66a66f2dd06bb9ec37aa96987466a3,2017-02-06 08:35:36,45.89,14.52
be087f2e4d527446e82a0e44d5f95d34,1,2d7bc40a076687ee0ad5b507ecafd4f3,2bd05d410a8fd26dc4184a15f4f2f588,2017-02-06 11:41:13,53.00,14.13
be09f109e6aa72ccad1f72f521f8d525,1,7d1de1f9f0157db00486b7ff28b6c5a2,8a87611c08849ffeeccab52aa798b6c7,2017-02-02 20:03:45,110.00,18.00
be46fc2896fdd32b6e696f7fe8fe8482,1,163365b4428bf91ee261186233e5f796,bf961104a38e01b9062ee026bb657dee,2017-02-06 20:01:48,146.39,22.62
be5bc2f0da14d8071e2d45451ad119d9,1,fd7fd78fd3cbc1b0a6370a7909c0a629,f09b760d23495ac9a7e00d29b769007c,2016-10-21 16:33:46,21.90,17.19
bec25025b8d0b7db00c510720053761e,1,01586bfbe1d5449887f1cac4ad1fbd02,b76dba6c951ab00dc4edf0a1aa88037e,2017-01-29 12:21:10,12.97,10.96
beeff7037aa708c19973290382629a4c,1,a24198acc2d0e8240c40d914bd18df04,218d46b86c1881d022bce9c68a7d4b15,2017-01-30 18:54:48,209.99,12.86
bef761ad270a4c4eb98b46f8de712530,1,ac9582d10bd0aa9ee0e32da77c4495b6,b127efdabeffb5d559349c7b172eb75d,2017-02-05 20:48:26,28.00,10.96
bf44408de1d05eef70fb026ba64a90ea,1,1a2d84c11fbc7b3d7c0a10206c085ce5,b76dba6c951ab00dc4edf0a1aa88037e,2017-01-10 21:30:38,10.49,10.96
bf4931e6025b2bdd77ffa4264659c9e6,1,5b8423dc7f23089c9c59c5d140eb5a1c,a3a38f4affed601eb87a97788c949667,2017-01-31 18:28:44,129.99,18.00
bf79d036f5374ea92a94c50341ada3da,1,2239cf6b4421c4bd57f8a87127800929,7c67e1448b00f6e969d365cea6b010ab,2017-02-10 09:08:09,129.99,46.40
bf79e4fa55a389d494f47feb2654892c,1,fe09eb5f7bfcb79d05df7c4e83ec204e,2a1348e9addc1af5aaa619b1a3679d6b,2017-02-04 21:11:10,14.90,14.52
bf88003f2580db7589007ec44bc85695,1,fdf648fe44c2e24e9857c8d4ad5a7028,903037660cf848a717166eb7a06d616e,2017-02-02 20:55:38,22.79,18.00
bf9d705db9fe15b5bd6a0a35c3e3365f,1,441571d37eb4c02c1686c4a2cff8a8e5,5a8e7d5003a1f221f9e1d6e411de7c23,2017-01-15 19:21:04,119.90,11.45
bfa74f7450cf978b57226b70a6a8936f,1,d8de812ed5d981fc6a3984f4caa2aa05,54a1852d1b8f10312c55e906355666ee,2017-01-31 12:51:19,59.99,11.03
bfb022f17ef48196bf7cda1a9a437517,1,e40fa115d27ea4a80bf2136d5f0cfcd7,d91fb3b7d041e83b64a00a3edfb37e4f,2017-02-16 14:14:09,159.00,15.28
bfbd0f9bdef84302105ad712db648a6c,1,5a6b04657a4c5ee34285d1e4619a96b4,ecccfa2bb93b34a3bf033cc5d1dcdc69,2016-09-19 23:11:33,44.99,2.83
bfbd0f9bdef84302105ad712db648a6c,2,5a6b04657a4c5ee34285d1e4619a96b4,ecccfa2bb93b34a3bf033cc5d1dcdc69,2016-09-19 23:11:33,44.99,2.83
bfbd0f9bdef84302105ad712db648a6c,3,5a6b04657a4c5ee34285d1e4619a96b4,ecccfa2bb93b34a3bf033cc5d1dcdc69,2016-09-19 23:11:33,44.99,2.83
bfbf87cc2829df6adac299ab0cc012bc,1,d99a9035db5875b38e59f9f55b9548f1,31344c16881c08a8a72c6d2eb29918c1,2017-01-30 21:58:21,229.90,21.92
bfd31c6f76ff82a41e7beb05565aec4d,1,b4b1c13bd539cdda68bd9a5e899767fb,b7ba853e9551f4558440881fd3e5c815,2016-10-17 16:56:40,239.90,12.29
bfd53bc941fd49984cc67168afbbd531,1,1d1d29cb3e67f3a4d7eb040b5a13d361,7c67e1448b00f6e969d365cea6b010ab,2017-02-12 17:16:41,176.99,53.79
c004caad90ab5b86dcc0e253eee4491b,1,aba86c093ccdbac75b09111d57e50004,7c67e1448b00f6e969d365cea6b010ab,2017-02-06 19:44:25,119.60,18.00
c022b7da8ab7a4a04bd561c8f765a14a,1,d36c8237f8a0a889aa9d6ac7816097e3,80e6699fe29150b372a0c8a1ebf7dcc8,2017-01-21 23:40:42,169.00,25.00
c0c48daac5ca760ce57d4e500886dc56,1,f1e297029531521190bb2312a90df567,8a32e327fe2c1b3511609d81aaf9f042,2017-01-26 14:13:58,29.99,10.96
c0e7ba8e4333d68153dfe2fbc8f613f7,1,2c715979f8471e42e0daeeb855f04f9c,77530e9772f57a62c906e1c21538ab82,2017-02-13 12:44:35,119.00,17.57
c1218dcc236c1b2e5d2e9e4313127c0b,1,3b43f7794dc5da533ffd74ebfeccf539,cb3dd9ce66268c7a3ca7241ac70ab58c,2017-02-14 01:47:42,22.99,8.72
c13e334a4d2b0b11e6422e69d009de0c,1,6f7064aeb028bc3a214a6e2bd5795e9d,b2ba3715d723d245138f291a6fe42594,2017-01-30 17:38:13,34.90,15.11
c13f61a17915a48e0741b02a6b7a3fe8,1,592dcb7933e5bf8d04d6b80a6c6312a2,cca3071e3e9bb7d12640c9fbe2301306,2017-01-28 15:01:29,59.90,13.00
c141123e3bc9866f39f5dd9a3b3bdefd,1,81288df52439985f610be64465e53f57,54a1852d1b8f10312c55e906355666ee,2017-02-08 18:25:27,109.99,24.97
c19f01711a28636df6bb57d440865c76,1,15529bfa2d73947d1e03020f58f5a016,7c67e1448b00f6e969d365cea6b010ab,2017-02-10 22:23:47,79.99,38.20
c19f01711a28636df6bb57d440865c76,2,9f05bf9bbb9b5629e674ce58804cd164,7c67e1448b00f6e969d365cea6b010ab,2017-02-10 22:23:47,79.99,0.08
c1c7631c24af4189464f9bc75189fb55,1,2b6d84a08eed9e50e3d8389b56cd3327,c447f8dd3ed213f291d65ef074a268eb,2017-02-15 19:40:36,65.00,11.06
c1d4211b3dae76144deccd6c74144a88,1,5ab02ca028398131a5ae91401eb49788,80e6699fe29150b372a0c8a1ebf7dcc8,2017-01-23 12:48:08,39.99,14.52
c1e2bf2b7dd3309f2f5356c6b63968fa,1,2029248294c186017ecfc48cecd47bbd,d50d79cb34e38265a8649c383dcffd48,2017-02-14 10:19:10,126.99,16.50
c1e2bf2b7dd3309f2f5356c6b63968fa,2,91a5ae441d12befb1c62c19c4ffc940e,8a87611c08849ffeeccab52aa798b6c7,2017-02-14 10:19:10,155.00,28.29
c253cb678b5c3b8e8c9a13fc97d8e7f5,1,6f19f41a7c7ac7e45f4070d07ed80a75,75fbb52eda0cbc24f479d3b2fbfa8d3e,2017-02-10 14:31:27,14.90,20.80
c3084098ea4ba59510ba1278d3cee2d2,1,d26580768894ea0cdc9f19dc672956c2,d50d79cb34e38265a8649c383dcffd48,2017-02-12 08:09:51,169.99,24.18
c3228fb3eec33bd6bdb6259cda52759d,1,591c08a1d9290193bd96d8c9e6e607ac,701938c450705b8ae65fc923b70f35c7,2017-02-11 19:09:08,103.99,24.12
c356d4dbafd1289aa49e2b0ed1d2fce9,1,ad88bf1ad347307438c9c852084a06ed,c9d2ba8dde44a275ae06475ed1d2fafc,2017-02-11 00:33:42,28.79,14.52
c37d452db8a3abfa3d99c322e92ef0ef,1,ca349c4d87c594b4995fcc4fa9c0b77b,b499c00f28f4b7069ff6550af8c1348a,2017-01-30 15:50:03,39.99,14.52
c383ab7c64e3ee1503e3574b22e37dab,1,591afedd45ae097827bf674a8491ea21,debe6615cd90cc0c2eac2b8988e1f628,2017-02-02 23:09:31,59.90,27.00
c3ad507aba1f6b47354085e7e6bed0cf,1,6cc859e89d080218ff4416539ffa030c,cca3071e3e9bb7d12640c9fbe2301306,2017-01-26 19:46:23,99.90,41.26
c3ad507aba1f6b47354085e7e6bed0cf,2,8e0aa05a387182c8ef3cd13b6131e60f,cca3071e3e9bb7d12640c9fbe2301306,2017-01-26 19:46:23,169.90,14.86
c3ad507aba1f6b47354085e7e6bed0cf,3,6cc859e89d080218ff4416539ffa030c,cca3071e3e9bb7d12640c9fbe2301306,2017-01-26 19:46:23,99.90,41.26
c3c35f2d43a0d5fd996de1f3b77ffa0d,1,4abef02c9dfc89006cb3d501d1f291c1,d98eec89afa3380e14463da2aabaea72,2017-02-15 18:05:27,50.00,16.05
c3d9e402b6a0fbe2a5f7fc5b41117c38,1,817e1c2d22418c36386406ccacfa53e8,624f4ece8da4aafb77699233d480f8ef,2016-10-08 10:45:33,189.00,48.45
c3f2036b1de806c740a50b53bc3255dd,1,521037bc7634babf82c004187b6673e7,76d5af76d0271110f9af36c92573f765,2017-02-04 13:20:04,32.89,15.56
c45c354aed442407610326035c6c44d6,1,81c891c541361f1108fe9e2a645324d9,5dceca129747e92ff8ef7a997dc4f8ca,2017-02-01 21:22:15,869.00,24.00
c4669e882068cc0ade2697ed2169326e,1,9fc063fd34fed29ccc57b7f8e8d03388,ccc4bbb5f32a6ab2b7066a4130f114e3,2017-01-31 21:44:24,370.00,24.52
c46b48abd599551232324a6e9077bf19,1,eba7488e1c67729f045ab43fac426f2e,620c87c171fb2a6dd6e8bb4dec959fc6,2016-10-10 15:49:48,249.90,20.85
c4b41c36dd589e901f6879f25a74ec1d,1,9e93b2c4cb5eea05e75a481c129b104d,ce27a3cc3c8cc1ea79d11e561e9bebb6,2016-10-08 13:26:12,9.90,8.72
c4e980a1d822db426982878b3cfdda6e,1,04df667e73ca2fab4b9a97c86466b699,4d600e08ecbe08258c79e536c5a42fee,2016-10-13 15:15:11,649.17,25.16
c4f710df20f7d1500da1aef81a993f65,1,c1488892604e4ba5cff5b4eb4d595400,1554a68530182680ad5c8b042c3ab563,2016-10-26 16:35:46,39.99,11.80
c504b1d68ad8d98a627dadca7ca53673,1,be5353e2c543ba4f67831f95d3775420,f4aba7c0bca51484c30ab7bdc34bcdd1,2017-01-26 18:30:51,23.90,14.52
c523f76b5fb8a02c2022378c58a597e2,1,11875b30b49585209e608f40e8082e65,669ae81880e08f269a64487cfb287169,2017-02-13 16:41:29,65.00,14.62
c52497bdac8af9917fe744d605bdc43b,1,6050e522f532bdf1c69623a0312a39db,066a6914e1ebf3ea95a216c73a986b91,2017-02-02 22:47:29,99.90,18.00
c52a603ac74efb60aefc2f0e79d3a432,1,430d215740da7fdda91cc938f8fd92f6,0887a9f087bcd5d9f6642b52f897fc6c,2017-02-06 15:22:02,104.00,21.18
c52edad050bea3d2f56fbc6be373c44f,1,5b8423dc7f23089c9c59c5d140eb5a1c,a3a38f4affed601eb87a97788c949667,2017-01-28 18:22:14,129.99,34.11
c5b1a5d21958f98a0c66114d622bc0ed,1,d24659126d5bbd0b1bacba3e8d17a978,7b07b3c7487f0ea825fc6df75abd658b,2017-01-29 15:32:48,25.00,14.11
c5d58ec8e7e7184d9a9d42b75ffa002d,1,4abef02c9dfc89006cb3d501d1f291c1,d98eec89afa3380e14463da2aabaea72,2017-02-16 12:30:04,50.00,16.05
c5dd7d8ff84739ecc6526d97ee22f784,1,a710be5818329b097a82bb26b480f5fa,54a1852d1b8f10312c55e906355666ee,2017-02-11 15:46:54,59.99,11.03
c5e754f77f6f127371e929ccb707fce3,1,aba86c093ccdbac75b09111d57e50004,7c67e1448b00f6e969d365cea6b010ab,2017-02-20 09:53:48,119.60,11.45
c5e86e382215a14b35e8a51f1110f39d,1,583f23b0484747654c01a98021608a89,b2ba3715d723d245138f291a6fe42594,2017-01-27 17:04:36,164.90,11.33
c6444f5adda5b95c297cbb3badd3a1fd,1,1750753e77dc38c4afe6fc90f02c39bc,f8db351d8c4c4c22c6835c19a46f01b0,2017-02-05 12:16:34,36.90,14.52
c6522dab7d6b83ada4140b653c4db0b5,1,a50acd33ba7a8da8e9db65094fa990a4,8581055ce74af1daba164fdbd55a40de,2017-02-03 16:07:38,117.30,18.00
c6be81e3c1e9e15e5893e19d7ce49647,1,88d524b8b5576da63abf7b16bef48a39,2a1348e9addc1af5aaa619b1a3679d6b,2017-01-30 20:15:14,48.90,14.11
c6da623560d211f315e175c9af4c8727,1,6a0713a63e990052795623e76cc2995e,d2374cbcbb3ca4ab1086534108cc3ab7,2017-02-24 14:36:37,61.90,14.60
c6e85bb83d4a4831b79ccd25b2b98cd8,1,249da6972f14b13495be6a75239e9a91,0c8380b62e38e8a1e6adbeba7eb9688c,2017-02-15 16:11:15,43.90,15.56
c6eb5dced200e49271f44b142658b6bb,1,2636a9812d151c718b53387171ce08be,b17b679f4f5ce2e03ce6968c62648246,2017-01-29 22:19:51,30.97,10.96
c71cf183a3308543154b435e645f56d4,1,9453bde60c4ee52155c963641736cfc5,5c243662ce92d84573bfaff24c3e3700,2017-02-10 23:10:15,514.99,15.02
c72727d29cde4cf870d569bf65edabfd,1,ee2f96cb63d491d963a67285f048775a,fce62094ffe6a4009188ec44e681dfdd,2017-05-12 17:01:15,25.90,26.09
c776863a93dc0740c6e7d78104b21413,1,ddc50b859563aa0b3d663559f3696690,a7f13822ceb966b076af67121f87b063,2016-10-29 09:43:55,176.97,87.11
c78634fb21ecbb54b2b2498a660082ac,1,db7a58cce179f80f562fb714ceee9319,cca3071e3e9bb7d12640c9fbe2301306,2016-10-21 16:27:35,99.90,12.26
c78634fb21ecbb54b2b2498a660082ac,2,db7a58cce179f80f562fb714ceee9319,cca3071e3e9bb7d12640c9fbe2301306,2016-10-21 16:27:35,99.90,12.26
c79fcf430e3532739c1344bdc0a021db,1,2eb9b2ef7c1da3c7b99702452ea4729f,0db783cfcd3b73998abc6e10e59a102f,2017-02-09 17:22:31,99.00,21.14
c7b2b75e4013ba825f8617a06936a014,1,e297f32e51682c1c7d6195d58a86d92b,4e7c18b98d84e05cbae3ff0ff03846c2,2017-02-12 08:36:00,169.90,31.93
c7da1b57f7d2251252370bc7d94168fe,1,f457c5f0c72ba4cae17636c5174add2e,9646c3513289980f17226a2fc4720dbd,2017-02-02 21:27:17,18.00,20.00
c7e64567d07503e82847c129519ea90c,1,410d5b211dce5611e7a6412bf0cc30fa,2138ccb85b11a4ec1e37afbd1c8eda1f,2017-02-17 14:25:19,18.99,14.11
c818ed0d99c7998f73659bd934936177,1,c4cca1d23088d10099f52159878b6686,dc8798cbf453b7e0f98745e396cc5616,2017-01-29 10:09:17,54.90,14.55
c8258090bca7cc6a62c1e15d7fd995d4,1,f3412532ea4da687eaa6943639812bc3,e8f6dc8e6a1dcde89d20e3995c8d90b3,2016-10-13 23:48:47,134.90,16.09
c82d05a27c07ba92d333b046a6042d32,1,9b2db9ec16a8a51549f32462bf973523,a3a38f4affed601eb87a97788c949667,2017-02-16 10:01:47,128.90,25.64
c867dd64bd728f7a87d1c868c7c2c33f,1,bb31a27a0b24236c8ce7e0c6264c51ec,2138ccb85b11a4ec1e37afbd1c8eda1f,2017-02-13 20:56:00,19.99,20.40
c870c1f3a9ba62194d1060c0accb18dd,1,b4f9530c931398e215242293c2c8ba4c,4e922959ae960d389249c378d1c939f5,2017-01-28 11:15:23,45.00,11.03
c870ef6a8e1d8eec841d79b42a6a20e4,1,1c2862e8f831c73dd953c24b3fd5b9e2,df560393f3a51e74553ab94004ba5c87,2017-01-23 20:45:08,31.50,14.52
c89051e4897cdf9edda25069d5414a2f,1,ef5ad80d84199def6971cac1eec1bd0e,82bd0703a4aefd6b599e5bfdaed378fb,2017-02-05 16:15:50,260.00,28.08
c8aea852a760205e92591d5053231e07,1,8aa6223e400af9c97b07c75993142721,1f9ab4708f3056ede07124aad39a2554,2017-01-31 18:00:27,219.99,18.00
c8dee79811750611b390fe9501b1c543,1,2635c3e7db0ac6cb3e733cac61ce0ba5,f8db351d8c4c4c22c6835c19a46f01b0,2017-02-12 19:45:22,26.90,24.84
c8ea1ac95f4f994f94fb57e99dcca985,1,389d38a555287ebf3413ce43392cf007,2a1348e9addc1af5aaa619b1a3679d6b,2017-01-18 01:16:14,34.90,14.11
c920c9b4a0fbe334f146d3b9822f3cce,1,04c48a5fe31aedc4ef3896c005fd483c,620c87c171fb2a6dd6e8bb4dec959fc6,2017-02-13 12:53:13,309.90,17.87
c933809ecd707fa9bee6a810c2999471,1,12595985a0207bedf6e09ef07e1f98a3,80e6699fe29150b372a0c8a1ebf7dcc8,2017-02-11 19:52:19,102.50,76.51
c95faff6a7398b926ba8b0f23c9b2ea9,1,8d29be6478bbde713745b8f567edc734,4aba391bc3b88717ce08eb11e44937b2,2017-02-06 01:00:37,255.00,19.38
c96209cd1d43d071d3bdf48d299b7aa5,1,bc33268e0ab8b9c13207af78f8a62b75,48efc9d94a9834137efd9ea76b065a38,2017-01-09 15:37:58,11.90,8.72
c9645496b715730a1a5d07eb97a6bf6b,1,41817d1d44000e3105f24470a5224bcb,218d46b86c1881d022bce9c68a7d4b15,2017-01-22 14:56:47,128.00,13.48
c9677a4babf96837ee697317b7963a92,1,cc2232dbef2c9fca23f4c7f6a19a42e3,198c7ea11960a9844b544d9bcdca860c,2017-02-10 08:13:13,14.99,17.78
c96867b4091191ba74279fc255656525,1,4a90b44b456e79e7a33435fdd36e551f,c9a06ece156bb057372c68718ec8909b,2017-01-17 20:53:54,380.00,45.07
c96eb9c4da11e7df402259beeb330f15,1,810cb3c5af006624fa32d362077af85f,373ee4a3a775a733770ca3f790b8b9ac,2017-02-10 18:57:19,45.69,12.93
c96eb9c4da11e7df402259beeb330f15,2,810cb3c5af006624fa32d362077af85f,373ee4a3a775a733770ca3f790b8b9ac,2017-02-10 18:57:19,45.69,12.93
c98b0fbac2717f072d5089e8af088304,1,50908a7240199b240e6d857e740cafd8,620c87c171fb2a6dd6e8bb4dec959fc6,2016-10-13 13:57:02,239.90,16.75
c9a54f6ed83e951ec2cbec315d2333cd,1,5faf9582cc171d5db03fdf4b80076a15,7c67e1448b00f6e969d365cea6b010ab,2017-02-18 14:00:53,176.99,53.79
c9bfa5aa446a8a2e13124ddcff398657,1,d465fef4e52e46bc9e04996b37789bbd,8a87611c08849ffeeccab52aa798b6c7,2017-02-06 12:08:12,53.95,15.59
c9cf685a5970016a369f50c8f42e87b9,1,4cf712858586ea03ca847ca8aa2c8228,cca3071e3e9bb7d12640c9fbe2301306,2017-02-20 15:11:04,50.90,11.75
c9d0365e799572906dd4a83e17d1b6e5,1,473795a355d29305c3ea6b156833adf5,620c87c171fb2a6dd6e8bb4dec959fc6,2017-02-02 23:24:19,59.90,18.00
c9f7bcb4ff5c6c8e661cb6cd7fd0974b,1,d8de812ed5d981fc6a3984f4caa2aa05,54a1852d1b8f10312c55e906355666ee,2017-02-03 11:47:10,59.99,18.00
ca254c5904f6a9a9063eef5239c54197,1,14dffa241a078aeaebaef48a49e807ca,fa40cc5b934574b62717c68f3d678b6d,2017-02-11 19:58:15,64.90,14.62
ca3b8093576a51bea61c9782c7771f62,1,1178e5819b87e4a8846d636e39df026b,bd4ff04377f974574f7f0bf9d6ce7dde,2016-10-21 16:33:31,49.99,10.96
ca5a215980675471f0cf8199c041909a,1,f5d8f4fbc70ca2a0038b9a0010ed5cb0,48efc9d94a9834137efd9ea76b065a38,2017-01-09 14:23:54,10.90,8.72
ca674a7cd949c98c9e02bc4c5922836d,1,d6783a6e939059f756562de164efc447,e6a69c4a27dfdd98ffe5aa757ad744bc,2017-02-13 20:19:47,6.57,14.52
ca6bd54a877cb432b4fb96afe8f6edff,1,afad7a4420a4348d41da23ed8d0902dd,3481aa57cd91f9f9d3fa1fa12d9a3bf7,2017-02-12 23:56:06,59.90,27.61
ca7d7c95b0f170aae8a2ee59e2f24f66,1,0c21c38f5c53913ec6ae3884484aac81,15aec03fe4cf30dfa574cf550f5ff5ff,2017-02-15 16:09:42,28.90,10.96
cac247cece621e1bc64748d44331d22d,1,eba7488e1c67729f045ab43fac426f2e,620c87c171fb2a6dd6e8bb4dec959fc6,2016-10-21 16:23:22,249.90,23.87
cb27e0d6c6f92df591073fb6ad5ef7f0,1,1e6981e727154bcd941d51fda894b183,46dc3b2cc0980fb8ec44634e21d2718e,2017-01-28 12:14:05,149.99,15.81
cb29497c3782a76b57327c055d58b0e0,1,8adc1d29aa4fd4d758a91ef997c8a0a2,b2ba3715d723d245138f291a6fe42594,2016-10-21 16:22:52,64.90,16.70
cb29497c3782a76b57327c055d58b0e0,2,8adc1d29aa4fd4d758a91ef997c8a0a2,b2ba3715d723d245138f291a6fe42594,2016-10-21 16:22:52,64.90,16.70
cb2b577a4ebd84bf84ff3990084d490f,1,a5c3ddb1a400f50d1cf7138727aec136,817f85dbb65aa3e70831d90fe75cdf89,2016-10-21 16:23:04,128.90,21.01
cb4980b31efc7af3ee819aa60582c31b,1,eb7172d8a3c64298d2d767f6603c231e,725c32fa80c2faacc4fc88450d27314e,2017-01-21 12:42:06,44.95,14.52
cb71bbdb68e876878e7c73346725a901,1,88d165f46820f016a6840428dd5b7996,620c87c171fb2a6dd6e8bb4dec959fc6,2017-01-29 18:51:43,259.90,19.25
cba1cb073e8cf5375b9f786704de8e80,1,c1066831f90626b7fd73ed871a49f158,bf100ecb7997df312b285358fb32f92c,2017-02-03 17:09:28,59.90,9.00
cba1cb073e8cf5375b9f786704de8e80,2,c1066831f90626b7fd73ed871a49f158,bf100ecb7997df312b285358fb32f92c,2017-02-03 17:09:28,59.90,9.00
cbbb524a0e1646aa6cf7a3c0bbe517ad,1,bab7ff9abbcc13690a62d015f2ca8e44,229c3efbfb0ea2058de4ccdfbc3d784a,2016-10-10 02:46:24,75.00,20.58
cc008d324278200689ee451a547b97c3,1,027cdd14a677a5834bc67a9789db5021,620c87c171fb2a6dd6e8bb4dec959fc6,2017-02-05 12:34:54,99.90,11.31
cc0a676b66d4a6615ad8125548b44d12,1,104df90728d375537321e6d994168cc1,d379f449f2a3b271bc01c0782020f705,2017-02-12 01:42:45,449.90,41.78
cc585bf1df31232b1654bde95ef0730e,1,473795a355d29305c3ea6b156833adf5,620c87c171fb2a6dd6e8bb4dec959fc6,2017-02-08 10:06:56,59.90,11.03
ccc1002577e950545f551f79bd3cf01c,1,f32af0a8b0bcb05b60f05e8907ad8866,2a1348e9addc1af5aaa619b1a3679d6b,2017-02-10 23:31:18,29.90,10.96
cce1b8a1c5f8b1d224e19628299c8f54,1,f5d8f4fbc70ca2a0038b9a0010ed5cb0,48efc9d94a9834137efd9ea76b065a38,2017-01-09 13:33:45,10.90,8.72
ccf15697e8a9c460dd3bab4f04270c9b,1,4aab09f985ad828b2733c0c0defc7911,1bc2e21de46adfea6b98cc96b00f3b40,2017-02-10 23:01:32,219.99,21.62
cd068e0974cffc5007e3b5dcb416da26,1,88d165f46820f016a6840428dd5b7996,620c87c171fb2a6dd6e8bb4dec959fc6,2017-01-29 15:19:12,259.90,12.43
cd232b4fa3d7c031b04bc3d97e21344b,1,80fb011fd54fa5e1911a2f80c0fc878d,25e6ffe976bd75618accfe16cefcbd0d,2017-02-13 20:34:26,51.40,24.85
cd383d7a5f926abfe7b2ee1b80078b45,1,c62dee961914cc2e49239963b04258ec,38874e327ce94d11390b96eb42d61928,2017-02-13 22:05:38,699.99,80.69
cd3ad05bdb70488e29c3afb5641cc178,1,a703f5ade6e4fae527357132230ea778,f4aba7c0bca51484c30ab7bdc34bcdd1,2017-01-30 13:52:09,23.90,14.11
cd3b8574c82b42fc8129f6d502690c3e,1,e2a1d45a73dc7f5a7f9236b043431b89,b499c00f28f4b7069ff6550af8c1348a,2016-10-08 10:34:01,29.99,10.96
cd43510a9992792a9e22f4e9f8d20f4b,1,6cdd53843498f92890544667809f1595,ccc4bbb5f32a6ab2b7066a4130f114e3,2017-02-09 18:46:27,349.90,33.15
cd63595a31d3717ff7ea9a0b041104a9,1,3790861742b5e1e8c72bc179fbeba4be,066a6914e1ebf3ea95a216c73a986b91,2017-01-27 20:46:11,24.90,14.52
cd63595a31d3717ff7ea9a0b041104a9,2,3790861742b5e1e8c72bc179fbeba4be,066a6914e1ebf3ea95a216c73a986b91,2017-01-27 20:46:11,24.90,14.52
cd6f777c4734b77c8f01725d6a3500c0,1,eb7172d8a3c64298d2d767f6603c231e,725c32fa80c2faacc4fc88450d27314e,2017-01-21 18:24:14,44.95,10.96
cda873529ca7ab71f677d5ec11a40304,1,79938780eb7ffb7289f59a9a283bc06b,ecccfa2bb93b34a3bf033cc5d1dcdc69,2016-10-21 16:29:58,59.90,16.00
cdf7a96f7174972cf5aea7f6225ff799,1,98d61056e0568ba048e5d78038790e77,8581055ce74af1daba164fdbd55a40de,2017-02-10 19:24:54,169.00,18.47
ce500b2ca0d960f937fb4d24282d3291,1,31c50827b6b5d0f51d61c8b2aa98f6e6,7a67c85e85bb2ce8582c35f2203ad736,2017-01-31 12:15:07,129.99,21.54
ce678bd6591f2487c9b4f5af45b4619f,1,4a90b44b456e79e7a33435fdd36e551f,c9a06ece156bb057372c68718ec8909b,2017-01-17 20:08:30,380.00,39.06
ce86fa5a5108884726a2244bcae51ae6,1,f5d8f4fbc70ca2a0038b9a0010ed5cb0,48efc9d94a9834137efd9ea76b065a38,2017-01-09 13:29:03,10.90,8.72
ce9840efc17fbec501472f7c784be1bf,1,bd3024f7222c241a5e112251621397cb,d12c926d74ceff0a90a21184466ce161,2016-10-21 16:25:50,18.90,14.52
cea4a13d87d71c7fc5ed35c588ce28b8,1,4bb4fb9c85785b75ab4f6559900c7ca1,ef506c96320abeedfb894c34db06f478,2017-02-13 17:25:13,37.99,8.72
cea5026b69096ddae036dee16fb94afb,1,5a4ec7366f4a5fddd269c4d9a047c6c3,2a1348e9addc1af5aaa619b1a3679d6b,2017-02-12 17:48:25,16.90,10.96
ceb2344189044ab3b6fa590520a71881,1,0b230f10ac2cfc4c831b825bf31a5de2,fa1a9dec3a9940c072684a46728bf1fc,2017-01-27 13:57:21,135.90,16.16
cedfe51bd6a794860c83382885f2328c,1,2636a9812d151c718b53387171ce08be,b17b679f4f5ce2e03ce6968c62648246,2017-01-29 20:03:37,30.97,10.96
cee2ddf4087d91aaf4874fc1436f9901,1,c615805546392ec3b8a20c6590c4d400,1336efc61c316ddf92c899eb817f7cae,2017-01-26 21:42:56,149.00,21.36
cf3089965e7fe7e02e86563c98a01ff4,1,3c0c5eee30aef7a844410f1d1397b620,701938c450705b8ae65fc923b70f35c7,2017-02-11 00:31:15,103.99,24.12
cf3089965e7fe7e02e86563c98a01ff4,2,3c0c5eee30aef7a844410f1d1397b620,701938c450705b8ae65fc923b70f35c7,2017-02-11 00:31:15,103.99,24.12
cf47ad2fb60cae3f74b943646f685c94,1,fb01a5fc09b9b9563c2ee41a22f07d54,522620dcb18a6b31cd7bdf73665113a9,2016-10-10 15:44:37,629.90,31.85
cf6264c37c96bc0cf63ebd0f9fba45da,1,1cf0c9095608952cb1c65c4789946375,b2ba3715d723d245138f291a6fe42594,2017-02-16 14:42:48,39.90,14.52
cf6264c37c96bc0cf63ebd0f9fba45da,2,1cf0c9095608952cb1c65c4789946375,b2ba3715d723d245138f291a6fe42594,2017-02-16 14:42:48,39.90,14.52
cfba3ca25a049f8bdf836baa3b8be493,1,880be32f4db1d9f6e2bec38fb6ac23ab,fa40cc5b934574b62717c68f3d678b6d,2017-01-27 20:21:12,42.99,14.11
cfd5e54c14f22b62683cea7ed91caa24,1,94fb2ab4419d523ecce8e5d56676788d,522620dcb18a6b31cd7bdf73665113a9,2017-02-04 17:36:56,214.90,25.99
cfdc6f2061897ed3b3f1a9ac3437c6f9,1,201ec8e4fb8456dd06265be68eb419a7,5a8e7d5003a1f221f9e1d6e411de7c23,2016-10-10 15:44:09,59.90,14.83
cfdc6f2061897ed3b3f1a9ac3437c6f9,2,201ec8e4fb8456dd06265be68eb419a7,5a8e7d5003a1f221f9e1d6e411de7c23,2016-10-10 15:44:09,59.90,14.83
cfe9a2c324eefb180663116644e4f171,1,99b89f140f651db441848081814dd1a1,3340ef1913fb70d28420f6ceb685c339,2017-02-03 14:07:53,195.90,6.00
cfe9a2c324eefb180663116644e4f171,2,99b89f140f651db441848081814dd1a1,3340ef1913fb70d28420f6ceb685c339,2017-02-03 14:07:53,195.90,6.00
cfe9a2c324eefb180663116644e4f171,3,99b89f140f651db441848081814dd1a1,3340ef1913fb70d28420f6ceb685c339,2017-02-03 14:07:53,195.90,6.00
cfec3311b95bf95d0d8d30e4ede143c8,1,25da7af0ae86de644e6410fec1d599d1,712e6ed8aa4aa1fa65dab41fed5737e4,2017-02-13 12:01:45,650.00,80.34
d006112ce36cbbb57fec00ebce1de147,1,b23fd3f070d09d342bffeeea53c27aa3,3606774ec64634822d78dc2db6d37045,2017-01-29 15:28:32,119.90,29.03
d01c0baa4630bdd8a5d0266931837209,1,2eb6e8f39feaf75fc5163f774d38f0f1,5cf13accae3222c70a9cac40818ae839,2017-01-31 13:32:58,69.50,1.79
d01c0baa4630bdd8a5d0266931837209,2,d3060c543b1b88a647cc284ed7a9dd4a,f67efa3f0b6761102a7f8c6b7b571f5d,2017-01-31 13:32:58,109.99,16.21
d01f0aba52a4d7b2cca8d7623538a434,1,e338f548cda0b52650b9acfd317a74db,cab85505710c7cb9b720bceb52b01cee,2016-10-14 12:02:04,54.90,20.94
d0240bcff59b720e55a2fc2c74344b6f,1,7e7e1af4ab49963c6e1245b2dbd8f492,11305281b50fff20ae8bb473f8e11876,2017-02-10 20:11:26,54.90,20.46
d029b3091a68a8ab2e4ed9cf13c5a1c7,1,9b125b82780e1bbb7716c906ff46f89b,6d66611d7c44cc30ce351abc49a68421,2017-02-14 21:56:16,59.90,15.63
d029fdde9d52a038f0de4e9ac1f7c9ad,1,37b56eb8cc2988e0d7b5cfd7858d67b3,232a6014e7b10cba61c6c2b2ea6bb4b0,2017-02-08 22:38:49,109.90,25.26
d0a4948ce19a51837d5e24c26ab83d76,1,c3b271f47e73d0c9ccf1b43b7606c705,cca3071e3e9bb7d12640c9fbe2301306,2017-01-28 19:39:51,45.90,10.96
d0fc18b01244d3a08b0fd12deede8201,1,508d48ea59be64138f0015d2cb9c75e7,011b0eaba87386a2ae96a7d32bb531d1,2016-10-21 16:18:05,49.99,14.59
d0fc18b01244d3a08b0fd12deede8201,2,508d48ea59be64138f0015d2cb9c75e7,011b0eaba87386a2ae96a7d32bb531d1,2016-10-21 16:18:05,49.99,14.59
d12824c34f6e0552f57e8d8821242084,1,e2b9252181ddde232e0bfb68df262610,e24fc9fcd865784fb25705606fe3dfe7,2017-01-29 22:54:18,192.00,18.08
d16f9a68b1aa5e1e872a86a474930835,1,61787f92f08a18258c0267e53cb9c1cb,42fb44130ac3134cde8e35cf8ec7df25,2017-02-10 10:12:38,18.90,10.96
d170580dfcd364efdb0c94f51bac0fc3,1,8ce0b48cdcc4b753ae4de64497998338,75d34ebb1bd0bd7dde40dd507b8169c3,2017-02-13 13:18:01,131.99,18.05
d184a50b5e40af5b04c71ea71a0f6637,1,66484d3ad6c8fcd55265bfdb060fc8cc,05ff92fedb5be47920fea08e501238b9,2017-02-16 15:12:12,328.00,22.93
d1922da6bb996e9c76dad9202618a7ca,1,4c4a683ed26e07635c1be832f48df0ae,1b8b75e227c9a9c100d0c210fb6176ce,2017-02-14 16:01:21,129.99,16.12
d1b32a0715fa2abd2ff4f3ec5e751964,1,e2b9252181ddde232e0bfb68df262610,e24fc9fcd865784fb25705606fe3dfe7,2017-01-28 07:58:59,249.00,25.94
d1ccec3180d63d8bfd37f65d34f07da5,1,3b8b957801a5b4bca1a4f5d1f5d32aef,45d33f715e24d15a6ccf5c17b3a23e3c,2017-02-07 16:30:51,9.89,17.78
d1eb8e4e276a4eea13a5c462c0765e60,1,c3b8f6be3507bb05fd83797f81f679bc,2138ccb85b11a4ec1e37afbd1c8eda1f,2016-10-10 03:10:34,19.99,20.80
d207cc272675637bfed0062edffd0818,1,107177bf61755f05c604fe57e02467d6,cca3071e3e9bb7d12640c9fbe2301306,2016-10-21 16:23:06,119.90,13.56
d2266b035a47467c40d174c6f55cf4dd,1,c42500bc89ec2aab54ff83f7c31b8773,89bc797e2e29667aa035d4368f9b7f92,2016-10-17 08:08:49,19.90,14.52
d2292ff2201e74c5db154d1b7ae68cbb,1,e1ed3c28e40cbce2783e79eea79e8701,cca3071e3e9bb7d12640c9fbe2301306,2016-10-21 16:38:42,49.90,11.74
d263c89354a73314488491185858af42,1,92ee7c820f6eb0c532ecd94508e3cc29,5f0057b677eb963672bf05dfa3f16c34,2016-10-15 05:03:07,24.99,10.96
d2945e686c883978378a10e49be7fb24,1,c66d6e9a7e915171e7e3102f9afee78c,25e6ffe976bd75618accfe16cefcbd0d,2016-10-11 10:11:11,88.00,11.23
d2c0ceb948cf7025d520cbd2c88ba435,1,7c2d0df8e5fbfa71d54a400b33a8502e,7e1fb0a3ebfb01ffb3a7dae98bf3238d,2017-02-08 21:39:14,116.00,16.51
d2d67121a09535b3a7b6a000e58d8625,1,7cd29da0653abeb444703cc5a957f479,620c87c171fb2a6dd6e8bb4dec959fc6,2016-10-10 16:00:43,49.90,15.56
d2dec7f70a6ba38a5391914f927ec6c9,1,147df4d924f569e480fbd77099707f08,0307f7565ff85b299b6e5ef162b1b1a9,2017-02-05 14:45:46,1049.00,52.83
d2e9aead95751dd6bd0ce80e7d506c53,1,77b433708de78b6f08c64d3cb465ad8c,b76dba6c951ab00dc4edf0a1aa88037e,2017-01-20 23:25:16,14.97,14.52
d322025aff44e8bead04f4e81023ede8,1,88d165f46820f016a6840428dd5b7996,620c87c171fb2a6dd6e8bb4dec959fc6,2017-01-29 01:26:40,259.90,12.43
d34e369fbc5cb753012079961b615121,1,8a2e3dc0454cf3b02230d01623b294a4,0ea22c1cfbdc755f86b9b54b39c16043,2017-01-27 14:58:00,24.90,14.52
d35303da51fb552fc8fff1ff2757e44b,1,6020b332bb4a8888917d4844eba70bbe,2eeb6531ee027a48d401e72bebdd87d3,2017-02-19 16:16:26,18.90,14.52
d39b2823c7beda9e56a1783db04df596,1,04dc26a02c448f6f2b914f01c2902ebd,522620dcb18a6b31cd7bdf73665113a9,2017-02-06 11:58:17,343.40,18.10
d3a3e3dd365abc6013aa6321b0c12c79,1,b1e7e283a4b6203aa8adbafe09c2a521,76d5af76d0271110f9af36c92573f765,2017-01-30 11:18:28,369.00,60.19
d3a49dd2f9c21558b7a82c8f076f6c1d,1,bc2d6310e5cbd60facb2f9c8d9471597,dc317f341ab0e22f39acbd9dbf9b4a1f,2017-01-20 14:04:11,629.00,36.70
d3a84031db6c5de813d5a3a3489712ca,1,8ed9e6b1cbb80b223b70376a8659bee0,ae9690c6e8fee182c28c9ff8e11ca52c,2016-10-14 11:03:10,47.40,12.41
d3a84031db6c5de813d5a3a3489712ca,2,2d78dc9b1f4a5d1ceb28287b82d85b86,391fc6631aebcf3004804e51b40bcf1e,2016-10-14 11:03:10,39.90,9.31
d3aa5667ad65af7fa58a5481d0aff07a,1,7858ef2bdbf08f635dedbe5cd1dc966e,ebef8d8c92b4fd3226e5d407bbff21ac,2017-02-02 13:42:10,69.90,18.00
d3b59b9a0767514f777439a668f564b8,1,9d395a6bc9dbad2dfe60c8c92d8df397,77530e9772f57a62c906e1c21538ab82,2017-02-09 12:31:58,148.00,19.63
d3c8851a6651eeff2f73b0e011ac45d0,1,ca17b18b38db6e0d2c33d362322f2a06,4be2e7f96b4fd749d52dff41f80e39dd,2016-10-21 16:24:45,267.00,32.84
d3f7c0e804b501782903f7af749eb797,1,571e2f5577f9e5ac24fc2a1daee8924d,5bba18b40e8c973b0f32e748004775b0,2016-10-14 14:42:00,739.98,44.82
d4421539677ce8da70f3abf867adf15c,1,d5b703c271f43f9c588a6f512a00f77e,fa40cc5b934574b62717c68f3d678b6d,2017-01-29 11:45:19,34.90,10.96
d44df0d4c71052d8b2a3bd5c50bd42b5,1,f422d0d9f8b5f7c27289382b14b61248,1554a68530182680ad5c8b042c3ab563,2017-02-11 09:31:33,66.99,18.00
d469b51abffc6d74299c8a0a56db5314,1,b07c988c725ddd67d0c7572a8099712d,cca3071e3e9bb7d12640c9fbe2301306,2017-01-30 17:41:58,34.90,10.96
d4d52a6470ea8a7ee5d1fba74508bf15,1,a703f5ade6e4fae527357132230ea778,f4aba7c0bca51484c30ab7bdc34bcdd1,2017-02-06 11:42:50,23.90,14.52
d51543bdc3d7f733b7637ebf031f6565,1,c8f7df520102efbaf9927f5acf21b928,a3a38f4affed601eb87a97788c949667,2017-02-05 17:01:32,84.99,14.76
d53709cd2507666542fcf8f6120b99f0,1,154e7e31ebfa092203795c972e5804a6,cc419e0650a3c5ba77189a1882b7556a,2017-02-15 23:17:10,19.99,24.84
d53f7d65577d2f334537bf228afb6116,1,297b1803f900002706c8de3e0a77d217,9198786624eaeb375793215cad26cfa6,2017-02-09 19:59:34,99.90,28.89
d53f7d65577d2f334537bf228afb6116,2,297b1803f900002706c8de3e0a77d217,9198786624eaeb375793215cad26cfa6,2017-02-09 19:59:34,99.90,28.89
d5558a097766363b8e76b38c43332e8a,1,b795524e6ddbae40e910d169242dbcd7,b56906f7fd1696e043f1bcce164c487b,2017-02-08 19:01:33,68.80,13.95
d5558a097766363b8e76b38c43332e8a,2,4ac50dbde931c0a5ed8c33d3dc047351,e5a38146df062edaf55c38afa99e42dc,2017-02-08 19:01:33,39.80,6.56
d568f094af70874d55d22a89e093fe18,1,0233dd6f06e23c705ab76dc3ab165837,4e922959ae960d389249c378d1c939f5,2017-01-30 21:35:49,39.00,14.59
d568f094af70874d55d22a89e093fe18,2,0233dd6f06e23c705ab76dc3ab165837,4e922959ae960d389249c378d1c939f5,2017-01-30 21:35:49,39.00,14.59
d568f094af70874d55d22a89e093fe18,3,0233dd6f06e23c705ab76dc3ab165837,4e922959ae960d389249c378d1c939f5,2017-01-30 21:35:49,39.00,14.59
d573a47c29466bb2e4e46aef0ff04f23,1,97ac99fefa9cf4eb8f825136a89e8f40,327b89b872c14d1c0be7235ef4871685,2017-02-07 01:06:06,949.00,35.26
d5c48cad732a71a573e038e81d428c18,1,ad53b56bfd80cb8adc160a3deaa239b9,75d34ebb1bd0bd7dde40dd507b8169c3,2017-02-14 13:09:46,142.99,21.45
d5cf2633d9ecb6dba748bca164760855,1,7d04c7dea507d3f66a22b0997525b0ad,7c67e1448b00f6e969d365cea6b010ab,2017-02-10 15:28:52,176.99,49.89
d5d777fdf41da773664443c2fd9acc23,1,6ae7f4ef0ca670ca2609d039af87d057,620c87c171fb2a6dd6e8bb4dec959fc6,2017-01-29 22:04:39,23.90,14.52
d6229aca790acb92366c9888f1e0c181,1,8f03c5b78e41d6cecdfb6f6bbe4de8da,48162d548f5b1b11b9d29d1e01f75a61,2017-02-16 19:40:41,307.30,20.40
d62c14881563a74903e7d10f685406aa,1,8d1cfc0463b545928bfb4e589e017bd4,aae3bfea055532c57fb453ed3ec80b30,2017-01-23 16:02:47,62.90,24.93
d6322bbb41a10c3fe6721b45537106c8,1,4520766ec412348b8d4caa5e8a18c464,16090f2ca825584b5a147ab24aa30c86,2017-02-14 22:45:52,49.99,14.52
d64aa68e4a96734f280b7ddf0852d511,1,76265fc5cc76fc5f09534fb307605c10,80e6699fe29150b372a0c8a1ebf7dcc8,2017-01-12 20:25:12,239.90,16.89
d6d06ebdeab0297fe7460931b29b4422,1,a703f5ade6e4fae527357132230ea778,f4aba7c0bca51484c30ab7bdc34bcdd1,2017-02-02 18:25:19,23.90,18.00
d6d7c431275f0029dcc3538850930046,1,67473aa97e981b3b8abaa6a8a768eb26,ccc4bbb5f32a6ab2b7066a4130f114e3,2017-01-26 14:28:48,145.00,16.71
d6e32818428593eefe8ffd7e15acb83e,1,6dab56beb5263f0d554cae5c55809208,f4aba7c0bca51484c30ab7bdc34bcdd1,2016-10-16 04:01:38,39.70,29.32
d6f83d3377bbf1697831ea355301fb87,1,777d2e438a1b645f3aec9bd57e92672c,4a3ca9315b744ce9f8e9374361493884,2017-01-27 18:56:45,69.90,15.70
d6f83d3377bbf1697831ea355301fb87,2,777d2e438a1b645f3aec9bd57e92672c,4a3ca9315b744ce9f8e9374361493884,2017-01-27 18:56:45,69.90,15.70
d6f8a3db5b45d8d7ca18eb34d5c902ae,1,6256f069a778d733a18702d577570abf,fe19dce63ae80346207c6c55713d1023,2017-02-04 15:39:27,49.90,21.82
d708b88543d7c2b7c9eb0b31864c8ca1,1,e0352fc1b2c93712f1772fc4b0204db7,7c67e1448b00f6e969d365cea6b010ab,2017-02-14 23:52:10,119.99,0.06
d708b88543d7c2b7c9eb0b31864c8ca1,2,8c22b9ad6943f7dfc87fde6fb92ab133,7c67e1448b00f6e969d365cea6b010ab,2017-02-14 23:52:10,136.99,46.65
d730d8d0ea3149120703933fdf98b2d4,1,25287671dbfca39d8aecdd754c28b269,392e0502231ae2f8b29994ef6398cd77,2017-01-17 20:12:41,54.90,12.96
d743f434cc2921729af830ce00d474b3,1,a671b5c0b737258c5a3262826e3dd9c5,fa1a9dec3a9940c072684a46728bf1fc,2016-10-10 16:00:00,99.90,16.26
d7449e15f5045562074cc57796341cf7,1,e2b9252181ddde232e0bfb68df262610,e24fc9fcd865784fb25705606fe3dfe7,2017-02-04 18:59:08,192.00,30.27
d7adae346e57bdec9293128a1130a183,1,a6560efcf4467e1e097914a84362b833,6c177e38df6d3f34182b1f1d427231bf,2017-02-13 16:00:46,118.99,24.83
d7d8ca5f25aac4f5efce2a0dc6133672,1,62a183c5f3895060ba1a8f1415694908,0ea22c1cfbdc755f86b9b54b39c16043,2017-02-07 18:43:37,79.90,10.28
d7d8ca5f25aac4f5efce2a0dc6133672,2,a6f74de3ddfbdc9b33885b92656f992b,0ea22c1cfbdc755f86b9b54b39c16043,2017-02-07 18:43:37,79.90,25.70
d809ddde66fee6223df16b11231491f9,1,d12a5178024ccefb3582170a9ab45a0d,054694fa03fe82cec4b7551487331d74,2017-01-11 17:20:56,399.00,24.26
d809ddde66fee6223df16b11231491f9,2,d12a5178024ccefb3582170a9ab45a0d,054694fa03fe82cec4b7551487331d74,2017-01-11 17:20:56,399.00,24.26
d81dff089ae648dacea746f77643f86e,1,1d3f55c00acdb29bd959f2760abc8b7d,8581055ce74af1daba164fdbd55a40de,2017-01-28 22:16:05,176.90,16.30
d81dff089ae648dacea746f77643f86e,2,0c9ff9d8ed9b9bdd825487b3a66e05f5,8581055ce74af1daba164fdbd55a40de,2017-01-28 22:16:05,238.90,23.20
d81dff089ae648dacea746f77643f86e,3,0c9ff9d8ed9b9bdd825487b3a66e05f5,8581055ce74af1daba164fdbd55a40de,2017-01-28 22:16:05,238.90,23.20
d81dff089ae648dacea746f77643f86e,4,1d3f55c00acdb29bd959f2760abc8b7d,8581055ce74af1daba164fdbd55a40de,2017-01-28 22:16:05,176.90,16.30
d82cef48824870df9946d57e827ed727,1,6c04a068e5ab37749c980c42a036b9e3,48efc9d94a9834137efd9ea76b065a38,2017-01-09 14:33:39,10.90,8.72
d84b3fdfbb838b26178304662ff635e1,1,d9d3c966af100aeb7047ac8b59a70d4c,004c9cd9d87a3c30c522c48c4fc07416,2017-02-12 18:54:57,109.99,14.54
d868cf92a5a1305fc7277c60062e81ac,1,e12685e3aebb14bb04c2b22992de81cd,cac4c8e7b1ca6252d8f20b2fc1a2e4af,2016-10-22 22:09:07,399.99,20.09
d87efaa8a13d7d43b3464f49c528c787,1,3e442d09f9dfef002aadf31960869f65,85d9eb9ddc5d00ca9336a2219c97bb13,2017-02-16 18:10:26,20.90,10.96
d8b5366d0c46b7a7f33831b486b0af9b,1,154e7e31ebfa092203795c972e5804a6,cc419e0650a3c5ba77189a1882b7556a,2017-02-14 18:36:33,19.99,10.96
d8d04eeca6703f5545f4c25b8ace1ee9,1,e07fbd0969dcddca941b8c4adec498b1,5b664594895aefb418afaee6d40a9a23,2017-01-19 10:14:31,38.90,16.05
d9264b7ce5f860c5b8d439f2e77bbc40,1,c1678a85525ac9b08eb174f36a1d944f,41b39e28db005d9731d9d485a83b4c38,2017-02-06 13:27:06,129.90,22.45
d94b232e72e4c7c22f765be9ee391b3f,1,c78b767da00efb70c1bcccab87c28cd5,85d9eb9ddc5d00ca9336a2219c97bb13,2017-02-07 22:08:40,26.90,10.96
d9515cd3ca09c7b9b751f077d2adfc84,1,51eb65f0fd99823a3cb2c0d985e230a9,dd58ee93286b0821565574c570e9e1dc,2017-02-03 17:05:18,699.00,36.00
d98f635a12ded39ef1002ffefe2c80f6,1,0dcf825106493a9e9edd115860e709c1,70a12e78e608ac31179aea7f8422044b,2017-02-15 13:54:57,20.00,10.96
d9a08faa201940dd3302f06944b5c739,1,f7b6ca5735bfd052e73fa0b776070112,70a12e78e608ac31179aea7f8422044b,2017-01-22 18:57:58,38.90,11.16
da0571dd2e59b32cca46279a02bfb40e,1,7721582bb750762d81850267d19881c1,0c8380b62e38e8a1e6adbeba7eb9688c,2017-01-23 19:02:48,59.50,13.00
da225d51cdb2a615ac38734cfdaebab4,1,b52af48deef5c1fb35c99248a5269973,8b8cfc8305aa441e4239358c9f6f2485,2017-02-14 12:13:02,385.00,51.21
dabf2b0e35b423f94618bf965fcb7514,1,473795a355d29305c3ea6b156833adf5,620c87c171fb2a6dd6e8bb4dec959fc6,2016-10-13 13:36:59,59.90,0.48
dabf2b0e35b423f94618bf965fcb7514,2,7cd29da0653abeb444703cc5a957f479,620c87c171fb2a6dd6e8bb4dec959fc6,2016-10-13 13:36:59,49.90,29.94
dac3cf54f4d52017ab99420c95845083,1,9ce4603565c839785b24a7e95e28f4eb,59fb871bf6f4522a87ba567b42dafecf,2017-02-03 19:43:17,119.99,20.00
dacf07b003ccc1ffbf3d890a402329f8,1,4c1bbc12438daec98a77243c2bf7a3ba,7c67e1448b00f6e969d365cea6b010ab,2017-02-21 15:03:25,129.99,46.40
db0b12b763f716df3f27218724161479,1,d41d8cd98f00b204e9800998ecf8427e,066a6914e1ebf3ea95a216c73a986b91,2017-01-24 19:22:40,229.90,18.97
db0b12b763f716df3f27218724161479,2,d41d8cd98f00b204e9800998ecf8427e,066a6914e1ebf3ea95a216c73a986b91,2017-01-24 19:22:40,229.90,18.97
db1a3b6bc463c229abf2699244173f49,1,095cb863f2b04911455ad33f5177062e,2059c39f76271d4ca3f15b5ffaccc8b8,2017-02-05 13:18:42,49.90,15.56
db4d2ecc1c1a157d6250c84dd86eb838,1,ca38c039b717207dec906f4fa9a21db7,59fb871bf6f4522a87ba567b42dafecf,2017-01-26 13:27:07,184.99,15.05
db7576b1fe440f4c0a808855aacf0948,1,db9c09ef2fa2590a7ca12480603396aa,48efc9d94a9834137efd9ea76b065a38,2017-01-09 13:37:27,9.90,8.72
db7d019ce87ceb1539bd37353ab408ba,1,2029248294c186017ecfc48cecd47bbd,d50d79cb34e38265a8649c383dcffd48,2017-01-30 20:55:09,126.99,24.71
db986cb6dd75db5b02034f98fd00cf7d,1,2b6d84a08eed9e50e3d8389b56cd3327,c447f8dd3ed213f291d65ef074a268eb,2017-02-13 21:01:59,65.00,16.15
db986cb6dd75db5b02034f98fd00cf7d,2,2b6d84a08eed9e50e3d8389b56cd3327,c447f8dd3ed213f291d65ef074a268eb,2017-02-13 21:01:59,65.00,16.15
dba1b6fd34a7fd5961e829fa902ca702,1,880be32f4db1d9f6e2bec38fb6ac23ab,fa40cc5b934574b62717c68f3d678b6d,2017-02-01 23:29:12,42.99,18.00
dbb31ed9185a040cb0e9c8fb4877e21f,1,546acf50e60127aacaed5190d95bf52b,c447f8dd3ed213f291d65ef074a268eb,2017-02-13 00:25:15,65.00,14.22
dbbbc904081f8e928028432e2e3d7686,1,f38ce47371f868581f8c2df4ffa47fb6,87b740daf17b5d1be335a64164ec6842,2016-10-16 11:16:33,1299.99,100.75
dbd4885aa71d304f95eb40c67bfbec35,1,34742604f6cd1e891726b849b6890f81,76d5af76d0271110f9af36c92573f765,2017-01-27 18:40:23,859.00,97.27
dc17c17282032d56b1ca7dfbb291cf07,1,9d703ce870d13f6fca072b0fca977fc1,820cc752a266cdc6c1a1e61dd4583330,2017-02-04 20:16:02,109.90,14.94
dc18a044b56ed174037ca164cdf2e921,1,faa268ecc8a8434cb4ebee091b3222d6,f0563bacf40c311f1c4d3d6b67b8a7a7,2016-10-21 16:18:52,1199.00,28.78
dc5f6cd4492bbffe5bcda9b87856c9a5,1,af667947a84d9ff9d326b60ab75d1ae2,89bc797e2e29667aa035d4368f9b7f92,2016-10-21 16:34:58,39.90,14.52
dc5f6cd4492bbffe5bcda9b87856c9a5,2,af667947a84d9ff9d326b60ab75d1ae2,89bc797e2e29667aa035d4368f9b7f92,2016-10-21 16:34:58,39.90,14.52
dc70f94b8e8d37fbd4fbc0e31a008175,1,e8316a4667e5870c85e906b1f062bde1,7c67e1448b00f6e969d365cea6b010ab,2017-02-16 11:53:46,89.99,16.33
dc91dbf7defabdf37c52672a989bad1b,1,0b230f10ac2cfc4c831b825bf31a5de2,fa1a9dec3a9940c072684a46728bf1fc,2016-10-10 16:00:14,109.90,17.96
dcb296c70aeeb58ba29143cc4f336e9e,1,473795a355d29305c3ea6b156833adf5,620c87c171fb2a6dd6e8bb4dec959fc6,2017-02-08 18:12:53,59.90,14.59
dcc5949c9548f7fb6537e65fa17dd847,1,ceeba7d5636e59173cc5f484e913db3d,d66c305afaec317ebee552073a674429,2017-02-19 13:30:42,53.44,60.73
dcefbcc0abf928c96a94c20fdae4e85d,1,8934769521d632e65c27992662f05673,cb8bcce248bb1fb274ba762d8b971456,2017-02-11 14:17:43,149.90,15.22
dd11631d8b02780b78bd97ec44a1ca8c,1,27051f70cfcbd63fec388f34e1f0d2a2,ed859002ad59dbf8cf3602696a6c3000,2016-10-10 15:50:15,149.90,19.33
dd11631d8b02780b78bd97ec44a1ca8c,2,27051f70cfcbd63fec388f34e1f0d2a2,ed859002ad59dbf8cf3602696a6c3000,2016-10-10 15:50:15,149.90,19.33
dd359d3c294458c6d642b2eea9212bf5,1,f9bcf9d8e89d012d7dc24fe4de0abd80,897060da8b9a21f655304d50fd935913,2016-10-09 03:08:28,164.00,13.20
dd480c63548e3c0b7219520e3784ebd2,1,56fd30e18420cb9a5a50c718168fa660,9535a841eecebed61a9fb1ac1cbb5597,2017-01-30 16:25:36,186.00,15.47
dd845e1cdb19f08d029a727adc9a5a77,1,6d2928252aa5ba6a5fc439571dd0d748,ce27a3cc3c8cc1ea79d11e561e9bebb6,2016-10-14 12:02:00,58.00,17.33
de05dd73ee1b5a964eaa56f814c49851,1,462ca84097e3116f8dc7642fb057b4b2,85d9eb9ddc5d00ca9336a2219c97bb13,2017-01-26 18:17:15,19.90,16.05
de1404a068c6c8c909897886a314bad7,1,f422d0d9f8b5f7c27289382b14b61248,1554a68530182680ad5c8b042c3ab563,2016-10-28 16:27:21,69.99,17.58
de3fbfa556cedccc424406bcb5eaac96,1,7d21a88f26eb0766b0b555f71a16750f,328acb143b4a73aad6bee8e734f5d20d,2017-02-10 13:51:28,399.99,16.97
de59016b99422f0bbd7e51a301bf2578,1,6bf1cd252d73626ab181be470f56e07b,8bd0f31cf0a614c658f6763bd02dea69,2017-01-24 01:59:05,37.99,14.12
de6743691fe06b0d7ed439f7cea17278,1,ced7fbfaaf7d98ad9bd9b32a5eb5fe58,7c67e1448b00f6e969d365cea6b010ab,2017-02-12 13:41:39,119.99,29.03
de81104d0d1d1a5d4dd09e89a7ea4cd1,1,66a0a6e02b7f543e5b021ce361f267d4,7a67c85e85bb2ce8582c35f2203ad736,2017-02-14 16:37:55,119.99,16.05
de8f4a82099fe4fa6bcb8952ca51420f,1,f27f3e8b4b3836e4d6cd756dfb83e750,80e6699fe29150b372a0c8a1ebf7dcc8,2016-10-14 16:43:19,39.99,24.84
de96b93d26af6d6a5c3aa622e245b86f,1,d9d3c966af100aeb7047ac8b59a70d4c,004c9cd9d87a3c30c522c48c4fc07416,2017-02-09 12:34:47,109.99,14.54
de9df170e0b97a46f12f9bc8eca0e0b7,1,95c40b993a22463c83beb5c51a03d46c,85d9eb9ddc5d00ca9336a2219c97bb13,2017-02-15 11:17:16,20.90,14.52
deb08269080b64b8e69bcd06b808889a,1,3c980d4656c6379e6dfd704a2cc48a88,46dc3b2cc0980fb8ec44634e21d2718e,2016-10-15 01:01:29,249.99,11.93
df1b378ac0b21d71ef1e642971d31530,1,f32af0a8b0bcb05b60f05e8907ad8866,2a1348e9addc1af5aaa619b1a3679d6b,2017-01-18 16:10:59,29.90,14.11
df30f88407baa98218b16abe7032899a,1,5e57a146ccdca976190821a00a059ebf,620c87c171fb2a6dd6e8bb4dec959fc6,2016-10-12 13:22:13,339.90,21.27
df410b19c3e348fb548ae68badd49827,1,8694f037a1ff62c5b61939eb818e43ab,cca3071e3e9bb7d12640c9fbe2301306,2017-01-20 23:05:01,24.90,10.96
df537c849af44beef86a7ef7de12126a,1,dbd024d4182504993ad1e3cd2ee9d9e9,ffff564a4f9085cd26170f4732393726,2017-01-29 21:48:41,29.40,10.96
df56136b8031ecd28e200bb18e6ddb2e,1,f28cbd414cd06f1ae84065c8dd8be834,4da0e408c99d2fdc2126dc9fce518060,2017-01-30 13:15:41,23.90,2.53
df56136b8031ecd28e200bb18e6ddb2e,2,50aa8f292a9510d5542f2a078903a2a7,834f8533b2ecb6598dd004ff3de7203a,2017-01-30 13:15:41,63.92,15.82
df56136b8031ecd28e200bb18e6ddb2e,3,3025303c80b01a0926fda2841cc31b4a,4da0e408c99d2fdc2126dc9fce518060,2017-01-30 13:15:41,66.90,31.65
df6e0cd0f23b4735b02cb6d9279bb310,1,c384df04227582c085d6524937a3768a,2b1a40c1daabc6ca280c4b815c101841,2017-01-20 21:18:10,345.00,27.64
dfd954e67c5eeaa6432cdc40a6b66d73,1,bd082283de9ecc71505205dfc7c6c9b4,817f85dbb65aa3e70831d90fe75cdf89,2017-01-27 19:32:38,89.90,15.84
dff20979c5b8b4378f7e769aa413390e,1,8815734317fa2693bcce3db610158d92,dd2bdf855a9172734fbc3744021ae9b9,2017-02-04 13:34:09,69.90,17.37
e01ddf23188e7eb714114d4ac5e8952b,1,2a5806f10d0f00e5ad032dd2e3c8806e,7c67e1448b00f6e969d365cea6b010ab,2017-02-12 12:05:04,169.99,24.47
e01e0edd184fa69973f66cfc1fde15b3,1,c847f8a786c8a1a4ba04f7c3626cbd55,3be5841cdcc46de4ed3f9116f104b2c5,2017-01-28 21:16:50,149.90,29.93
e04d9eacedc0dca9d83c14fcb0d7276c,1,68bec1af3851f58027db8beadf3914d7,b2ba3715d723d245138f291a6fe42594,2017-01-23 14:04:48,84.90,11.20
e068276f5e75a66212f75b84ebfeaccf,1,07c055536ebf10dfbb6c6db6dbfc36e5,cca3071e3e9bb7d12640c9fbe2301306,2017-01-26 13:17:46,45.90,10.96
e08f76fed43c999d57979d1879871ce1,1,cea0783f5748d01abec8fd268dccba49,a416b6a846a11724393025641d4edd5e,2017-02-01 16:48:24,89.57,15.39
e09dd765041e9934d762d51ccb26adee,1,7c68e7297c7df2535c9f0dcd61007f64,bb135baca94c82fcb731335ad5b04a03,2017-01-25 06:58:31,9.90,9.62
e09dd765041e9934d762d51ccb26adee,2,7c68e7297c7df2535c9f0dcd61007f64,bb135baca94c82fcb731335ad5b04a03,2017-01-25 06:58:31,9.90,9.62
e09dd765041e9934d762d51ccb26adee,3,7c68e7297c7df2535c9f0dcd61007f64,bb135baca94c82fcb731335ad5b04a03,2017-01-25 06:58:31,9.90,9.62
e09dd765041e9934d762d51ccb26adee,4,9b169f20f1b0ad0cd0d53d6d5f12e20f,bb135baca94c82fcb731335ad5b04a03,2017-01-25 06:58:31,9.90,1.92
e09dd765041e9934d762d51ccb26adee,5,7c68e7297c7df2535c9f0dcd61007f64,bb135baca94c82fcb731335ad5b04a03,2017-01-25 06:58:31,9.90,9.62
e09dd765041e9934d762d51ccb26adee,6,7c68e7297c7df2535c9f0dcd61007f64,bb135baca94c82fcb731335ad5b04a03,2017-01-25 06:58:31,9.90,9.62
e0e8bc6045cfe08b087197d81196e339,1,ad53b56bfd80cb8adc160a3deaa239b9,75d34ebb1bd0bd7dde40dd507b8169c3,2017-02-15 21:05:56,142.99,21.54
e1000df659259b29cb73a4798ccd7454,1,b17808303e15dd50538c011b44295427,4a3ca9315b744ce9f8e9374361493884,2017-01-22 23:02:45,68.90,15.69
e11dead0c183b7b8da09f6b3039ea730,1,2fcbaee260e3146369f5e4f2b2abe551,5fd924b4836098a5be0ecf81ba054ce0,2017-02-13 10:40:05,157.00,18.85
e121d5d3ae614bc7cbd5eddba13b16fc,1,fcde1899043318107d8f0ae043f69bc3,d66c305afaec317ebee552073a674429,2017-02-10 06:40:56,104.90,14.90
e1902035c4c195dff5edda08708c4050,1,b59cf7db0bc7ebb20a80f1ea335194b0,620c87c171fb2a6dd6e8bb4dec959fc6,2017-02-08 16:22:15,129.90,11.52
e1902035c4c195dff5edda08708c4050,2,b59cf7db0bc7ebb20a80f1ea335194b0,620c87c171fb2a6dd6e8bb4dec959fc6,2017-02-08 16:22:15,129.90,11.52
e1902035c4c195dff5edda08708c4050,3,b59cf7db0bc7ebb20a80f1ea335194b0,620c87c171fb2a6dd6e8bb4dec959fc6,2017-02-08 16:22:15,129.90,11.52
e19721a12bc1caeb2095db14d8d6fc4e,1,777d2e438a1b645f3aec9bd57e92672c,4a3ca9315b744ce9f8e9374361493884,2017-02-02 11:10:23,69.90,18.00
e19a1b398beea6784e6dc219eb0a6a89,1,837b5c6df9ceb8a9c604e78fde0e60a2,85d9eb9ddc5d00ca9336a2219c97bb13,2017-02-06 22:29:34,20.90,14.52
e1a9b6caca1fad8c2b2ac22a649605b3,1,163365b4428bf91ee261186233e5f796,bf961104a38e01b9062ee026bb657dee,2017-02-06 13:51:50,146.39,22.62
e1df61c61699c690427a33fc1b6b540c,1,76bb142328fba1ac3a1e2ba033171d94,05ff92fedb5be47920fea08e501238b9,2017-02-13 11:24:15,21.50,17.78
e1f19495005161ca887eeb4b7cf3332d,1,00e32638060f6356e6f00749dc466b5c,70eea00b476a314817cefde4aad4f89a,2017-02-25 19:02:31,105.00,29.66
e1fe072ef14b519af1f0a8ed997c1301,1,743801b34cc44776de511ba8eff778e2,48efc9d94a9834137efd9ea76b065a38,2017-01-09 15:32:59,9.90,14.52
e20d0dab2f9762731d15cfc3d85f82ea,1,dfb97c88e066dc22165f31648efe1312,8581055ce74af1daba164fdbd55a40de,2017-02-12 21:58:56,139.00,23.96
e2144124f98f3bf46939bc5183104041,1,8d3995daf4103cf13ff5400bf66c1587,fedaedd3ca31d56ab33e92035e4b361c,2016-10-12 11:00:25,39.90,10.96
e224d9d6fa66b26b8b86e73d2852136c,1,6cdd53843498f92890544667809f1595,ccc4bbb5f32a6ab2b7066a4130f114e3,2017-01-22 12:41:31,349.90,24.38
e2b56835030c81195a5f1d65a17a2c1f,1,30469bb5ea377eae7121981e2f0778e4,80e6699fe29150b372a0c8a1ebf7dcc8,2017-02-01 14:18:45,113.00,31.00
e2d092db21e901d04985350bf0e748ac,1,425a12d4dd8e5e7ba3be5c4157f1fafc,fa1c13f2614d7b5c4749cbc52fecda94,2017-01-22 20:11:57,189.00,15.49
e2d9d1ca77005d8626107e6d9da6ee63,1,81e32892fb8587aa24b175d42bb6bfcc,2199e7fe213c16213bf5d6a7eadc9a5d,2017-02-10 22:54:50,155.00,14.86
e2ea01f68f92f0c55b08ca739af834b6,1,1097d069f21f90425a11bb3293ca1d87,f7496d659ca9fdaf323c0aae84176632,2016-10-25 06:03:05,119.99,29.40
e2eaf909eb6ba881117aa407992a5ffb,1,b73f6899a58fe7a37e55149e9a11c717,a7f13822ceb966b076af67121f87b063,2016-10-11 02:49:10,86.99,28.23
e3433a7caf6767057e8df08f1ac6d457,1,e9dd44f666af26b50ebdc7eefb56877a,54aa8463e87776b5612f4bdc4bd5d4de,2017-02-10 13:41:28,69.90,17.23
e38f9946fb20db4a597eed7547c59afc,1,8d98dedc3c19de17f1a090195e85d6b6,fa40cc5b934574b62717c68f3d678b6d,2017-01-26 13:49:37,49.90,14.52
e3b7896b6e5a82264c8e99a140843793,1,95c40b993a22463c83beb5c51a03d46c,85d9eb9ddc5d00ca9336a2219c97bb13,2017-02-17 09:32:14,20.90,14.11
e3e80c87ef38162cf2d0fb01c481f5df,1,8ce0b48cdcc4b753ae4de64497998338,75d34ebb1bd0bd7dde40dd507b8169c3,2017-02-05 17:05:59,131.99,18.00
e3f7a673dd1981e0d7b330c8a7220220,1,333f07710e0ba89e037d164c13726e6a,46dc3b2cc0980fb8ec44634e21d2718e,2017-01-28 09:04:09,299.99,28.36
e40815dcb739e03cb2c06547ef7c3092,1,9321b2e4e8fe357fe2e3bad624229bd5,a888faf2d1baececa6baf9c3d603ee1f,2017-02-06 21:51:24,489.90,18.00
e439ced3d48f1a77f6ecc029cc946a6f,1,a694f2632fae82ef419fd71587103dc9,989becdce12ebc39863c2bceab6f3ca1,2016-10-11 22:59:53,138.00,22.44
e46c1a835d11d387ba01a130d8aa7c12,1,0dcd34a72eb2310d44b1e823a4ecc7b7,e49c26c3edfa46d227d5121a6b6e4d37,2017-02-11 21:56:36,239.90,33.28
e4774d4c3b28de27487f1caa9de5a6f5,1,16ce899c7af0c99f46948734a0d00f0f,0725b8c0f3f906e58f70cbe76b7c748c,2017-01-24 17:23:00,79.61,17.30
e4774d4c3b28de27487f1caa9de5a6f5,2,16ce899c7af0c99f46948734a0d00f0f,0725b8c0f3f906e58f70cbe76b7c748c,2017-01-24 17:23:00,79.61,17.30
e4774d4c3b28de27487f1caa9de5a6f5,3,16ce899c7af0c99f46948734a0d00f0f,0725b8c0f3f906e58f70cbe76b7c748c,2017-01-24 17:23:00,79.61,17.30
e4774d4c3b28de27487f1caa9de5a6f5,4,16ce899c7af0c99f46948734a0d00f0f,0725b8c0f3f906e58f70cbe76b7c748c,2017-01-24 17:23:00,79.61,17.30
e488cc26536e9d4857ff7e4605f3220d,1,7f7b2d6dd176f1687e88f04590fe149e,cca3071e3e9bb7d12640c9fbe2301306,2017-02-12 22:48:50,69.90,16.19
e48db3b231e0ad61656e81b4c9311dad,1,473795a355d29305c3ea6b156833adf5,620c87c171fb2a6dd6e8bb4dec959fc6,2017-02-04 18:44:31,59.90,20.87
e4b5eb77d6eca2730a7ed8e9abaf4db2,1,ffb2a783fe9381154e13bb3457651996,cca3071e3e9bb7d12640c9fbe2301306,2017-02-10 10:33:24,249.90,71.48
e4ccaabafa125b3b39a9331b0abced9d,1,c351fada6ffa67ee3876b1cc568a90b0,d4f91e8be86b38da2ee35bc489645a9d,2016-10-12 10:54:32,49.99,11.17
e4f669bb9b79875231a2cf27ab8dd229,1,5c6dad13ed0e96184a1bad2adbbd6394,5fd924b4836098a5be0ecf81ba054ce0,2017-01-27 22:29:11,510.00,25.04
e50cc13e9d831cb739ab84fe5d7fd249,1,57a0cb306bbd11620b9bbb927748b043,891071be6ba827b591264c90c2ae8a63,2017-02-18 20:22:37,199.99,16.28
e54493dea108e0cb48f3571e1249d418,1,37ffcf68086496e428431de29b0b394d,6d66611d7c44cc30ce351abc49a68421,2017-02-11 16:47:27,99.90,12.08
e5ecfcbdbc07f8edf7ec0df1504a74a6,1,b3793f4676bdf327ca34c40d236ee2b2,dd264199fc8b687ad029de7de6d760e6,2017-01-23 11:47:55,87.90,20.70
e5fa5a7210941f7d56d0208e4e071d35,1,f3c2d01a84c947b078e32bbef0718962,a425f92c199eb576938df686728acd20,2016-09-19 00:15:34,59.50,15.56
e660da13091dbe48784500c1c3e2fb75,1,1a06cc924ba852bef5a19bb5aefa4d6c,cca3071e3e9bb7d12640c9fbe2301306,2017-01-28 19:46:22,219.90,36.16
e6a9a4963c309a68db1f1a515e700764,1,9319e2f1f22df2c8e4a74f8b8f392e24,2138ccb85b11a4ec1e37afbd1c8eda1f,2017-02-05 21:45:04,22.99,10.96
e6b3a4b18f4aa0958228e833f2927c30,1,f32af0a8b0bcb05b60f05e8907ad8866,2a1348e9addc1af5aaa619b1a3679d6b,2017-02-11 19:27:58,29.90,14.52
e6ba7ef3fa398a176291132b06cd519e,1,acac295886c915b0bcb309cb4158c0a7,1d0997ff06b524ce9289ffd75114ecd3,2017-01-31 16:21:48,1999.00,24.00
e6db6e9529fecbe14cd05dd349816656,1,06ead9c0b05b368667d858c09148af03,b2ba3715d723d245138f291a6fe42594,2017-01-15 21:27:49,109.90,14.94
e72b2b30d599a41bea8514270f6b8930,1,196616257eff8bc851dc4fc041cbbbe9,701938c450705b8ae65fc923b70f35c7,2017-02-06 15:48:35,103.99,37.24
e73c4ecd46f3549fd9ebcdfab800cd28,1,2511e504fd7794c668a8521aabe3713d,da8622b14eb17ae2831f4ac5b9dab84a,2017-02-20 17:37:11,159.90,21.20
e75011be2ec3dec23d2ed6757d35c792,1,b6f134ff2933bb0ee1f36e2865f21a91,0c8380b62e38e8a1e6adbeba7eb9688c,2017-01-23 14:38:27,144.50,18.10
e75011be2ec3dec23d2ed6757d35c792,2,2c855454330b900b5238383ea6e815ca,0c8380b62e38e8a1e6adbeba7eb9688c,2017-01-23 14:38:27,144.50,12.11
e75011be2ec3dec23d2ed6757d35c792,3,96537ba8cc2b7b2d74ef574b5e78d458,0c8380b62e38e8a1e6adbeba7eb9688c,2017-01-23 14:38:27,144.50,16.75
e76d6d6fbbef90b49c986259f44d2c20,1,027cdd14a677a5834bc67a9789db5021,620c87c171fb2a6dd6e8bb4dec959fc6,2017-02-04 12:54:44,99.90,18.13
e77f09ad0e02176a15af6981ee2d8ea0,1,8bc9dee0f2da0b7ad43095be7ad8414f,76d5af76d0271110f9af36c92573f765,2017-02-06 15:08:04,399.00,55.80
e7bbb39c507d08caa0aee263d3d6ca55,1,ca38c039b717207dec906f4fa9a21db7,59fb871bf6f4522a87ba567b42dafecf,2017-01-20 21:55:31,184.99,16.59
e81600d4371046078150ab84d31175d3,1,8bc9dee0f2da0b7ad43095be7ad8414f,76d5af76d0271110f9af36c92573f765,2017-01-29 09:31:09,399.00,94.16
e81600d4371046078150ab84d31175d3,2,8bc9dee0f2da0b7ad43095be7ad8414f,76d5af76d0271110f9af36c92573f765,2017-01-29 09:31:09,399.00,94.16
e819c0a367da758c5e60ddaee6890dc0,1,0de1e69dff6f40f9f71be7034a8bb8d2,620c87c171fb2a6dd6e8bb4dec959fc6,2017-02-12 15:49:24,349.90,13.06
e833d2324ca8e55d593c0d9d8806c227,1,190179a3742b4110aaa5373a873885bb,b3e2faf2c1004d674f16a3aa3197f0e1,2017-02-11 19:50:11,12.49,10.96
e85c92ee6a3ba1ef47e41c23286314d9,1,071930404657f7cd416f75bd063a9d4b,403aa86912527d730337ffcb0fb096ab,2017-02-14 10:19:22,3699.99,36.23
e88708b0f6c58eaba5b9b3f850f212cc,1,54d798aec2c073d2d403f66ee33ddbe4,dbb9b48c841a0e39e21f98e1a6b2ec3e,2017-02-09 15:48:26,39.90,11.74
e88bd342db73022d67847798929c4519,1,8317b177579dd27ff068b83205e2169b,7e93a43ef30c4f03f38b393420bc753a,2017-02-06 11:11:02,279.64,28.22
e8d766b30a09fa62922aec00c6fecc85,1,3fd19f24609ba67a95e7a88f1b0e8e7d,61f159ef6da2d441951d2c0efa719362,2017-01-28 21:24:34,79.99,19.15
e909df6bbac7fafee9713f25cd6913cf,1,49eaaa38ac3df51ca790372b47b99604,64b87978a11c1ea7501a89eabe8c2c1a,2017-02-18 08:19:35,69.99,11.10
e90f9a57c17a06b37c5830a2ab1bd209,1,6e2c62713ec17c681eacdf653dddb4e5,9df5750209b83567ec144eb299d7d634,2016-10-12 04:17:21,590.00,21.56
e9376e0fd65f7e856a08d32426f523ef,1,91e9e720834fd442374e12835393387c,e24fc9fcd865784fb25705606fe3dfe7,2017-02-14 07:10:51,156.00,11.70
e9555dc20eba7e4e62210df1f438ea00,1,21fb5057dd6a737df6851a7ab7a130da,b14db04aa7881970e83ffa9426897925,2016-10-12 13:19:54,49.00,22.70
e9555dc20eba7e4e62210df1f438ea00,2,21fb5057dd6a737df6851a7ab7a130da,b14db04aa7881970e83ffa9426897925,2016-10-12 13:19:54,49.00,22.70
e95949c45d8dc1a2537b40b90346108e,1,154e7e31ebfa092203795c972e5804a6,cc419e0650a3c5ba77189a1882b7556a,2017-02-13 09:29:52,19.99,10.96
e9740abcb66dbd659a343d7fbf2af04f,1,794bf14b91dcd92fd3cd35a45d6a83e4,aaed1309374718fdd995ee4c58c9dfcd,2017-02-06 09:39:45,38.40,17.78
e9977cc6d0f97447ef0f4fcc2e082fc8,1,d4fe034cde911805af12724d73fde7e0,dd2bdf855a9172734fbc3744021ae9b9,2017-02-11 10:26:05,69.90,15.25
e9be4a779b9911ae4f412b78093d2921,1,e99d30bfed97b6061153d250f19d381b,63b9ae557efed31d1f7687917d248a8d,2017-02-14 11:57:02,29.90,14.52
e9beb67cf376905f8cd308ef0f02071d,1,30001d6521e7d5826eb1881050cea7e7,85d9eb9ddc5d00ca9336a2219c97bb13,2017-01-28 01:22:51,20.90,14.52
e9cd104dfc8837e084c067292c013b0a,1,0a6cf067b01351046739940c8cb7f60f,25e6ffe976bd75618accfe16cefcbd0d,2017-01-30 21:33:43,36.75,10.96
e9df4254faf2fe70bfbff4c0abe4fb7c,1,1c2862e8f831c73dd953c24b3fd5b9e2,df560393f3a51e74553ab94004ba5c87,2017-01-25 14:22:49,31.50,14.52
ea5f30a182b04fd1296273605983b9a4,1,a703f5ade6e4fae527357132230ea778,f4aba7c0bca51484c30ab7bdc34bcdd1,2017-01-27 11:56:23,23.90,14.52
ea5f30a182b04fd1296273605983b9a4,2,a703f5ade6e4fae527357132230ea778,f4aba7c0bca51484c30ab7bdc34bcdd1,2017-01-27 11:56:23,23.90,14.52
ea6a496329b06f8ef26ff21eb61998f9,1,e0520a21b848aa7efcb536bbda142e75,d66c305afaec317ebee552073a674429,2017-02-11 14:26:30,104.90,15.94
ea8dfcfa112dd9df068022a643e58a22,1,e456721fdab66b576664c035ad183965,0ea22c1cfbdc755f86b9b54b39c16043,2017-02-11 19:06:47,29.90,14.52
ea97616a19d3b2683ab949def1037708,1,9123002e53f822415107f07e5dcf199f,6edacfd9f9074789dad6d62ba7950b9c,2017-01-21 14:57:29,66.90,15.68
eabfb81cf01d772d65405ff27c793ddb,1,6cdd53843498f92890544667809f1595,ccc4bbb5f32a6ab2b7066a4130f114e3,2017-01-30 16:57:22,349.90,24.38
eb17935134e6fdd210b40a3d4f8235b2,1,d696750e550fd0f733979dd7e5dff921,9de4643a8dbde634fe55621059d92273,2017-01-27 00:55:47,173.85,18.06
eb17935134e6fdd210b40a3d4f8235b2,2,d696750e550fd0f733979dd7e5dff921,9de4643a8dbde634fe55621059d92273,2017-01-27 00:55:47,173.85,18.06
eb45ce36240dbf895bef98be0d1a85d3,1,54c31c4585d30843421c7ea07d80f84e,897060da8b9a21f655304d50fd935913,2016-10-12 09:30:22,32.50,20.80
eb7aac057d7c17adb860b770451ae250,1,c94d19d021d4a8fbae5a45f904aeea90,701938c450705b8ae65fc923b70f35c7,2017-02-06 23:24:24,103.99,60.42
eb7aac057d7c17adb860b770451ae250,2,c94d19d021d4a8fbae5a45f904aeea90,701938c450705b8ae65fc923b70f35c7,2017-02-06 23:24:24,103.99,60.42
eb87432d1b32d99db89d573d77767a01,1,a5f6ba3fe91a2e73f10b612131cb2404,4e922959ae960d389249c378d1c939f5,2017-01-21 09:15:55,39.00,11.31
eb9cf2c383ca81f5d9750cc9e75fef41,1,5c15e8f223a8bf0d7858c403ddc1b0ed,4a3ca9315b744ce9f8e9374361493884,2017-01-16 23:11:07,59.90,15.63
ebb5a074406776ad07439bc2049c1fe4,1,f0f3c686ec837b27ec9da08762d85317,710e3548e02bc1d2831dfc4f1b5b14d4,2017-02-04 11:47:30,49.99,15.56
ebcd770a00a9b6ee03235d5db51510d8,1,163365b4428bf91ee261186233e5f796,bf961104a38e01b9062ee026bb657dee,2017-02-07 17:29:41,146.39,17.30
ec0fa4ef7da067eb3a57abd8fc504352,1,473795a355d29305c3ea6b156833adf5,620c87c171fb2a6dd6e8bb4dec959fc6,2017-02-06 08:38:44,59.90,14.59
ec0fa4ef7da067eb3a57abd8fc504352,2,473795a355d29305c3ea6b156833adf5,620c87c171fb2a6dd6e8bb4dec959fc6,2017-02-06 08:38:44,59.90,14.59
ec250576de989120ce229e49bae2e72c,1,430d215740da7fdda91cc938f8fd92f6,0887a9f087bcd5d9f6642b52f897fc6c,2017-02-08 11:13:31,104.00,11.34
ec63c198f700051fb0a74c40a757af0e,1,9d3bc872d8bb405d3cd5e7a8deaf4fa9,4e922959ae960d389249c378d1c939f5,2017-01-25 14:00:52,19.00,14.52
ec72b3cb886591a30fe474f7474720c8,1,4a5b6d3c24ac5f9eb93d07463ef04dba,cb3dd9ce66268c7a3ca7241ac70ab58c,2017-02-18 15:12:14,58.70,8.72
ec7a019261fce44180373d45b442d78f,1,f5d8f4fbc70ca2a0038b9a0010ed5cb0,48efc9d94a9834137efd9ea76b065a38,2017-01-09 11:56:06,10.90,8.72
ec95bda03fcd25491f6e0142ef318ee8,1,8d7372d1b5ad8302fee4eed7f8bb4d84,024b564ae893ce8e9bfa02c10a401ece,2017-02-16 18:46:20,119.50,27.10
ec95bda03fcd25491f6e0142ef318ee8,2,8d7372d1b5ad8302fee4eed7f8bb4d84,024b564ae893ce8e9bfa02c10a401ece,2017-02-16 18:46:20,119.50,27.10
eccfa497ce3b3c48e8ccb2a629ea5fe8,1,d585c50d622ff40b4d69959caa42a5a3,64b87978a11c1ea7501a89eabe8c2c1a,2017-02-12 17:24:22,69.99,14.66
ecfc862cb2fabd3d5f9c86117a9baff0,1,5be29135cf368b56e0b1920b2e77989f,20f0aeea30bc3b8c4420be8ced4226c0,2017-02-11 19:13:56,14.90,14.52
ecfdcaa1a2dacb4e5297d8251b115002,1,f9e5efb845b51d764b06f149eb99fc7f,b92e3c8f9738272ff7c59e111e108d7c,2017-01-21 22:26:00,59.90,24.62
ecfec80cd0ce1a66543b6bd5e278a76b,1,12595985a0207bedf6e09ef07e1f98a3,80e6699fe29150b372a0c8a1ebf7dcc8,2017-02-02 10:27:35,102.50,18.00
ed0c78512dc9e32eb0120ff13b93a8fb,1,0c9ff9d8ed9b9bdd825487b3a66e05f5,8581055ce74af1daba164fdbd55a40de,2017-02-13 11:41:07,238.90,29.86
ed2df92b95519613e72472fc57654e32,1,81fad99d75a97d6ea46263987cc218a9,cca3071e3e9bb7d12640c9fbe2301306,2017-02-15 21:33:15,66.30,15.67
ed2ea4498bcd56d90d461a23fa47ac56,1,cce61e7ab409679afd6ba99a47349582,cca3071e3e9bb7d12640c9fbe2301306,2017-01-20 23:05:01,29.90,10.96
ed3d575bd3358123b063ee64cdecdef5,1,9c7bdf67b06b419aefb93cfdfc96c55d,ed49da7cadefc454d6a67de249eab240,2016-10-12 20:38:26,21.50,8.72
ed5c53daefe487fab95ccd2afaf61bb0,1,77794668e2278bf0045019b0d8a308b2,cca3071e3e9bb7d12640c9fbe2301306,2017-01-28 21:56:13,64.90,11.84
ed6878f64d1bb00f07e210dfaaf9e4d3,1,9da1c863c2389407fa1da532a5238d47,0ea22c1cfbdc755f86b9b54b39c16043,2017-01-24 13:32:34,54.90,20.83
ed79f88a78631eade029d1edbbe02881,1,623fb8cc5f36842aa32650e2208a08c8,f8db351d8c4c4c22c6835c19a46f01b0,2017-02-06 16:32:28,24.90,14.52
ed83f6065ae47112c8cfbd22e231b6d8,1,bcb4f6803e8889a70dc5ed14c2f5f785,897060da8b9a21f655304d50fd935913,2016-10-12 13:24:51,64.80,11.13
ed8c7b1b3eb256c70ce0c74231e1da88,1,29bedbfbe73ea473396306b4f0c010ec,5b179e9e8cc7ab6fd113a46ca584da81,2016-10-21 16:21:45,89.90,24.87
ed90ba41c41da31da8e891ff43a584d1,1,9d86a51639004c70d7b6037f43ecc070,f67efa3f0b6761102a7f8c6b7b571f5d,2016-10-11 15:59:10,139.99,16.23
edb2a55c055efbb898171ec9fd840ab9,1,e7ffaa35a5caaca3366f5cc5705b5fb2,c7dcd301ecfe5ab7f778ac172cf74be7,2016-10-10 17:11:59,49.90,11.74
edbcacae5cb8f20f789d86dc0cf80ade,1,a760ef0bb70c954d79e62ec6023d380c,01cf7e3d21494c41fb86034f2e714fa1,2017-02-04 18:49:35,76.05,15.79
ee0accd3922fa553a94aa7e875eba499,1,704e268deb9b8eb20603204783b7a0d2,244c2f1bff6afe1f2eaf9bfe9b2aed38,2017-02-14 11:11:30,99.00,33.73
ee12a50463df80c62439cca9feb9f971,1,c896aa5b12fcfbb05d648eab1240f407,b4ffb71f0cb1b1c3d63fad021ecf93e1,2017-02-08 14:38:41,32.00,8.72
ee55010a370e987f203499f435a59847,1,027cdd14a677a5834bc67a9789db5021,620c87c171fb2a6dd6e8bb4dec959fc6,2017-02-03 15:17:47,99.90,18.00
ee6c9efbbd90c63c4f1a545b9332032b,1,28a0482239353fd069dcf3e6d625ed5b,620c87c171fb2a6dd6e8bb4dec959fc6,2017-02-08 00:44:29,129.90,21.36
ee793c80c58a6de488444dbb4e63374f,1,0e9dfb804bafa3d68ef3ee7a621abfb2,1da366cade6d8276e7d8beea7af5d4bf,2017-02-08 17:33:35,398.00,125.66
ee793c80c58a6de488444dbb4e63374f,2,0e9dfb804bafa3d68ef3ee7a621abfb2,1da366cade6d8276e7d8beea7af5d4bf,2017-02-08 17:33:35,398.00,125.66
ee7f4e0a5223e51719a98941129bbc24,1,a695ab8413ea83619cde9b18292d6aa1,1da366cade6d8276e7d8beea7af5d4bf,2017-02-13 14:18:34,20.99,14.52
eed0820e183311e6ae0d016436318b19,1,758acc685222455688ff4b46d5f5dfd6,4e7c18b98d84e05cbae3ff0ff03846c2,2017-02-13 21:43:32,178.00,22.16
eee77f4b54ff5aeb0312aa795fb9914c,1,dd6a505f83dd3c6326aa9856519e0978,fa40cc5b934574b62717c68f3d678b6d,2017-02-10 22:44:52,49.90,14.52
ef1b29b591d31d57c0d7337460dd83c9,1,bfce5e847034e1fbbc1ed0bff6a372c7,cca3071e3e9bb7d12640c9fbe2301306,2016-10-21 16:22:33,74.90,17.37
ef1cba939b3e4639c534c42c2617fa9c,1,5d92abea542c2022dfee91dd630f2697,0c8380b62e38e8a1e6adbeba7eb9688c,2017-02-08 15:51:22,129.90,13.49
ef445757c25db3525a25a2b9641ef288,1,389d38a555287ebf3413ce43392cf007,2a1348e9addc1af5aaa619b1a3679d6b,2017-01-18 22:17:49,34.90,16.05
ef59d0e720795bd288acef80bd96d2cc,1,92fc46ca7d96704d71f84ed65943a0c1,46dc3b2cc0980fb8ec44634e21d2718e,2017-02-03 21:56:11,179.99,18.00
ef7e4d318e5714c1e8e07e97c981ce36,1,4ac50dbde931c0a5ed8c33d3dc047351,e5a38146df062edaf55c38afa99e42dc,2017-02-07 00:55:38,39.80,15.64
ef8c0e8009daa5ba8b92359799980139,1,955ef07f4e61b2033c9d6af6a6b61783,da8622b14eb17ae2831f4ac5b9dab84a,2017-02-15 14:36:30,84.90,17.33
ef923bbb28876cc2a8e00a7ebc1a52f8,1,ad53b56bfd80cb8adc160a3deaa239b9,75d34ebb1bd0bd7dde40dd507b8169c3,2017-02-15 12:35:29,142.99,18.52
efc734aa0895a5973f3e783a742f1119,1,0de1e69dff6f40f9f71be7034a8bb8d2,620c87c171fb2a6dd6e8bb4dec959fc6,2017-01-30 12:45:40,349.90,19.88
f001655c8c646cd1b5185bbc2e7534f3,1,b560b8ea76437c088ea9a83c49316fb5,82bd0703a4aefd6b599e5bfdaed378fb,2016-10-21 16:25:22,44.90,15.70
f04479bb4e07ce7b8ac1d2287b528541,1,bd3a02d6af913ac8e4c07501e2a13dd5,004c9cd9d87a3c30c522c48c4fc07416,2017-02-03 16:00:36,129.99,18.00
f06876678e6f65feb46836d048f45a85,1,6bbe55cf8f85c87b6eebb775a53402f4,0db783cfcd3b73998abc6e10e59a102f,2017-02-06 20:04:43,99.00,14.86
f06e135f2a783426a58b29014f2346b3,1,5c17779da282cc147ca50c6904cf3d01,2eeb6531ee027a48d401e72bebdd87d3,2017-02-23 19:41:14,9.90,14.52
f0704d8911f0469d5abbaf6096052409,1,19f1647ffc7e4a8ea74bf2dc45ac8e44,575df70bde3f9f2b30bf8d2e9910d725,2017-02-05 10:11:58,179.90,19.54
f0eaef1006347966bb8d9df149b7fb69,1,c0d44799bf113c42b744c0c5310a081e,1b8b75e227c9a9c100d0c210fb6176ce,2017-02-12 11:08:23,24.99,17.78
f125b6371382cc34b5bcdd6405152d86,1,ecbe1ef7e2903ff8b1d704ba78fa264d,c3cfdc648177fdbbbb35635a37472c53,2017-02-11 13:27:56,99.00,17.43
f125b6371382cc34b5bcdd6405152d86,2,ecbe1ef7e2903ff8b1d704ba78fa264d,c3cfdc648177fdbbbb35635a37472c53,2017-02-11 13:27:56,99.00,17.43
f14ad4bdd2fd477e4a9cb6e6c990d79b,1,fa7be99321f2dbb1e518d2139ccb1d39,54a1852d1b8f10312c55e906355666ee,2017-02-09 19:40:37,59.99,11.81
f16599b98c62d8e9ee08de8c41bed3d1,1,df4df3fa6ff7a9f642cdd117ed85626e,2a1348e9addc1af5aaa619b1a3679d6b,2017-02-14 16:57:36,44.90,14.11
f175d67589e059cbbda956f10f0702e6,1,d8c365a069853295a82caf595c2c8c8d,48efc9d94a9834137efd9ea76b065a38,2017-01-09 13:34:35,9.90,8.72
f1c678e4d14a34ff56f675634bce6b15,1,a703f5ade6e4fae527357132230ea778,f4aba7c0bca51484c30ab7bdc34bcdd1,2017-02-11 20:32:13,23.90,10.96
f205336be829af209878b6339cf02c7e,1,33ec1056063990a554e2e2cd85219de5,cca3071e3e9bb7d12640c9fbe2301306,2016-10-21 16:33:59,59.90,14.69
f21167a5141522821d54a766a2a54ce4,1,eb005badd08b68a6361449b18b6e13bb,a36b125ac6d5fdbc7f50de85c9157bdc,2017-02-11 12:47:52,44.99,10.96
f237e8ddc05a21386ec9441d40f8e09e,1,9348cf658c9f20576186a9f3b82c58c3,7dc8c42cc750eeafea6c85712ffee9bf,2017-02-13 23:19:27,89.00,13.20
f2a5336cc1662ad56b16f4ed6e4b2de5,1,4a90b44b456e79e7a33435fdd36e551f,c9a06ece156bb057372c68718ec8909b,2017-01-19 17:55:56,380.00,49.70
f2b69dbd4bd28b5f76698636258902f2,1,516ccdc0667fe7e260156d1998ef9546,a7f13822ceb966b076af67121f87b063,2017-02-11 09:44:14,119.97,46.33
f2dd5f15184c73c0d45c02941c7c23d1,1,b931645cdc2d9868f01544e8db63f5ab,b14db04aa7881970e83ffa9426897925,2017-01-09 22:52:33,65.00,26.92
f2e15e1de54cd372765716e6bbd61fa5,1,ecbe1ef7e2903ff8b1d704ba78fa264d,c3cfdc648177fdbbbb35635a37472c53,2017-02-08 11:45:03,99.00,19.28
f3028a8f41ea1ee2b461420913663f97,1,5ecccfce6630fa5c5e1a9aadb8e87599,b127efdabeffb5d559349c7b172eb75d,2017-02-11 22:52:44,28.00,14.52
f30663edef2c5ccbd8ac1901275ecf64,1,014a8a503291921f7b004a5215bb3c36,fa40cc5b934574b62717c68f3d678b6d,2017-01-28 16:26:51,36.90,8.72
f313be47c42e07616027ad6d6ac3034c,1,e3ffa5b25f4a372e7ccf597b6ceb6c90,5a8e7d5003a1f221f9e1d6e411de7c23,2017-01-16 13:11:45,59.90,14.59
f31853a4f30d4851c847e4494663e749,1,3e8a0f0a4389aa563b110eab167d99d4,a3a38f4affed601eb87a97788c949667,2016-10-10 14:21:56,159.90,16.33
f349e78f52cb2d25cffd4cc44f168413,1,58efb9b638561ce132216a9a612513e2,701938c450705b8ae65fc923b70f35c7,2017-02-06 08:58:27,103.99,37.24
f38755557b9876c68991673e64852af8,1,2b5bed5ddd304876b5d0c3eca2b6cbce,cca3071e3e9bb7d12640c9fbe2301306,2017-01-21 08:33:40,89.90,17.37
f39e2e45839475f6c0afc38589749f69,1,7aab18bec732db73232f712de3ba14fc,2b1a40c1daabc6ca280c4b815c101841,2017-02-05 22:44:34,379.00,29.99
f3c95cc4d7074e5b709ac1a9c10dea1c,1,2794308672e65bc5a970a627ddb9b0f1,dbb9b48c841a0e39e21f98e1a6b2ec3e,2017-01-26 16:10:09,14.50,10.96
f3f0bc4d599d1d5251f1b37cec7b407e,1,77f70ac9f5426624db4fb65c4f1195b8,fa1c13f2614d7b5c4749cbc52fecda94,2017-02-05 13:53:20,129.00,11.51
f3f12fc90564a9b036680a887cd64668,1,4e0946aebc8e1d7521219ec1e7380aed,817f85dbb65aa3e70831d90fe75cdf89,2016-10-21 16:36:21,128.90,16.04
f400946403a78fdd034cf522d3f85512,1,9251443819682703b07d22f78d20d603,48efc9d94a9834137efd9ea76b065a38,2017-01-30 10:00:37,14.90,17.78
f400946403a78fdd034cf522d3f85512,2,242eb53ca3c0b52e275b6fd7ce8b0be7,48efc9d94a9834137efd9ea76b065a38,2017-01-30 10:00:37,14.90,17.78
f4026d9ae34e982204b4f7b627939d32,1,4d3e81b2dfb45a73759982d63e532e94,25e6ffe976bd75618accfe16cefcbd0d,2017-01-31 19:44:14,38.99,12.50
f4026d9ae34e982204b4f7b627939d32,2,4d3e81b2dfb45a73759982d63e532e94,25e6ffe976bd75618accfe16cefcbd0d,2017-01-31 19:44:14,38.99,12.50
f4026d9ae34e982204b4f7b627939d32,3,4d3e81b2dfb45a73759982d63e532e94,25e6ffe976bd75618accfe16cefcbd0d,2017-01-31 19:44:14,38.99,12.50
f4026d9ae34e982204b4f7b627939d32,4,4d3e81b2dfb45a73759982d63e532e94,25e6ffe976bd75618accfe16cefcbd0d,2017-01-31 19:44:14,38.99,12.50
f40d3749a6d621bb95be74a8ce79e06f,1,d248fe1e952b5b5d62572369cc23ac3c,7e93a43ef30c4f03f38b393420bc753a,2017-02-15 12:53:38,1323.00,24.96
f40f7c7b33563806cf705cb088c2cbd3,1,c354b34e5d5b2dea6889ae714861e8f1,f5403d3f50089112c4eed37928b7f622,2017-02-12 18:11:48,96.90,21.13
f451f32b7c863ec284d824a449a407e9,1,194163a8a65a48a8c95623c399a9d4a7,0c8380b62e38e8a1e6adbeba7eb9688c,2017-02-12 14:59:56,99.90,18.98
f454701e5160f7518990fcac29a81932,1,d7d4469347b566ef611163dc0b9cee2c,f45122a9ab94eb4f3f8953578bc0c560,2017-02-13 22:25:41,59.70,17.16
f454701e5160f7518990fcac29a81932,2,d7d4469347b566ef611163dc0b9cee2c,f45122a9ab94eb4f3f8953578bc0c560,2017-02-13 22:25:41,59.70,17.16
f47f217e6978ad1f6991ec7d9444b0eb,1,e7d26dd6742baca292020c158e6720c3,6cd68b3ed6d59aaa9fece558ad360c0a,2017-02-04 19:17:03,54.90,8.00
f47f217e6978ad1f6991ec7d9444b0eb,2,242edc6b84c00f0d48c664a020a92c52,6cd68b3ed6d59aaa9fece558ad360c0a,2017-02-04 19:17:03,54.90,21.10
f4e27ab53e927651894a4f69500baf5b,1,1357d7d30c1609c50ad43a42a204286c,87142160b41353c4e5fca2360caf6f92,2017-02-12 13:50:59,79.90,26.30
f4e88b3ce1eb899d388467aa702fdf93,1,ac85c1f3006839a0ad6995824c497974,066a6914e1ebf3ea95a216c73a986b91,2017-02-16 18:14:57,42.99,15.56
f4ed6d734bd3faba403a2dfdf49400b0,1,913580fde3e72c3b3e4ce0b79963bee6,b76dba6c951ab00dc4edf0a1aa88037e,2017-02-05 10:13:10,10.99,14.52
f4ffbf5a60f1fafa7ed118b999b34ff2,1,98030fe87f5a7493a33f427054966596,59fb871bf6f4522a87ba567b42dafecf,2017-02-13 16:26:09,159.99,12.51
f5147f84d290b6615104539af53179fd,1,6ae7f4ef0ca670ca2609d039af87d057,620c87c171fb2a6dd6e8bb4dec959fc6,2017-02-05 13:21:52,23.90,14.52
f51cb113ad5e21bc6d8082bc824fb25e,1,eaf3ca98b28c4329251a46380c8473c5,aba1721a889e04decc910aa13b768ef4,2017-02-12 14:36:40,179.00,15.01
f53b39c6c91ce86717c15d8e4e5da0c2,1,913580fde3e72c3b3e4ce0b79963bee6,b76dba6c951ab00dc4edf0a1aa88037e,2017-01-12 09:35:07,10.99,14.11
f53f689b6008c22da247ed23e3c0b685,1,ca26080d8f0fa848c329fe732f5e34e8,3faf68a3b0af94b10bac70d86077be49,2017-02-23 21:19:45,188.99,19.60
f559ac2258ea5dd75bf9ba503e7bc6e3,1,4fcb3d9a5f4871e8362dfedbdb02b064,8581055ce74af1daba164fdbd55a40de,2017-02-13 15:19:41,143.80,29.29
f5c948dcc066017d10fd2dd3d01cea6d,1,a5d722d3c7a01c224625d0881e630503,f8db351d8c4c4c22c6835c19a46f01b0,2017-02-15 13:39:30,51.90,11.75
f5d54f3d6cc2c7125dc1de8888ce8975,1,bfd4d65a528678737bcb523e5a3c5f58,d50d79cb34e38265a8649c383dcffd48,2017-01-24 19:18:03,105.99,15.85
f5ffe8d91be29c41069321b0704e1a06,1,c88b4c14d55eb0c9706f83e3e01cd091,45d33f715e24d15a6ccf5c17b3a23e3c,2017-02-10 13:36:33,57.99,11.80
f6089c47bab18faae3d90c64cfb08481,1,60525d5b6a1658c5eea3c64713922000,004c9cd9d87a3c30c522c48c4fc07416,2017-02-06 16:13:48,109.99,17.51
f611b669f06123c801cb15f4af16ac14,1,a8fe47ad6f852f93cc92c7b408687de3,aaed1309374718fdd995ee4c58c9dfcd,2017-02-10 21:45:30,72.90,19.21
f647bd085f1616eb4a272bda4d3f8045,1,025249b91a565601dc1b8f47ee7a230e,fa1c13f2614d7b5c4749cbc52fecda94,2017-02-08 02:29:03,239.00,12.28
f688669f48063536e082bb32d634cd46,1,c66def7098f4d87751f40c3a4855ced1,46dc3b2cc0980fb8ec44634e21d2718e,2016-10-15 04:56:14,99.99,11.23
f69ae31bce06a78d626762b53067c7e0,1,3cdff94d5455b793b415be775cace03c,b17b679f4f5ce2e03ce6968c62648246,2016-10-10 16:03:56,156.97,16.80
f6b0fadc7a8c63ec71d0336d21b8c630,1,efea073f60eaa399daf907a712f18a85,004c9cd9d87a3c30c522c48c4fc07416,2017-02-12 11:52:04,50.50,15.56
f6b63a36cd2dd4fd184e6da3f911a4de,1,95c40b993a22463c83beb5c51a03d46c,85d9eb9ddc5d00ca9336a2219c97bb13,2017-01-23 15:31:13,20.90,14.52
f716dffba1232aaef7c899fb8c14db97,1,5e57a146ccdca976190821a00a059ebf,620c87c171fb2a6dd6e8bb4dec959fc6,2016-10-11 15:59:26,339.90,14.45
f7310018040436b01ab03f81b301b5de,1,ecf23a6c1689e2bed38171ececac6138,5b179e9e8cc7ab6fd113a46ca584da81,2016-10-11 12:14:57,109.90,11.23
f7310018040436b01ab03f81b301b5de,2,ecf23a6c1689e2bed38171ececac6138,5b179e9e8cc7ab6fd113a46ca584da81,2016-10-11 12:14:57,109.90,11.23
f7310018040436b01ab03f81b301b5de,3,ecf23a6c1689e2bed38171ececac6138,5b179e9e8cc7ab6fd113a46ca584da81,2016-10-11 12:14:57,109.90,11.23
f77dc5ef53142abf2e1734622d81f664,1,b7b7c5293e270682d3f343c31355c52a,cca3071e3e9bb7d12640c9fbe2301306,2017-01-22 17:58:43,149.90,19.33
f781dacd75aa73166785a35929546894,1,cf1d8e226162a1d0ad61f29b7ed72d82,7d456afc660226829370f3173d14520c,2016-10-21 16:36:47,48.00,3.62
f781dacd75aa73166785a35929546894,2,e9b3cf27d68caa64832c4a7c460abcb9,7d456afc660226829370f3173d14520c,2016-10-21 16:36:47,177.90,21.17
f7886facb594e65f0c41cdbb0583b560,1,5b8423dc7f23089c9c59c5d140eb5a1c,a3a38f4affed601eb87a97788c949667,2016-10-11 02:48:31,129.99,24.11
f7a13f20a5890267b58c194a333edfe9,1,8477d691ae21afadfa805681bef3a620,272f092de69afedd4d2969440b37f18f,2017-02-09 23:22:30,64.90,11.06
f7a4be4d6edb66bd0e62e91e1bbc9061,1,15b3d4c8373cd64166af5504b49d289d,0c8380b62e38e8a1e6adbeba7eb9688c,2017-01-21 10:49:05,49.90,17.09
f7b9821d83a86f942cd40560f3c06622,1,4a90b44b456e79e7a33435fdd36e551f,c9a06ece156bb057372c68718ec8909b,2017-01-17 17:53:10,380.00,39.06
f7d546d5833e27f1f2815dc05d94b4c0,1,11fd9d7ba552e1d28872e008acf1e050,cb8bcce248bb1fb274ba762d8b971456,2017-01-30 00:16:29,139.90,16.68
f80bb64f9bb2ac4ced01632c44a67e0d,1,b00cef861f6f633cc9eded86aedd8f3a,41b39e28db005d9731d9d485a83b4c38,2017-02-20 12:01:34,79.90,20.74
f8156c3c902b5ae88ac59a6c7b28f72a,1,f4d18451e6c35980e6898e36dfd6fb55,4a3ca9315b744ce9f8e9374361493884,2017-01-21 11:21:45,48.90,11.74
f85e82f7a3b6d26dc7d16b7c2c39b31a,1,af51d485dc5255ba2e18b21b550156e6,5dceca129747e92ff8ef7a997dc4f8ca,2017-02-02 17:44:07,239.90,18.00
f878206572adfa47110fed4947806589,1,bb674e06dbfa1c64d429fd65dfc02f87,817f85dbb65aa3e70831d90fe75cdf89,2017-01-23 09:59:49,149.99,32.65
f87af4a276a00d935b34c0d42c3fcfc3,1,6eb6618376baf873225738ce4fe760ac,41b39e28db005d9731d9d485a83b4c38,2017-02-14 15:29:29,24.99,11.74
f883e09a1fb01318052c6ab839efb34a,1,d984b9203bd56960bbdda0bb7f05f781,0ea22c1cfbdc755f86b9b54b39c16043,2016-10-16 04:01:48,24.90,20.80
f88aa9b677553d2e3f0e77b495066619,1,1da5a90b5fbd1e1bc37b7bbb999c7bd3,de66a66f2dd06bb9ec37aa96987466a3,2017-01-24 14:56:31,45.89,14.52
f8cda48c65da1c85ccd132545de55a79,1,dd8c2302e75b8c69bfde7a67d2500a3a,6e0908ef4d4efadbc3cc2b74ea477cb0,2017-02-09 17:06:00,32.60,14.11
f8ff98a36706c66da3a3f060a0ec3141,1,2511e504fd7794c668a8521aabe3713d,da8622b14eb17ae2831f4ac5b9dab84a,2017-02-18 12:04:19,159.90,18.23
f8ff98a36706c66da3a3f060a0ec3141,2,2a33c8929309d51853186bd18ff3e3f2,da8622b14eb17ae2831f4ac5b9dab84a,2017-02-18 12:04:19,259.90,26.26
f92641ff0446a0e1c57195ebfe76e16a,1,d8c365a069853295a82caf595c2c8c8d,48efc9d94a9834137efd9ea76b065a38,2017-01-09 14:42:02,9.90,8.72
f9427374480e37251d5c279ebc41a3ab,1,913580fde3e72c3b3e4ce0b79963bee6,b76dba6c951ab00dc4edf0a1aa88037e,2017-01-21 14:57:45,10.99,10.96
f9427374480e37251d5c279ebc41a3ab,2,913580fde3e72c3b3e4ce0b79963bee6,b76dba6c951ab00dc4edf0a1aa88037e,2017-01-21 14:57:45,10.99,10.96
f96ae3b7b3fa4a0b2644a183d6cb620d,1,4fcb3d9a5f4871e8362dfedbdb02b064,8581055ce74af1daba164fdbd55a40de,2017-02-11 17:12:52,143.80,40.52
f97ce00d14a023fd79a2db6216c031db,1,36efd30e7c14e8ed3a6557e9104112b3,96804ea39d96eb908e7c3afdb671bb9e,2017-02-11 00:16:04,59.95,16.12
f97e435076c45487417ce991028f5445,1,1aec9dac073154a4d6350ad0e773a191,d12c926d74ceff0a90a21184466ce161,2017-02-15 14:45:06,29.90,20.80
f9a3dd7361484de6c71fedbc1d6a74ba,1,e0dfc740a058aaf5d2627087f26ee80d,620c87c171fb2a6dd6e8bb4dec959fc6,2017-02-07 11:42:09,109.90,14.94
f9b03f7a6e5788ffb6cb6b4cd0d01892,1,44377a26f7c80dbf0a9b2b300604e6bf,ecccfa2bb93b34a3bf033cc5d1dcdc69,2016-10-15 05:02:52,99.90,16.27
f9b2c72f5d0ba6455790c6e26e4551b4,1,39a7355be858c501ee022aaf6461bccd,d91fb3b7d041e83b64a00a3edfb37e4f,2017-02-11 23:53:13,389.00,35.00
f9c44da06151c190a9a6c9c712873d10,1,b864b103180d5a6a3f830e67f93e8735,f5b84683a9bf9e1df748cf40f601b39c,2016-10-15 15:09:06,83.90,9.07
f9d5369378902ad40733614f75fdc908,1,be5353e2c543ba4f67831f95d3775420,f4aba7c0bca51484c30ab7bdc34bcdd1,2017-02-03 15:17:38,23.90,18.00
f9d794ef7ae3d5df8951beb4029a7e93,1,e0dfc740a058aaf5d2627087f26ee80d,620c87c171fb2a6dd6e8bb4dec959fc6,2017-02-11 21:43:31,109.90,18.20
f9fc6b37b2a3a42ef88b609566e731c0,1,68a058d125ba1544e726898f0b8c0523,7c67e1448b00f6e969d365cea6b010ab,2017-02-14 09:02:40,119.99,11.45
fa22247626749c6b54ee3b6a97cb8018,1,e41a6ac2f57a273eb0d214c7cbab5db9,a7f13822ceb966b076af67121f87b063,2017-02-16 15:32:23,119.97,20.14
fa22247626749c6b54ee3b6a97cb8018,2,e41a6ac2f57a273eb0d214c7cbab5db9,a7f13822ceb966b076af67121f87b063,2017-02-16 15:32:23,119.97,20.14
fa479c8466485b9cb8b97b916885cd56,1,f2b264b1a4602b87d64eebefc899c1d0,1b8356dabde1d35e17cef975c3f82730,2017-02-17 16:41:20,79.99,15.77
fa6d3eb110ceb1c2b98c7d158c6d1671,1,880a54b4d8c28e6f7f519ae8caaa09db,004c9cd9d87a3c30c522c48c4fc07416,2017-02-13 14:56:42,109.99,13.35
faa1515e28c5d45a5bb6fa57bffcfb0b,1,d6783a6e939059f756562de164efc447,e6a69c4a27dfdd98ffe5aa757ad744bc,2017-02-05 17:21:33,6.57,8.72
fac9ad2862283f6ebbb3c67abc842db6,1,0e453d51e0da8f98a7297b61328d9a8c,57e632711dec9ec14ca7546769483e7e,2017-02-11 12:25:03,23.40,10.96
facac214a771c262175219d6c5a3a439,1,913580fde3e72c3b3e4ce0b79963bee6,b76dba6c951ab00dc4edf0a1aa88037e,2017-01-23 00:08:11,10.99,14.52
fad93ddceb5b210f71589b1e9258a110,1,afad7a4420a4348d41da23ed8d0902dd,3481aa57cd91f9f9d3fa1fa12d9a3bf7,2017-02-15 11:59:05,59.90,42.88
fae508e3ea9697ecb70c66eca76f4b63,1,00636f9286f69c9f1bdabe76e670fb50,cca3071e3e9bb7d12640c9fbe2301306,2017-02-17 15:19:05,27.90,14.52
fb239dec6971179d84f8ad7b5f5308d8,1,81288df52439985f610be64465e53f57,54a1852d1b8f10312c55e906355666ee,2017-02-15 10:56:36,109.99,17.51
fb5114c39f632a52598cf770c6076620,1,269e87010f6d5e57015a90b00983e334,0db783cfcd3b73998abc6e10e59a102f,2016-10-13 14:35:36,35.00,16.05
fb520e46696d1669a96549c252ed177d,1,d585c50d622ff40b4d69959caa42a5a3,64b87978a11c1ea7501a89eabe8c2c1a,2017-02-19 22:17:29,69.99,16.19
fb975e889b11a08705d3b2734b626916,1,2636a9812d151c718b53387171ce08be,b17b679f4f5ce2e03ce6968c62648246,2017-01-31 09:51:08,30.97,16.05
fbbc9a4fa88f1ccd651790df665b3e57,1,44377a26f7c80dbf0a9b2b300604e6bf,ecccfa2bb93b34a3bf033cc5d1dcdc69,2016-10-09 02:45:17,99.90,19.53
fbd05af8c1751b972fc6e19b1190990e,1,b45755e01d70d935e074cdde682bed74,0c8380b62e38e8a1e6adbeba7eb9688c,2017-02-13 23:55:19,89.90,13.21
fbd82b1fe98967de0db29b6cf134d00a,1,bb936e22237d5ec143263050cd705132,725c32fa80c2faacc4fc88450d27314e,2017-01-22 08:55:36,39.98,11.74
fbee80ef6891c144af8ff9dc788aaa89,1,89c111575a1b19782a2e660eff07dd8a,54a1852d1b8f10312c55e906355666ee,2017-01-16 12:01:14,33.90,24.84
fc0973ba8c96e67e0cfb458c1bac3a6a,1,540a6b4600d6620f58aaff20eba82574,6cf476a4ca74498db55cbccdaa9dcfb6,2017-02-13 10:51:03,24.99,14.52
fc28aed78cb8bcd22a7dbd82cb778946,1,21fd3b391a97c2fedab9d0efdd183a93,9de4643a8dbde634fe55621059d92273,2017-01-17 15:11:16,498.99,18.60
fc72d25952f5957a412411253f5804a7,1,4520766ec412348b8d4caa5e8a18c464,16090f2ca825584b5a147ab24aa30c86,2017-02-14 09:23:21,49.99,14.52
fc79bdcefc8fbd9f44f8cf9633793359,1,ec5b3c8bb77ad22278f6e9d719a83de3,4a3ca9315b744ce9f8e9374361493884,2017-01-30 22:15:09,12.90,10.96
fcafab7fc942d51e9f45bfeeb5bb684d,1,9b1c7bc7cad0519369a5ea04afe303f7,8a32e327fe2c1b3511609d81aaf9f042,2017-01-27 02:38:46,44.99,15.11
fcb5c3253dca0627badc4dc2d5a9c988,1,7e97894cc00196a56d6ec315c68b2353,7008613ea464bad5cb9b83456e1e6a8f,2017-02-11 18:06:18,109.00,14.93
fcb5c3253dca0627badc4dc2d5a9c988,2,7e97894cc00196a56d6ec315c68b2353,7008613ea464bad5cb9b83456e1e6a8f,2017-02-11 18:06:18,109.00,14.93
fcb5c3253dca0627badc4dc2d5a9c988,3,7e97894cc00196a56d6ec315c68b2353,7008613ea464bad5cb9b83456e1e6a8f,2017-02-11 18:06:18,109.00,14.93
fcda3cc8210e746326864eb933641ccf,1,913580fde3e72c3b3e4ce0b79963bee6,b76dba6c951ab00dc4edf0a1aa88037e,2017-01-22 22:41:55,10.99,16.05
fcf3478bc90a1b2e214d529d0455dc1e,1,92c1eb75a887a500d9689fbad65e27e3,7c67e1448b00f6e969d365cea6b010ab,2017-02-17 00:35:08,199.98,61.47
fd0f11edd4d56e20fdb1763757220228,1,c62dee961914cc2e49239963b04258ec,38874e327ce94d11390b96eb42d61928,2017-02-15 22:47:43,699.99,53.55
fd4787fa8be4afcbd8ba795e775cab51,1,8e49e2b4aaa2a78f82c80d2e488084f6,3c3017960b2dbd72711a61f0400aab8f,2017-02-01 17:57:35,84.80,18.00
fd4b04818375a4ba579a80c8d37f1b24,1,34239894e175b17d8c84edc6c73b4dad,827f8f69dfa529c561901c4f2e0f332f,2016-10-11 14:31:44,27.90,14.52
fd71c77a71b5d5d3107284571ec2e894,1,f1a7551730e920950fb0346630971099,440dd6ab244315c632130ecfb63827b1,2017-02-06 10:28:52,164.90,19.50
fd930246eb1c751ee75add493e49ea34,1,a2a90c1a0501c5148928da33b033dee8,3d39fbf22a665714baf62fae36029e23,2017-01-18 21:28:46,59.90,17.26
fdb3ef83ea6f7bef7d13bdd9b38da661,1,cb17b798ba889575385281b7ec2fc22b,ffff564a4f9085cd26170f4732393726,2017-01-27 21:09:40,109.20,13.34
fdc45e6c7555e6cb3cc0daca2557dbe1,1,13ad6994bda56edfa0a269e3d9a9acb3,54aa8463e87776b5612f4bdc4bd5d4de,2017-02-11 15:49:16,89.90,22.56
fe1b5889171fd987d32665de60780aab,1,b77dac30490dcfa827c2060a7a3a2a0d,7e93a43ef30c4f03f38b393420bc753a,2017-02-07 14:19:02,442.95,17.27
fe2ac30768e07e362b649951cc625144,1,561e48cdfacd14e7cfe67aa4ebd0caea,5cf13accae3222c70a9cac40818ae839,2017-01-20 16:41:18,74.50,19.22
fe51db9ff7a67edc7468c14e0a2e9aa1,1,fa51e914046aab32764c41356b9d4ea4,1b8b75e227c9a9c100d0c210fb6176ce,2017-02-10 17:10:51,110.00,15.98
fe590d6e861c13a9b394a9d3775b07d7,1,b77ae16cc8f67cd1c0ec781d5bf4da2b,7a67c85e85bb2ce8582c35f2203ad736,2017-02-10 18:02:01,239.99,22.13
fe84ed29d87230c495cd2381857dba8e,1,c57c6b0b6d9868bc2164f6182b52d9ca,de66a66f2dd06bb9ec37aa96987466a3,2017-02-06 19:50:20,38.99,14.52
fe8fb13770857cd6d22fda24ce5bd4a6,1,1aa5ffb5e73a8635a5d4619a96d012fe,dc4a0fc896dc34b0d5bfec8438291c80,2017-02-10 21:27:04,159.90,19.40
fe9ff842f65047f5a82c48905a18cc98,1,7efc9c66bf68e3026c7846b0ec3e8682,5f1dc28029d2c244352a68107ec2b542,2017-02-05 15:25:47,9.50,8.72
ff42eee9423ebc7d468a3709e1cbefb7,1,f07ef9dd6e2d9a366ff30a25e210be70,62c50c1af4dfdc4149d25c5222043d39,2017-01-20 09:56:45,137.99,11.58
ff54c442f3e9f50941a09dcf4e061e6f,1,e41a6ac2f57a273eb0d214c7cbab5db9,a7f13822ceb966b076af67121f87b063,2017-02-16 14:42:14,119.97,29.03
ffb5af8b918083c3291c62b20fa89319,1,093be8c4566a25d70e577faa3539d7d3,63b464dbf392c7b80d12d932fa7cafed,2017-02-15 17:45:08,159.00,18.02
ffd5efbd46bbf72ad374862a05ef4c72,1,8338cef8355d238f43711dcb9c0657b2,cca3071e3e9bb7d12640c9fbe2301306,2017-02-11 18:39:14,45.90,14.52
ffdc5e3279114c523a09296f8fd28331,1,5e70a4508abd5d19bfe7f110785294c8,328acb143b4a73aad6bee8e734f5d20d,2017-02-14 14:49:23,299.99,17.80
