customer_id,customer_unique_id,customer_zip_code_prefix,customer_city,customer_state
4d27341acd30a36bca39008ee9bb9050,e021e698833bdeb89dfef3acb2e91f37,89254,jaragua do sul,SC
eb67e9bd3357fbacdbef99759f919573,4bc7250d4b42b3374eb6f41b12429592,04710,sao paulo,SP
b0964d76975dbc174b623b5a300973d5,24a5c2b24a4467c37e2f54c1b311de93,86990,marialva,PR
e559ddc91d9410c38d576e423ffbb67b,de53649541ad2006de823720ad65ca77,30330,belo horizonte,MG
ba12c461af37457048f420e37de2abab,c68949b701afe5343ce845dd492772e8,97700,santiago,RS
5bfe800011656c0afb81db64519982db,0071f46a072a9ae25bbe4438b15efe9c,16011,aracatuba,SP
77069f163bef4933c6efeea244b3f606,99e41e69b60bd63edd83935499523063,21616,rio de janeiro,RJ
3f5939e06e89efd9e9ca8ef3ab9d68c7,6b7e1090d106aaee31d5ed12d2bbc2af,01310,sao paulo,SP
1a39f03ab9c2ad4470f8c49d97cbd6a5,6f65f19c2dcfcab8b76b2fafb5b840e1,16010,aracatuba,SP
17e6d37366dc8c8865588b0d1740d606,3c34090736785a45dd8cbf536ad289c4,86181,cambe,PR
1ea9656f6bb4ba028d81b90a4e7d1369,ea9412f324bd34513bad100b6b6e8297,03183,sao paulo,SP
116e47f49c0558a5e9bb8eb119485e24,cf01f9dc838bee15dc892d87f879fa7d,88351,brusque,SC
91f7ba105111f895086a17fe5417431c,ba58671cbf108397a73d8b85e57a4869,02302,sao paulo,SP
dc7302a83e9681f614bb59a515df38b3,fc19fe9ac733e36ff8227c29435c2030,15700,jales,SP
1013b3cb87e89aa951b7f556f8c26d33,0032c76b20340da25249092a268ce66c,13515,charqueada,SP
b0bde8961b359e3e4840c9327862f43e,40b1c1468c27787235deb9bf979fd51d,02804,sao paulo,SP
308d634eb8b2e74f9b5bac996f0df5bc,c319f40740fdf4e982c795eb1eb6d6b1,04117,sao paulo,SP
b24e99c21cef9de4ad6b940683949ce0,8d97ec3fada2f08485838b53e2d70bcd,29104,vila velha,ES
edf0b9f3196ff6f4702be2d540f684d4,171d92af5bf025428dfc2fd869eb8a04,21715,rio de janeiro,RJ
8610db3f7a37d8a445f5649be9343960,48464d1565a9447566fa926099aa5d9b,27213,volta redonda,RJ
ceead79d927539feb1a27e3ec80cac36,f75da962fb4ddac1569e90c21803c455,06768,taboao da serra,SP
31681d181856456f0e90f10594ed9b91,681b1f6f853abf792786c3429e8e8633,12243,sao jose dos campos,SP
60582a6628af83a283474d8c94e3ff7a,e106b0bf1efc2352bda60eaeced76675,33600,pedro leopoldo,MG
30159428cd8098929d2d39e5e357fcc5,a696ba5db33cf4835a04dd5965a86781,07787,cajamar,SP
423ec49be46a59adb7cbfa113013ca4e,fddb0443caca83884ff3d7e44a9bcbdd,35901,itabira,MG
9b50d244594b92d3fb3212e1fe203fb0,3be2432d88955b7cc6e9cb71d9d1931e,13070,campinas,SP
c64e943126adfabb1c2ae21b4bc1e650,d6d67261f2634cdf9ec293cd765c8479,07063,guarulhos,SP
f822ca093818862741351da642ef501d,f757482977cb6137615b622a8b782d97,06458,barueri,SP
d076efdb7799c038d147359520222208,084b52bfe7638733e0c99f8139ea3924,04615,sao paulo,SP
31ec530ca6c36d8cd17146241c119887,cb3709632b79a6369878c981ccb22045,89225,joinville,SC
033c0ab40161f39cabba89a415feffaa,367f810d77e192e1440edd2afa6b07cd,68371,altamira,PA
0b0021fc48717a02bcbd22404ed2f1f3,688f41aa35d278c66448d8c443304f51,02636,sao paulo,SP
f0244902c07b7c0799e468218579a925,147375750bdc81b55b75dc08daf84c8a,55022,caruaru,PE
e335e7e1fffa9b705d3453abb49890a7,8d11f32a56d967b7e09d3a5ed6cf9991,76873,ariquemes,RO
9f074c63790b0ef8b01c66fd67a97601,f3d8599810560b7c7180840ace7c9342,27525,resende,RJ
5bef68c4d2d04c09aee2195ff540f131,d8e40a4b16990a6fd1095feae46aa1af,13562,sao carlos,SP
a3cce16d1def5991f7314b717b373ab4,2e61a8d70f5bd8fa8dd742ed198aceaa,04742,sao paulo,SP
93732ed72146ae356dec2a111f0879e1,13ec734449904d3346466df58a6db4f7,21760,rio de janeiro,RJ
e6bee29442c761ff0dfb9a4414922a5c,728e4a7d0db4845270091ded0923c71f,80540,curitiba,PR
f1b4e52c63caa18218f3d64e9f402638,712f57b0313fdcf9ebbae22e13082da8,32070,contagem,MG
30956f750c3184a07f887007009d003d,7b06939062a079425ad83f54c98eec7e,86938,godoy moreira,PR
b031d0752ca02dd1a780af8278140571,ee1b69039bd20877692d8622dedbc3ec,09370,maua,SP
46e69377adf8857c9ce9c568ba073b06,04120e49b42d9188cee40d96521d9893,12286,cacapava,SP
d118674ac7bfbd3385a7546522278e5d,13cdb9d2530b1193e81f0c447924d2f0,04140,sao paulo,SP
dbc9cbb74d25c5c2c1457fbd64f0ba57,4434aab9872e6d0e500523f6a85829e9,90420,porto alegre,RS
bf06992fd27d8a0a950104151b8ca61e,0284ca4015977edc8413c917b8e68355,02435,sao paulo,SP
9ff88efe6c5c047c8894c5e6c2cd206f,7a176e5d88c7acb6000a055e008c055d,03147,sao paulo,SP
07226545d056696fc5946dab0f0f2a7c,be503af00c47c568e3fffd9b2344b5c6,02562,sao paulo,SP
7c81a72e2604e2e4d33c3d3757596c44,cfc4edb67377c3fcbbc3ac1d2012f869,58175,cuite,PB
cf96b5af1c0b18a84eb35a144c85f142,e7c0adb16c7fea6d7f75c3d9e72f813b,02035,sao paulo,SP
3e538d735070c509095ccbdb699f798d,4f6e6ec3891fe96b3fbe50c587769eec,04849,sao paulo,SP
64c17343b6c53ee761fd232e84384848,522e714643e682c9eff7415cffae54fb,13871,sao joao da boa vista,SP
aab80f9b1d664586c530e24c6d49b3bd,8024c342feedd9019699fe97a45f987b,35010,governador valadares,MG
1d72f0479018c73cd9f58abcb01e776f,9e51b7aa58099f4e2a91f93968c15377,40290,salvador,BA
db329a00354d35ec9fdaaf8e11bd8033,30ad1451a70a8da11a69dc6dcfe31256,91760,porto alegre,RS
f5389cd0ee02b3476058b95446ebc174,a5afc2fc6cbdb37998250ef5c42eab15,92110,canoas,RS
9015549e1e0438244f52123c59498fa6,e22c7e55a547f8d9bc30d2957ba1c9c5,45810,porto seguro,BA
c8c62d4767ce11a1611db2fbd5af9a0e,8ea3ac9d23c41e3e9402a59465e534c5,09710,sao bernardo do campo,SP
8483b31f7dde87f8cbb3d04529df4c5b,1d6839096ee1dc833817de863a170299,17210,jau,SP
80242677269637e364586259ccc5558f,7df622c0386808fe50377fc0d27ee3a8,21863,rio de janeiro,RJ
4c2352fefc6c76c844fb918aa3a1478f,120abf6e9c05f5ba0d69603dc05a98cd,38600,paracatu,MG
fdceca9202d57e4bbaa7a6f09d677c9a,915576ac0abe2ffd7a97c7db777108bc,37701,pocos de caldas,MG
98bfbf477ed9f40a0264f5e527a446be,8aa802da0f525a68e7fae5e67929ebdd,18147,aracariguama,SP
01e5b020d9c4f26539154b00f632e3ae,e208c1565f7dafbab63310a957a68174,22461,rio de janeiro,RJ
39f51cf31b3d2266b99005da1b5d5b79,86f04460dd37a57e3a0ecdeaffb1919b,17740,rinopolis,SP
8886130db0ea6e9e70ba0b03d7c0d286,7b9d52d22310baecad0f9df64872208d,35590,lagoa da prata,MG
2450926e09ca55f960204a2789ed4943,a15a39c94a1934b7e64a5e10c5f9b9d6,86604,rolandia,PR
5cb5ff757d630a29902ea9b9699b936e,be7fcc357c85f653824260eed04cb57c,18550,boituva,SP
bd0342f59a3b8ddc416bd048b2b5d0fb,2e92a624a8a3f8ab5eb51d42fca60e5b,28470,santo antonio de padua,RJ
b9da07b57372061cd82dbb1df5a6cfd2,6b5fa65642acb463c835ef79de54c1ae,93700,campo bom,RS
fc253202cb10b4a99ac862321a854858,481c59a1f6bafb63320f101c013e6784,20775,rio de janeiro,RJ
28fdcbdf2ebc3b9d20d4a810cec6a8b7,1fe76010d06f4c73ed78f3a7d469d93e,38360,capinopolis,MG
4fb4e9973cfcdb270134d0a9f81ad158,27147dbc9e950da24fc983f4589858d4,21020,rio de janeiro,RJ
498b577d46347e99e2134f84c42ed257,766b6d27cc73772f570e1c425a4a37b6,86760,munhoz de melo,PR
5ce4fbb6db799ff205fbb1a825eb75f9,529fff3447f42588f034c03e80740bf4,44940,central,BA
c8a48f24e0d3338f916385b4097526e9,064ab365e1c4df2ecc60b89aae2ebafd,16940,nova independencia,SP
64e2e80c6c053f95af9f072968fc8196,609846ecfa57e90e8ce0fe6c0e06b0ad,01532,sao paulo,SP
b55866a8482ea8bcc889756ed34cc80c,83941fec1ea0d5752f8a0bfa124a5bb0,28020,campos dos goytacazes,RJ
59b219b2e1d1b20580c3551e07db6648,27ede105a6042b71a261bf57f75fdcf8,21331,rio de janeiro,RJ
acb6f5070c34dbadd42a7dd6b18f6590,727426deca1feb458f37d6aba4ecf3aa,39705,sao joao evangelista,MG
6dd39ae1549359ab24a5110b54452360,c237c66fa20c6bb05c90ac56fdd95173,20271,rio de janeiro,RJ
8a5881366c8a17270865c025f0636675,de179e054de0c203fe910e0443746173,07850,franco da rocha,SP
cf10056dcb7d1fb5322dd86d12936557,215c4eb12924f9cc3c6cbd9a83fd5f69,05029,sao paulo,SP
eba930c3950c6964961c7c72f7f6a461,30a38716bb2d04f12bb813aa2f926270,29300,cachoeiro de itapemirim,ES
0b9a169354c3525fe15c74baee76fcbc,0ff496711329d7a5d58e8a43716b3e6d,57080,maceio,AL
bfbf277426eaeed47c31c9cef7fa29d9,511a6ac6371fbba3bad465f3a7b0fc30,38200,frutal,MG
c89a210a02f21b5c33c6c8013a22fa16,e40c31d23377cd7fa85ca2024382c60c,09669,sao bernardo do campo,SP
814d58f5b1b9829ab9a1d690b13dba62,4dab471599dbcca61ac7f57baf6537c5,06170,osasco,SP
d8ffafcca7e2d9ee5d8e7cbd7a2eb524,5c100416976d9113369919942548bea8,29151,cariacica,ES
4b671f05b6eb9dc1d2c1bae9c8c78536,0ecf7f65b5ff3b9e61b637e59f495e0a,30411,belo horizonte,MG
5116eacd8d620b734c26a0f04e19b60a,d7046ea561b819649385d6d524166f04,03438,sao paulo,SP
9c964fe94972e8d6ee8498dd08d47b09,73252a53d6a47f20fa67b7a56f7771f5,78048,cuiaba,MT
d8820c41fa55a2229c9d79da5ab99565,bef334a9b4cecae4dc0916d62a91dbbf,60060,fortaleza,CE
5e81e1b0b6164c14269bb934e9c43c3d,008f3d5f45a11059239a5c452cd00006,65920,sao pedro da agua branca,MA
b31da288a5d93df0b87661fae41bda52,ff8b95898b5d2ce400ce59b28c40bfbc,74463,goiania,GO
a779fb63d731a6f7af0e4ef34aebc9bf,c5cf9357698d4fbca794731fe22b1606,91787,porto alegre,RS
754c940809abbdba13ef02e5e141b729,8934c160f9f016e15f2823b6d54909ea,20950,rio de janeiro,RJ
e97a76910029690bc1f5b67376c38af5,051bc94e9cd865806bba8eeefb336d0a,18285,cesario lange,SP
f67c3132efd7fdbe82c5365dad71d736,b27e39a421d71a38ef5c84a0c4f453cd,89520,curitibanos,SC
9cd516c73a329f061611ae45ecbbe580,a239b8e2fbce33780f1f1912e2ee5275,69054,manaus,AM
bf6418c67d6b29aada7d4a9a0cfb3e09,2a80d0e64a7056796f27b4f0cb909182,95599,balneario pinhal,RS
912f108a7026f25f99240a5c4c60e2c3,cdf2b280dbabe2b047ba03f1886265e6,91250,porto alegre,RS
693d02fe5397d7acda742a75d955610e,f9a3385a7764e9ff101e0187418fc131,14401,franca,SP
ebe11def265cd8e747d70c07c5a4547e,0edebfec2b1b8f0871e72dece89a484e,18113,votorantim,SP
7f6a345ff92095fba2660f11ec6574e4,fdb86bf15a984dc8b14912e4ddc78f79,87200,cianorte,PR
da41f8be4acae374b2c5bfe8f9659e7e,cb9f4b2fe91fdef805d9d0344b471246,46860,iacu,BA
5720a15d022c09d2634c71c80c8d4102,9f302d00dd3e18ed3745778184b4f0fe,67013,ananindeua,PA
25941254085022c9513a7b83203bc2ab,e5a9aad30b1ab64fcbcbfb64b0959b10,45810,porto seguro,BA
8c38607817e8600468a7bc0b062e9d97,7d96b91d456a20c55c74e85253ac6f19,80230,curitiba,PR
66b9bc2d53ea09b027966337424fa0c7,d6e7520f52b7d40e2bb54f05c374225e,22775,rio de janeiro,RJ
258c52543b8045fe23644c47a645c9fb,de6150bc32a048990e6cbb6dbd3825bb,60822,fortaleza,CE
ba11fbc3a42907d4018c0dee4ea35969,aafed3abb41b7e9ad488bc8b2b7b76e0,76803,porto velho,RO
587c6261599b61d8089fab854cb753cd,7f75d82fb48730a02d3c678dd2242e44,63360,aurora,CE
2fae54536dde6fcf04a52571421e5813,ae6c2808c02ba82b0d0977e1ab5d68bc,38840,carmo do paranaiba,MG
63d8ce2f854381279f3b762e962dc969,637ce3a8eb17677024b70124b5ff7040,92990,eldorado do sul,RS
b2df53a0d86cbc9c48616392a6e57c57,9066d003674f53303ec2ac527e940a5d,75830,mineiros,GO
5059378df49d90c06ff62b87ce33205b,2e4abe9d674b4655fc04dc7daf05128a,37500,itajuba,MG
bee4e134573a69da08ec778c2ee62eeb,8a7271f54378994867420e5157f34500,17690,bastos,SP
480aee92a572792a7a5043f486656da8,8b55f7f0b79b0885eaea2966bb6c7155,93265,esteio,RS
494622d8ca78370960fce737e9ad15c9,f3c581f21aff6af44eae11dc363a6562,85710,santo antonio do sudoeste,PR
92da31c4d9d81552801e3c1a6194b796,b74deaa44a000da4ce9bf2913cb8e232,58305,bayeux,PB
d2697a7d9526f4714dc4b718cbebbf82,e979f8af7c5e1ecdf30bbeee7461a063,16406,lins,SP
b21ff624eaefac438d7923cd142bd9c5,ce7f6dcf999eb7a6e372fe497efc446c,08526,ferraz de vasconcelos,SP
45cdfac600e3e044e7d986b3639ac8f3,4a1827d2f38e2c00736326bfb9f68ee8,13563,sao carlos,SP
83e4d344f3b14f96050798d2efb6032d,6dc90d194697c0674a2f3df5240acde2,36200,barbacena,MG
738ebe48e12040500665dd143aa28cdc,ae96093146108e55367c723d76ea54a9,57975,colonia leopoldina,AL
99ed295fa7b1f749594ce5f709ef1073,ef026b181b8edf96c9ba24e7a989f7b4,20921,rio de janeiro,RJ
a0d4b9ead9cc1fb314bf487c76605839,19e76f68a4f2e046ff5551d0bd7641a2,56395,lagoa grande,PE
e25e6ee39ce79eeff6b4927b86571759,6a5b2a807a2aca962c4badc649cb40b2,01204,sao paulo,SP
42048dec015103c5b5715657565ec274,9baf1392eba0e3765864edc27c11a9a4,85568,saudade do iguacu,PR
e53edc46664edce7794d86baca23f75b,e93d7ba71f9edaa1360d2d16e8a95783,71925,brasilia,DF
42be08802b14ff1e10bc5bec7f1beae9,2d07c5651faf08b9f6536a2bbf74adce,21381,rio de janeiro,RJ
93794f99eb7b7e4cb838e17e2032377b,054ffdea48c902c9ec66095e46b74c46,11050,santos,SP
8830eaba57f7db8ff493f4e2c3da5df2,a79d550defbe2232aefb4a509c61df55,13455,santa barbara d'oeste,SP
e3b8e1052eabf24ff52843086a5f4508,c2fef0a4a3a237288e3ab4bb2df94c18,35930,joao monlevade,MG
b698450718afb9e7420dc1cc7b4e4b9b,c59222b180a7292b25e2fca69b29d68a,20561,rio de janeiro,RJ
adb32467ecc74b53576d9d13a5a55891,11f97da02237a49c8e783dfda6f50e8e,74885,goiania,GO
dacb079d55ffb1d3955c5d923df3ebb7,12cc890391e57d7123e004856ff1f137,50090,recife,PE
5f78e0062e08a91ecc6a7cd787bd29ba,85e2be50c49cbf58fcc2b12cfbaded03,68560,santana do araguaia,PA
21c57ebcb87ee3234cd00d36f40cfa9c,32300168b351a3fede32444fae9b7b25,02188,sao paulo,SP
606ac72d2b2b2a89114d972d2e66a2a4,c6daf89e664438f63927784b6fd5c5c4,26087,nova iguacu,RJ
b14e0e09e9300295fad83e14291ccc85,07075a6fe81bda04bf23954364fd228a,11030,santos,SP
ec2dc6cc4dd715182e85b4e8bb9f3f63,3d074e025564ddf1f59c4535a2170463,08673,suzano,SP
6a9cb951f5f44cb1c5f3f2a34dfe16e8,860052aea27ab400cbe474e6956013fc,78050,cuiaba,MT
2510dab99846cf86151167128b2032e1,e6c2d4c0d18521155e20e567476bcbac,04140,sao paulo,SP
a5c75f2a835d91d32a32cca335ee150c,3bd86adb7f78c730ba9e150e1976ac51,86707,arapongas,PR
7fdeb74955a334e7a83f3bb365c07727,80846d571262926feb13147a5965a9ba,29031,vitoria,ES
8dcc5cd0569e6c1cfd0444e4a26419d4,c6b482cd350f5dc9a48ec4c1292c72bd,59200,santa cruz,RN
49c01eb0774fa3c20b2b4aa1b1682b4b,a4ee69b44b706be22ef7dc61d65606fc,07172,guarulhos,SP
6f065c44abf2024a4cb9ee299921ed6a,2d7a88002fb4c6073fbef4f59707a0e0,13504,rio claro,SP
75e8f990b9e289013b1d092614b52487,2bf93b9956e26356b52f5d426c7801de,03275,sao paulo,SP
47fd93db3f6e715f6d06f90ba501b94d,da5bbfd583efb762f6fda762f1aaf4a9,87020,maringa,PR
27ab53f26192510ff85872aeb3759dcc,f922896769e9517ea3c630f3c8de86d0,96832,santa cruz do sul,RS
37be731e9a59816c2139b344f51147dc,f4ff1a79dac99d99375405621276c176,06900,embu-guacu,SP
cd0879cb585fcbf74a2cf9417bda2362,a788b820bbaa47754700c4e0a3748778,11320,sao vicente,SP
13733cc0a4aafa89ac9017036cc89fe6,8b72bba76cc10c0710aea06efcadeff7,07700,caieiras,SP
58dbd0b2d70206bf40e62cd34e84d795,64b576fb70d441e8f1b2d7d446e483c5,13226,varzea paulista,SP
95ec62e8d34f56e5eb89e9f8794cb2a0,21133c740a001949b3396482b1dc31b1,88036,florianopolis,SC
6e44eda9d6ef9a3b9252f5848a9da93f,e767f34a12740d2fc014485f4dfe2d5b,86800,apucarana,PR
6f989332712d3222b6571b1cf5b835ce,61db744d2f835035a5625b59350c6b63,90040,porto alegre,RS
b3588b0dfd394759bb0048856f365c95,baf8a55609217194b2feb8adacdcc144,03342,sao paulo,SP
92932704db71729a8f947b9ffdce4c99,a8b4a3120d7a69c230a670147db4fc5a,24933,marica,RJ
f623e071624706724ec88fbb991b6833,cc22bf98f7334481f650e169e5950fdd,87345,campina da lagoa,PR
830ed363f26a7624bd458c1931d348ea,4b898a8853cf3a669bdf36c39847d89a,30770,belo horizonte,MG
951424b1692aa7bd56ce420e20a2d1d8,b8259702efd15b5abc1566e007ead9f7,83218,paranagua,PR
8e43a72ca4287806280d0daea3cc46fa,e2ebf2a8b112fe192cb13433227baf54,04902,sao paulo,SP
987f3e6341b00da1302e1b6867eda73d,53a164cece52ece70a92fc364daeb42a,37500,itajuba,MG
60f4e882b701ca5aea3378dfd8dc55d9,99ec5a3a454b7b0207830f7d3829c014,02242,sao paulo,SP
f78c8b0641299a312f545dd0d783b7ff,d8597267ec0a9fc0eaa100bf063b7b1d,08246,sao paulo,SP
bc41a708ec6dabfa8b01320ad60ac6a2,212fb8fd04191789cf67caf8c78e2d1b,53230,olinda,PE
3b7db71fcb0e1493dc3f486768a67239,cd4b9f268bcad20a5d9cb8b41a2e6ed1,22723,rio de janeiro,RJ
285195a5b585842e25bd1ef9015a8413,acf5cef98a4798f470a2bb70a330ac07,13304,itu,SP
c41bb9b32eecfb353668815360270496,edf8176bda73a45c6a47235c7a7726b2,17490,piratininga,SP
d399e431e970637a174aadff3eb35990,e1ac07c60a37ca863cdaa8bde2198611,07120,guarulhos,SP
99b72b76d26475c4412b8d88c363b066,7b5c1689e5fd48554085de27aedf8285,29960,conceicao da barra,ES
06cd112a475fd4d834eff32968147050,527cd2850ef91088969ffbef0103dec3,80030,curitiba,PR
e1524dd0c685ee8f075fe01f661a4017,5b2339965459982f42b6fda1b13a27b4,90620,porto alegre,RS
9e1d60f744e20177e6c2b1062af5c97c,47819e2fe2feece1eaa798f2c2398221,88339,balneario camboriu,SC
6443519fe0538b895632d5d7817aaff3,d78014098f313770fc276a44a9e84a87,93540,novo hamburgo,RS
378149ca89a5e5020931071114dd8865,b313b4a68d70a37718f0313f32789e2b,09030,santo andre,SP
16fdfe3c4f948f802baee3f32d1f99fe,beb6f9fd570947c43749a143f370ebe4,14093,ribeirao preto,SP
c5741f989a6049395c73425008fdba81,58e0dbfde3061a4431faaa2ecd6e5c6a,85812,cascavel,PR
0f80e191c93db94bca6006c000ad3989,0a4a1fea1f5db13269ec792542f58d70,23056,rio de janeiro,RJ
e9fc7edd6cde2e8c4f7f8617ed9cc8d4,8d101c47a4c3fb0d038d454668b1464c,04709,sao paulo,SP
19d8d28432946239ce9f75e1990f7e58,d6fdf70f71d5b82ae601638a446bd228,64770,sao raimundo nonato,PI
4cfd1cf4ebdcc9beb01c7b267359dd1a,6f3b80ba079455b6aa9fd86e065f6a1e,20720,rio de janeiro,RJ
4ec504c54ba7f383e3105e7320ada110,670f431b00846583721cc15493a27b7f,08032,sao paulo,SP
13a7b529c08942d1e86e9918dc4ae053,d2e80e3af989dadfdae7bd1fa9b60459,12702,cruzeiro,SP
3fc136b32b1b6068b0bd9fc719d69959,710e6d9af622bf1b64b2ae24d6880955,09321,maua,SP
48edd605f2b0aa7b701d54771e388335,27158bdf1ae9e4efb6e48696a7bfe81f,44061,feira de santana,BA
4922363693e673167789c03faf24a66d,c76762dfb642ac154475239639f7f8f4,20541,rio de janeiro,RJ
9844f1bf373bfd63ccb3ce5f1793debc,b05d073f2741e28f818d1006b29e5416,44970,ibipeba,BA
bd8e2c85ac6c8810b119d2dd90c54ce5,94e62e9baf0b7cca77bfdd81ba8746cb,22441,rio de janeiro,RJ
230787cbf8da57cbd10d7c223cde6f1f,ad1cb06f09b27e4773870d1f76a68557,13058,campinas,SP
2822af661614ee97360679a39de22690,2b46edbc40fd5cdf0d218e117b480191,85035,guarapuava,PR
eb48d3319bc78a3ab31e30f2e309f18b,a2fbff4f1bcf0c264386f46d292de14e,15570,cardoso,SP
e05df6dee2d1b0a7782f771120b9e826,9526faf43eb079ae6eb94cd2fd8982c6,07953,francisco morato,SP
83b54583d45924de2866eff235f84a2f,b48d4174294cc546a7745ef40258de49,23020,rio de janeiro,RJ
8a863458d761a9b40faba0ea98094eb9,37d1cea760ff9b96298e678a10b02c85,24445,sao goncalo,RJ
b7f396c9fd13888c4ebe7f73435525b1,fa3252e1b283ad5fe9d5d43a4a234900,30672,belo horizonte,MG
f71daf549aff62ad50e839ea1086d9a1,522d1f87cd0763c5fe91a7277b41197f,07242,guarulhos,SP
38fa25096a695e1972739e2dd6821f83,3e36312a56bdb312242490706752940b,13059,campinas,SP
ed9a9009b3f1634f5aba2e8eaee8e494,66b4a441fa95efb527240f103e4182d4,49032,aracaju,SE
943db5b732a10f928de356cc1d7fb075,9520b4a5c7c6d61675ec5c2c62a44cf0,17580,pompeia,SP
5263febf1413e9a60ceb7b842008b7ef,6f90ec5150be36c4475835b5941ab56f,82980,curitiba,PR
fd1e9f0b9121a3c03c0d46907debc26a,c851f70413e20381390ddb28a135f676,88200,tijucas,SC
0cd8afa06f9985eabdce1fc7b25c7de0,90903e514222249170252e90f6b358fa,89010,blumenau,SC
f081cdc2c90a600fc2cd8e9ca3e6da1a,3b87f48ebf7ec14b8dc26ab3df53ed47,86065,londrina,PR
0f9863eaf7169595f5a7699580ea5695,daaf7866693b57dfa2f4c68329073801,20771,rio de janeiro,RJ
a602a55269bd7ad0a6d3d7ef86ea249d,bf90a7aa2fc913b4f227d1d2a9edf73d,01519,sao paulo,SP
0b8cca6cd998b579f4a0556a31f388f4,4d5db20ccc7f8a5f045b475d9fc6d8ec,17250,bariri,SP
179b6269e3312a52257e0ae40dc5e976,75a8619f11aa2ce309bdb5875882a486,29850,ecoporanga,ES
1568d0cf27776d57552118a63aec65e1,d69e7376cd254c900729616e75624e12,24130,niteroi,RJ
dfac72372f9e21b7edd69eddd81c7b63,517a3d8518447c776efd430b66470e27,95020,caxias do sul,RS
00cd48b2051a1518d6d33ffd01dbfcb6,2f683d2b8640f8988ad9ca6295c03a50,02130,sao paulo,SP
7df0a02f3a48198615dec3720500fe42,5a1ca59d931014c3141a150d51a00994,93800,sapiranga,RS
dd96e8ca7d7dfac2b3b5632801e5f106,90cdf84ae810487178762867e5b09fd3,34545,sabara,MG
3b542cee52633ddfcc18e056344408d1,7804eccdf70fe6377d097b4ecc73a5bd,89217,joinville,SC
3c65db2e0ff1b2c65304964e61bdf190,eac6dbc8ecd0a2f08ed8e53d18f0e0d0,08280,sao paulo,SP
d2d7f7fc293b9394c24bea4a21d7cf12,8fbc4341725e7244f7e0b25e09570a3d,38402,uberlandia,MG
5d6235d00d8bf6288320b2d69f1378ad,a418dae5b9f02ea5423d369a58a84800,96255,chui,RS
0c9250b6e51b94c3250b3992631fb100,04544a89f79714c0abcc3ae49e884209,01303,sao paulo,SP
5ec42e63c046c1c1103bd2301ebe6dd0,fee302f7605a1022d1a885fa5e2cad6e,22620,rio de janeiro,RJ
021833e9737a1145b5a6e3053f0f4329,18af4524eed79155034a9374880c5078,03211,sao paulo,SP
7203adde3a9d76f21c2b01223d07c2b0,e1cb618b74d0ca68e0c206f386ad15ee,49090,aracaju,SE
c3482ff6a57386fb93da1cfed67d1aad,961c63d31987fe328f1f88c1208efc7b,37968,monte santo de minas,MG
dc0ac1aef635298b6a835b090dd7edf7,0e3b24c04ea1cffe84ee1706573a2e28,37170,boa esperanca,MG
a55d0e0d5e8af985ecc5e32d9bd5392d,1393e1722e5bc511dbe4bbd0d655488d,41760,salvador,BA
626478b0f57ed4bdf6f462568f16d5d5,5d3352f7a8f2f9e5d159f83b645a170f,68742,castanhal,PA
96c492da7645ca77d09a59b20d415cfe,ccafc1c3f270410521c3c6f3b249870f,74820,goiania,GO
806e9984a49a008bbb424f31641d62db,cd363e5f88337f6d8b9b7a8510dc1752,06775,taboao da serra,SP
3a4ccb2c6fb972d301b8f9edfbf81fbd,ff822e5e1322cef6c211ad8a0591999e,25740,petropolis,RJ
754582123dc2d1d268954366598a1e51,cbfca226fc1298a6202b116c5148ac44,29060,vitoria,ES
5c495510e9f861b83aa5fb7c308e8d76,28989ef45087c96e5a4346e88216c2ba,69912,rio branco,AC
4d145fd1d3245cbb3697dd41b4bcf19b,fa57a93088b5154400f24bee58fdf772,20071,rio de janeiro,RJ
4700a9c25c2412e57e2ec4753b608af0,dda765de88a92811547f2ae44ff3ea99,02927,sao paulo,SP
6db7d2433a64ccb8a2258d3282007b7a,52da55b9a46cd82986d3fefcd87b455a,08561,poa,SP
ce706e81decc274e0a5a183d1690385f,9ff82389742ddc09abe60d74f00ebde7,15570,cardoso,SP
61293d3c42c2bfad777bcedcab7c3bd5,40f4b191d404a10a6039af0b26dd62c7,65393,buriticupu,MA
073a1dd224494392bd923c55a093ce4e,f59dcbbff80e462d11eba16dbbc43ff6,09020,santo andre,SP
4bb880cac21c7a9e1371ab1ebd601706,3f4f614c632af7fc7508462a7cb55ac2,05007,sao paulo,SP
a2c32079da05c60d8e39eee66b12530c,5acb44e8f0ffc5e73a4166f51eede9d4,01106,sao paulo,SP
6e7b0f93dfebf606621b18ba1bbca33c,b4a5f3d0becb4574e563e90cc42024ec,14055,ribeirao preto,SP
1a0d6e9c1a8483fbeec12da522abc4b9,1fdf90937088c83e969d2d20a1c73116,19913,ourinhos,SP
15b7fb20d8805996eca064ddedb843c6,43b1465a233a9c1c822dbc043a864e2b,08275,sao paulo,SP
37fccd2d756c8564ce539cef92358880,4f5a469269f056e90e63ca3876725dbd,22230,rio de janeiro,RJ
a998e828a104504f72ceb338f92043b6,b39c8c284dd7875b68a31449852cc76a,08566,poa,SP
beb649b39fa226baecfc1b5333671de8,4d5e4a9d09fe7108d3022c3c3f93100b,03626,sao paulo,SP
895dc6310e03a3a99b01e8224e7086a5,a4243202d5d59577f78e2c46820caae6,89520,curitibanos,SC
4b4b31f3c6970ebb076768e11bd95ab6,74030c9f00fd6202c4f0108b6e4358bf,95042,caxias do sul,RS
c0f2ac8bda6a84f4d3666f08760d0ef4,fcd0ab79592faab19e2bf386cf69fbcd,98430,palmitinho,RS
5a36bd2a84d5b3f6ea920871476935e0,8f6ce2295bdbec03cd50e34b4bd7ba0a,24935,marica,RJ
70da82df80a3f1ca6fb62b41b08c7c53,568877b6b81f66898aaeff1e2d66ba5a,85870,foz do iguacu,PR
dcf56a1334b83afcfbc1cfeb008f38a9,7f686e118b3f870f0f28d152f3dfacc6,14080,ribeirao preto,SP
e3b774df7af6c6c0427f2f6e26a1b705,11592c9c20fd2313ae3fbda31c43f139,13411,piracicaba,SP
1d17a1a799c8c9c248c1816d48b5a689,433dd4253bb5e9eae16387ac1b5818f4,16440,sabino,SP
cf52d3f2132b17f52fdf4b40c135163e,859801343e938e403027c0668f64f037,65054,sao luis,MA
8cda4bd14575a660f2bb6638f54857dd,ba4a2175bec63f868cfba4e6ef36c29a,28030,campos dos goytacazes,RJ
101306fbb5ef564098ffe05962761727,38e49d4eb010c940c54ceabf73aad278,04764,sao paulo,SP
582f00a7340e0c7d2e1d15218bad5eb1,22bffb1eecedea376bda8a313caadb25,26052,nova iguacu,RJ
3afe43b81b0d102b2ca5138ab53f418a,15fbc48df691e0ad51b0cf30d86392a2,04609,sao paulo,SP
46fc16f07712c5cdcdd55911a3297e16,3b6d8779a13d0e022d93c46e814de0fa,68638,rondon do para,PA
a7ef3a4c88848b53b0a34eb34ad1fc2a,cd5c58ed66702e6ee5b09be4a30d9108,28907,cabo frio,RJ
a1d77a9088348b107655d10e8fc7f020,c97f43354466238a486e90287d00b81d,66810,belem,PA
0280e2736a179aa87a59447236a797fa,1c61833a5bbe555d71990cf46c3ccd2b,13313,itu,SP
14acf219b872d59372c19045b364fe13,034c9168c534c478555edfae7434c25d,30170,belo horizonte,MG
aaf6d77cd0756a4e878472c3efc65308,ff8557b296729eaa30f078d974c86812,88117,sao jose,SC
7f18a55ab36bb9522b71a169132b049a,c4a6d90ff659b1fc7a16bb0681f2afa7,17520,marilia,SP
88066642a5d1d72635324e65fade6905,87b5114bcbdfd51bcf0b350282b16b2b,62320,tiangua,CE
9f0d2e42f83c55179cf336b77a28acb2,8d571f38fe56ed1fc65db7fdfbcbcf4b,09655,sao bernardo do campo,SP
7cbe2b9e9f7314b94db6cc9fc4af9709,8b2b2f74f91382a716c4471728e1bdac,87380,janiopolis,PR
55eaa25f13d0d25081e707fc622c64b1,c74601008d7ec21da3155119b8ad7382,88780,imbituba,SC
b9c504b633cd3d85d4128856a67209c2,31463a6b3a01f53c3ef1a04a849decf4,56580,ibimirim,PE
3140c5d46f2d38e4f14a9675359d6a27,7f3ae1ea298c60b1a19751a1ded40199,91260,porto alegre,RS
5f825bf617f8288a4cb4f50c3c179794,4bd7f188edf5bda0c155c8460457d76b,33913,ribeirao das neves,MG
cf47b091281173221ad0467851d5f02a,4f24d302b7c54fe31fbbfdcf6ef9ff39,04085,sao paulo,SP
40b3dfbf520c45c6107a0d749c13855d,2205452883526d0f4dfe5f23ba2fd6d7,13504,rio claro,SP
06c09be49b69107bf8c75d10af6b2233,e264ef071f4c0fb4a0f3e9139b283dee,35420,mariana,MG
7b1536d40b410674d6580bf1a6883985,6bf33cbc32d6feef3072bf6a6ff13769,87045,maringa,PR
1aaa5eaa9dd9bafb385aadc1930ef8e4,854e546b53f9b86fecc634f1cc7587cb,37701,pocos de caldas,MG
64b56cb1662271f54a81d96a28741487,da9c90677b1963eca1cf8a14c338cf6e,80220,curitiba,PR
0f0603d577f299ca129f39109268c546,903fccb1294b588a6c82921ca23acd0d,59086,natal,RN
2707853be7df8de3a4c4e8c718de99ba,012e12f54f6e73b1faba89a119dab849,75930,maurilandia,GO
fd8c1c13c5a8e810e542362ffe896cb0,4177106411d91f66e786890b5e745511,05056,sao paulo,SP
db857a86c685a6a3a02a705961ec1ff1,c83d504c46170342ddbc93c762e0e4ec,35171,coronel fabriciano,MG
e19f65c224e33e06be44655f7d8a954f,b82cc83c7fa128a0ae245e5ad1dd8dfd,86630,centenario do sul,PR
ae3a3a6fd9128d8617e2cb3a88a7598b,f3e9410701ce24f2956a79c7475ab834,65052,sao luis,MA
6dc6ecc47ecee1fbacdf2d516c08f196,59d399e0396cab7f7a89a0a29e65b7f8,55450,lagoa dos gatos,PE
03376f61962efe4dccecd7ce47dcb511,e2a9ce5993c4e7bd7929e889da70a919,25060,duque de caxias,RJ
14b614cf1dd2da6594c658a69fbbeb54,7f1a50bd72da35adfd13f3c367cc2eca,60532,fortaleza,CE
b75d72658f51cfc274b14adf1446590a,8cd892a381c7d2f5532e23b83e509399,08693,suzano,SP
7fd3a4989d98e2d60a403f6ae5f6e2ac,72d269b304e316ace7ca02afbdfaa3f8,26510,nilopolis,RJ
55c9044401ffab0c717f24405e2e042f,d291f3a15290c4c1edb70dc04fa8f35c,22725,rio de janeiro,RJ
2076f5cf507562f37d5afa2fa2405bc5,6816f63c8069d28cfc1727483c42ab3c,19015,presidente prudente,SP
a3b261d6bf44645e797b4cb6b9620809,d6e1514ad963bcb618ab6a47902f6cea,06722,cotia,SP
76fee7c59d7317435aef4230a46b23bd,a8e4a8d784c5a994b94dd2f368de5cf2,35300,caratinga,MG
f21ba9720adb1d11243d94fb25c8607c,afd907e82e22caa1e6003419e11c2a5a,55608,vitoria de santo antao,PE
e76d70baaf2e6bf919577966bdc5ce8f,b9c47942414b4b3f08a3ae85f5c7e4d7,24913,marica,RJ
c508ad14bc3cde5d1e0bfca7ebdb77cd,65673eb10bb25611b2a9eda38b0e57ff,37902,passos,MG
442d66f0d96f656096dd70f1b0391e40,45d9410bc1f3c6e36dea41d8f823ada6,20511,rio de janeiro,RJ
8daafb5e7776c08e384b8bdd6b708dfc,8262788edf806677acaffdbb1709ed3f,68792,santa isabel do para,PA
7222620c380656e9f0a28fce5418d5d6,879e7f03b883419400700216ea156c83,31560,belo horizonte,MG
7b63a8b875b1f72f1a796fca5dc7be1b,e5737b1b77380ba421a8af3f6288dce4,13054,campinas,SP
193fc54759c7948c87e0795ada003c69,2dd087e327b9bdff4f2ac6cf855a3b06,37490,sao goncalo do sapucai,MG
5ef121a48e1ea142acfa7f4d33e3d99e,d1a7cd0a5ccba0f985cfe2be5c740900,84560,rio azul,PR
4830a9c02b42036ffca989c6d2f8ff67,d26dfa98bd785e87a3d659aade51d0ba,39406,montes claros,MG
58fd1de47b74bd72637ccb4179c475bc,173cc731309ecc2b6c8a3ea70a715508,35900,itabira,MG
ec26ff9b46af83d9c60691c89bf24895,60e6fe581610db699ac03fec61f4d53f,30130,belo horizonte,MG
6b3ed42b480bc5831a094f35dc11b668,9342b18c97a2bbf3fa9d97aceb0b6dd4,59054,natal,RN
d3747fcb04e6ef1d6b9ac173fe2a6098,a1943c69247cff2a92d8a4b419e74371,26112,belford roxo,RJ
f678799cf04c0c8c731552419b6a03cb,f869da1366f36001d8408336a00a5765,18530,tiete,SP
e44d9a10a0978d6c21403879bf8076d0,7fbb6d8f1f76288d32ab1a4e74da34c5,77500,porto nacional,TO
3c3c45651f50bb4b13a4de268cad02b0,9aed28a7d5e85a3f48fd4a23647dc8c4,97575,santana do livramento,RS
e8cb217e9848f5420e452795bd548e70,3b9db64edd09037f28a6ba66dfdb6088,11701,praia grande,SP
7df232c2148f611e1be8e3fd383599e0,3d92572ad56193b186bf331850e189f5,64056,teresina,PI
c75e4def2f3ec80fc03a535c4f9b37a2,07d3ac0b8a40ad4382c576f69f81fc75,13272,valinhos,SP
4a1435c406b7c8bf1404a88a197787b4,39b56719c0ea74b79ee77758001eb6ab,13566,sao carlos,SP
101c8d91278c4de9001566d27033f673,ee2bb06c1d3f368e92084edefb7e4b57,01407,sao paulo,SP
7c94da97db6fe83e123f80baab533a97,aa811dd4c5b1ca28de6db905ec51ad5e,82030,curitiba,PR
6130b51fcec3b20306df2145393397a2,2fdc18a80ec13de305a40c8f59b1d791,75064,anapolis,GO
3618140a65c08f961619ac9054eb2ac2,7cf925206a56fb733ff24780c6d4a87f,93900,ivoti,RS
345243f3e37e32114d9cf17eb7a11c29,8f7036a46f0fba0b1caea70c6ca36203,03254,sao paulo,SP
407136bd5649e73981dce394b201897d,b4e9fd0c998da3801378993e637076b9,13930,serra negra,SP
c54f3adc4e82b43d49101975a9bedb2c,c3e126b480a46d537bca487cc053912e,89694,faxinal dos guedes,SC
5fbc79a993390667e9a461e24d9ce21c,9766c9f4171323bd388bf0ea181b6bee,46810,utinga,BA
c21f952b2c5a136d5b3e16d43af119d4,82dea37135f62f80afea41bbd62903a8,08690,suzano,SP
b72f83ceb50b170acce9cf406fde5f00,ad6b83aaec330b0f3d70d15875e07175,23540,rio de janeiro,RJ
b58dcfda4c9957fc651450f200bde69a,72bf888b87fb63f5a23f3362b8af7e7a,89209,joinville,SC
b47e3bb89a04830b931629ec351b5956,c5f0c60baf99d169f7dc4d749dfb4407,01131,sao paulo,SP
a509c0faf10ecf2d74c38e3945b25496,1d2435aa3b858d45c707c9fc25e18779,21760,rio de janeiro,RJ
fbc1bec47970c387d5f4962d518dd268,e03a1bf47d42257f8e8e5e8775696622,06900,embu-guacu,SP
7dfd921b8d5eeee59b1b012e6696a99f,c45bca52946a193b21364ad877e60342,29304,cachoeiro de itapemirim,ES
da70cbcb5012f2055b4f2c90d28725fc,cf3ca218511c73ca4a1c6a19e71f02d4,37060,varginha,MG
0b325ef40af7bb04108befbdcc9b224c,70f0fca2435f0fa72fe85699630791fc,85415,cafelandia,PR
34f852cdb25124b22f5b451449f3a91c,261e8255730ab49376999aaa118e65b0,14403,franca,SP
46f6474f7fa4d2600e0f97435c8826b5,f766f748d5a4af99224f8f36f2e433e9,99790,mariano moro,RS
c4dcf192d129b8388592885dd24fc476,1e0e8ead2f7835dc5b4da4fd2fb9af9e,37890,muzambinho,MG
d022cc2c5b40e84f1c19866f337c7a68,bbf0d1ddbf8bd44d192f056919e9b706,86802,apucarana,PR
198b639c2da0e7f71ae2b720ad67f47d,55b9662183a72ec77b8f467ff8d42fa3,80610,curitiba,PR
02cb3a8ef6e13d37560379559e2f533d,d51c96d2f1d710b94744d6f7b88387d7,12245,sao jose dos campos,SP
67588b81dcadc1a20b20aac2ca3ed209,aa6a5249d19627faaad6d0291a966104,66040,belem,PA
136f4c1a0629b4ef8681a46dfeeddc2e,8c4eb133c4a45634289a9727130a32e1,89560,videira,SC
dd2dd4b75b0a223fb8c234ff1934faf8,bcfdca13b3b657eeccd2528bd38d0425,39467,juvenilia,MG
17e09ce22c71fb0e784051ca2901e7fd,d196f8d3f7ab0d427d498a9d89dcffc4,37600,cambui,MG
c26bb02989b33808d6c78a387f27fd34,a8667e9fed5aab9c060a0dd359069add,80730,curitiba,PR
1cf722ec2d1f484c35c1ecfe752b263d,ed8d3a85dcebf694f8dde843f3cef35a,93032,sao leopoldo,RS
fee7cf49127308e2b5402c9984b6f1f6,78e1fdf5955b14b03809a8a8accec102,95770,feliz,RS
142b789d35a01d909f5c0119a5ecb165,91c722c6637fda72368194f19b8c9822,36016,juiz de fora,MG
a02700fc8188dbb2df5391ef5961d156,ad95527eb93ab5b372afd4f6af9bcf5b,09170,santo andre,SP
ff1a56726b7ea149c7423865609cc0c8,fb48b86d9a78b53675c121e4ec8981ed,21220,rio de janeiro,RJ
1cee7be2a8055eeac71626608c2360b9,c0809c9e757929e7cf0a1af098fcb1f6,49090,aracaju,SE
8a67f4176555ddc74a6e897968988a74,14b79aa03b656dbd7c3abdbecbcab862,29055,vitoria,ES
0e63522224dc7d760139532f17a3634f,66f457f454f75af079e127189a13587b,27525,resende,RJ
b629604bb4374da78155fb48fcc1ec4f,b0bc6de4a99007470bbdbbf5cc502ea9,03910,sao paulo,SP
b3a9bf200375f53cc5c6991919c356fd,14359ea0c7a105749c0a56478825b015,04849,sao paulo,SP
72cb2f7e00c6b47c25afdd7ea20ea3f2,cb4241101b3bfb3ecee4b2810bf9a4c2,01418,sao paulo,SP
0595cb1106adc0f2c0f617c560fb8e57,9d31457a03125fc870787a251760315a,05025,sao paulo,SP
28e414622d3770ff33c04a3151bb77fa,12b3f3ecec72ac5252b5bbc137ca3c59,18080,sorocaba,SP
96c6d161a734e063fba237c7d58f75d6,43f7e3bbb6ef01b8524741070eec8701,09133,santo andre,SP
e914087f4bedebda8f0dc92e4d095d16,65fa3afefabe02a33f88a6c0c7c17867,01527,sao paulo,SP
2591b8425f1f3f363d644917fbc238db,b0e456c406192d77c8ff45ba89c81d61,21820,rio de janeiro,RJ
3a0f38c8ea7937e02d01faccb3785878,60accafbc8d06b082b4bfaa06efbdfc6,37590,jacutinga,MG
a2be606029a95748f15824071fffa10e,3e5306add1209e5ba184092dd1587282,71925,brasilia,DF
ac68706c6f747bf0f7e7986a7ba40155,e8798977c2a62ecf8f2b17fba406097f,30380,belo horizonte,MG
01950e4d4d0f0f8561e721ad5c8b0f9a,9de756cc22c1ff1352e519c5e8ea206e,36013,juiz de fora,MG
7a9915a7ff0cd1ba1f13318f84d1a7f2,1e9617c2583b0542994b36a4f3136312,13477,americana,SP
7c912bf7e7b05be2cc0a11c603a6332d,0d8813732f25d4185df8c792dafe28c8,09405,ribeirao pires,SP
870ae28f999c5deb65108159a259e504,8827aed3591094ec92138d2c0af196a3,96400,bage,RS
69ed85715d3bff3b648ef923daed0056,29f7c5991de58cbc11aaf2f023cf28c6,81130,curitiba,PR
a95d66809480de437e5e93ad6cda31cf,6e7e695a72de858cbfbdc2e2eff6e5f8,68005,santarem,PA
e81fc327c9365a91e9ce38e8d904647f,44b95b41e1172e2926917fd5c4e77e62,94930,cachoeirinha,RS
5589151bd114970188a1141fbd5c8d25,9783afad41afa667522bf03656c516f3,22713,rio de janeiro,RJ
7a0c9d6fc5dc65fa1da11959b167c952,141b0a78a1c056b72aebe29fc96b4198,04038,sao paulo,SP
b3aaa85c9690e3e133f5c83529fdb16e,fab947dcedb89d878422fb636a0085ea,81710,curitiba,PR
07f531d80eec53e83d52e270ea6538ea,fdc8b2ae6846c2c904194654d61dbdfc,08730,mogi das cruzes,SP
cba12036a88407a37770dc8ab725de77,d753459418d268407f19b64be28e3c5a,80030,curitiba,PR
95cca40cba8d9b592aa024f66b6ded35,c658495c41a24ef33a852db6840738a1,84265,telemaco borba,PR
95f592086150f0c95d3082aea047b816,9a7d84a4238838d9573057c632139951,31140,belo horizonte,MG
5be96cc643f055c5ec688661898ff816,c293bfd1d0d3bca4b541fbfeb93d4d96,11471,guaruja,SP
ccf255b29886e51b62641549f3c2d9ce,7067ac4b80a40da3604b6c9143502eec,75705,catalao,GO
957f8e082185574de25992dc659ebbc0,07d5b1f9bdd053347f0213187b343ac9,03531,sao paulo,SP
29c13f323716a5bbd7356343e45d9868,35e146c985a9cf989c91edb4c0c156fa,21371,rio de janeiro,RJ
17cc8f7a65b27f3f4f1ea1234c37e9c4,1f31610badc44c438c8e3d1651e750e3,24912,marica,RJ
c24fc5f9a446b4d8262041b9c64de772,f7b981e8a280e455ac3cbe0d5d171bd1,80030,curitiba,PR
24f72944b81a1af99ec38141a8b93880,63857b86ba184a03893452c46c285fb8,96415,bage,RS
4aa9a7eb520f8efdf80da20ba889f190,a36dfd7f887f03e4818a77b11784236e,18079,sorocaba,SP
91a10aff1998894aefda53b691a5d6f6,4a1256ba59833d19d91b2139da81c1b1,88301,itajai,SC
288e976c94e837a29abe6b90418dcfef,af909ac0b64b17367c81a96d3da1b91f,02188,sao paulo,SP
0f51eea87ae9e277d0f099d51637772d,7af2db50b8a1a1c7fdf77acb033ba6b0,68005,santarem,PA
ab23392115ab5083ec640a5c781c2820,17238e33fee2b88c3ed8eb91b29c007a,29057,vitoria,ES
4e88cdfcc6490fa26dc52e0e409a5704,ad00631c48d2db9b92face8cfc7e4f22,86038,londrina,PR
d813ab20b4b3354cd96acf8f62f7ac9f,83378a775dc59edce2437ee52bbfbd19,22793,rio de janeiro,RJ
e6f959bf384d1d53b6d68826699bba12,7390ed59fa1febbfda31a80b4318c8cb,76700,mozarlandia,GO
f3fecb293f31350518ee2ac197202282,a34c42acb1860ba63a4d59e9295ea75a,11662,caraguatatuba,SP
053716fea805d6b29d6f8b6113fefe4d,3b2aa495b3557acad84b380301a9cc94,62570,bela cruz,CE
8e5368dd904948fc2fddb6b8b3178175,33abb6c6f7f4097194a2b5085450b53e,26220,nova iguacu,RJ
eca9b206f2a9e4693bf0840895434e2c,4c4621970a6bbad78e4204b062ff69d1,93224,sapucaia do sul,RS
d6fc5f88bd61861e269ea0d4fadcfb87,c1d563f96746afcb44695b8e1ca7f6aa,29104,vila velha,ES
d5a188588f28fb4843c19c521c3e197c,d5714a4277f62a9bf9f361e9ebfcddc9,86310,nova fatima,PR
b8cdbd2d79fb877b224b27ff548c297d,717018d40515ebcca772cad60799b58f,95775,tupandi,RS
fd5878d884704e7165c352d83b9cadb7,83f7b04d3399b939076a8cc0572b4000,06086,osasco,SP
7812fcebfc5e8065d31e1bb5f0017dae,87776adb449c551e74c13fc34f036105,12030,taubate,SP
b73808a9b8c9bab42e9f738c8f2b16ad,70d043346d334f297cc8fc7b20ebeb43,66831,belem,PA
070db51ef1d6a1bd858c21b03de83e66,1f98e3467d2b48dfb44fc12b137d3447,05074,sao paulo,SP
4672ca9dfaf87835eea705f786d3dea7,128aba43632401d81504e1e1f6c04e24,18271,tatui,SP
a13b59f2362357007db99730023baa32,fe7f632a9c4a34bc6b60a03a15ce7e12,06764,taboao da serra,SP
7615536f9443d90e9971a9002fd9abf5,4642cd486e01df18aa3d8468d43b2d9b,20231,rio de janeiro,RJ
0732b96294c351963d5ea56db7f5a3f9,ff3bcc94d97e257e7619a2161375cdfe,25615,petropolis,RJ
3c8735c5a045fb31f956e4ab8f23c566,bf27e53164b2385d9eecc0e04a566e3a,06868,itapecerica da serra,SP
606ce29a35f60bf161e41d4ea848b9fd,928ccb81b12b3653a85236ca8a5142b0,09725,sao bernardo do campo,SP
3aa247c374ef0288513bd6c00f828d6a,e99d3d14445fbb2f3d31c7b5830aa890,22720,rio de janeiro,RJ
8ec1617ce630c731866f5a041b5d408c,74cce650b76111461f996421e71fc23e,16901,andradina,SP
a17dc8aaea9743dbccaca067b5ac3b43,faae4bdf680651e40005ea6f0f90e8b8,09855,sao bernardo do campo,SP
1710b798ebdc5db6665c815b90a64999,5c418344883a1f8617cb5577648adb4a,65110,sao jose de ribamar,MA
d7be54516b09d327e904b5bcfbe0a79e,c6f8a0976d97dc94811f4e2beafe7046,37270,campo belo,MG
7322e04a8cee7f728d698f4666645567,09a3196b73375086b541e01cc3269738,13360,capivari,SP
7cc773cce3ceea8640c54a88b0f007a9,0aca54eb7e0e261cb6d9781fecaf6e9a,83701,araucaria,PR
5a01248cc0f2dfc237fe63b35f27a918,9fc6bf73e3c3b68c7e3ab91ab0f40058,11440,guaruja,SP
d3dbc41e6eaa97ba63d3d18a3860cba1,6c57407371aad97722d7b24900e55923,76993,colorado do oeste,RO
27976c3ee49975e6f777258477a87002,4f8dbb0ae4dc6758963cca6485099f30,13186,hortolandia,SP
a697310dcc6dec6e09e601a68fad6611,d32117be1f591cc163d8a6a996140e16,38017,uberaba,MG
34d9abbd51f86b7faec4fb8bd8a630d5,a48ce24144099b583b6150e0f69712d4,24465,sao goncalo,RJ
3489fb03bfa99335c385df8b863a701b,046ed33aa8bef51855af6010a11a835c,25261,duque de caxias,RJ
edbaa972997d3e33faec1e1b6e0b7e43,4cee4a02eb33c498d0ad31ff0e7f32f1,23931,angra dos reis,RJ
1c282323584deebf1025c4c72dde565a,2a20697e5508f62175c47760b460bd01,31744,belo horizonte,MG
68fcf3339b654cd981786ff00d15bbfe,8b1371e4a43d8e62075c06d7256373f8,13736,mococa,SP
d5de688c321096d15508faae67a27051,d49f3dae6bad25d05160fc17aca5942d,36400,conselheiro lafaiete,MG
ed8be358abd6a8b37ba8cc9d485e7bbb,f1efc19f85b4823a0bfde8f77f913207,95097,caxias do sul,RS
86dc2ffce2dfff336de2f386a786e574,830d5b7aaa3b6f1e9ad63703bec97d23,14600,sao joaquim da barra,SP
3d89e437bbd02dfc96b7ebf2d791bfc2,911a7d4fed122180dfff1453bf5a5094,23020,rio de janeiro,RJ
66f6f1200cf04a1950b327fecf045fa5,2e8561bf8b43a8b182c53dfb53fc9a7f,12214,sao jose dos campos,SP
31368b408d16b4b87746e04755b8b870,bd859b24955ed06b0605a79f60ef34f9,12071,taubate,SP
f09327112f642aef342574a73c0b3a40,15094c09eaf3bfe96a05084ed9e78658,13500,rio claro,SP
021e3ddcc0581de5bf087b1d87e4b136,3fb1672507c668998549f7c91cbe932b,27155,vargem alegre,RJ
50aef86314536113cf37ab64f241ef8d,59480732845d7411f4a2406a563c878e,22783,rio de janeiro,RJ
f18d013a75e175123bdcf626f02f8212,7c2a1e9b8bdcf8c544175b2e93c70a4e,22290,rio de janeiro,RJ
b6fba4f325e0a771a6e80d8fbd035925,29bede8fc099d697cdfffed784313103,14027,ribeirao preto,SP
6cd7106899e59a1fbd0622d5f1efedf4,6360ff9a3d58800ba0b03b1c6c290d92,11730,mongagua,SP
9434d806ad79343f0380e4c9d87453bb,5697fda4932c74e997cd7ed468d3abe0,21381,rio de janeiro,RJ
9243444883a2537b2d21cf2b9568bb00,148c32e019356ea9629df84a38656c13,47850,luis eduardo magalhaes,BA
1d2b981cedb5a187a9eb0c2ecbf0df2a,e6765cc5f48f2c03a00dff340ea1dd93,20950,rio de janeiro,RJ
da0ba2a9935bca5b4610b0e3bca9d3b4,88bc832f104b6dd684a17dbb1b76e778,02993,sao paulo,SP
ef965f89f325a77c2b3c7e1de2b897ba,b0363411321322effd28075f52b04ed2,02229,sao paulo,SP
ebb3c484a7824bcc474dc7502648ce12,e78838df9c44e102b6ac84cc5eea7d5c,36780,astolfo dutra,MG
993d0439436ad1ef23ad62dc6f66cfe2,a06f282cff6736dc56e658231c1262a8,26900,miguel pereira,RJ
0ecec081acf716b8ae4ee28348f7b04a,dbd646e11d140ae5452828dd2eb2c6e9,50740,recife,PE
77dc6dea7e5d08bfea0c98b5b377032c,369c7fee937c898dbc71fde81c0ed4a4,35931,joao monlevade,MG
85b33bce9e1e9b9c05c0a2e30385cfae,c38c3af8fe28f2cc69b6404694b47d91,88914,balneario arroio do silva,SC
7a1df13f94accb7df88adc51682d29f4,4a91199dce0d0f0665c157bd7ebc7198,88025,florianopolis,SC
5511dd149c4585a6552aa75a1dd6ac8c,acf91aaa6f337456d3c506a5a494552c,36420,ouro branco,MG
c2a265d75ed170f4858647eb1a0b442d,0af1a64aee6e92bed8c5467cd8946b39,82520,curitiba,PR
3f6f000d5b0a959f38481fad4ab7cac2,221234182f828fb9f2a4ba9c89874ede,87820,cidade gaucha,PR
3619684d733b95a9860ca496206a6ab0,ffebb6424578e7bb153322da9d65634f,07260,guarulhos,SP
849bdfd6f3313ffa83d9b0b2981331cb,40c74526f72a8b080ddf91fa0a5db9a0,38490,indianopolis,MG
04356ca5b944f7a92d6b103bdb44268a,2774c87659bdca5ddfc6df1a688a54e5,04561,sao paulo,SP
d2b141e8cefd8acb97baee4b25b01ea5,b598d6591ec1faa44e378483e526953b,08142,sao paulo,SP
6cdb70bd1221c6913ebb68b580713161,2734edbaf3ea5d3c5383fc431d10ca29,13417,piracicaba,SP
e94cba4a769c459e51325766ab2ef270,c1b7a862b80f4b3c397d70ec4b1df7c5,13347,indaiatuba,SP
17b0e9829728899569d2b8bee6a124d8,768777b7676d673fb19bc4c0cf613d86,22270,rio de janeiro,RJ
6e5b962a5db843edc33fd181f87d4725,8fb0376e151713747c496f5786f8e042,05025,sao paulo,SP
f17aac72ebe06a7fbf7f6c923cd82718,c9db46713c0120a12c6abbed0f949993,17052,bauru,SP
1f467ec3d8100abe08e779cb09cbb61f,81d4d32e6dd32022c933102a12062d58,04155,sao paulo,SP
d782082d67302107f082c112b324aebb,f65b9cde425984c1041a2b0b1b4f99ad,13275,valinhos,SP
265eaebad135d379c092f5a86012533e,bd04dfd5e7783bf1a276cf76516147ca,24241,niteroi,RJ
1e3005980e35ffabad12c31116e746f2,17225933796c17da3f4e3d73ef87550e,86010,londrina,PR
0975c3cf2e418ebfa5d1191a2dffd59d,f7b981e8a280e455ac3cbe0d5d171bd1,80030,curitiba,PR
54078a8661b0336a50e00afab86da419,59299ea0e75eec7b97507e1dc6ac13d1,91010,porto alegre,RS
d1887ee73588097df36e7d83dfdc6d72,4cf66ed8289bbb4f73e9e17c3998cfb3,49020,aracaju,SE
950c3e2b1eab245ac9e26cf96a1c6a23,202fad4a680401564558b2cda0c5a8de,83540,rio branco do sul,PR
693b3b377e3e7a9475f585d765329230,c52b27dfe7bd1e471a3cd013ebc3aceb,65073,sao luis,MA
7f5f6d402a23a76d2efc737bbd3d7d1e,01838e7d69d87bd8ff2b6ff06789adfb,66620,belem,PA
7ffe655c7441ccad969a2cca863acafb,bc93a3c794ce47cbeff2d1651f4787c2,27570,porto real,RJ
f04aaccd5c720604537a81a6b14c46e6,0f98c22e9d3c8e841a60e9e624950a96,79410,pedro gomes,MS
2cb0f505eac7c62a0ae0f0b7506296eb,92a5bc7d33fa61d414f476fde67a367e,11431,guaruja,SP
efec125e0fd56164c37c9f1e1c804cd7,619b93ec47d01fd1228afef1a980abe3,03181,sao paulo,SP
89c9e4085217b358939bdfb269edc709,36620f9fa97dadf4867e4e15e3488f48,88111,sao jose,SC
575a192461d4a325e5f9667e6ce5c2df,e3ea295349259fa59779c6a8e18e5bba,08140,sao paulo,SP
7cdb0e1dd6b7da9186fa0ddef12d9817,212bd1dca013e0b1e466c735ca6d3bf8,14140,cravinhos,SP
a2d424dcfaa53fa97a98bb99d7700581,5db7f1850c41ddc2a8b0c1699ab35ccc,48490,inhambupe,BA
1e0cf6a24bb919d69e632aba60a69ead,85fb83a5f1c3ea6c7824a3e55e7a6183,36070,juiz de fora,MG
483da61b9de320d057934319d30504b5,a45afad7fcd7b8fa4fae020780a05b55,08529,ferraz de vasconcelos,SP
d372561ad1022927871150461a0a85ca,ea74738436e9be0cc383049234b5ad51,22780,rio de janeiro,RJ
8cf9ef26c14f33abb31bc42e6446ab12,d2668f07dbe21a92c87ffd259e6abb55,29222,guarapari,ES
55da05e5440856411761c20733229b13,6d9288eefd6d0af58e8296658d8575af,04652,sao paulo,SP
fc65613a333059225d516c273fbff1c0,d2f38262a9f66d15aa9fc2b60ea873d9,03701,sao paulo,SP
9a07fda0035700318ceb77ce80c7e42d,4626807d07906818ef7f102b1b250691,22250,rio de janeiro,RJ
21cf8b03074c935aa1de2d527371916f,f79fe58e24e35fe4c036e1fb462769de,37470,sao lourenco,MG
cb14befe7de8c963c81f4a6fc8fae5e0,c9c780c755a4849fcf98a03a5e112516,68738,santa maria do para,PA
16e14c1e6e050fe6730c961ff638ca23,df2988ba3ed226b10521a0e4da849b61,23092,rio de janeiro,RJ
3f0bb4c1fae52dfe92ff27372d2b0d67,2ac999f37d6814a5130678ef81da9b06,18550,boituva,SP
7d8d274c36de5111d141260b020d51a9,555f8bf70ca6d707e83c484e3ff359c3,09550,sao caetano do sul,SP
f4af9116429bdaa90732a4ad05f1db2c,314b61600e5228a9dfe7623fd25ba846,24435,sao goncalo,RJ
47e78cdd37303f49b7de27565411a599,dafa159489cf3ac4a3c61ae21fc2634b,85804,cascavel,PR
486d66df3ef703d001f77632e7fe6bd8,1c1e853c03b366f8f8b162e8f4340c80,37940,alpinopolis,MG
8875aea6f056699f247e669173862026,6e53cd87d8ff264139a1afbd7f235c3b,03928,sao paulo,SP
77faee5dfb910550f2f3be9f2c615d8a,692d479b583930d03960d64ecd004bbd,04459,sao paulo,SP
7b94fc04e54eecc78e563d7ec5a28521,a2b457807f18ef1e8ebbe462d47f3b2a,22795,rio de janeiro,RJ
a5cd42f5d1eecbf955de47ff1245b5d6,4910006053f92928b62910d568d4ad1e,05580,sao paulo,SP
cf21fc5ce008e8d35e01caeb0ef028da,0fd77103b2734193d2bbb936e774418b,07438,aruja,SP
c758396a502648cb2e77ef06e0807a00,a176378c7ad0b4cb3561692f234cecca,30380,belo horizonte,MG
439f42a3cd2931ef5f1bb20e54f2357d,ee3f102da1f94d5782046090f5c6c67c,35700,sete lagoas,MG
28cc933fc409acbd1009d63669faa05b,fd7e33657f73cd56330933d9e9783142,26316,queimados,RJ
dc0bd4e5d1e706773e212bd572996ec9,79a5067ec16a54f34bd3e4a31944adbb,88037,florianopolis,SC
c43e9eadb2a48d4833466068df6c37f2,5bc94b60050224af3dfdd2377c7e93e6,93548,novo hamburgo,RS
45b5b5e9424ca746ad6a3161de453e00,4543480cbf99692641f5b35eeae7947f,13487,limeira,SP
df87738c7380c1152c9cbb6bcb4b6a5a,75ebac4a082ea5f364c4371f34ed2bb0,15105,potirendaba,SP
65b9f936439ccafa20f0d6888a5875d3,04e6136a14d4d23d0b5d79443b94225b,08773,mogi das cruzes,SP
79b51496a256b201c6b620c4106e9166,2d63cee981bc69c503a9b6e25060f67c,19034,presidente prudente,SP
edc71b62253484eedad052d49feca6a2,f8efb2c458c7696b7e70ab9698adddd3,88035,florianopolis,SC
ad29d9bb283d87e61e190d40bc7bc15b,33fbcb38d3009eddfe53b3063c642959,96501,cachoeira do sul,RS
0c17965e427088da168bf202d9847f7a,3f26a900e8a097011c321eb6eb66ded7,05014,sao paulo,SP
a11a96019906d49f5d01edda79022941,7ccbb0145aa630a84998d6584129a96c,78065,cuiaba,MT
8d5db117378b874eb1894bbd190f03f6,e0887426e5f891db9992803bdbc505a1,15900,taquaritinga,SP
d386575005b06f165208d28d5fd7d344,c25f3c70f8c8db6d2a7fb16fc8459597,73252,brasilia,DF
29d768c153dabfc1ecfeb0c1c389727f,b5ccc57b179210bda569df984bdf7df3,57200,penedo,AL
fb62f2a2b233dce9750bd57255526150,94ab7b79166b804ee2c4d59e16eb3b8f,56180,cabrobo,PE
9cf0657bb79b3c818fd37100f4526d8d,2108073aab31d087b1043c32fd9fdc47,12091,taubate,SP
b46b92545792b60cb001d909c3831ebe,b0229f62396effc36cfc54db9f5fba6a,35164,ipatinga,MG
685ee60a0c6b76661ebb35ec6a5a3a55,db3085b20c88461e17828da9b3d828d8,35519,nova serrana,MG
69294d8ca2e350d2295610b59a5294c7,69a02eb6a406310b3472bd0cdf51bb69,22793,rio de janeiro,RJ
9e18a290b9d17b14fe33b68a0ea2bfeb,3c752a5f42170574e38358384ece8819,13425,piracicaba,SP
94f7f1cb719dd707fd437e918d282537,977136c10acb01bd9cecb7d18ff7d1a0,09941,diadema,SP
332ea0e2b2e87e9ed11f7aee42cf698f,44e2da016dfb42c8d28e6ee043a812a2,06624,jandira,SP
eed5e42231dd2c89acb4869f70b64abe,7bfe141e2cb1ae24e63c43883b84738c,03128,sao paulo,SP
9544ada5916048c770957175f11aeab1,0a45333d70af96b465d835bb6ae6949a,14660,sales oliveira,SP
92567b8407d1f85946cda3732c6f9e40,680e5e50b3eda64e3b4fee22f76b49b5,27140,barra do pirai,RJ
8e320ed64bc2510dbab1b27a8d8dcbbb,5775e893a4aeb1c749e1c5afa731735d,24210,niteroi,RJ
e6a8ddc665d485959f163c554026e76e,85920cc809327ef7deca52b5ae81a1c2,82600,curitiba,PR
7a6ebfb04fcb2e21ced42bbc8794892d,09f0d1b94bfc27a5efabc790ba056f46,25025,duque de caxias,RJ
b4901835738908705ce4aa9c22ef91c4,bec0e28542cd093b5becbb207d04eb43,22783,rio de janeiro,RJ
2bea781be88980e68fb5bbac765fccdb,ecf55c92c7bf73cc1d576a0f6a235b0b,24230,niteroi,RJ
f6295486d5e27c0de0101b3f1b63b6d1,7d08a8005756c215935d45bcc0e9a760,20250,rio de janeiro,RJ
fbfa1608aed1d6338521b72305116529,d54c2eb321beaf333fc773495663e2b5,22753,rio de janeiro,RJ
6a58b195be76f8ad6544e032b6c7316b,f7ace36f8a10c4b2ede9ea7708e01454,80820,curitiba,PR
d577d6f224cc6476bfea34715dcb4a12,d4024fd404e29943c763f316e1383cb4,27323,barra mansa,RJ
7c07e516a60da9dd3c723fa02a1bc652,3d48da30e86c31f4a2fdd18eca676cf1,09180,santo andre,SP
637add33cc02415a6567d6b134828754,8331d73eb4989100a9a2dfa095dceaa7,48790,tucano,BA
e54e386e978265c8085bec7d77233d83,9fb19f2ce91209d7b2b304cca8e2933f,25977,teresopolis,RJ
b102a37db53345d7eb418649b096f8e8,0313291a6f4f16df04dcf819d88c38ef,11600,sao sebastiao,SP
ac77fc096334bb131cc25f7c6471566e,7d9d77225e11b7722d0631d6243178e3,32071,contagem,MG
7fd973e7865ee210512c6222d387e7aa,3b32327f677fba6212c2e8e13792da74,13575,sao carlos,SP
4161d3785c2c4c6517a57143ecb0c466,71683fbf22478b08ea6f36050eb0994d,64006,teresina,PI
5dd777a48c8124ad7284bf0ae14057e9,d58063e0329c70d19363e6225ca43128,36660,alem paraiba,MG
e879d9cc471ab8feafa1056998e6ec95,afd7b301910a6aa6251b6ddbfb3a7e64,41339,salvador,BA
ded450170efe5531454485ca13120aca,c990f557eb1c943d3298d296015b9df4,69901,rio branco,AC
1365d1374ca6c72869ff0c56963f176c,e37af39d93f352f64ede45a151161d0c,21215,rio de janeiro,RJ
c797ffdbae65b56c177d3c1368d03628,b77373c1be1866a704f28814c378b253,32400,ibirite,MG
2dae38555287b3c42938a0688936c53a,572d41d4bcd3c9cefce4aca490ea0343,37500,itajuba,MG
4c44865a36098a8b24dba15c90f01511,72a3b40a80ebd5abd2ff5618d2f402c3,26261,nova iguacu,RJ
88dc22aad9cf20898eb3780977173dc5,ba1a0b654ccab39f3691fbc1b35c2499,45603,itabuna,BA
f1ddb964ad9968d0648753d7970799de,b6357731006bb3d101121df510e50d30,70233,brasilia,DF
8266047feab97e3f2a81b323a0fc42b0,edaced9806005e41a24fed33e2a1469c,05336,sao paulo,SP
7543ed5312234199ba6d6f98e5ce2c9b,8c78cdb4b11a5bc0a39c1b69cadbd017,05882,sao paulo,SP
b097036ec194b8151f619fe933161b3e,8ad3de005f848b9841cd3be326af3a7c,76847,extrema,RO
97f4b6e455ba303fbf1dfea62b8b6f61,ad7f0d20b46f7386fa4509cbd19c095d,65300,santa ines,MA
3917cd13f3dd7d8b6124ce56f00e88ae,b824f6981f2ee1c30533c4138572428c,25995,teresopolis,RJ
ffe51ba924ffabbb6e1ec2c92e582851,7b5e2c3263123b70cb9961f8aa7f0388,05527,sao paulo,SP
3fb83e207757e8f15ff70d937c86929b,334deb4a736eacb94c6305e4e8278d54,38735,cruzeiro da fortaleza,MG
6c57e6119369185e575b36712766b0ef,59a7bb642795ddc85534fbd5f7360334,20091,rio de janeiro,RJ
5143c9c153d2b02550d50c0de423f85d,411f41970e6ce505317e540a067a62de,70687,brasilia,DF
eb00b6b34bb7da3b9cf13c9ba8d1e136,98373acca5178086924094608b1ddca7,03317,sao paulo,SP
7c852d7bbf1b4c00b69926f3b380e288,65ab3020e6a929e4e9a4b61e643da832,98175,jari,RS
a332a08774332cf3a10b73e79d8a5d93,10964dddd89c3cfa2d985eec1c519870,99500,carazinho,RS
3ff9a0ff4d3f31c042b67356615d82f9,e70860197c087e03faa63e22638b5bac,89258,jaragua do sul,SC
b3d9d64d67b27599d01bb7de17a92ab8,7965955995b477fd7c304f4caf2c6d26,12935,vargem,SP
ede9a1daf58d256c0d648ef7e1479010,90b68b6163beccc6f471d64de5258367,28613,nova friburgo,RJ
48f239e15744ed5e7ffbafc6bb6e882b,169381f51e4c3e926ef199364aeced22,41830,salvador,BA
9e3eaa4b238d6102e6e49c919187e222,379044038aa6efadbb71525799832291,07021,guarulhos,SP
ea4b4e3e3f339a13d491b41ded5bf3ef,eda69f0a0907da23f1dc89f9d6fe6877,03660,sao paulo,SP
520bf65b8e69b74026243f7cc720c312,b56bf92640a2fe29cd6212bf5f553096,06333,carapicuiba,SP
83b52613d1bcd8c6a66b41526405bad6,2e43e031f10de28e557c35ef668f9396,92410,canoas,RS
c3057d4a0fcd85b33e6a7b59bcd257a0,4d16bcc453234aa62a86defb6b08ab85,25025,duque de caxias,RJ
501e5b016fc09bda702e55fec5be78dd,0f69b4a32db912773a707dcf9659450c,09530,sao caetano do sul,SP
65d99e66b6e608240d1bdd2743bc5a1f,c3aa62e735ff564b7035699bb458acd7,30130,belo horizonte,MG
c0dcb00876fc9a5997a03a6503128b45,499cd12b7fce1ab0f6b34c9aed0e43ee,29100,vila velha,ES
6cf015566aff008af26f65b0c770318c,0ac6c093f86d5fddbc2bd9999e49ee72,35162,ipatinga,MG
7235fa173d845addc1fab54a111725f4,1151be76113653dc4ed5d7e7fd17763a,12071,taubate,SP
d3a6febf47e02bf9635d6b8e8443092e,995bb1c47d900b47cd32436d8a622593,30380,belo horizonte,MG
5c58d1ea5a893380ecdd96dd6dfd5ec5,2ad9e4ed11e15401527b7e30080ce45f,12243,sao jose dos campos,SP
c15ad00cbb1c74bb39f6995151f8e883,aa0a11e7851a7e8c0a9139633fda2d19,22220,rio de janeiro,RJ
9407dee37113fbe31a3fe60a3d221e37,de907ee6190d3fd70be7e607a3ddbbf7,30140,belo horizonte,MG
98153d5b1cde47994c69ad02de498d26,890428d68645fb2cbb42bc2e46ac2241,71694,brasilia,DF
6152d0774bbbf74f7140541c0569dafa,12f5d6e1cbf93dafd9dcc19095df0b3d,82200,curitiba,PR
cde3d6f35cc850126ef374787cc74222,19e9a81afff7021bfb52966241cac16e,31741,belo horizonte,MG
bf3143805b420affe47047794eae0872,b139fbdcd53f8036eb05d3023fc97580,13390,rio das pedras,SP
766d9773a9cfa50e19a5c27a88d1b911,960c60e7ac1870b12902f5685d7cce08,30315,belo horizonte,MG
4a505688cbfaf6d868261d49b7dde27d,2ee0585a1b346d39d7fc5e6ae565a858,05679,sao paulo,SP
aa86a2174dde0b98dce3fab52890ca9b,8534a193d22ff9a77e80361fc2095e71,09770,sao bernardo do campo,SP
7606fb21cf20a7b04dcafb032d1e9ecd,4550984876a4424451525c6854a996d4,02311,sao paulo,SP
363d3a9b2ec5c5426608688ca033292d,d8bee9ec375c3a0f9ef8ed7456a51dcd,76940,rolim de moura,RO
f6611745e44d78a6632f02f45c51e734,61235e631ba89f302161d88c5b3e9b44,09310,maua,SP
5844a62772b729f3f92ba756dc9411e5,a4618346ed2c851bde1ab02759ea2e76,07041,guarulhos,SP
924743e5e7df4683b9f051c4b9961e9e,95c47b016360d9186ca9138abb0e080d,05445,sao paulo,SP
2f95fc8f86679d432d77e9d0316fac48,101968800abfdd1b81ae25d804eadafb,19300,presidente bernardes,SP
8eff66e5b7c425dfbbe9a2cbf0f3883f,b2272a60af3b7f5afe04c6cbf1dcfb15,24710,sao goncalo,RJ
f09f24eded6cdd153f9c3d778168b564,e342ebdde0ad92773298b48def63e714,08190,sao paulo,SP
4d7f34d701f198e39e1c0cd92c3ee12c,430e6e24b7e95282f6e8fb4299a63082,98335,boa vista das missoes,RS
180c7a296ff543e42cdb420d915588c7,36dac4b081149eb05a1cebb622cde2a7,64053,teresina,PI
3a47005be3c2748d25859444f49b0048,0e1990d494dc3c1a2f5fca4b56c35a4c,35170,coronel fabriciano,MG
9979828cd758bdd9bf0963a38a7b112e,078237d4f3b6981885cd1a71c8c8fd4b,03161,sao paulo,SP
964253ff0e4e08180064764a450e521f,31954fc2c9d7b714d49ee440cc8ab01f,65071,sao luis,MA
3c0b720f2a9aebf70b250e73ef4fda63,b40f9f5a8ddb36c2b9dded8fc1f5a255,84940,siqueira campos,PR
6ad1ab20e1583a1e1d20961b363df092,3f81a7afc0532976d0e0f41b20adf2b0,15054,sao jose do rio preto,SP
fe89d4293f6810dcfeffd77a09f0969b,39aa89a6522cd9e2fdc69f5165bde5f5,74935,aparecida de goiania,GO
367163bdcc25d2ab5b6748c0068e0e32,f702d3ff30b8cf5083af2bf140043067,30421,belo horizonte,MG
644182a0f196539f214b3f8877fb19bd,969df6f6e673e73cac594a693bcf7524,44002,feira de santana,BA
35f26e073ace0e3cd12f259eb5c75fb8,83e75db9c4f88190e300f1a6cca95540,76510,crixas,GO
ddd605e2739b3dfa7ad248ba164ff869,90cef361fed2e841d4a2ca888590b952,13083,campinas,SP
1563bfe4b8d21ed87a2dd20cb1fae1a7,5883c17380bc970921a6c79ee2ea51ae,16013,aracatuba,SP
60a63d5cfff369d6ca0d86ab8073c8d5,325e19085f3017b73be3d9fd98a93301,32400,ibirite,MG
0324eee00643cd63d11ec25cb930d53e,3d8b5f7499ecd5b1d995bb18d9ef69fe,21770,rio de janeiro,RJ
6d9754a16df71866ee34b146153ec9a2,bf47fe81fa046641c00c85d63df7ce58,09560,sao caetano do sul,SP
428ed8065f1b2eb32338b0ff5f30c8d1,2d9355ab664231a2eecd5dd9890934ec,12935,vargem,SP
02d12adf94e256f7ff0056d447557027,2396ed0f849c195da124f55b4c17ee35,04551,sao paulo,SP
83dae5cbc60eaacca05d4a26063bbf2a,158f0ece292839c5e817428c32917440,37945,sao jose da barra,MG
a8cfc4868a3293b3f56a9da031a35e64,4ece3c23c89ab319574f257763c717a1,44001,feira de santana,BA
1cb2963b96d7da644168b9282330a809,5ee41241785af239cd4ccd226927cc08,58416,campina grande,PB
d8dbc8388e99acb58b9ac6f0a7f6bbfb,eb4ef41d614050eb2f59bb3ea068cf93,25902,mage,RJ
6e9b72d0362c6e0175d0fe1ee39a154d,54de36107560e6089917c04b705c6ba9,36087,juiz de fora,MG
a930629079c8fab9993fd5eedf12de02,a7404213c373cd2bd26f31b3d4dc72d9,12235,sao jose dos campos,SP
8d619f80aabf169920e723ebf035f577,d23d00f1b2235c3532cc0753d196285f,24455,sao goncalo,RJ
7591ab894fb4a47debe5beef968b6804,e8d4692a6aec2ab156ad409cd1a72bb7,08431,sao paulo,SP
dd4a80c1daa4fc1d5b27af36e5f44f2b,976a39626eb2337ee3258d4ad73f1543,90830,porto alegre,RS
a83a89abd16a03e6376fb659ca7b6612,9dddffdd447ab3aa654122a6a1049906,37640,extrema,MG
d521a479946c5ddfa97cb9872da48e2d,d2cb4fa134053a20c0a53ce0542ca0b4,13450,santa barbara d'oeste,SP
8c76130743a337ebd61202a070670616,f520898406391d568927fef788d4234f,87111,sarandi,PR
01e0d4fb731e6ee47df3f3f179cc0a0b,9a47f3ac5c51599a24bb848c16ece5f4,05633,sao paulo,SP
c95fd5ec9cb15e99cbd4b8a9ff814ff6,542736940dd0e914178cbc58a979c303,34535,sabara,MG
7c72a0cfc64d38509b262a4e85c84d9a,b10f780a5e22a8c7fbce07bb3da6eeff,18279,tatui,SP
1004ffe8679b2e76e70417c5224b71ee,9445e4dd2324226ebcb8a09243046a76,86840,faxinal,PR
1a419460caa1db06caffab0a3299514e,9744622a06a031bee34e06b57375c4fc,36660,alem paraiba,MG
3ee62dc0cd0fa17be76cdf402d7f94a2,cb514ab3f0b2a8b0492c1f5c126ff614,05586,sao paulo,SP
4a3ceccbd2b8304e6aa7c986c1a4f755,746db413bf377af701e6dabdfb3509f5,05409,sao paulo,SP
6b93377502d7cd14b2a3864fc7d635a8,ba1fbfc4658a50a4f0f9971a1e3e08f6,14750,pitangueiras,SP
cd47d198f0840df01cf63596c6f4c429,a4b1243a3712eefc2d8ae5d053a1d298,85802,cascavel,PR
ffa9ff0c2fa827f12873d6936df22164,11711367808fec049e0b933233174365,20230,rio de janeiro,RJ
d110f0e027c5b384b2883816bc05b39f,e2e8726aa21861f8f4e5bbbfa72ff914,05009,sao paulo,SP
ffbc04cfeb08af681589ca0044df18a3,c4230588e2960302a38b7d7e7f7f2bc2,49480,simao dias,SE
85163f5cd854d552b1627f12e52721fc,c84bec9314ced846300a26484ef9a52b,35970,barao de cocais,MG
57108de6e1cf238dfd0ed00e3d878096,5da3ad487547da6f4f3011269b38f324,38550,coromandel,MG
f528cd2e64c47c4d65c1355294c43323,6228bfcc46762217dfb30909688d80be,13250,itatiba,SP
24cf4347382b8e190a512b2de912f89c,5dfa073ad1f07633e87ad388a99a55b1,04405,sao paulo,SP
c7c0ba6613929d7d0a82ef70a992a184,0c9f948ba785676170057686aa1521f5,14140,cravinhos,SP
30df93bd0e2874646d39d37dec1764d5,faf47b5b5d6da79375665838f42e5136,21221,rio de janeiro,RJ
7cde25498a31a63d00e82b29b929cc49,a5cd1e6a1af12f7edfba75c57fbff47f,15570,cardoso,SP
bdccda5ccefdbb3e41596cd2577e26ce,9ca1922fbd76be0c0045625cf3f04daa,22461,rio de janeiro,RJ
eb6c184537730dfd01497567b6dd15da,9e706ee24d932f790f22a7ffa70989c4,13201,jundiai,SP
1a72bada5214567decd50b77bfaa22b6,bf991384e52450ac9fb8fceb295dbe26,20271,rio de janeiro,RJ
679b47a0e9e57e5f32b43a333b746f55,fd25374ab64dff3da1f5bf91fccd7450,81870,curitiba,PR
9ee66eb44f775d666d668af72dc76499,c9d3d62eee5be8ce2cd9a94d188c965a,94150,gravatai,RS
6e9928253a51ce8d2956f25f2e5374ec,bb1dae75cd8532f1ecf962d0d6af7a2e,13563,sao carlos,SP
dbb099efb706ebbe3d67bf067d2442db,95491ff89ba2c7099a1ecb4464310169,57312,arapiraca,AL
076a5ddb5b1240c532093a399dcb47f5,76cfb52cb2b6b08a3a01454ad83e73f1,74915,aparecida de goiania,GO
bf396d21b4ba3214fd7d7a9c10669615,d401b738861201747e01d84768cd876d,22441,rio de janeiro,RJ
0fd45421dff2a32e42a61c73ffe2ad90,4d7d18a695ea9881e21222e013003bf1,28999,saquarema,RJ
3b2b96751131c948164edc5d21d27abb,55b3a0a9998356016bbb072bf8c188a6,60830,fortaleza,CE
1d34ed25963d5aae4cf3d7f3a4cda173,753bc5d6efa9e49a03e34cf521a9e124,28735,quissama,RJ
c8c236ed3d37d2c3f9c82ab51b5482fd,18eaafdd580e724d84a7ea1d710fd88f,13423,piracicaba,SP
cd9844b06a03c881a223281b601ed8eb,84e0688353bf674f564e79eafc025b5b,05208,sao paulo,SP
17066ea92fe83b36cb9f9997c3cca3af,eafe35709d25fa19c1ac63692d5c293f,20921,rio de janeiro,RJ
5b76c1a96fc01949502602e1eec0e4d9,a665220976225ee856a75ff6afe998d9,21040,rio de janeiro,RJ
d4d76ccbcef33b38af7ec758e1d73bb8,8e456c2e55b5e95118d3cef6320898f2,13874,sao joao da boa vista,SP
40e86a3dad650ba87f73f66396ca34ef,325e19085f3017b73be3d9fd98a93301,32400,ibirite,MG
feb21f4291037a45288a6266d66a0096,7bc7dbe918ad4e7bd68abd2479727ad6,22620,rio de janeiro,RJ
ceecf302e4a8a4018810a27e9501d422,6182f723db6ae619f6617ba0ec169c47,29785,vila valerio,ES
ddd15ef77c83eea8c534d2896173a927,853ba75a0b423722ccf270eea3b4cfe4,21843,rio de janeiro,RJ
259749df278437824ec1739846281357,62c79c0597b18fa523384c502e972d5c,85887,matelandia,PR
88927ff4f54b497957d9947e926ec6fe,6320163c8653234370204578f308e39f,14166,sertaozinho,SP
ee6607298affc3b56c7105a97e0fb218,9b874554bd1f4a4b62c06f57ccc288f4,14022,ribeirao preto,SP
859b2f771c5e0f3874c59635a9829354,5e93a3e965f763782342bd51fa7e1185,13660,porto ferreira,SP
ab74ad955374d980490e785a2f1e5f9e,b7141964138c7784a87bcd0e70dd3ae0,14835,motuca,SP
b7d29eec92c3ec18bb0ef32b7b557420,7be486c2408606d19ffb00e1af22cd27,35560,santo antonio do monte,MG
65e1faa1535d1b4ca089fd7b9e84b5b3,958df1746c3131f9c7359ae5fb848497,49680,nossa senhora da gloria,SE
b5bf62f40eab9d069c94486fc3c7479c,fb51f201e03ae4c1660697b469f3333f,18120,mairinque,SP
cf4e269e30ba0f547477c32723ec2542,ae2e59a60f342dda54b95647e88450b4,18550,boituva,SP
e7b9bc73f30f476a29a9a805d3817504,fdf2ac320bf7064c82c5940346adadaf,94950,cachoeirinha,RS
e3a0c6f366f4c42aa1ec172813c88492,da1893715fcf0fe9b44be82e8a479161,03721,sao paulo,SP
9668e82e922394b6e8ee41f4400580eb,6de829a55f2a1592af7e35782e8cf48c,37200,lavras,MG
4f531f24ba13efa329c743d01004891a,6844cfbae485da8c9ac6d7dd38e1d3e3,74633,goiania,GO
7e8eda96b7924f789c4b65855af3e187,ca2b1ce533e64c360a093814c9726b35,71926,brasilia,DF
f01a6bfcc730456317e4081fe0c9940e,e03dbdf5e56c96b106d8115ac336f47f,35502,divinopolis,MG
25544c0b1f11126e69f65c038b45f323,3a824266ae6ffea50aaff58c9e675f81,28897,rio das ostras,RJ
6cfc3156dfe1802dfe72368fa29c63ca,9fd8877693ff130016da781131003785,13214,jundiai,SP
86bbc4a292e9d3f4191ea8a4c82e6c10,e1f24958eab121f153e4f405b6e9c843,97210,formigueiro,RS
9aa7354b0719e5e51822b84828b73dd5,c29405183182ce277b873efcc3eefa7b,91450,porto alegre,RS
37fb9cce079a4887c96b59bae2011d05,5ad0bb9cc8dae4484f59b5b5162b45b0,89160,rio do sul,SC
acad76e6005b7efd172a9fed40f7d31f,1b9c191439df93697089504c628ca951,65058,sao luis,MA
86774a39f72b954bd12596f8cdcafa7c,df7302c3c439d22daf6847ef8ea79a70,09572,sao caetano do sul,SP
ec815a810b4150fe560a510d40c1258d,4f83c83b7ff5b544a8c75dcb8ad66e2e,05830,sao paulo,SP
5d4aace3120cc536cff20637f15cc987,99ff5c853e97490194a9c063c5062d6e,18150,ibiuna,SP
532719903d588d324f360c02d3b1706f,f20b97897894d369d80ea3a23263bad8,74823,goiania,GO
e15daad9efaafb0d4d10043c9ca77e7b,a1b3368fc2fbaee34a19608fc1eb4a4b,87083,maringa,PR
2ff5a6455514da421bd25d6e4ceb1d12,2e629c69eaa172cb271dcf7f890f921a,33400,lagoa santa,MG
8c4bcd3c3737198f62421c18e0348554,45a529e4af8f502a189094332e8ed24e,95330,veranopolis,RS
9031f9dcde5860b34e6c65ac5c796d30,f99053da7416fd6d626451cd49e44e0f,45820,eunapolis,BA
4cd81e890532dc8cf4ee9c2667629e43,218cfff9dc92d8ada9f47343cb1c82b2,01140,sao paulo,SP
5b7b7de303afbe0e48035449a3e86a5e,80f272114de4e7dfa88629b9f3bf0095,80730,curitiba,PR
8b822fa56bbe10f4f14af6500eeed98b,247c8264f852b34cd3124aec69332a9e,11704,praia grande,SP
a1a724ba9559410e160d1b1e5b1b1ce5,2cef020b1db9ea2ee527059ba37c8066,30626,belo horizonte,MG
3887e889fec8574f573081115ab2ddf8,2abd1358778a9cc18d04cf7211b799b9,95890,teutonia,RS
4fc752f9385483f2f1f6a309bff21be7,bb0c181b34b3c55ac9019fdcf9933e4c,07094,guarulhos,SP
8d17a0679312b6c68213eb0c197b3c48,d4ec1db68ee6fafe0ce4293bdf2c1b4a,71699,brasilia,DF
5b1939524fc66b1be29160f5dea0055d,26af6d121da6876736d5105e98baed9f,03317,sao paulo,SP
80446c9ca01b14a65601abf14d15bf61,ac9356cb7ca89ff80b1262257580468e,21031,rio de janeiro,RJ
747f269fa325a88eafb143596cceb27b,96a9bee7dae5f1a11d38f96865bd7924,24711,sao goncalo,RJ
80a9f7586c30dab1b6cf315b01f20174,7fab7e8b8aa68f7a538ca818b7b57322,86020,londrina,PR
e9a5cb5d9783e1fc38e23730ff24c51d,de51ac050e580a6f05fdf0d56fac2cef,87200,cianorte,PR
be07f06f183227b5c2b31c30fbb4f382,436951eead1cce602da9256d8c59e093,41810,salvador,BA
32734d8ce19dd70c65a8aa63c4e080e9,a5e42bf4c43302b886ff16d4007fd695,37505,itajuba,MG
aa72002446dfbac0691304465c1b982d,7302f7368abf7ec6cb2e16fb005c4785,13660,porto ferreira,SP
f66491ab775d85d3a33e23dfee765c38,f6030ebda57dc3e11cbc0964c2a9757f,02518,sao paulo,SP
6088f7a0127c12595d6335b10bb37a2d,1c259d4575f154dccfefa0576b0ca987,80610,curitiba,PR
3434214025d5538f19d354ec719ea10b,4615ce41a3b06fd6569ec0103d6ffcfd,12227,sao jose dos campos,SP
f102cb15ec41ca30fa2902da06495f6b,6e896394a8caa8730dfc4db1d8de3e10,06655,itapevi,SP
30b64fdb8dad83e88b8ecb0f9b6c0335,24f2921a58f43dd1392d98391eb4ab82,05008,sao paulo,SP
dbba692279feffca33cacac80a04a0ec,f068c105965c15b24896dcad0e6879a2,18740,taquarituba,SP
0058ebe2dc136d918dd001968cfa5903,9e8993ba2665307b71bd1641c2e1cb3d,39495,montalvania,MG
edf0e6998ad856cd7d39c70e966150cc,57dec29c8373d4b595f12f09361cf0f6,12233,sao jose dos campos,SP
e29582b5eb3bee86cc7d5b4f43b63a6a,4bb740141ad510be830b6c6b7914f25b,44700,jacobina,BA
b001c30609da9b8618f69ef5bd322b5b,9193694c62bc1e1927030603e0ddc905,25946,guapimirim,RJ
219f6aa1ddc83ec7dbf2498e664129c1,92dd9c8abb3cfdd902e9528cab9cc3cf,16300,penapolis,SP
111a041b14bdee7fef1974bdcdfa00ae,de96761adee84ff3e0a238d31ce41abd,13209,jundiai,SP
7543dc2c9f203502439305c8b2ea63bc,15033c3f1dddf5d996ffb71e2f31835b,12239,sao jose dos campos,SP
ce68080021ef47325b14cc7acd673ab8,5045da01402baca564e8d4fe5f74a968,72860,novo gama,GO
4bbec098a5c18023d10e1c2b6beb261d,f8634c33755d4acb4a7f0b0771626e9f,41810,salvador,BA
39f707c5c87d5f8c8e4a26ce95292a81,ef4f1df606be890323f3dd3d8a54ba96,01234,sao paulo,SP
9605611724e3d18d409d01f49f56ff54,ea7db74b1a04a7a1bbfab5c7d67f3f25,14402,franca,SP
f54a9f0e6b351c431402b8461ea51999,39382392765b6dc74812866ee5ee92a7,99655,faxinalzinho,RS
237bf1bb29147868ba252c6fa367c746,1ebcaa4880a924804df1ea3656e1c623,23510,rio de janeiro,RJ
5dddd4fb5ac360cc2ad914d015f96a49,63ac77645a9ae6f3c923594413ce583f,32280,contagem,MG
4e7afdb91c131ae7ab4b3e2f423ed6fa,a04529eb06ba6ed6dfb3a37d28cab6fa,32143,contagem,MG
37857fbc4d1b163702cce51ba6252a6f,4a7b817ccb5e724b0a6ef85a6ce2fdfa,98005,cruz alta,RS
588047d7101d88c333691e47659d7099,12f5d6e1cbf93dafd9dcc19095df0b3d,82200,curitiba,PR
f0f4a52656c30d79da81bc6b0057ddd8,1923d9efabca7513e7d8e2ab4a656a67,18460,itarare,SP
1d4559618ae0a6bcc7dc8baaf5ad58cc,cc93f0fd2d5903386827b0dd3de6fc42,05008,sao paulo,SP
2199cd4bd4244284d9ba6004835d0d82,60c958213c3cd48cb3139fa692a060e7,35519,nova serrana,MG
bbd6d73964cf368d685856fc8cb04534,81f76d52e6e182a6b3358d20a50d888d,02435,sao paulo,SP
3f83e3f0ea569bd71cf9e9ae64704fff,0e9e7dc02d95efbb9359c7ba80ac4e1d,07141,guarulhos,SP
edce8c7c09759f2efe2486aff649a7fc,a7bbfaf8a288c45dc38d4693535dd63f,14057,ribeirao preto,SP
9c6b61f2628ac8f47746441b011b6f5b,c1aaaaeca74838e484da2e77ff5e5896,45028,vitoria da conquista,BA
b974507e8ada31a7590a68117ce93e08,07dd74ef623ff7a379e0f59577a35a2a,49072,aracaju,SE
698a74f33469466fa4172e829505d1c6,c6f624cf0e9908fe310d59a80350bea0,36240,santos dumont,MG
cdebdd9b0e6d04c6a6c2ac526fc081e2,caea4a019afe0ea13b6092c93af7943f,96065,pelotas,RS
43d9a8df81f815755d9a258f2ee3135f,2b18ce67b0eecc6b8f099bfdaabf545b,55150,belo jardim,PE
cabe1ec4e4c40db3c14ab19cc09bbd9a,381411bd0b3e1aff0b23bfed26d000af,60347,fortaleza,CE
58550909176303c05f37a9f3a3e913cd,ad79377cfe4283dfba93ba8c545437af,94085,gravatai,RS
97e5e50c02504e32d222320d8c4dfbd1,350e8b23ce9d4b0cb07e219f1735b04a,88103,sao jose,SC
64dd91632c353e908b5ec176a50089ef,a9691b8797461b51c07c829bdb54d8c4,02815,sao paulo,SP
4ab07666a1b8ff428bda51600a94f753,d8cef4d551f57b2f2657619815495c56,05709,sao paulo,SP
a9b9a53638de923fe716af6a58c14a68,3e867d20c6cca77c63edeb445abb6a7c,27345,barra mansa,RJ
d6390fa5ef00fd7645498bdc63c38e50,2c9a49473b30bc138d8e38e73883ec02,13290,louveira,SP
aabf7f3dd34880c87118c7608e4a5bd6,f172e87cb8cd89e4e34bce37f28ce713,06263,osasco,SP
83913bf92fd18aeb5d5763e3bc298d26,04f6eb99852a2a911082d4e8f3a882f6,65058,sao luis,MA
73cb441c896a460a30affe43bff3df82,d355afc67927984cd3dc896414197c47,13274,valinhos,SP
3e2d140f0acbb3da83a30d59fb0f805c,674d55cc522075b792f327e5878dd509,22410,rio de janeiro,RJ
7d9631fe32b276d4c6aa04ba141a03e8,6b681e2738264eb39f1da19f82919630,98803,santo angelo,RS
b821c0ef4b3b00f7a2879f391aedb4fa,e78981f99d04de4f43f46d261671bf72,05877,sao paulo,SP
7dbc842dc7479f9708f950fb68fa7f29,5e8fcce8e57e95ac2100751527c9a485,71927,brasilia,DF
9a3f62a5bf3676fc5f7197d68d626515,0becec3df826cb50f107c7a99cb44b90,29185,fundao,ES
936142b381374fdae2041552d1743af7,bc2387c48428a2e128eaa3d5b18b3591,25750,petropolis,RJ
6b4acd0818e5852c5271cb061ccbb493,28706b8dc0fe2a95fbcec1e53253d8e4,60175,fortaleza,CE
a0ba6852184c70cbee04bed3909bf011,2c92b3c621adddeae929cb98870dd6d2,19911,ourinhos,SP
3c03fed2df425b8291c5913c52b51b84,2e8eb06baae199a63d3a7b603efa771a,28375,varre-sai,RJ
63b1c99583effeec017dd7546c6a97ae,b3724b93edd00e472e1db7017236f60a,22740,rio de janeiro,RJ
61aecad4ecccb2ef8e88726a68d832d5,c8bc38379b2217871ffd56f27cebda40,81450,curitiba,PR
c2c97a4df7be5639a8976ed8b8516e81,06bdfbbe1857c3c925ec81abfb1c9666,13323,salto,SP
001f6f1a5e902ad14e1f709a7215de11,c6b7dcd3718d1ad87f069d32a8566ce2,12460,campos do jordao,SP
d40e29db86a4db2aeaf8fa2b22c48f5e,975c66693ec7ce66a1a5044685f9996c,32010,contagem,MG
2f9e8eaed5dc638e5b884a9a37268fca,ead79f0f7e56bfe34b76c5712e623363,35701,sete lagoas,MG
ff84d0fa669f79bdc394cadf5d651cf2,4fd1b2e7c09c60c05762f31151d464f8,13236,campo limpo paulista,SP
bd6048a0960b15881f1ae5dca277fb52,75b181fe0ef694c753c72540c0fdd389,24445,sao goncalo,RJ
bbc82b85b6867ca7bf1380c64f8447b9,60a5eebffa1776fc17cf943de2bc847f,37195,santana da vargem,MG
9f1a7f33083fc1cd8865c587eb71c3e5,5d335fd42a9c034be9220578ccc41d51,03344,sao paulo,SP
b8e5f13a17dbba03c377de6deb70c588,a37d93a33143997c599b74d6d76562d9,13848,mogi-guacu,SP
064064dd94c43013786fc1e1a14d6374,00115fc7123b5310cf6d3a3aa932699e,71015,brasilia,DF
0c19a47cf78648bc68d3e9e3d4fce3bf,48d53c274b8fa24d790d2113ce1946f3,32341,contagem,MG
f6a6ff9806cd24a90d1b1f7463df9d52,f80f8939945e7124d3aa21129986b932,22790,rio de janeiro,RJ
1b9d4ab93945ccf4032f286a4a803192,5b77d434b60d6843067eb5494029a21b,23058,rio de janeiro,RJ
2155e6e404e41736933c696382c1328b,f27f6f093a0769b96f8f80a445c9fba6,04747,sao paulo,SP
1fb3df5efb074be6ef543b2ac76833e2,0af9e2cf24bbd44ec390c828b1eb7356,15960,ariranha,SP
5091c4ca04945991068cfba00258cc58,05453ef86290884066d89d2ec2dcd0a2,78065,cuiaba,MT
2a71f0f553e5ed3a56fdbaf9e41f4f5c,5bbd10cfbfcd873ec9bfc10172bbf52c,18110,votorantim,SP
41ee1607f629eea5c7aa658053748326,53ab246426bad17ebfa16c1a84e67294,61663,caucaia,CE
28e769bf73caf3dc734588072640486c,622db09504308011ed01e179e89d0925,45400,valenca,BA
3dc7eb6da6c008460353d9a171e8fe6d,af46f006f8c0e0d06975480af3805422,06449,barueri,SP
c083986c66490615ddf569438d975712,b45706a76852d3d027f1872fd77bc2c9,21870,rio de janeiro,RJ
e7659c6f9fc78ba546ee2b0615258589,a5d3bfee5b23b430b95c4ae295e1028a,13844,mogi-guacu,SP
316639548b42fa621d9317afcbff05fd,03f19e532a8b6cdbc7c56ec70516ad0a,83260,matinhos,PR
355077684019f7f60a031656bd7262b8,32ea3bdedab835c3aa6cb68ce66565ef,04106,sao paulo,SP
5d5f4314bd3d8f1d64addd338404fa61,7e32864f6b0064bfc584a44d6cf2535c,35570,formiga,MG
fcdcec28d1b560be4070d27f452c3db1,d81514f1cc318c646a1c09462a942d27,13272,valinhos,SP
abb98ee37acc21973e1d4464133ddb49,4962136f755981b83b03f476e66eea7d,89110,gaspar,SC
30d6a066b7e76c8fd66610d4b36e891d,96230c6da5f5896bb28ee028624c1188,27660,rio das flores,RJ
5dff5fe82f3bfdc45f07589a4f73bb3e,ee83474625e350390d32a6815483c405,33200,vespasiano,MG
c6b3ec6d4ebb93cc2ca09e6329d38f5b,b553fcaa629a8358eb9c498eed5343af,04836,sao paulo,SP
964343a3f8a65e01ffad1b9bfaa7d7e9,d9643e0f17a9f63e44217990f46a96f9,28892,rio das ostras,RJ
b51864a91835810c755a8c3438c63668,75b1ebef8b5bd5d6a2a9c49e1beb1132,20560,rio de janeiro,RJ
556960436775082c323282512ab48129,a427a6c44aec3df75fbbf7da7ce3b178,39801,teofilo otoni,MG
c3c0ea16776e0d2c79a9239c552700f3,6140f784703d4b478385ac73b9e3eef1,08470,sao paulo,SP
fdb7c8642c7871242f295fde2b25bad6,e9bd60258117342273c84198e732b955,15910,monte alto,SP
680043a09260a212d1dec021dd1efadc,f2fa99f89acf8b2c2f63775d218def26,68193,novo progresso,PA
97483c726a6efd0437639b0c0c4444ad,edeacde884816ac5fb6b44e34d3d6bb4,05623,sao paulo,SP
e14de304ff77ad69b22fc75b5e6c9e69,ccbcd41f7a50ba6d88de23f8b3c5fa2e,04425,sao paulo,SP
303f96887b473d72e34c2d0e492fa43b,01f156677184504063bd19739f924af1,88735,gravatal,SC
2c03e5b9680aeca26ed87d369d4e097b,b77d9287064d0c8130947b0c84166a76,15990,matao,SP
d20bbabb669a554138e7d3f97cafafd6,12845427d01e30997492ad688e9269e8,24941,marica,RJ
620732fed5579e0bdfdddee02aad4c54,0ecf7f65b5ff3b9e61b637e59f495e0a,30411,belo horizonte,MG
12e244bdcf0634c2d48e7965647f06de,070b63ba035b50eaddb3ed3f009a2221,13030,campinas,SP
ffaa23e5ad898d7e2b73cd716dcbc43a,25f287951bd4fd3e2ab42be9b6ad356a,09725,sao bernardo do campo,SP
b537b5df21ba82fe48ad320005fdb620,452eaa594224ed9b3892833ce675bc9d,96020,pelotas,RS
c19c45ed9d5b3d446b41e1d7f4543afa,c2d8cc2e6cd1292e874deb49f8256db7,68485,pacaja,PA
16fac45765973778094395bcaa2ba122,7db24e2957ede5997568e46aff388277,21060,rio de janeiro,RJ
356e49e06716cab5d634234a371dba70,8416fd034dbaeface8a52c0819d3dffa,74870,goiania,GO
9834899aa900947d8832062231831871,6f01b9ac4c9a8eefc69b60aa64325a12,42700,lauro de freitas,BA
04868d933fddca2e3fc9b32a6ca0b921,0d51c3b389b1778a88ebe889c12619a1,20561,rio de janeiro,RJ
366926d8a85ea42152d28ab83c462119,9d9d1b89047588241d03772768201fc5,83320,pinhais,PR
ae110dc6d8fbfd770a279c10fdb11356,59d70280e586b9af0a548f9e0fe68cae,05832,sao paulo,SP
9a4973b677cf78fb287918da79e7177a,a59fce8e4ef38a56245316ca247b9bc0,13179,sumare,SP
e89602b2442a8d65407ba198d614502c,7a9d69fb7ce2ceca5c5c2a4f7f597250,17526,marilia,SP
aa2a149c3d5e95e6fac7d1cc6bd8fd27,485914faa593225b39d3bcf14fb4d556,74477,goiania,GO
877d667faa33c5ddb4659f8616d01528,63ecb29492f9b559affcab7aaad90137,79490,sao gabriel do oeste,MS
b8097c8f0c1f58ab56a53812a446a898,0ac6c084c9623a0e2ace60297ad24d6c,35300,caratinga,MG
45f5c9d984dbfa2105e3544cc85133bf,86a2b7754f964102510d42ab30898f63,13056,campinas,SP
02f8299d68b913a3584db28a189be007,a1f5ab76cdedbf0dac6bcb4206e113ce,65706,olho d'agua das cunhas,MA
b70dd1b7a273c0378edb26d95390f857,9ccff5067614ac5510320fed6e4dda46,13403,piracicaba,SP
bf8e7bb7d25a116ac52bae3030cdde91,997295f1fa79d024172a1ac20bd47927,20950,rio de janeiro,RJ
5f52377aba982636a0de8c3c12128b70,706d8bed4a8fad874e8090a15b498212,26535,nilopolis,RJ
28431c7da08761c1ea2827009796a928,7cf08f01ab6a6a1365e1613989a65158,96740,arroio dos ratos,RS
4447740ba0a171df89769758c72f15cc,a6fbff2049f9499251094b3d464b52bc,25680,petropolis,RJ
6bba8cfa429c7e0de271fd8240e49d21,97a9d89d073bc05b774b5f5d67da9401,97509,uruguaiana,RS
055e117cce871c681f903f52d7a866d4,c40388c86f0334d1d69f33fc43322a8c,45985,teixeira de freitas,BA
74df30b888082a6cfaeb6bbee623e6a2,be7afc56db0978e1f7f9599f89527126,48040,alagoinhas,BA
bfc9371f9268216725254f8567803291,d398a57e85887decbe54f94aca2eb457,23035,rio de janeiro,RJ
1e7862bc2a60cacd519ce1af310ac766,c76762dfb642ac154475239639f7f8f4,20541,rio de janeiro,RJ
4d44a73097bff381fc95fe6d86a96160,d9ee7056d3b273526910787687c3c218,35901,itabira,MG
7d2c43741147f86f3242da5baacf1da7,d60a512747263c5307fef65a58ff7532,62050,sobral,CE
d9b1dfecfa8abc4ebe7572ecd5a8da14,d8cec7a988d4c5a90850e263daa98a85,80330,curitiba,PR
7f0ca17bb33b230b47459437cf0682c7,1dc848c11c2985635c268ff3dea707eb,21853,rio de janeiro,RJ
867ac9a8fc8fc9611ab69114e719457a,5d2c057bbb50353737f8eb80d08e82f2,06653,itapevi,SP
55370cd0afa128c7978a0935bc865fd4,0e82bdceb302bfc534fcd862a59113ba,86845,grandes rios,PR
4aa40fd3991ea64e9dead06fe15f021c,cb923e4fcdbc3c7a091a33f5603fa9d3,88395,sao joao do itaperiu,SC
28d65a634bc74f4f8b823cf8dd5e8b34,c9a46f6978294b1095dffd3f228bea68,66093,belem,PA
d46d7edbddcff60db4428ed88fd33dfc,9b115a88b163c830eea9e44080e81223,38500,monte carmelo,MG
d8e2eb3e9f0c4624e6774d0241e81954,58df86c1980258dbb02e4ef48abfd818,28880,barra de sao joao,RJ
cf99f12a04c7b9dfb3d58338e80b7ae4,7febaab74c4fbf9f3241f62ad0c3368a,15720,palmeira d oeste,SP
4bfe7cd506a992a41031d3fe407e2b2b,8dca1e6a2d880073f8104b4b0064c105,77305,conceicao do tocantins,TO
132a9facc3e81d474c4c24d5ce82e284,11f04a5b73bce050bf76e76d2362de17,04564,sao paulo,SP
707fac20a2b45cac1486d1ba891b629c,4940b91a3fa4f12b278323515e9eac62,05451,sao paulo,SP
cbdced3b7732432c679e661c4bcb77e4,051cb410e248720e71b4ef51ff5044db,89010,blumenau,SC
1abde0f02489fb0d22f4a0be40aa537c,37245a48d008eb321443206f47cb5c4a,39860,nanuque,MG
497444aa14246e71ed88c2c37540ddfb,d748ffd406ceef24252c8879c1b27f96,49945,sao francisco,SE
a3fb21cb5ef07072669662f3850adfc1,b024e4d22678962774c98c7c198ea66d,03129,sao paulo,SP
12d40bdce2536956b181627d4762c68e,a1b3ac2f0a874e9c8f368ad87b7e6cca,04721,sao paulo,SP
eb49614e45790ac166f91bcbcc1a9014,e4085c584aacf816aeb1e82e24ebe1ab,69020,manaus,AM
efdf4a7c78d7c364046efb69035d1d4f,ef89f6e31311594d74becf9e18c73693,80030,curitiba,PR
39e4013ce7f84e30b415075f87f5240f,ebed9569ef0c455303673ce658e6bc52,35701,sete lagoas,MG
1e0918f0d58bd46e2465857831ec892c,f0659077678fd05b5346a8afbf216c16,72280,brasilia,DF
3d5c479107dce026a67c0a78ec5f87f2,d7a4ea17f19293f471d6dac189d74e66,13184,hortolandia,SP
32599113e562d6ae53ad21e37b74e748,e0c0a40e824847b137134f36488d2731,86058,londrina,PR
c6045ecabc5f74048d727035f82c3826,0acb54b64345b37d81205175f3f3e779,37701,pocos de caldas,MG
4275510de6637b903e69994771170784,a57d5721ba2e163ca157db99ee1e6e18,21940,rio de janeiro,RJ
36e0f840035e7f9bacad69b27b953a02,4a9b32703700ed17c13a3a6c1a784e1d,59091,natal,RN
160ac713dfef7d7f57a0f61d8a0df5b4,6bc9bf98a4897e4c512e8bfe808fe584,11666,caraguatatuba,SP
05fd3454ddf16d297616f9167700ab80,87a7c3090f96d9da963125a0d7f8193a,06184,osasco,SP
1124aa987445b3d3f42412a375522a89,d98096b0c597ce4bf28a2839ad0f89fc,07020,guarulhos,SP
1f49021da1642fde361de30ee4f1c935,ed5ef953c0941dc977aba367437e876c,37950,sao sebastiao do paraiso,MG
640e434ec3d0792f339955ac55798c63,ab3ae2b67d11f63dfd9ee1899afda3e4,13240,jarinu,SP
6a67694e93de15ff31d131b4264a6951,e15600a54720da9567fcfd97bc3dda5d,60831,fortaleza,CE
247741a92e8790b27cea613f7a5d4f79,dc0ede71afcb9839bed5050275837159,12030,taubate,SP
3a7856f2a103364d279de7f72e18b7c4,29a63a400c3ca9982907ce8de1f19527,80030,curitiba,PR
5a512cfde6072587451f1ca086a65b86,6b518e127b97da076dccd5467f8734ea,02516,sao paulo,SP
e715f0071c14494e92c198554a08bb2d,1ba713c8258f756279a049018ce01177,21050,rio de janeiro,RJ
9c44588abb2a5c2b5bbd40184e3ac0b3,cc61b7d08f418647cd5c7766e1f2f9fa,75250,senador canedo,GO
c27c1ed0d6a18c5bacc8ee239f5717d7,1b10d58aef8d0d26651c02d40f765cae,05414,sao paulo,SP
58770967b9303c89fdb218d6882aac37,d6ddbcc1eb62b8d9741f2b9b1df37be3,58428,campina grande,PB
5e6c17c1aac5a1acf6e38746eeebc11d,2fb4183605995aad1ff94ef572b91a21,13067,campinas,SP
b1b4f0c5c3d900ca65f0d79b18ee1587,7cbf4e7c9f78c6855c9c0caec1a50e38,85640,ampere,PR
7096909336d32cce878923632d3d4208,88d5a81aa8baf9e0ff6c8d888aa97a11,04335,sao paulo,SP
663c23427108785957931a3ac88f6085,2e15add79c76241beffe812a24ad3a31,22745,rio de janeiro,RJ
accfbaa1f092fdf6db1d8fcdad351b50,1c5aefec1a2943edd15e52f9e2900e41,39860,nanuque,MG
e4c44f8397c63555e4d0b11f4e7addc5,e77dc6d35eca2c309c97739d49994220,11015,santos,SP
153d5985755b0fd26352e485753c7b28,bc92569dbc9e4f60efbc7a2e3e1d1bd2,87900,loanda,PR
08958a40dbb52a0eb07d38b5e9ba3e51,03d8e50ab83b5e43e11d51bbadb8b0bd,13221,varzea paulista,SP
b5ea05c72a89dbe101d94083e18df207,3e93369535d8f45643c5e1dc4467924d,04075,sao paulo,SP
f55bb246eecd1cab4ca24d89b196488b,40f4b191d404a10a6039af0b26dd62c7,65393,buriticupu,MA
f246a20a11694afad71d2d9be547fbb8,92b0705c6923fe44dd71b2b737687a7c,37540,santa rita do sapucai,MG
51cc1e38d0489d588d7a687da73b2458,ff68ad2883e793597f1c343dd6505f5d,14085,ribeirao preto,SP
6f3981043130b73e335ccf2b30dbf116,8c88da635cfe8823859dd2819fdb8366,06075,osasco,SP
a08c3f511f37158bd7e1964e6efafa2a,04b0c01cb1debde1573403fb50c5d915,38036,uberaba,MG
994d70253505b439604a18d57b82a43f,ddecfaae1c7952133d8b64e3c59883df,47830,baianopolis,BA
684cb238dc5b5d6366244e0e0776b450,6ff8b0d7b35d5c945633b8d60165691b,11030,santos,SP
248c47650075a87ff142d4227837be6c,e86907b23d40687a59a80d05a48d710e,21235,rio de janeiro,RJ
87cce80a2b8cb524f7ff411bdc22e2b4,46201bcc68ee62ab9d2f8908f7d32a66,04278,sao paulo,SP
d2c63ad286e3ca9dd69218008d61ff81,728e4a7d0db4845270091ded0923c71f,80540,curitiba,PR
d1800078046ed2e5ae1b0792b695c56e,64fbafb2935c7a2588d6a26a9d750487,03063,sao paulo,SP
5e085412648734bfe73b0c0196075f49,2f5bd6ac7c9fe91b6667f78c775c880e,31140,belo horizonte,MG
acf68e15407fbc6e55f3727fe70762bc,d32f59758ea673e2622867d28cf71549,37440,caxambu,MG
24d46169d90daaa687cbf122c3243df8,bcdd3f31625ec664aca676d1c101e753,17502,marilia,SP
83ee662793d8345e9619b6d96f5b9d15,69e4074cb5368c1539397e4ea570757a,03572,sao paulo,SP
a4c4409161fb97bc07935f38eb966479,b62f89621c53271b37571d7f0aaf380e,26900,miguel pereira,RJ
85a0cc8a137bc4c700f160c817467671,1d4e969b43ef0e67167ec4d418830125,25946,guapimirim,RJ
63470440d292368c0428a4f7ee7c5c86,a6bcceaa2eafcc2b1757632a547411b2,91210,porto alegre,RS
2acac3dfe4fa0e75b07461873a67e7e6,93027a697145bb67a134f56e9a3f0d9a,66833,belem,PA
7e5f789e079e767b1048f6f69e3fb67c,abcc989c63277cbc664c1f13e1350892,38400,uberlandia,MG
80d1cf5daecd7229b4848ce0969da2cd,62183f4068eae3b1616f41120c605510,13076,campinas,SP
e2efaa8052c550fa45d1639dbb6cbeb9,06058fe38c88d8d03a06ebaa6fb68aad,02125,sao paulo,SP
18c97899df0947157d3e829e27aeaba4,d059a0ec4c911c7abb10602099670325,06719,cotia,SP
91105b71b2fce387050df6f91fc0fcef,a664475b319be56b8b754e8bdad7615d,78735,rondonopolis,MT
a5f97dadc879a0cba20bf9650b1bd888,f801278dc42ce9d4773cb91ad0e21ab8,76200,ipora,GO
8b16b8c513d302bd3d2f218644fed1a0,1e9ebbaa6a3a66ad3f47d4480be0bb95,39120,gouveia,MG
f7b1d4b064c31b564fd39ad8bcb7cbdc,359328b5ede8c2758bc8f1740565dda3,03244,sao paulo,SP
7ec9ea9d385e8c923d17aa2871c020dd,9e3300dceea09679f1a85d33a5631824,13212,jundiai,SP
81e4aed5ab4253757305267b80712689,d7afcd4b6f0d645a8efa24bef0b66ca0,13820,jaguariuna,SP
2b3dc71b4cce6a5cb97f6ebf5d6ede5f,62875d300d81b5f33990d8bd3ef103be,35476,piedade dos gerais,MG
1f74cfeeda5e2f4b51ab875fb82748be,d249f687644a10a2680fcf334511beb0,35230,resplendor,MG
e2c852f36be265c817eafd880884b206,a93b7ffb96986b7ae5bef50b9f789ed8,26564,mesquita,RJ
f0dae1e937bb3c41846089b13dde866e,45c09dd7c031515e6a0ceac3d0fd160c,29280,iconha,ES
f93bc2741b9bdc89cfd6b672a956bf46,03cfc5ba1ebd1689c93dadae87e1c150,13083,campinas,SP
b19ab8d36d0de6602c4f57aa41e8dabb,580561d937f063a0c4ffe1e4832df2f5,85660,dois vizinhos,PR
42d857e22f61f10476f0cda1aacc018a,728e4a7d0db4845270091ded0923c71f,80540,curitiba,PR
1edfcdc4a172cc6fc9e97a8e42ca5071,1dcd5235c92f74a05c76b538ca7e7d62,50030,recife,PE
7bb2e1915001b30dda3466d6c81b2265,3f25e9b278859125689d5d8373740260,56150,moreilandia,PE
88427d6cb0325a6da3f9a0201a17338c,b6e333234b9abfc51d7e00157d29f8f7,88058,florianopolis,SC
572178b4530a9a986a59205bedea0712,1fd8862a2eff56f95aaf5ebbb5619971,12922,braganca paulista,SP
dab063fedffcd74dc36cab8ce70d7c29,8ef694cefeef6894d4d66ccd03d2a772,88516,lages,SC
97574aee35383afe8577dacb0e15a551,54ac170f384b3ca08d8ea2aa6389c483,26020,nova iguacu,RJ
64189e336678007d8130fcd712d4a2b0,d5cd8c8a56c919f61c94c43f3557c1b6,18611,botucatu,SP
dd32ce6c2b55f4746c288375a89ce176,26637eea80412340159f0d7d9bac0d77,13010,campinas,SP
b7a4690ba0bc91f249bb7fd25b3be748,7c82b91749355c6daebaada73da54e2e,99615,trindade do sul,RS
a74f39cf6735d061600bc043d4f9326f,0c7b920c8084dc18771c014987fc49ef,04821,sao paulo,SP
b91251b81f7e08e8120571f2f4f88e0f,4d7928aea9cfe594babf073057ad3779,06604,jandira,SP
d85a33fefc77c4027226b4af1683e21e,cee4b4591e7b82254d2c518cc30333a3,90130,porto alegre,RS
a45c587035f04bb1a2534cc22a987655,c5de5fafe22ef9984f1c1b66834a7427,59310,sao joao do sabugi,RN
e5245a61cf63870720b6559bad5d35e8,a5915d92773335107130a2d1e0c5a91e,36202,barbacena,MG
4918ba73173a0a5415bd47592a6ceb6a,f4b43781700053039b8569f68d371dda,17034,bauru,SP
78f9bb3f08999230469876f27fbda918,ef89e8338074d92c4ad0a9e884f0cb0f,14940,ibitinga,SP
be552266bf47bfc6fa6c793fd74006bf,7a84515823bc6c15b7b0e1ba70a704ae,78850,primavera do leste,MT
5458c93e0db88f9b885bc7dbc3bfa2a3,81e5fcd4b5436bb7e3eefd166f7bc489,78015,cuiaba,MT
dfa7df4afe1ba4c38428bd36cd4444c1,eec95eabca2b8d033e1d36ad86ad688a,27351,barra mansa,RJ
bfb4818d76854787283fd72c7b5f84f8,9f87499f6c7ccf05c3daa03d76bfdfc0,24737,sao goncalo,RJ
784210ee365c635556aeb69e14e072fc,8fedeab003cb5fbd2bb599ccb940c49d,69309,boa vista,RR
35364204862e86eb7c42936976e8858b,05701e8cd8fe331cc9b4262af27d7ee3,48630,rodelas,BA
d4a6786c02a6e6ba536f58e3b4a13393,55eaf3da785fec4d33cd70063e691bef,36675,sao domingos,MG
97efa29b4cb6dc4b10acb8f9baa46cdb,9ff65289796499ec62ee319b027dcff0,21020,rio de janeiro,RJ
bfebb91e718433a55143ee450423c983,760337c825700b7db6d44a71c06753c8,30660,belo horizonte,MG
8feffbf725adf0e97ba87c57d4920bf8,2c062277d1bc994eb32e7cad86190278,13502,rio claro,SP
feca0f935fcce79dd42d409d96af9645,4182d20f129b3679e6808317f1e95567,13059,campinas,SP
b1416ec5bad2d6fed050cd451470e76a,12886ac2b88df7aa159e84b19b58a414,55870,timbauba,PE
6d3e9ccd146cea260421e9a7bae2e63a,33faaac58c27088e3a8a8afd6058a6de,09895,sao bernardo do campo,SP
a6b19a21cdce23baec63e5e6a0ff8288,adfe7ac29b6d503ef86218a91d63a6c4,44930,presidente dutra,BA
1847a5181062817755a3763f35215e8e,cbe098f4101456123cda23c8d6effb93,12916,braganca paulista,SP
bce63020814afdf2717e3c9b9ff1534e,db890d2b3c871e8e4298f21bc8a7736b,50780,recife,PE
c300b72ded887db4868c8df1a1923ffe,c44039a1e24cb3544e9b1f24e6eb3337,22030,rio de janeiro,RJ
770b54376073ab9fb3ece8772dfcb16e,d6b9212886e07bc53970092f48486e73,13214,jundiai,SP
e9b62718241d8b9a249909e4036f29c8,1d889107c6acf0d432404cb55326140c,11350,sao vicente,SP
c851e38392f26d6a33bfe6f717c0fba8,415ee7f7e65b172382f321e711057114,20271,rio de janeiro,RJ
b924b981ecd4493825f0c54db5b4be8c,70fc98f125c985e6582a3ef22a1a8bc2,12282,cacapava,SP
efc07f50d0a9346ec00e1c37b5b10748,11a40baf46bd96289d1f0936dae9a256,74015,goiania,GO
aa90812c60112bac39cefe1f2ed45d84,dd78e736826142c46dfba5d6ec8fd028,05630,sao paulo,SP
b90c08bc258974e0bba31eb7fccc433a,7def100cf2d885429e26a5f0eef58c7b,08110,sao paulo,SP
ae8dc9a1f298680124ae2dc18e37cb34,2e2c773725ab148e8405a5ae8b4f5162,04856,sao paulo,SP
b1a4f6469e0fddafd5397c86f8321874,de7358726d7a1d543845be84129b9afb,17209,jau,SP
bae2e17717f1e6f357bbac0107dabfd6,a908f7551bf4ad06732bd84eff560037,39804,teofilo otoni,MG
7bea2f07ef082a136c0fd7d455c8e142,cb77bc826e0061d5f6e1702be7b87370,37478,soledade de minas,MG
aa98b0ee899c4f787d88f11b88b50fc2,0ac4d05bbe5f9dd1011eeadba1e76955,24315,niteroi,RJ
2e19009aaf5ce281eadf19914ea75b5c,dfad52af74ef4e4efcd09c4f00de979d,89675,vargem bonita,SC
038f88979c9816294e2a236465e8096d,32203277565d5e9a28b9f0da4ed32698,44059,feira de santana,BA
cc63d689185dd60bcfb934fd5a14a6e6,13706c96221b6ff26c66567244603650,01224,sao paulo,SP
f6d0beda15d742eb9351737ba24ec199,41836ee9834e5c216b28ff121f5d8741,57017,maceio,AL
5b477d525dd0c1eb93148e22ce5d3ba6,3855608848a57e1e3c776ac5c336b813,28623,nova friburgo,RJ
a05daaa7b79d7053da895ee3b342cf2d,d09bda44c78bc7eee6ab6a5814d73461,13480,limeira,SP
54da6f5f969bb4601f0d78611694232e,34b6102348176b1855e32860af2ce096,79600,tres lagoas,MS
cd21b89339f05955972dc288787533d3,edd1864079b2d69900cbf5c2bcb931c7,80030,curitiba,PR
42d1b4eb863054dcb04a019944ecd2d8,fc00da40808e113053d8a26c3e854ccf,22723,rio de janeiro,RJ
fd997caf29864e0b5e0d328a2d163e3f,4a6959f9a4aca95bb3733032d0a50c9e,20250,rio de janeiro,RJ
9c2344a071565e12fbf3fae2abc986da,293c7d76ee9907ebe673abe57a230ba2,06663,itapevi,SP
746c850fc3309628645b7b22b4603e55,81c553db2d819c53f841bd93b680f35a,02469,sao paulo,SP
a63e6d9ad4758e94c0aa0d3611efc569,1f2c5059dad2c277b3b338163b49ca73,17360,torrinha,SP
1e88b5f20d4c915f63c41dae61f1c23f,3274f2b2174433e889854e791974e48c,38055,uberaba,MG
2605d144097120a05a112c61bd1c4397,8f800fc6d16456d0e952825096c0f40e,20260,rio de janeiro,RJ
e14ffadfda9f3cd76ec8c4fc2cfa9cb3,8637b999cbcbf3e5a07e1155424c103c,01313,sao paulo,SP
83353be61700ed54d5e9d1b3f0dbc4b8,211e942aae3695180382d77ed1dde7e9,35340,bom jesus do galho,MG
1041f7da9362e74424e9763777b0f948,54bf4c6f2b71ffbd2940ac9fbcd93ce4,20230,rio de janeiro,RJ
fb0fe3df796fc48ccdd629d12095b108,dd9e24aaf192ccb06c02cc76f40accb4,06660,itapevi,SP
c58aae26cadcf02d41274b7aeac18ab8,7ea6b7415a94986ec9534de32c4514d8,13345,indaiatuba,SP
50a60363567e35381870faeee394c06d,a5c06fe695471f91fec7c41754645061,88102,sao jose,SC
2a69da30b726b7f3db7f1059af5d4304,f7b62c75467e8ce080b201667cbbc274,22071,rio de janeiro,RJ
c4d145f0b58cc33b0c5a5a21e2ee6c4e,a239b8e2fbce33780f1f1912e2ee5275,69054,manaus,AM
ff3c6d35b4927c9b965aa6a68dcf56e4,83e7958a94bd7f74a9414d8782f87628,80030,curitiba,PR
2de345a4358584e6d06a3f11db7f2c84,c1b3373c72c3b475e3f47c3175114ee2,21051,rio de janeiro,RJ
3689abfed7e332a5cf585915310c0056,07c9259c1afcbd1f6b416d9985782083,95255,campestre da serra,RS
7eb5555aea491d47d05d05d3f6f99be6,5af5dbed5fbe8770e904a516bd29700c,35738,prudente de morais,MG
6225eed02b7d1a110b6e5b5dd4c8bd31,850598426d7c772afaa245182a362958,36400,conselheiro lafaiete,MG
7155051815aa96d970a1a40583f95e8b,95e70fa5b9014a6a718b63350260356c,22440,rio de janeiro,RJ
58cd1c5b5fc40c1bc3448b6bae54f34b,7cf7ff4cfdd173d22be49c668ba75f1d,05465,sao paulo,SP
f56957527a53eaf4a716376e9fcbed7c,8be2996a22e4884d9628a96d15b41c33,09861,sao bernardo do campo,SP
630b8c2f4134e83812d827e8006caa85,f77be85d218371e1afd9685f7ae828b2,90030,porto alegre,RS
0792343f0465acf2c7aee7e4fce852d8,9d74a7e29e866ee0302503f15446f874,88509,lages,SC
6deeb4ffef6cf320ef5a642302f04104,5f61b10d70849d46be5643b7453e1708,65065,sao luis,MA
eec3d506a23070bb0ffad2fea91d9976,23ab17649e2b74a8a07ba814ca5ca016,25900,mage,RJ
0051337a96842850e1ec728dd158f4b3,d31233132950973bd0df88d4523ed465,89540,santa cecilia,SC
237bfa0417d30f46fa793b5532739269,4e0c5a01f67ee60e9760ebf0903527e6,04370,sao paulo,SP
6a6c433159ff775ba7f5ff8ec38b5b6f,b0bc6de4a99007470bbdbbf5cc502ea9,03910,sao paulo,SP
c3498e41d1549d56c4cbde7cbfdabeb3,669fc0419f968b66fbfcd0cbccb28001,18950,ipaussu,SP
0c2f74f093d807cf61e0efa724e6978e,8e1dd089152c63b8853df378a109d765,26116,belford roxo,RJ
cbec6c6e7a388dcb6c91bf4919a1f66e,4050ab1fc484eccabb4479c214985342,31365,belo horizonte,MG
a7f4253f2a560d4035c330dcef235b74,a5c806ebe5b25d0ab1e7f0da0e17d6bc,09667,sao bernardo do campo,SP
9116afdef84d57d567a2d87cc9dd12bc,70c54f44c2b0fea644d1caae6142ed62,13334,indaiatuba,SP
56d120375c35c6fffc447e47de0a8446,73b4178734f7cfe134a160227a4f1a07,04018,sao paulo,SP
3b099363e91e8a8de4ffba2428a1461a,5dc6d4b5876d93c0a7f6918a27ddf6be,75383,trindade,GO
48fe0a56997c0eaac6fa6f50fc9d8020,64fbafb2935c7a2588d6a26a9d750487,03063,sao paulo,SP
1e9af921838cb34a1bb286bd89abab23,2c8189bf1c5697e1a59cae606e632784,36051,juiz de fora,MG
b430789bfe8fd6a8ce1be69cd5cc35de,0c25f212bf983792b82adf65645918f4,45208,jequie,BA
4e5fd9f9e9b1d0f13e385284cfd57882,cb7f3ea593a9da0369cc5f48232a4e21,09080,santo andre,SP
96bbcbc8372c86da857d842dfda6bd72,e347a8d0bfec0255258cc913ed28d3a9,28010,campos dos goytacazes,RJ
a1ebf55f38ab9ffa56b94b524a291c6f,b69dceda4140ec6092310b44df4c3962,25870,comendador levy gasparian,RJ
76151a775ac037b2e2acea0033ad43e4,d339ed835c9d8fd6b1e3c5cb60850bc5,09571,sao caetano do sul,SP
01be2c0c2d55c597b5ec011e26e4b0d1,0b3dc7efaafb0cf78a4796d42fa8d74c,22410,rio de janeiro,RJ
5be4d5fe459cb5f42d54481c6df8e313,7041b17f3068683810aa548f6534a8dc,05345,sao paulo,SP
0272a0e26ecc9271a51cd41921623e92,16af9e34606212a873516601252d28eb,28891,rio das ostras,RJ
c7da870eb04374fc25d71501117ab5f6,31eee58232681b6700ccd39fd5b5f5ed,13417,piracicaba,SP
7bb166661778505b89811ebab082883b,c0b64e84c7ec378cd26a904ce0f29764,08253,sao paulo,SP
ac197c0eb5cf980ee812fe961476814a,c45b94dc8921d187eaa93d1bbeca91ab,88357,brusque,SC
87dc506182489f087f60de20dbe2958d,c808dfc8dc47f5c879ddc2e613255ba6,24240,niteroi,RJ
02d9a65b86f28f9bb487c30a493ad289,c76762dfb642ac154475239639f7f8f4,20541,rio de janeiro,RJ
c78a0848edc376b5bf05f22ad093aa0f,687728d2f6b44a8c1af4ec3edec6f1a0,13098,campinas,SP
c6a89478b34864ed2e5f3415a1195b7e,27f1125056e85c7953c73a028a8582ab,82640,curitiba,PR
6c65055adfbc0007dbb4c5a22ea5ba8c,c31f4549e788bd1e0afbd0cc8d64c671,97502,uruguaiana,RS
ab65a308e13faaef39b0370e82dd6fdb,fd59b2040862a3c5f0956eeb1193f239,12507,guaratingueta,SP
c7e79ac0034b4accdb78aa403ba6f68c,8dd4b0771b20160bde2b4fb598c3f554,29338,itaipava,ES
3d1d66accf98c118e170e779aab66b67,3564c4748fd6c1097ba1a7e7c6fa5ff1,89825,xaxim,SC
416b717e3c11cf6c596c624c76630afa,122abbabd602cf9a5af359b07a3c0a38,13566,sao carlos,SP
dbdeea4fb8e0fd4d40712789930a2455,ee656a283b87c7587160f80be0469d54,32606,betim,MG
ec271753df25bad1135a375ed6d7f113,6d0572dd5acc888fae43a2e5789bb990,14702,bebedouro,SP
00474d2582fd72663036795b7ab8cfc1,7bf845014243c08bdcea071d6981303e,87600,nova esperanca,PR
5d265f8913e710c0156ad1edc1e2e09d,14220daa456a18028f2ceaa2c32b4747,55865,macaparana,PE
9e7fe4ea65ba59140cab054bdbdf018e,6d94a894c28059c9703befc3603704cc,04530,sao paulo,SP
a979d4ac65ebbe603783c51cc7c94200,46c03449c82e0f13b2f9a8884ee83e35,38740,patrocinio,MG
ed0b5e13c101afa092296d346b2dbed4,328eb9bf2f55abdcd28a7632138c5278,04103,sao paulo,SP
f134935ef1c94d9f955a76705011d30b,3d96734ce2aceaaff2c957f9777639ef,28623,nova friburgo,RJ
742cedd54dad5e81da2cdaf719678e3d,ddbead72efcebad74eb7e952b034e995,08717,mogi das cruzes,SP
89ba44b1047e2e06f48cebad470b10d7,1f82a45bfd1d8e50793443de86f20df2,98270,pejucara,RS
99a0025b7ffeb94cdc8b13344e0fbf0b,5073f4e28df1653fc008e72c1a317bbf,87280,iretama,PR
616fa20bdc978ccaf552b46fbc0567a5,7ffbd36383421f26e00e047afb3bdb21,89540,santa cecilia,SC
21a6abdf0197fbe57451bd0a1d3c59a2,5fc74f8947fe099b44a20bde30661d83,03683,sao paulo,SP
8aac3e1a9f8be34fa99b287fe3dd3a71,2e5ac0b7a2ceee173dba5211e648bb6d,78890,sorriso,MT
7aae6b74d7e0a2a11051bf8a16e16021,ff39ae410be7f9b3a2457c546c6f67de,74845,goiania,GO
60c74a8ab6f5911849bcad1ea24e4052,a23f97165556937a3fefcaa6ebf2d07c,18550,boituva,SP
4d6a4d801f7f07fd8e3f52f34d5b41fc,d027a7952a83c9b87431ed3ae44cdf1e,04025,sao paulo,SP
b3fb50a69d9de3ee23504d2cd66da13f,d6a930873ee3f80aa823cb1d4baca58d,86038,londrina,PR
45442979a333bc62efccd8a2481481fe,78712b57b1b1c000eec8434d73a7e37e,51030,recife,PE
1df2dcecdf59a9ec5bbd2f877821219e,a4ed37fc830d1fb2889b4193ebb09a91,36031,juiz de fora,MG
695449e690b9ed39a1afa2dc5f3e900f,e81dd1589aadf99b5c59c15289de5df0,12285,cacapava,SP
fc87e5c06780700952aa42998a22968f,d4798889fe74026a739ca0be9d2dccb8,65365,ze doca,MA
08c95eb831d93a76079d7e24a117db29,e0998bd9b9ddc78c925d8a815f18673a,90540,porto alegre,RS
641fdee96e63906c9c52a2e6c8be25d6,ca0d031600484b1ed02510095ca08387,29102,vila velha,ES
f489ef69fc07eee23f1ef2732df1c8f8,858340521d8ba271fb5a0a03816952c2,21351,rio de janeiro,RJ
65a2a252eedd717594ec0e8b052ccd35,d9b4b95e049a1f71acbc4042ac32e3ac,39750,sabinopolis,MG
8283002ac9ca2ece392746190b152185,45db875949ee3ef18fafdf817076165f,95052,caxias do sul,RS
68f4ad79cc0c2ad06e19088f5c00e9fa,00f0b70fdcb8a6e1671b52a2472bd41f,05362,sao paulo,SP
15227c626cb65b59e12a8bd141e85247,d4b299a6ea44b588fdebc893b50401f6,13064,campinas,SP
4da838ac0a5e78523963ae590a05ef43,85f577ceedf143eb1f3248c42e7c52f3,06663,itapevi,SP
84afdd359b5f71559512a1316f1fac16,ec5e34e8372bc2a8e58b10937bd6034b,15410,cajobi,SP
175695533829b464c7dc6ef7e8bed003,0df66f1f85342af8b68413acd2bbc5d3,32341,contagem,MG
f11278c6a8edfe30db8bb9506ecbdff2,1881f0742867dc75d6e0bcc24f866710,98290,condor,RS
ab195e144742dca0e61f2a3fcf95e333,9c098084cf270ea6705b41b313a46e13,02132,sao paulo,SP
da8045919bf3010941c2d2ab84c0a848,3324de1a5d539fc4f9ff78bd5e226d2c,85067,guarapuava,PR
410487a17df8bb033e4173a7ab925f66,d3cb1ff6f56fbf14dff73e4b24bfd600,02418,sao paulo,SP
43986b46f9e4f256ce314abde818220a,bc56d92fe90f91143046c14582bdb974,02403,sao paulo,SP
1d088dea8732788ec35dd4ee6dd76112,69b2b29382af03e03e486ad307a76000,90160,porto alegre,RS
d01826743562fd76692b98829e8404d6,10b58cbd6607267fd41812614367439e,35300,caratinga,MG
8d3b3107ff3d5416c2aaede11192d34b,fb67e36c7821196d862282dc44ead86b,37503,itajuba,MG
2b8784fee7592d8c11a970f175cb5d71,b7da10f6d11e0b62cddf30186578200d,95703,bento goncalves,RS
9d4b49b0fc9981a6ad9b314e6ce43925,002b4cd83fabaffaa475f78ea5ef3e08,37950,sao sebastiao do paraiso,MG
ffeac04ef924e20238b3ad2f9cecfbfa,131dcb7ab428e245ce73122bfcfac12c,15400,olimpia,SP
544bc20592fcfeb460e15c6f312bdf99,a328b878160183a9731946cc366e86b8,20735,rio de janeiro,RJ
b6f6cbfc126f1ae6723fe2f9b3751208,281096eb031de8c318bba51915fdd16a,62680,paracuru,CE
b187c25688ba0cec4743c82e159cc091,9db6a3363a3a5dcc40b04408b1d02eb6,49025,aracaju,SE
827d7240a35889668129a7b10aa0081b,f300b00a19af4d4f7bdf9f4524c4587a,18087,sorocaba,SP
e561a3f61440b031d3be286a696d06eb,acf599349b44e4e51d2beacb549313ad,13630,pirassununga,SP
fc3ad5e4ca7a01c02e25bd40dd173b57,e582d90cd110066a738621d01823ed96,55297,garanhuns,PE
c576a1a325ba3b60368566f78dd51aa1,4afcf7ae2181b598259d121795fd628a,48905,juazeiro,BA
109cf3ecc53afd27745a79a618cb5ec4,3af90f255e824d1d53b3584a4e89ad58,35162,ipatinga,MG
896ca8dffa927becb8dca9eabff5ff84,18bc87094128bbfe943cf88adcf72059,01238,sao paulo,SP
e8b9bdf215893d907b9c19990c5abd23,ae81c8b1f631eb3108924289a3333c0b,92412,canoas,RS
baab884348d4ad90d893b3551521aaba,37cc3e75e39bb11d75a1982ac0d07c17,45810,porto seguro,BA
48e5d2b2d852ddbca633fe87804939cb,c29fa3544a4e3c96964055e4c1a45138,91570,porto alegre,RS
52a10e6a657afbd2032734f1e9af8428,46e3f78405802e5bc311e5b31588d8ed,20241,rio de janeiro,RJ
06a70917afd2dcd59396e1eac836c646,451c36d15ca9729da50f130f5c0f1c59,31870,belo horizonte,MG
21dd1ac1e4a720eb485542edce3b99cb,4c9063f888013561303ec315513d7421,36015,juiz de fora,MG
161d5918318f43d8a835ef606e0e5ba4,2831b2a448bc9365af4caf0efe5fcbe8,11701,praia grande,SP
e4b73f0c9ebdea67a8300aaad25ff939,06e745bbbf3c1a18558ced1547ea819a,36235,santa rita do ibitipoca,MG
c357638ad6b3773047a316462e992235,638e658cce197754bfbd080823c5a1b3,11900,registro,SP
53a400fdb22676639e4cbf33197e2a6e,37751f6b47c9a1dc55fffde08f0183fc,08051,sao paulo,SP
b92024fd84c1d4e5308b4bc99f092def,1f1ab863d273f133c7c9a9ba38f9b073,13567,sao carlos,SP
40e7a663ffaa7aa2f2ad20d6d40d6b14,c69e5a82eb301db90128811f6ef51125,13360,capivari,SP
a9dc96b027d1252bbac0a9b72d837fc6,fdaa290acb9eeacb66fa7f979baa6803,23012,rio de janeiro,RJ
3fb14779b189f5fde47f8918e88dcc36,62b690c75a3008d4712aa691ac30b7ba,04607,sao paulo,SP
d7bed5fac093a4136216072abaf599d5,f15a952dfc52308d0361288fbf42c7b3,91250,porto alegre,RS
b73408007744313349b9291bc0aaac82,4aa0c46b5c1289bf772e2e2731cebcb4,64400,amarante,PI
38e08b021ffa6f71de788a0e30c9c65a,81969213c0db697f2a6da4a4eaad1bf9,12309,jacarei,SP
0a9ee4d9030acbe428769c79d0c4da69,d0f63e7f9adb09e4efc7f4f276b977e4,45355,apuarema,BA
8fdac518e736eec059a03fe727efd580,9da3069306d3a92c5c835bcfa0610d27,13044,campinas,SP
0f117c111e7066f9c983a45fceeaa534,d7b3864dc072b52415d7ef879370c645,14027,ribeirao preto,SP
4f3e4e67565f7302194622e4a3a21365,1beb7538ce743db62750b0f52a698864,14460,cristais paulista,SP
7ec44117b7760d297447f1cff2a10967,b0cfaead61116dafe5fc20f4c9a91754,22250,rio de janeiro,RJ
b56ae5e64e7fe3540d496019baaa61b5,37fa04dee8fc86136fce03f87a6e8879,28250,italva,RJ
9c018b34406d19adc1adac5f4b23b74f,2a371d6666ff3a5b688a6e353fb83542,13322,salto,SP
e727991c9f9c297620b5d8e6ff320f2e,0379a6f96d9befaf749609ba52b17783,39401,montes claros,MG
23adca7b92ea9f7c40e60be117e47c6b,dfc02cf6b5c4222c8d5408ad15acb02f,79072,campo grande,MS
9e241a9965210ac822859a94c0f33162,6e4c8eed6842146f77d917f7b437b4c2,59152,parnamirim,RN
15e004d388d75132c9f43433c4073f2a,4c7c157b7ca1593ff4b83309db3a3255,36415,congonhas,MG
5c666fa03ba6450edbc6a15bf7c5e6d9,9c5b3d90e6fbf8743dcdc6caef354ac9,37716,pocos de caldas,MG
6bffbe15492bf7be799ed4fda9529f56,8606c9f789af3fc84efc7a23a26ec957,06770,taboao da serra,SP
eb534900c64fcbbe53a4158d78c3bbd4,62f838d90fa602253fca5ab51b672179,20270,rio de janeiro,RJ
980b20bc28f32a212225725533892531,e9b2db6938f5d19b079e00bd33bf51a1,13172,sumare,SP
df54a789854ed6321831ebf6a866526c,79305ebd09ee221e5fc5f1c0deb0a83c,02993,sao paulo,SP
14c40450842463a4e86a52654f2e3ff9,3720ce768cc8e7b9a23fcb794ac67179,02111,sao paulo,SP
21cfe8ae0bbbc0853ed7b1532f3dd7ea,2f8552b3c0fd59f1bd0f0821a136a9ae,05583,sao paulo,SP
0dc0162bbe9965694a426d8c6f1a56fb,7a2679d6c164f6b6a2f36daf1b2fbc9d,08161,sao paulo,SP
921df0e199c57f4fd686b8a141fb9b86,f036511a6eb7985fa68738141ff070ff,35400,ouro preto,MG
d76512c766b6191a31760b27a3a671fd,b4739233753be99a2078cb6588e97c56,35903,itabira,MG
7ec40b22510fdbea1b08921dd39e63d8,2f64e403852e6893ae37485d5fcacdaf,98280,panambi,RS
628c8188fe28ce092be622bf1361acb7,4fd565778fe054e28d5aba1088700075,78135,varzea grande,MT
5ce194db2a0013852fdb744ac95ef05c,eacbbfa074a7a11963153a45bd66e86b,37704,pocos de caldas,MG
a5165325694d4b37d5d85e51417c697b,b0787e28f887f8b5a8ca9ef9c50ea83c,13330,indaiatuba,SP
42a5fcbbdad65719b297e30533cdfcfa,1215ec4a375a52f5b9f75d951828371b,08587,itaquaquecetuba,SP
6236a1fd73ab92114378e88fe16698ea,08e37284d5bd2834be3c71035e3d64a3,69314,boa vista,RR
a148e2b4c1e1cb2caa7a4ac90df90d23,158b2006b7863c91cbd8c8dbab2b9a76,27460,rio claro,RJ
bbcd801cba7b655a6aab583778eb6af8,4007a2d7f7a4fee746b203c1320c5408,88070,florianopolis,SC
922955184e7e92d55ad006fbe9f14d74,cfdb7df7f1d257ca5779f967d259cec9,44571,santo antonio de jesus,BA
fdff81b769f15aac39439e70eb1f72a0,72025949535cc5d91386aabc4fa7ad86,88372,navegantes,SC
99de4444dbc09f097afa14d4ac4ae448,e028094e844981adaf6de76e17d60351,81350,curitiba,PR
86dbe8b0de56e7464e4b5a4bc77eab19,797430cd135c3d6005425357f9805296,06407,barueri,SP
3422a239d7c7bf95b72216d779a28de6,1aba41ff60afaade1aadfc1eeb30f87f,71907,brasilia,DF
519fe7375966b917ba9d1f8b7a8784eb,aaa1c67c77562ad0d99806a54088fc9e,12460,campos do jordao,SP
1ff98f738e6baa6c7d6c262757e82720,9980b713c602b47b07150683862c49d6,04272,sao paulo,SP
fea16654c631c5cd6997fc0414c3a201,28b532ed2ae560bc90687b4d466d458b,01424,sao paulo,SP
440d57c9bd11aff852a2587df6059026,fcb4427466abb290f1960f9309abf0b9,88371,navegantes,SC
fd673a07896aec385c5287234605f166,c112276ee020e563234bd46993fddc4b,71070,brasilia,DF
b8cf418e97ae795672d326288dfab7a7,8d3a54507421dbd2ce0a1d58046826e0,13185,hortolandia,SP
7eb927f63e4b090b789fac3324d400d3,98dd82387ae3ba3b327c7c6427b28889,36280,carandai,MG
66ab9fd5f2a463fcfa0995c05f46680c,1ab766d3d553649d7d8c7e2bb60f5c9d,04760,sao paulo,SP
eb4322f80db384bab3386bbcb619ecc1,bb604d28677e8ad3f3bb80495fc6d9a5,89850,quilombo,SC
8a19df887008d330bdd7aad269118f79,077d1d4b18c096ea1ec611d6a3701056,88085,florianopolis,SC
642f858f2d65c052cfa9058e21181a88,ed55471664939a48022e6319811608dc,04569,sao paulo,SP
dc0c77cca2f6acb682827975536a6dc7,5286f4342593aeeca93e0543ef0ac5f0,28021,campos dos goytacazes,RJ
54b2e1f570b9493018c0fc2dead80220,4bcbecbca6c9fd592cb2e0d70b9118c6,37177,guape,MG
553e55d7745de3a3f32d8d30914a3212,b431e4fa975171eec47c6e346c4dfdc2,52061,recife,PE
a6d276e9c75cfeb2db5ddec9add0565e,257c88e7a3ace7aa1a5eb5677f86b5b0,96413,bage,RS
f10e5fbd994c96fe6abc21c3303c9a40,6a0ff4c1287f59cf5a07a3852ba6bf7f,09580,sao caetano do sul,SP
915b040fe51ec246edf9bd062ee7da8b,a5d3bfee5b23b430b95c4ae295e1028a,13844,mogi-guacu,SP
bbec89f3ce9883659829232500271d87,55e4961112ecf48f62b785a19694ad5d,80610,curitiba,PR
40e7f92901dab91f3c1b9acbec7d05bf,7465b59810cbcff4636277053dfd7bbb,13920,pedreira,SP
dfd18dbef42d2d617d822af592b2fa62,9ee03e957df37196acff32001e29894f,71917,brasilia,DF
7784b523efa600a47de73bd1e9f7f022,6ec09595e0817c04ed4844f143251a69,25035,duque de caxias,RJ
fc21178c7e1580988c8d748736a40bea,e9ad5caff152c5ae76c97266e53878b6,04536,sao paulo,SP
f783bb6d6728b05cb674fc6709a56302,a7bbfaf8a288c45dc38d4693535dd63f,14057,ribeirao preto,SP
44a0d7ad2e2ae7517322fcfb0f51ae48,5c82413b70d65c90e4f9e465c303fc82,85660,dois vizinhos,PR
80326990ee607892a2a6c4c8baca53fd,9f62f7e0d0cbeab75bfbd518bf2d6566,68516,carajas,PA
2208577a67480f29e84ad6f2419e8945,9a6a08ddde38a6a1a71b918e0840d4d5,09725,sao bernardo do campo,SP
95446917717bb58d553d107d0f1668f6,aa6ea6f8307ee33b985192329cd8c79c,60811,fortaleza,CE
b8758ed99c2b800a287f19fb1a3ea52c,7459c5e40af6c3ba3c1cf02eb107a2e7,65370,pindare mirim,MA
66c5a61c8971f955bf22b0786fbf71ab,3dfcc5c25b1a9102de307a2e66b83e6f,86802,apucarana,PR
a2623335c77869716765cebebe4deb18,31f99fd95fe035ef10a0a87d6c51a8a1,09080,santo andre,SP
7b5d15455a058bbefa9c1d9f4aec2f95,5bc94b60050224af3dfdd2377c7e93e6,93548,novo hamburgo,RS
2ec7666d1077597d4e4ff2116a319530,f171039a67a78b3d57475168802da70a,72720,brasilia,DF
cb544b0c548dbf3e9e52914472d56415,f706755df4abce09ff6fcdfadbe76166,27940,macae,RJ
cccb28497c90b025d9edebd93eca48e2,4de07fd84552f1674946f9529ae175c2,70380,brasilia,DF
5b894cf9a0b95ce53a6ce010fe000104,d2e96fc998d538905a948410e26fee2c,02346,sao paulo,SP
3bb0f1d5881cfaf2de8eacdbe88b2d58,4079d39cb3fdea47201540107c1673dc,07804,franco da rocha,SP
d49c9637bec435e84552bb95ca51eea3,27a6f6db91782c11b75b53f39f117d3e,71070,brasilia,DF
5f6106098e8a7d8d4f33deb3fcd97ff8,53acc4368b7ba1ab5512f831c8bb9f2f,03590,sao paulo,SP
bf609b5741f71697f65ce3852c5d2623,f9af3bfab584769f34c314b222d34263,20091,rio de janeiro,RJ
d056f27116f163ae6d99dff3d169c032,c39b2706a13ca378504fe314e7f2f645,13083,campinas,SP
a2ddc0fbb3e8827c322579d6124b0c6c,ff9b8e5654b51a827582daf1051b1918,66613,belem,PA
c0883596c39dea12f6d9de1259fc0517,216fd197a786370ce9601ee2f6b5a31a,37640,extrema,MG
20d32833d8983a835cafcd54099631a0,1150664499f22ea0d558af89a2c053fc,12952,atibaia,SP
a771359904314a20cbab60684a525438,cd0c31244f6e7bfc218a64144fdd47fe,21931,rio de janeiro,RJ
76c74aaff2f3f7355f46d9818ad092b8,f08dd31e4b7d59c4a80c1eba48355547,20765,rio de janeiro,RJ
b9f21de0cf737e46054822f6082eaf31,81def1193ae82b7a35da05d0565767fa,24900,marica,RJ
18e42e6a3b2022561588b6d32c036b52,1a2042f30f2a7ecefdde313fa0cf151b,13568,sao carlos,SP
b3ff37db557452c87c756f90457fe7b1,def83964102189a16a9570fd332ebbff,32223,contagem,MG
c651c585480832aaefbec136aebe2afd,9476d63d5d33e182ed23f661fda9214b,28570,itaocara,RJ
0bb79aff5bf618a6f3bf91fd9049b9d8,7c22edd8f6e95d1c4df595dfb60644a4,05338,sao paulo,SP
b0ea223f5d75e25779fd005154765c3f,b331ffa5c1df4e360f78fc2c8919c9ad,48040,alagoinhas,BA
8caa2b611962f72d9905feffb8501593,7588c20c457369de8caad958afc1cc06,76824,porto velho,RO
2ccf8938c99370e26a1a6e9717654be5,8ef11e4f3a4cd4c99e6d177b52f6703e,17056,bauru,SP
59e4d7310198da197337571749b47ff2,753edf44d14afd72110c66fb22b69c91,21820,rio de janeiro,RJ
94273e2b4bf5b5d2cbc3af09a36ddcca,2a9740b80f4bf690a9f5bdece3b5fbc3,14500,ituverava,SP
2a1ee262586b0c336663bee289d388b5,61ea98cd31d5d98f2eff56e69d8c6467,05525,sao paulo,SP
a9eb0a1529c5219cec4f13899a5a58b3,9cdfe712401ae2a44d3056afbc2b77a8,04851,sao paulo,SP
e621534f813417899b9d1f1a3556fe98,f047e542d01be9ad0e176100dc736d64,39860,nanuque,MG
91fd5aa21b364a805141f532a7bfab2d,dcb44a6d9e33bca1bd008f7faaf3cd68,64049,teresina,PI
5c5932c767b1eea17f6374dab31c76ec,35d5991f246b8b9c4e1b4b1a927b1465,12031,taubate,SP
b5c31aca67859c379f337d6c95cb37a2,85a8c93d0bcf297d5a975a3341ff77fe,35900,itabira,MG
6c8d36117b83a89b24d41e231af67429,964930a4e1594ded5016809e48fa105c,13232,campo limpo paulista,SP
8a861c441f42b3297875a0eb3bf98b5f,a68366a33b3fb472b124bba255416bea,96450,dom pedrito,RS
3e6d5ab80ad405a8ebfe75d52974e93c,e7b4387753fe653df8d20554cb443465,08900,guararema,SP
dc9e4413d260758a6e889a0f87aefa7d,9930a089a21d7d6754347faf03001f6f,13710,tambau,SP
3576d9f3793f6dbfd0d915eb446d31c5,9b0e2c4e40a458cf215f8f652f64a5ba,38408,uberlandia,MG
c6e12a66b9241b3d544ec4d4854b5472,e27e5ed677bb68b40be4e84ee1096e5c,79824,dourados,MS
8b8e02be8fef10b7c6e2d210dbcfba7c,ed05a1bbf9f8816af23fcc68084bb87d,06806,embu,SP
b7335be40f14f35559f7222d4875b114,9b0f710c65ae9320f0acd6dfccc1b4d6,91720,porto alegre,RS
9a46036c450ed2b0352f21075c3c1e45,0489823571e2b7bc7120cfe97f56cc4e,38051,uberaba,MG
b398477a817451216f8913ce45a1a2a7,3815f06e9d85c0b0dc33e80abebbb0fb,09040,santo andre,SP
24f0ff8f458c6b9f0f8222b516699b9c,c51a1ea9fa9851c70f89d1178c861150,22775,rio de janeiro,RJ
f3beead22416959885ed4f0cfc3bae67,5519d48c02e36392f44e56019db3b34d,86809,apucarana,PR
dc607dc98d6a11d5d04d9f2a70aa6c34,10e89fd8e5c745f81bec101207ba4d7d,35162,ipatinga,MG
9ebd9edc6854d388eb4a9d1283acdf96,827e0258c06b6c4bfecec9e54bc04960,09770,sao bernardo do campo,SP
e42c9ae9146df4772428a04c0a3f5068,056cffe73833ae2aa1fe2e9a6c21dc62,22240,rio de janeiro,RJ
a49023ded65b306fc073c33f34ad85b5,f2552bc0b214ea24e60386e9f4dac931,20520,rio de janeiro,RJ
88c36fbd3df96094f90f0315e1d2dd90,e629cd3ff381ad0a234016fa7dd76f46,08610,suzano,SP
8e781f06f8024c2f7098c991d4cc1a99,adc0189d772013c8cad6d57ed0e546ae,31520,belo horizonte,MG
e0de521fbb397bd7e83d079fe66357b5,0829f7df6577d5a4b65439bea701405f,31210,belo horizonte,MG
e88a38745875de352d6a135b7d3f11af,2cd2f63f783343de79fd5a430c8b6d43,18603,botucatu,SP
863b6381550660b774a6f43d857d2b0f,c4601f3d0e8da101aeba12d2ed530285,12270,jambeiro,SP
2359a7ebdae8381103e9f7524e70fd48,2429bb51d20f9cb48f7df927a0199959,94040,gravatai,RS
6676a459c2b773481c9dacde3c44c680,4766fb51c287a3a3a67eae04ed0e75a4,81150,curitiba,PR
da622558a9ec231b2d31b8b498a672e5,f082a32f9abe1b8678ef88c7fceab40f,79052,campo grande,MS
bc648a06d0b0e1a59ce255f42c4949cd,f0db0a54f2521254acd7eec3bc96b368,03064,sao paulo,SP
2c98452bdf306ac1a6055b52c9132067,0f20997f7f9f1c75f9b546a4598989f0,86280,urai,PR
a40c9c907d645ac0394aa28875d5986d,48770182fa1f6631dc831cb4a99ca859,27937,macae,RJ
70fc57eeae292675927697fe03ad3ff5,b8b8726af116a5cfb35b0315ecef9172,22770,rio de janeiro,RJ
2cb0c084ec56c7fc7d6278cdd8787670,259a143b745a93c577b929e9fe90adaf,40150,salvador,BA
e24bd26337fb5b09e1331622a2f0d2bc,861ed4dff1719a5dec6ce78b1132f2de,75555,vicentinopolis,GO
e5bbede7ac897293d9132cedc17af3a8,e2ab4c4e535a10b714cebe43b9b48421,35230,resplendor,MG
3fee10e96b1e1fc1a04c37d8bbe41fdf,dca9c7a7a48f810e182317ebd1ec916c,22723,rio de janeiro,RJ
e81a9f176936e3124dfd90c483bf3289,823c47d4abda1f8ce7568145f76c2b85,13175,sumare,SP
77f3c8da79a0c0a12a2accd97508e745,341e7e501908a2d90a991ff46ca0c70a,65725,pedreiras,MA
fdb25d73ff1068cb0fe401c24cfaf002,03459d9b3e14feb0e89b0e5bce4f188d,84130,palmeira,PR
b30a4d09f171b5da553bab49a0a61764,8329519e31cb1b89bd44c3c6ae417ad6,12460,campos do jordao,SP
9d4990db1cc3fde3a88bddc0a8d7e548,b46c28c9303dcfee5b1fdcfad41c76a4,12070,taubate,SP
31a4ecf0bd3ea9436b7132bac1a1bdb3,24c0806a2407ad1f14b1323849bd246c,02044,sao paulo,SP
d414fde275d1b2888f5acc164baef4a5,ac881ef6a6cbbd0d94687c5fb9a35f3d,37469,santana do capivari,MG
553ee9fd74f79d17eb36a817a4873ca5,48a5985f8d97849159f7675e5f05ed75,81925,curitiba,PR
2bd859804139f43a638beb3cabc4b204,0f1190ffa87d71271b42b9df8245258f,78128,varzea grande,MT
75435919ec1c2171f20033e15cbaf004,80b62bae3408ac888ded81a3ee24dabb,30668,belo horizonte,MG
c2a549fd103dfd913790133e8b3ee74b,06c561c88ff6b8813508f972f71829d2,28735,quissama,RJ
3d8350a7f8c55e7b98242cbd5da3ee63,72083d3ab3b07e2d0f4506bf7b7bea97,22470,rio de janeiro,RJ
ca7eaeb80f954232c07a1d7a86ca342f,18c28fe31370f17a50aa9e30686e60b3,69035,manaus,AM
691d28310063e5b36b732b117f2bcfc0,15896826233a6eda72c64e1b99a0856a,22793,rio de janeiro,RJ
6768f81d9f31aef88fd9adf5b513982f,3ba5aa89e06ef7a9b6d247a7137e2436,38819,rio paranaiba,MG
bc265c24a5a745bff94d62fd5f5db043,ec9c7ebb2a345ccd42c46b94ecb4d319,35603,araujos,MG
eba3f6407778bb04d46966a1d80f84b9,323f8f14acb90e50f86f1885b6b53c6d,13219,jundiai,SP
788a2e681b4dda11b40f137041045bbf,db7139dd202dfc6da9e4b05902c713a4,16074,aracatuba,SP
d884f544da907f4cc6ffc6504f6a27c5,012b8001e47392df808a454083a74b74,39472,capitao eneas,MG
7345796de7fb5b3566b3564b2b10f9d9,1c4b42ca9386909cddeb8ae649be0f9e,40296,salvador,BA
207df7ad3a701cc5f0a232000cca51f9,6bd4f06d5599d085d7a367cf49626155,04021,sao paulo,SP
1b68647cee091c5dcf4f7200ba5dd760,9ebb078703bce2d1db28c206d2aae886,59151,parnamirim,RN
074fe3d7d1bfae730b41be9c647ff8c8,7683f02dbd456db211146f37cb56db4a,85504,pato branco,PR
b592e09a4081a4503a755962e85624c1,1fe11e8f0fa5bea7416ec09d6e8d2b4d,07135,guarulhos,SP
8f99d406f72a8339a5507e598bb187de,3d290fc97428b4be07eb2972455141c6,75806,jatai,GO
a2ca0ba8cb6271f95f286421b60681aa,15bc17a24fe18da7be93a48546fcadab,18270,tatui,SP
a0b7bf085451ca667f8c8015e9812e3b,1c6c7f4687318090a16753eeefd5b1b1,12820,areias,SP
5a46fcfb9cb1aa7feef0014acace422c,502c07b7330ba7d5edd4fffe8c5ae0c3,18425,taquarivai,SP
5ced20bad39ba7915376770d8d933233,29cde91fa14abca6b723ec94c18c2a59,35053,governador valadares,MG
af1fd846bda509c70e4fefbc3b1961bf,8187109cff1c32197ce4943e71f84360,87023,maringa,PR
3f402674c608ea67085eb5e0ec4d96ef,83e7958a94bd7f74a9414d8782f87628,80030,curitiba,PR
65b8331f36ef1247c8b665fdb5b2308a,d2e20ff389a9279d9dd515f5cf857e76,12604,lorena,SP
7dfd10dcc726950fc6171cea83872351,48368b31672665cca1b8a03047a1702a,33115,santa luzia,MG
584a48000c599c79acafff0af5cd4cf1,bf4023e50a4a19e09b7200e861af76c6,02452,sao paulo,SP
9ed06342197fde512695b88ef49400c2,64529bfbbfe1ab1832b1bad404aa249e,35400,ouro preto,MG
8761873ad35020140800f12b4a4140be,6218d4f685fcea8cbd90f0c481df3143,39400,montes claros,MG
19ce60e416e5f9342e80d5ddcc814b03,7418458c86b91f0322f91e7145a02bd7,13207,jundiai,SP
f476fe54d688e5e018ed94d537d7c5fc,910a4a6cbd33eefa52d8b521bbf3661f,04550,sao paulo,SP
bad0485089a89e8aaa270d32600776b3,faaa6c0b29b44c0193ccd751b9212ca4,30320,belo horizonte,MG
758b633d88b82063db189810084f4ea9,4b3207464f5f7a48a7f63fa0b1251d86,14025,ribeirao preto,SP
603dd05a409bcfe63ca922996c72bdfb,a6f05f77ad475fa43a454923be0c97e8,12320,jacarei,SP
4a06381959b6670756de02e07b83815f,b92a2e5e8a6eabcc80882c7d68b2c70b,06730,vargem grande paulista,SP
a6070315382f5f1e536be705f64ab209,be8375783b7439dd7ef30b89fb46188b,21610,rio de janeiro,RJ
9e977b00515e6b110e1dd5af225417b9,f274ac4cefe7f8708670983b0ebfe023,12244,sao jose dos campos,SP
6ad24adeead1a2dcf21adc31df86824b,89b201f39bd34454f3ecb4f0a3940c91,25555,sao joao de meriti,RJ
57589bb9afa9eb858304d0ada0f1b45d,a6d6c8aad5761dbe22ec672effe1e1a0,41250,salvador,BA
2ed90ffb1b6c71daacbd9acd0cbb79b3,0942eedfe0e865b2a80419a14672286f,36205,barbacena,MG
ff7b32d3da9ed589c9695bc56021b10d,19307987738a32079d45862f7f461285,57072,maceio,AL
fd006a53412328405bda07eb5f6be031,01469c41b00bb21cd01d2104b8e81384,57325,coite do noia,AL
743eb1a642f457af79087cfaa894a63b,c8286434bb87dd80be297fc3e6bdc49b,59056,natal,RN
091f379e0aa95540e88e00f455738fd6,367804e9c1dfed544cbf1a457f88fe84,53080,olinda,PE
ebac3c15b74e9b4c4b679fe173ec5798,7418c2b322a7eb0284eb12007cd3e257,18900,santa cruz do rio pardo,SP
7708775efe2bcb20a0da522027356ba2,c7b11bae00fa4158c2be0764bf976ccd,38400,uberlandia,MG
5dcf097f6df316f7d167dc7f7e3dd6ef,d8b27909d8169a3c3a25323d4e5efabe,57380,sao bras,AL
abd49ba4cf56e622b951f281361f56ad,94e5ea5a8c1bf546db2739673060c43f,35730,capim branco,MG
dc06b273fa5b109f3d49ec7e45665a7f,e882aac0b0623df0efb0a85a7ce9be83,06364,carapicuiba,SP
967afc6202a8b72db982bbd579fda7a7,b0f6da4d4c644dd57ec5ac0aeaec92b2,84350,ortigueira,PR
cf5112cc5129776cc69c956dc265a5f7,2552194579775fed6641fa5f56152e0a,20511,rio de janeiro,RJ
389f2b5837cf58e9421ac2e8edbbe43a,5a1e54e72e1dc1cf05040e6b2208b2cf,14871,jaboticabal,SP
6b3efc29f67766dd725bb29e857614f2,c9517b423493063fa4e805acf2cc4564,33400,lagoa santa,MG
f84400c1f6c596edb25628a5f44ff8d3,06dd24ec7b04fc79c1702fe04b9a38a3,02564,sao paulo,SP
93dc00b09dfe9b795707c31cfa9b05a5,199b0b2db8a26a5233a1de5383b02fd1,89520,curitibanos,SC
ab421b93f847af0ef7301421bb36da5e,604f317cbd59b4de7b91326f61626d90,13070,campinas,SP
46aa2c4ba592ef26df10b2ff62e349d8,1504093af6c55e0ed58b85d1206dd5b5,35051,governador valadares,MG
8ad4ecbaa69e3b0119cadae300bd88f9,14b0be0b6d7e50e861943bf902bc7959,20931,rio de janeiro,RJ
7470a1ddb5f78a811fbef15b2556781b,5d2db05a565eda438cf5069b7be6b1bb,35400,ouro preto,MG
1ad07b0c4441e0b5550631b23fc22312,4935a78ccb4610047befc89c31602c36,13087,campinas,SP
cbbb38942ea7e6eaecd622d228fec2b7,e78838df9c44e102b6ac84cc5eea7d5c,36780,astolfo dutra,MG
96fc2a988f8ec40a078ab92f1623bdd4,ef3508c4c50a1f7c885ea2ee92218f08,72460,brasilia,DF
8d668ebf82d5e30bfd13822db8b51d59,6390d97ae2f3c536d8a95344fd308a71,12236,sao jose dos campos,SP
d96619b47e477e6bcc377bb89f2ddaee,0636d30c77f0f9cfad81f1c9b58c791f,08583,itaquaquecetuba,SP
2ac05c2154577da9cf490951f1a0da84,a7453e591e1526f8e10da58e78527dc4,09550,sao caetano do sul,SP
ae4dce7235e0aac52e4b82c54f7b18de,f992b70fb02cdfadc277f493997515b7,13660,porto ferreira,SP
f60c95ed2b10ddd5ce8c6a25240edda9,d451891847b64bb4cf9a40e9cfe1c7a2,82015,curitiba,PR
1898e33d23781c0e4574a114fe73c73d,1ae78cd8cf034823e5cca58266ca894e,49500,itabaiana,SE
e22bab8950872ef60d229f7d6926b58c,a4d9bca01de16ecc32654c12e2c18c05,35503,divinopolis,MG
afd83d05ef70ea7d5f93796e688ebb0d,923268c8268e5ce378b743c0e91a72ee,68590,jacunda,PA
36648b18906353abea5d060f554acb0e,05f0509adff9a7c6e37cc5d6e5c57e8a,08372,sao paulo,SP
5e2eb678bf7712ade6ed644acfd44f5e,2f0a45d60154020f24cd2d0758e71028,04552,sao paulo,SP
fd7869d321d9f3267c7af012dbb2a737,4efad00329f18b34d5fc2d184eef280e,11702,praia grande,SP
af06a118d5baeabd152479e412267333,6d8e47a5e97b99f938dacf7b0849fae4,25937,mage,RJ
983155c4c0cc44b685df66df2e9f8e78,7db4d22fd27d6b46393385f8a951fd21,32603,betim,MG
594ceaa56731ed8539ea1b5437d9e311,040e4df45a02c9d398c233227f207f67,71503,brasilia,DF
c94395fa4f7fd0440d8972d45d711d6d,b5733c1a1d5267ff6e9e23ac7bd0155d,82820,curitiba,PR
aba0612f1bda6131d3058084c31511ca,f710a2488480f6d18ef5066c1dfb7803,11081,santos,SP
503d0a7d55227b38ccce96ec23251f5a,b2639226e3ba85c1e40abf59a40d5b66,29154,cariacica,ES
3ff64bf4067f2b8c240397252473423b,dca82da75297f7cf5596674a229c89c5,88804,criciuma,SC
7f10859af8483458fbe59d40da3d04f5,08114c58968d782002f7cbb2d4cdf823,13825,holambra,SP
fe76f5f82711c01468aceb3b3eb7026a,9e9715e2dea5a3eb18d4e21f7d91a8ee,12248,sao jose dos campos,SP
920262e9d102e1706e797902ac8e9d4b,fec0f9b88ab21b6b9bd1961500e83665,01258,sao paulo,SP
64e0b9072003aeb0838bcf96609f2504,77479db0fa60ddc453f3743abc02be23,20940,rio de janeiro,RJ
c6e5dc26706e556b6e6cbe4321670954,363e10681301da394e9e505ea41c6e50,30260,belo horizonte,MG
e7e6da2ddce69ab0bf01d7ed4dbd0856,b6b2c3c8fd76769b478618a3c2505009,80030,curitiba,PR
6df4246f1cf9de5292f78450941d26eb,9503f4abe0712f09301bfb0fdfc280b2,36820,divino,MG
1fb9f3e7704d50dd72f6adfd4f6d8ffe,028ae0b8c77250d12323b40f2cbb38c7,35901,itabira,MG
db385be90c817dcb9a73ddcc0b88be79,af86cb5c04b075fea7b82fd0f4d87581,17205,jau,SP
883bce2f3694717d0403432a07768b05,e63589e329d238ea543d5ba8e6d18161,36900,manhuacu,MG
d572ff7880e03958639088a6bded9b09,aa90249ec2b54e963fca04ca7a167d73,92200,canoas,RS
ffa06e399e68881a89fa0f38f21c136b,ab291f8f0c15544c4cdd0593b7364ca5,29043,vitoria,ES
3e0806f0201dbf64cf2c8f6a6422ef38,dd5cf6cbc16b83e6e9c03ab8b2e9c094,28035,campos dos goytacazes,RJ
500bbe66867d0f0bdb3531af1e052b4b,f7be9bec658c62ab6240b44cd26c0b84,80030,curitiba,PR
55e8be09219e4bc9dd78f8596b1d03f7,bf68fbac483c0a39323fa1516bdf039a,39860,nanuque,MG
05f55bda9372fe11109aaab2c157b57e,8f0fee0b8eb7eeebf17f061341e9d737,04207,sao paulo,SP
45cb0fe36535222805dbee60662f9dee,72190b69b96d51e002b07103b1e0c809,45606,itabuna,BA
32e5a91de170f83d02e01af03c9179a0,7c33cd0526679e24b19146dbba7c9266,21221,rio de janeiro,RJ
24581467d0bfc119d33575ece54987b2,6629514c79eec8eab37b50223c771c7e,05782,sao paulo,SP
cf6825242ddd453dd3381bb0aa0976d3,65f58168b9e3281c5c57dd0a06720ddf,89900,sao miguel do oeste,SC
fb2b3d5e34ae153e59fe64aa930e01d5,b3d6eae7841038cd56fcb6f8f773d684,04846,sao paulo,SP
b7770073b02ed1d626a027ce86a4ff82,2e43e031f10de28e557c35ef668f9396,92410,canoas,RS
c6a3988a6cbcf5cc9c593b5151b7788f,d7baefcd9b8185520aadc5aee9ee8df8,19067,presidente prudente,SP
1fb69e1024c1877f914b04128cdef209,d47ae28be0ca67986130388a0d4fbfaf,38183,araxa,MG
5b743ffbe37cb532ea15866fd0e5d572,f4d1ea62b8dc58a9fe1bd141080d624d,32340,contagem,MG
446f3fb430933df5a26345961abf84a0,09bc7afc3e8d8dccaffd0b16944a91fe,04040,sao paulo,SP
2dffab2135e36d25087cad94f4e559ab,82629037a1fd4821b8645ceae55845bd,58051,joao pessoa,PB
1fc56719b52f82c03caddc5faf531fbb,40b41ade17bb2121b576b07e25ce622b,95500,santo antonio da patrulha,RS
92074364e1af80a6ca822ae3141a7d77,0dbb020311cab46ae601709149df24b5,48400,ribeira do pombal,BA
a879d50fdd72760d7cbc0b7a4fbd8a30,d451891847b64bb4cf9a40e9cfe1c7a2,82015,curitiba,PR
c484483bc93fb4b372ee28d77c5a5632,f22f6bb92ae76a7307b3dda917c51de1,13835,conchal,SP
dd9061c2a5a1c0283e6a28971e82590b,35b6524b1cd67aef194bdfe942839299,27524,resende,RJ
528db5e83192cfe52f500e42ac01ed57,174ca114d69e69c17a25752cbac289bf,18030,sorocaba,SP
b7919647bde69acc948baa47823d6c75,6ad46014a4203440c38e3dbf7aedf51c,14740,viradouro,SP
80463b3160eb97d89c576a54700a0e91,df6454025c6b8513d78d144824b68d94,48903,juazeiro,BA
a76e74102c5779eaca55a3f9187ea2f2,6ce2c010b9675d72eb43d7d311d9423a,13575,sao carlos,SP
0759284165b6a48d477306b72b1ed8df,bf9d92cded4a9c925f990d2c33f55a82,39868,serra dos aimores,MG
0040b00970e2139e8c43b647c0da5305,8dfb9fff0eac6a63f34ed7707068e988,12942,atibaia,SP
d1167e026b86aff77a4599738bf972dd,0659f2d6cabae94afd4d009c6d0e07dc,97450,cacequi,RS
a9b14551e3b3b65aafda561259f08f03,89a34476beee67a2773e86e0719bb492,89218,joinville,SC
a6c87725b81598322c4399140aa6cae9,2e4de983e4a7da0da312d68d3b9766c2,13560,sao carlos,SP
8bf717e4a59fe4116f0629910f545f9e,58944c0e92c8073cd4b6c7025115694b,02435,sao paulo,SP
20c705ea06665873f96da22bcc958a6e,971c8befe8b1985fb6670430a411c5b5,13467,americana,SP
90e1931af4fb878dbe45c79e6e458015,36f1caf9bdbb0f6201dfdc27a08c6338,13068,campinas,SP
f760b83264231599706a6e4df91fd137,90fda9374b3c767ab5f2ed071d2a69bd,74070,goiania,GO
83340e4b205bf32a8e3d5b7d02be5dbf,953c19af380e2decbb6b4264eb4dcd7a,15828,palmares paulista,SP
e97a610088134f06228ff807008f5b55,081cce81ce8725d7afa97ee82bce9577,02125,sao paulo,SP
9465670791e0f1a1ba60680fa2677f3b,b8d76f06a0601ac8fe3fa52e6fe8742a,11462,guaruja,SP
a9f4c806882b64a1a745053ae9f90d7b,9116ad81ecdcdef227dc53265879ce1d,88706,tubarao,SC
1fd5eaabb77d2652f4eda8149dac021a,8b42400c4cb61d91fbc68a94467a700a,55665,camocim de sao felix,PE
a7565b77bb0f0894d7e42dc03ea3f850,c457245989f08dd0359f5cc3ff904893,21843,rio de janeiro,RJ
f84ec40a029590cc02022cdcc711d322,e5bdbd18812e42788e7cbad7058fc0ab,24320,niteroi,RJ
3fee04b174cda902c48f94ac50b0d0a3,cd2c19552d986262458bd8b02bf15463,35162,ipatinga,MG
7ab83c4dcbf17bff5832baf041f71fab,69aab61687fa416ef601af332bd0ff0d,12230,sao jose dos campos,SP
a32a92d1ce4dbb02613186c1bb03a16f,771342358e6e01ca26ba76471beef529,90420,porto alegre,RS
a47703d55341244bf9e82521834ad64a,482b83576bf1699dd0a448805e211146,76265,santa fe de goias,GO
a69ec5f1dbf0907aecdb6eb748f70036,0a02ba4243b1b0e048a3841d5758d113,72115,brasilia,DF
99ebcd13bb5b88f4acd805f7890567ad,0306e708bc20c7e3517227bbffbe5959,30220,belo horizonte,MG
ee31ded212eed1912b5141ced4ff9271,19b6e287f054adebe9c948e723d18740,38705,patos de minas,MG
3dfd713792fd5ddc4ffedb9ea5fd9318,f9538d66bfe1de92870c834eaa62db8f,05881,sao paulo,SP
3b7a43c4128db23da1f07118d415ea5a,2ed6a3eda58c447a3d03d84baee994f7,62903,flores,CE
799cceabf612fcd4a2ffaf0df8da6b44,324e81e44d41c1c9660f5c8b38683702,26900,miguel pereira,RJ
c1268d9379bcbdb861e57fa5ca4b2107,b4a9efda098bbefeff0c5036cf915eb9,22790,rio de janeiro,RJ
78d97021c6f17f11e1c84245d5def5ec,fdc4ce0f1854f89a62dc83a38c6a08db,78700,rondonopolis,MT
718ed7b0762650c7764a7190183c79a3,ac88e529f52764d13b9b63d37a8f12f8,30672,belo horizonte,MG
1cf8e420d259ba1c8e79065408f9bb9e,f188bcfdf0d853ae624280116fd6009e,05756,sao paulo,SP
dc657a228881825237f4957775272d1a,c3662e23d896956c1084e3160c03fed4,71503,brasilia,DF
d14ec9b10324e4132ee110e8012e7dde,1c81d0cd06e55c6c1b9a353a32a94c33,14784,barretos,SP
23b8c6b8acf581a5d3c4bd97d55c86bc,83822098b0d5345dc6cb790a224c4492,24460,sao goncalo,RJ
a5a79d9745f4fa50300664e5a4efd247,706806c8617b39ccf0b7d8d1a7c9dbce,21832,rio de janeiro,RJ
42528556eaad6bbc96bb8eff982ae387,bf56e7a0d1d125f0ebf7218b759752ac,68780,vigia,PA
4d6427b10700b00dbebc5643bb630631,d2239c715d9cdf6cdab5ff4faf52a016,20780,rio de janeiro,RJ
00f3b3a7cd0b6566435090c7fbda03a2,c2b845a86c16b519c0c1d9598576f276,37940,alpinopolis,MG
9012f48ac2c416c82819101da4e4b75e,89ff26f9d000b4a6d0f6e8c513f1cf08,78556,sinop,MT
34e961b4e51f96d51c1f907ad95c2525,3dfc036a6c20bf007f7365b74961a9ae,96815,santa cruz do sul,RS
bfc72b25d90e16298aa5735c248d08f8,bcba7868e02e9ae817e38bd543bf503d,18690,itatinga,SP
8fa33a3159dfc303b8aeccf859b9bee5,d753459418d268407f19b64be28e3c5a,80030,curitiba,PR
b2d7ae0415dbbca535b5f7b38056dd1f,6a2da481aa7827b951175772a0fe8bb8,16012,aracatuba,SP
b7c31c82d8f6bedc8da47d41ba963167,2ae1c58b259e5dc3f215ebc889d38701,13825,holambra,SP
08b0db04ac8d73532750572156241d88,0fc4512b047ebec6da8414a427494244,36050,juiz de fora,MG
5f81c3da2ae7a183c4e9e2f64e135c91,602d8c1d6b19c807cdd69e09dd6ff1cf,06810,embu,SP
1521c5e9bf82979a6b8794e90692097d,92b0705c6923fe44dd71b2b737687a7c,37540,santa rita do sapucai,MG
66657bf1753d82d0a76f2c4719ab8b85,5d09b0d82126457e2a8ebfb9c9a1ffc4,71930,brasilia,DF
9c7d570b975ac49cc2a6467c3e1048d8,1321ddec379e289aa3b41d6e83d72c93,40450,salvador,BA
bfbe1fd99d9d53a58d06966a0f4eb5de,24d2610d6b2605ba1fa5659b57f48205,13280,vinhedo,SP
744712b9c80935dedc6c1995e32bfdd9,323f8f14acb90e50f86f1885b6b53c6d,13219,jundiai,SP
95deb7ac011ade1412af2a5007043682,d5f676c9aad6018b59f39e694d4506c5,43700,simoes filho,BA
b0db02848249cbe57e7e5732976ced8e,ba8e8db5ac53ffa4aca56c6a645b9e05,87310,campo mourao,PR
84670f973f394ff5609861af7d0157ae,c133266c3fa2b7e61977e256dec074a0,82120,curitiba,PR
da6adc0743aa6dc5915ce78d75e15f5d,7d4e9aeba2bd5f902ccc495fd880dfdf,64018,teresina,PI
999196dca58a3db3d966d8f148532010,a6a1951929248912bcccea06be552ea2,11025,santos,SP
3dd8536c33d454b9a9d05ba357eeaaa9,b9efc86b7c6269eaeba5bdbdd5127e1b,37701,pocos de caldas,MG
b7191cb7678f469dae052021a0291a4f,c3669397ae7ad263e1f3b47d7f2c4ce9,86840,faxinal,PR
7f51c513004ef3f35e834c142f286778,30fceee7cb0dbe6926f2b1128f2b3648,31910,belo horizonte,MG
548d14db00395dec9825ea9673c7e672,bb78901615bf2df3f75b52cd41813869,03134,sao paulo,SP
0f41a66a477328c778e98eacb6a6867b,a239b8e2fbce33780f1f1912e2ee5275,69054,manaus,AM
111c5f3477e53f51efb1d524e8cb7f20,d03b7b3df2026cd45bcfa7c3e449b1ce,30140,belo horizonte,MG
fc30386d1f0ca6d7f48845275ac0cd23,6222ef69df52b4ed71be551725551cc0,82600,curitiba,PR
f3e73ca7cd85db9bb9be47fc88d38bc8,e2c8e74f4e59280c388ac4e3ebd90933,28435,tres irmaos,RJ
27f584b0f1dc4e610065c240f68b6be0,ffff371b4d645b6ecea244b27531430a,78552,sinop,MT
8e941206a8be5ff6eff0de04fa1629e5,22e16e7154401d6eb4f7ba788b3edb7e,60060,fortaleza,CE
95c44daefa7bfb91c6bb0665a0cd22fc,623b94cac35b6629e4a77bd398beca52,20775,rio de janeiro,RJ
232d4e963d66fba5b601811200f812e7,a615447488b8537b2ea3f981c8481fa3,28860,casimiro de abreu,RJ
968b6f4eb553288057c4433f19d0c7cd,cc77ace34a4dcc2201b429ddeaafd8a6,87013,maringa,PR
b3089a062b28ec2e5acb0e545c078ed5,af1af7ad74eff1faa28eb972ec695e23,05685,sao paulo,SP
412d6c1ff4aa0c2a06f3dca0b237e464,22402241a536f3b7f3379cb89384565c,02442,sao paulo,SP
39f4205ae1789fd59b6ce79e2cd7c381,152a803f01c1cf2f04a0ffc8b42a6fa1,02919,sao paulo,SP
03fe220603b22a09e5114a70616b9c66,f923792a9b3154481124949cf5766406,22440,rio de janeiro,RJ
dcb2e23f71877ba3dee97c2ec27f1a81,48d1dced151a0925eadb3614f732f220,18271,tatui,SP
3bb3946913ea760c53bc4298f9ecf5bd,08c64a66736d94ea0a55c397c9da85fc,31365,belo horizonte,MG
f2ee282dfaf98e24c28fa41c2a7f28d3,36c609d445f089d31d4f0d39a93db684,55811,carpina,PE
413488223a8f96942b9a940fab6ec40a,fcbcd070517a40493a5309540698dbe3,25935,mage,RJ
9e2d9c6000d88cd4b51ab4dc2bc58ef9,2d7a88002fb4c6073fbef4f59707a0e0,13504,rio claro,SP
99291abf619e4c6b0d633ba7ba55caad,a85027ecb7862b7fc2d4f377697c8097,76803,porto velho,RO
ef6df80448de23799ff246c3c898c8eb,92ebc42647a2339f0ba0c33f84d9bdba,11432,guaruja,SP
86445cd94757169dd251d4052f7d0544,6b8adddd6900dade3fc39d42df662316,28500,cantagalo,RJ
00d4a861a9e1ec05df44712a80bfd55d,2bc59d87dc030d00c63357f6c135d70e,31340,belo horizonte,MG
80600605c908c076d9e4073f2cb9430a,0a2acc24796a8a33d615a44dcd2a5fdb,96610,encruzilhada do sul,RS
ea307d84349255edf7b95f7a6f53dc98,f98a54095b1171a5af8b49c5de6c0538,38401,uberlandia,MG
8f1d0358a348695533891708836a34d7,0b71af0a1a119b2db8a6c0200b552ebf,13460,nova odessa,SP
86254a9e6537ee8ae084ea9a5b5a1b6e,55038a9afb7057f946c118904d4bf06a,49085,aracaju,SE
7820fb76c321c0ad6ffe4eb9fc1e5af6,62e69a7b8e3d109af287f367e3b0f143,37701,pocos de caldas,MG
d2fac3a405031b2adb1739b20cae646a,bbbbd222deaa7124dfb1b5314ca975a3,29066,vitoria,ES
e64d63f1e2d292e774d451d7b55f711d,e6a1d274cbba12da4cd29eb462b34be5,59042,natal,RN
8bcad790cb9a45f7cb07be9ed4765cd9,96c8f75306459d1c914f6f702db087f1,16025,aracatuba,SP
58de8e8cfeabb2443286e9d7a08e97c0,c1471d12a2f5e975b20ccef490fea06a,38400,uberlandia,MG
8cb4d4ae78fe9aa67a08a4d8c322c201,86d9e56cfb6bb093863537fddea0efb4,78635,agua boa,MT
4a89c746f44a934d1ed4ebbd64d52c16,37c855b6d4e9c959dd4e177298eb5522,91920,porto alegre,RS
dafb5d1c281d4cf50c5383b6d9ed0ab6,4436c557fe163dd229c67f69a2b63dab,13275,valinhos,SP
2e828d5622e1f2d3a22a9b021992af50,f68ea95fb5e23cf5b7339307f9d17472,13073,campinas,SP
683c54fc24d40ee9f8a6fc179fd9856c,4854e9b3feff728c13ee5fc7d1547e92,99025,passo fundo,RS
400083d12b8d97a4a5eac5e61b2dcdc1,ce97b9e2323a1219446848d8043f0d22,21250,rio de janeiro,RJ
e7f5b701d99a5eb91e57a970a75640f0,05530f12381a5556c040029ac0036a18,13632,pirassununga,SP
8e0193c71b2b59a05148996de6841d58,a790b79aa6d54b7d8936aa53a443d1ec,90040,porto alegre,RS
8fa8552881171e7ce9b050e320e6fcd9,acce37be3303de0f1c5e706dd9e45b85,38800,sao gotardo,MG
10d74e1a3adaeada0d8da4a2b2891cc3,abcee124c52c041bafc381cbc0036d24,13081,campinas,SP
1769a3ebdaadccc529c9e90afd139850,8bc24a5f6aff334bacfd46f24430380d,06826,embu,SP
08fbfcc1b6c48f73ddca8312c78f6f53,4d30f9e0514e084c4ad6368a3afeeceb,35170,coronel fabriciano,MG
b22ca452dbb41139048975084d8a8f1e,1e13be066b12fd9fd852bbbfb790dfae,88132,palhoca,SC
e1f665b9a62b55d9bfc07edf2bbfc9c2,1ddff67fa0b3cd8e5ed5ecb56c5bb5d6,68515,parauapebas,PA
83ed4f17f63c452ca60253582bd3553e,26e99ecba0051e44486072c1303403f0,18605,botucatu,SP
01cc68904d33964bd2e7bd52d10efe18,1d15c4b479b85b74daf5f6742dd3d05d,01405,sao paulo,SP
a8e7d88628f29e914e2c74b804e573a8,c0cdc5157fd559f00eecc5cf0da5073c,14060,ribeirao preto,SP
4f69c8c7d5ad1cd8337480b4a7e04a31,23d3359084c05fac6141ce51b3376074,85555,palmas,PR
23304f69dac259edcc18688d38ab9250,535d35b2288cbdeb6a7ba74ca2173213,20940,rio de janeiro,RJ
87b01be0c7f4ec17eafabf5f1588c306,a3891fed6f00343446b628f274125ee4,05025,sao paulo,SP
c0352e94059e3e5a714c9ad0c8306a54,12f5d6e1cbf93dafd9dcc19095df0b3d,82200,curitiba,PR
7dfac2f8b35d57481de621c401fa4733,46b6a239a832256313fe411679bf0473,06528,santana de parnaiba,SP
95e838701bbc7791a50ccf58140ebada,fe810d4870b11964c5d0ae1817aaa97b,24350,niteroi,RJ
54cca8020b69fbb204ac117154b079b7,6b5c621e7785587af556b3750d9e075f,03572,sao paulo,SP
f211ba5f70f8e5d0fe910011079b1361,ec37bf92ac4e0e1cb48c815bba96cef5,22743,rio de janeiro,RJ
62c70173bd4a8b2d617287bcf5d4f5c5,425370e5be1ead21724c2672d554d111,38288,uniao de minas,MG
ed672ba37544385256cd475cb61a468f,06f118042228904ad8c1f2271e80a3e9,97700,santiago,RS
9b29afbe5be6f07ceca7ecd44ae83a4f,b8bdfc9a2e1db42608cef6cd5002e32b,55805,tracunhaem,PE
45fd70ff9e07d189b82f07ee776b64d5,0383aca4e461346b22c75ea54eb548f2,15061,sao jose do rio preto,SP
ec512aec44574fceef73903803b3b382,13c8cbdeb5bbee831faae66bcd11f9ae,85540,mangueirinha,PR
c4a2da69a354a249cb1c07d703552053,f3cc15d4f36871d4e330ead99799f2ac,65292,boa vista do gurupi,MA
85ed641fe825f188f1a67b317b5f540c,318b69202a96429368680f215843340d,59129,natal,RN
6333aca7e61257c54c206cecc84559ce,79f3d6597edbdbed1545a11e3d2fa280,32185,contagem,MG
d14b8484a2e75c490a1a1bc3d3426a48,53aad1a5130a37599dc14b0d5defd054,12502,guaratingueta,SP
a33ccd0ba17bc25e9e1a0be5a0cc2c74,680d77c7be679e3e7bd86770ecc8ce9a,13211,jundiai,SP
8bd4a71f026b8b9c1d1cbd23c9b0827c,cbc4f49aae539ccc7305e0c700a8eda4,03929,sao paulo,SP
7e0ccb80f03547847437a81f88b7e7ad,1c27234fb5b518b965a03cad960bde1f,18240,angatuba,SP
154930c28c2d109634219d99db20c23b,b3e4580ea75733540a3fd94cde5ced67,44830,piritiba,BA
24f68e18ddb48a182d88e0fe261776c1,1adab11c115ed5de9a6680d4a0633649,26277,nova iguacu,RJ
96f2ac447244a8c35b76b180e8d7cf64,68a5110e446e706a65a36242f7ea7a24,60810,fortaleza,CE
32d25ac5f3d559286b86e09cabb57895,3a3bc19c5497540f4c87e8abc4b592f3,37470,sao lourenco,MG
af14f91d10108ac2c2b34bf4c0f9f712,d3841d13ccfd30ff2fe822a6d9fc01b5,04044,sao paulo,SP
3c6764e3907fcdeaff4dc57c74c05a24,90ca9674e65ff6b418a1b8063afc60a1,11075,santos,SP
dce9dedc0fe9dd0aa2ad7df80d81b358,db5959ee2d1e677a255be86a6f7e9aa6,11410,guaruja,SP
9b4405ccd29ffb4c83500f09452998b8,4bfed54f65c47b2e0f06dd0d3b03dd8b,97690,garruchos,RS
df9e5a16c6e9ff85d78ca7ecc93af46b,d4017905e4548317a2065065c8cdfad0,01307,sao paulo,SP
f1847e1108766f3e77e212b82d2909e0,07419d54dffccb90ca99b24abe65e5fc,02075,sao paulo,SP
76a5a351fffbceba0b0767a5bba5cc6d,f74f1d6a350eee4e9dc08bfcfc7fe590,35557,carmo do cajuru,MG
617e79a8f584d33d7cd446ac3d1519a2,581718884f188057afa54a3da0349dd6,18160,salto de pirapora,SP
d0bfc5ed8302e145eb59a75cc94cb715,c0701622a849e0f0e05461f9c2c427f0,18134,sao roque,SP
074b92f6fc71f14f11bfa7c664136c8e,98f20ef61d2a7311934c67c021037eb2,58701,patos,PB
a5bda6def3f77258ca2027b7d4a384e9,ffb973f2bb1c0cb807a99341a9b20dcd,01230,sao paulo,SP
739615c495132b26d5897b7f91e8c19f,bce81bd5656dc95b94c97f0a05db1250,20720,rio de janeiro,RJ
70210c917bc804a1269942a71308a4f7,6d9e2c0d8e12764c96436cdd2cd11655,13330,indaiatuba,SP
13e4f3eb0b0869583f720c992376bf08,4ed413aee1c65e98a025d2ee754aa687,35450,itabirito,MG
7c29c309c685f2f7388ad10624008acd,63299f459ddbe79050c7094da3f69b8f,17380,brotas,SP
dc47946c59cec7bb8590aadf5f667ac6,a2b25629f92bcc296b154fcd7c1401cc,22041,rio de janeiro,RJ
01a0d45a369a4356ac4652584652109a,611110d26326c28456ebe437516be00e,14806,araraquara,SP
52bbcd77f9b3c2757972b8c3eaac929e,216fd197a786370ce9601ee2f6b5a31a,37640,extrema,MG
7b7ba461fc53c28a671aef86b651235d,64386d23b350d16648e3e0dc7cc7d60d,98400,frederico westphalen,RS
3be2c536886b2ea4668eced3a80dd0bb,5e713be0853d8986528d7869a0811d2b,66063,belem,PA
3d6c9156fb11bd1b6951e23dfb0485ef,f2014b438e5943c21627cfe1ad9f393c,24720,sao goncalo,RJ
11ec73ddb032be97ae8f0219cce6cfa3,6b4f7aec68e9574e9383d72653ae0ea1,99950,tapejara,RS
6630c34d7fef13e0ec591d96f6c24362,35e146c985a9cf989c91edb4c0c156fa,21371,rio de janeiro,RJ
376b0d5753abc221c779a46ba028e9b7,fcf98931e0dd48d1b3187d21dc05e7e0,90560,porto alegre,RS
4270f23425b159140e10ed2fd1827a8b,4bbaf6f7a10a7e26a8777aa5cb6d5864,20950,rio de janeiro,RJ
e1465c91617c778532675850fe39482c,a2249346e7f8e224e287739da0a5ab94,15910,monte alto,SP
4773a6473ca23c156f7a69ec38d0eb86,16c362fd9bd8fd63d3e70f7f94b640a1,04015,sao paulo,SP
4577f6d82b9291135c729578c39029bb,8fd6d9632c9fcc25a875bac747e60c48,89210,joinville,SC
ebd67b458c0b8b23fa5d869779adc761,8130a5b332a233457aad5d824b9df2cb,32400,ibirite,MG
b69034f0d8651a0414f4f52c07358331,43c83f308a12cf3fb630c4efad0fa6cd,71925,brasilia,DF
7247106f634d1730b57da177148bbc0f,7b029af5c3dc7cfa9d7fa1720e8a1d34,36016,juiz de fora,MG
cae42b13efa7b8b3ef6757d1c2aa2d06,a996968a17a2817d8adc4209d42ee72d,82800,curitiba,PR
03b753419e88796de2c7127ff13dce58,f6fe57d378dab85208a1fdd0172548e0,23020,rio de janeiro,RJ
d3d6c763908df46d621bb82bd6f3b550,0daffbe51ee59228d4174fc628ce774b,02374,sao paulo,SP
ce80c46eb733623b83a7458b918ca30c,48aac093ce4d05afcd577ef894f27dfe,23970,paraty,RJ
d52be8e3821283b0592f231cb6285b92,aa35e690f321643618758e7ccc598509,20530,rio de janeiro,RJ
35c8b0889f907434cf3cc776569ba7e2,52efcb176610d4fb077f11a8703f5443,23030,rio de janeiro,RJ
5156283c24fef4abea13a6a6f4469a98,28989ef45087c96e5a4346e88216c2ba,69912,rio branco,AC
a39a11e156aa248ef573dbb7c65580d2,1979dc402581a74e2bd0c0853951311d,52091,recife,PE
7700eadddc5206fa9e00bd2868f08d14,d1267366abd475611549505ec75f8eed,62620,iraucuba,CE
320f11397eed52480b8a85e858331538,bd5351ebb398da13fad912b64456483b,11630,ilhabela,SP
7e7d6178f4ea751fdc954512a46c9531,4cadda4ceeff8e011cb33d9ef96aaee6,64001,teresina,PI
432c8b4df960ec2d281a90a77bd51ce5,523730e4b2ef7654c243699b81763112,98550,redentora,RS
d5f38506981bee3520e42047411edf95,490a839c108f040eed0c8c815f08ce8a,27197,pinheiral,RJ
3257a8d4cbb3343dcf40eac13ba329cb,04ed62dc4fa17047b2d70df383dc1f4d,25040,duque de caxias,RJ
a30ed289c17f4e875d4ac2110dc19040,c12d2d5af57f056bdf9add9481948fb6,19900,ourinhos,SP
8f3419df1806ae4718c94209d5fed4ea,3dbb0fae1525f2917412d3a890987f7e,02215,sao paulo,SP
e9c6723e04c4e53e7e9c3afe383f3866,84717d840af87a7fa12a66a0933ede2a,13720,sao jose do rio pardo,SP
37d415bd491fd36cd68811e570392623,74e496bcdd3b1158234df24f351921da,11436,guaruja,SP
6cd17044d36a4ed98324c059259d52e0,a5c3fbed7982251c690c5ead97e588be,60833,fortaleza,CE
f84215c0b6b3e126a0287ade8fcb0a91,ac679b68f9307ab0c783357fe16eb0fd,21610,rio de janeiro,RJ
57de18af3ee9319c436bc09bfb515b5d,6879d467c6969cf149a17b5813535837,05018,sao paulo,SP
fc32515d52db6d39df219e2d53229a65,bcbef420bf55cfbca55313ff55af84cb,88702,tubarao,SC
e01dd706e00cef25a6be635737bee134,c15e721e52209690f253a6c8fd1a17de,23045,rio de janeiro,RJ
0d1c2dc5009dfaf9722bc97439e6d82b,e819069612699e215127ae14289c413c,55636,cha grande,PE
d5ef627c0311f0bf2fe4488c8922d438,6a5b2a807a2aca962c4badc649cb40b2,01204,sao paulo,SP
47e2de6eab3618c1d08f51f6d3af4826,d0fa8c629348c626eb103877ba5e9a40,99435,campos borges,RS
fa56d5dbed23c641e19a12b6d7392833,3532616d4171dc2202de2ae9233bb0c5,38400,uberlandia,MG
396e166b4e65309db46b7c9945c89a33,1bc6a6effbe393f0be2f25e73d8ce50a,97960,sete de setembro,RS
b97e4013860297dba48d699f12f91fcb,9b408f12da0705a93d8e83f59b84f60e,35400,ouro preto,MG
3357130ad85f3c9758c6623ba3d51bc4,bb07648db5b0a3cd55ca6a116f011fc4,19053,presidente prudente,SP
03a43f85610c32719e8526e1be97f6da,922c4924327ce4a0c12b413c30231974,11432,guaruja,SP
964dff9f3a81c5f1815798c10f503aba,98c385e058b15aae533e5e2c6181ca9f,60743,fortaleza,CE
01fc05160cf790b9ed54ec795ff07688,225e63e9d240db566203b1ed918a809c,20760,rio de janeiro,RJ
a3a212b842336eff11f74d947fe2e2a2,8d97fd3bf37905a5c33ccb41331c675b,30220,belo horizonte,MG
9e7ba5e8f54ad8293a1da0e2e458b4b4,234d6113db7ff4b1a933c65da3d9bf1c,95500,santo antonio da patrulha,RS
452c0341844c3025a99d60d9b058e3f1,a9a9c6c3bf1bd2cb9409abacbeccd6fc,86027,londrina,PR
40a0d357c320ac8ed09f3ea83e5aad0d,c2423554a4a2e35af099521000b77742,81770,curitiba,PR
4983427c555cd0025849dec979ef3a0a,6c160c701a466801a43bf6e9ada952ef,31840,belo horizonte,MG
0b8c055126a79bb506c592eea2ddb8eb,9f86523d50f6768bc624252e42e938ff,11900,registro,SP
b094f9d22537cb4892ecff5504dd8172,869c42460da6e3509771df17387bdd42,57312,arapiraca,AL
b806e26283f2008d98a22e44d0c3aa5a,578ee337ed691b5a052e56db43ced56b,18150,ibiuna,SP
ed7a6b3de20e5e5593996b3605307300,71b35d5b0fa5a6a266dd6f103680009c,11701,praia grande,SP
f141fbe08704cd463fd586a9d746b71a,5df0c87636ac65c60a7e0e17964a5072,69314,boa vista,RR
90f8e726ef106ec88000fc6cae1168fe,48943e1c3938a59b72e1373c74796b0f,22775,rio de janeiro,RJ
5bb03a9d99d476e8634520ceb63e08d6,7d3f05a59e12f40b983acdf318638b4a,82540,curitiba,PR
de4caa97afa80c8eeac2ff4c8da5b72e,d93a22bb52bb2f41a7267b8a02370781,88058,florianopolis,SC
17bf9cb64d60724e449971a027dba7c8,dbe33e4f5169e4a85d89ec5a1c5191d8,05273,sao paulo,SP
b692755548475c6db9d19858c5da06f1,9eecbc54a48d750ac6762ab31477fb9f,75106,anapolis,GO
c26682fa19520b10d982ce0a36517926,a154d7313da10b1aa01ff9db5acdbc3b,90010,porto alegre,RS
4b60b3ade055c6ad88a00758c8e8a162,b88b78a413e70182e18b032361b24f91,44900,irece,BA
506a9747164ba320cf874723aad41c23,2557b9d6b7d5ca77ebc116062e558214,16402,lins,SP
e143678e76c1279b51f6fb83c205b7d1,4862e84e08df689a5ccec996b1f7b393,07062,guarulhos,SP
67c0b78998f16fcd722c1fcd70f51bd0,ca40481c9c607bad6c15ed1ddf354012,35338,ubaporanga,MG
b4523e0afadc29b0607177c2234b3218,fb189cbf064e7525f9144bbd3fbdd922,09190,santo andre,SP
addb846a89c635c622bc369a2b6bdf8b,9d538697120330498252353c99068356,14055,ribeirao preto,SP
a0c9d999ed3500707f8228b8336e24eb,d713e6aab2515415431d22053453e1ae,18500,laranjal paulista,SP
f814ce46aabf6e4f2fddbc9cf21f2297,17f61f10fb5d764846a962620c6f7bbc,21210,rio de janeiro,RJ
1c1e931635c21508c29086be9de9aada,87b3f231705783eb2217e25851c0a45d,36016,juiz de fora,MG
ee5c318cf48984611de1e810886ed587,4d2e9ad91385caeba168e3c17961447d,07911,francisco morato,SP
5cdec0bb8cbdf53ffc8fdc212cd247c6,2f96790fba243100730c8d1185dd2f25,05846,sao paulo,SP
3b00ef5e72ddc9ea0209d45514deddec,c0ffced3ebdad307fbf1bff6b9f65bca,27211,volta redonda,RJ
f7b55e33b283db33596d6be05d796448,dc86b29986d1f8ad458040d2400bf941,71009,brasilia,DF
0d00d77134cae4c58695086ad8d85100,8886115442775dd8a20c2dcc921c7cc8,88070,florianopolis,SC
ceadec4bf904e52ef6294e93d45b8b37,968b12e1119dfbc70297dab87804ef46,35640,pompeu,MG
e36a9aa169049e117a9f775f945bc6ca,dd039ee577bae280abdeb92322f04a49,28500,cantagalo,RJ
ee5d56dc454b7fea73f0f8d016bcf387,dea41840a499c51b45c2ae56fbf76fc7,81935,curitiba,PR
54f83d1beac65b66bc24f2f0d72d52d4,bd6c0d11c376dfbe3fac6650e58959d7,12945,atibaia,SP
323a81cf20fb536503c017cfd5c2d54f,58f814af5001d06b0d34d8a836ab18eb,30516,belo horizonte,MG
cee53b7d3dd56da687a4fa61c6ce8d32,4403513209514871ac9d0fd681f7cdb5,06703,cotia,SP
06b74967617d6e12688e779fdc1a580c,8f09add4b8d8c9c4311d881d29b8d58c,88845,cocal do sul,SC
9806b34f5c5ed77c1f69465eab61c73b,37240afed9f6be88654ff855bf433388,35931,joao monlevade,MG
d83a72326816260884edd05238aaa508,6011fbc9e8e5dad3b09334f73b8ef23f,08330,sao paulo,SP
e91b63eb6608fd87091fa7c7760089c8,73fb1af9338c7c4982887e260a1be6fe,22710,rio de janeiro,RJ
bea482168e59ee99ecadacecb808d058,4bb9eff279b892251d672d74a4272434,23075,rio de janeiro,RJ
2f58bb32416886045970ba0c48719094,cc80ae8fd9fa74580d1f502543704c6c,13202,jundiai,SP
80a46d4f35bf6a44fb4194ff13d945c9,45f8e065815894a5aab5e89b61dd7b52,57570,cacimbinhas,AL
ad5867d5cd9e1efda226a9b6fba182ae,17d985e9775f2e84a22e7725e8d07234,90670,porto alegre,RS
aba01eb10d088b9a4412b060884c5812,e2d7be47cefc3f70365e016267333054,39650,minas novas,MG
b77ef6aa11b50074739e74d4a78ae4a9,b992ba5b73d1e67d34f48d71a5617e88,75805,jatai,GO
39c3f481e938b5d378f444f0bbda5a36,9a93e94e2e584f30b3012a2f52b9bcd2,97574,santana do livramento,RS
185f6a4579e6c10122c789bc38ba3337,397d9b4fe1a6f27a7180b14a42dab978,23946,angra dos reis,RJ
c084c36f269f29c66bb61f3ac37303e8,1037ee8f97dd4241edf738269f1c470d,18900,santa cruz do rio pardo,SP
87f95f9915fdd883e0246ac6103b7176,3d05f072d3052a4bb5adc28fab02ec4d,86047,londrina,PR
b3b02ff03c556839d91070f207188bdd,4ccb9e4180e8b01c2fbe9b1965929260,78580,alta floresta,MT
da1c9a7e7fa9de1d48ecd6d6e027313e,e59e80fa326ba8d2e055c001d4053ca3,28993,bacaxa,RJ
c09f8cdfa1c0e9d5ce962948b1a4f3be,0651d1d452e23d14caf7c7cf51f46071,68540,conceicao do araguaia,PA
cd7fc3b7e625b3b0492197326b461c4c,765369a23b18f4f6dfce1757448fbae0,09760,sao bernardo do campo,SP
3387e364e88b70e1eba504d737d32cda,3c2c6d965d7f33cdb044b65a23511606,20540,rio de janeiro,RJ
0c6e74d3848e590888f197074ee1f5ff,58aa424ba24df5dc745e1a3941abc5a3,08593,itaquaquecetuba,SP
8edf9775ff2d85510096c409785457a3,584df16fd79b2f80e09f056e2e57c89b,29936,sao mateus,ES
a87cd99f802b427e5d8ad0f568f71744,ae271f166e8d5098c767f5753eab678e,05009,sao paulo,SP
9a7a96ae72427d119a20b935bb0cdc1b,8a568e5fc88727e82abe997bb4da3857,49026,aracaju,SE
a535b1e74da305442f52dbb8a46a7244,f6e23bc51da57fea888a4e92f32ab680,78085,cuiaba,MT
28d348bde67f80e5b6427e06648e0d59,7b7dbb489c3afb099c5858c592da7daf,71680,brasilia,DF
13db9c37d449305364a897e44f479406,746c7bded4ed70487bf7d6461e9f855a,65590,barreirinhas,MA
ca77bde16eec6e0f47598d105c08899c,a81604a913e399f9e72180afd36e6a34,85914,toledo,PR
7cda83c1b0ab225fe4afb8d9d28c7fb5,874f2df1295ca29e64b2844b89d1258d,22211,rio de janeiro,RJ
abbfa19a38ba17ff02883ba523a9d42f,16bc2649f4feeba423feecb3279bd28f,06360,carapicuiba,SP
976224a95faf328b17654b1b1411d5e1,40a0d0ab497152d487c6f59a27830c98,36081,juiz de fora,MG
18f5e4ab94b6b5fdcf32dade57defe50,72c73e4d6a500a1800f0a507a9ad0df4,25515,sao joao de meriti,RJ
343ca02f37141f6f2de321ba848b2aa7,4c5bf10604737317669c73df4bc053a3,52091,recife,PE
6df048a54bfef499d9e6dd224351e90c,6709a7ea04a5251937e8def213bd93e8,60833,fortaleza,CE
e4780f4524969db38b49dd1c82e03fcc,231fb63f9dc7482c7016020ef322b011,86010,londrina,PR
57f964df70a28c4770200f68dfd54532,0fe412c57843f290998cdb0547b5b233,11440,guaruja,SP
23337549917956398498fa582924a762,cbe5ebffe5922e54abe61932cd3996f9,36592,canaa,MG
1d48a5dcde374b9d63b2c29e6af97cb8,1d2435aa3b858d45c707c9fc25e18779,21760,rio de janeiro,RJ
6060d9a57cf9e44fa54a5034481e458d,bb3f306244311e629c7bd51a257d7669,25635,petropolis,RJ
3f63878c497f2703038d3eb23f8516b0,a5cad0a33504fb5b9725ac33ed686359,89247,balneario barra do sul,SC
954759bb948c954f87dbba72b4703451,343342852b4407d53d342233890bdb7f,44700,jacobina,BA
4c27e133e1de3148cb84c92249d51316,576d7fc1b6143c56e16f9190a52957d4,26279,nova iguacu,RJ
3fc74317efdaa01d0114238407b803b6,fb19c402bce900fe1160136b7efdeb87,18603,botucatu,SP
bffe95eaced8211ff93c562d5e6c0057,44e82f98a68d616f4e5cb53cd3d9018c,22795,rio de janeiro,RJ
2009e285643a9f9aaa39ab0b1a680882,1935fd09a07aaf542eb748010cbdbcf7,69033,manaus,AM
2ae960d0b2a92913f76520f59d0749b4,70b1b3192204865d74286c5c85196102,28605,nova friburgo,RJ
71485e6aff99d0b5b003caf08e17829f,2d176518dbb1640107fd0f8b1349148e,67130,ananindeua,PA
93b0959b3704e65ceaf6cd4bcdfea834,8de8484141a728d73763be267b73cda2,30441,belo horizonte,MG
4fc51fa588914fea8f3fa681f148db44,9fd7e4635ba52782e24a3faad8753eef,27143,barra do pirai,RJ
cb536556469db7a61852d0de4cd9a279,8e79ff07d71a7fd854788f3601f2ab07,86058,londrina,PR
0974e9a00257a842b2ab61eb66b3b435,ea7086ab7cd398da72b160bd0f89b9b9,04505,sao paulo,SP
9bfe7794e18a8c329058e8a117cde1f4,3e7eda395b302a81dfa2490849f6168c,23063,rio de janeiro,RJ
031f08a1ebdcfb5e706831bf64de3860,4e23e1826902ec9f208e8cc61329b494,20550,rio de janeiro,RJ
97324b134a7e75d33decb2a65d637343,617a7998a5246e035bbf0c6eb97bf436,38015,uberaba,MG
85c01e2393b32c57d22f4db20020da31,ce88d6a35796ddae6e12cc1206efcb38,76824,porto velho,RO
48feef90ef337d61dbd501ba9fdec246,95527002c6fc43702983d4096149d997,27350,barra mansa,RJ
3cff79bc3cc73ae212fbc01eb269acfe,32845d7f61934b59a9c3cce3fad4ba9d,25935,mage,RJ
333fabf7199b33b48f411eea84ebd4b7,f3299add645bd568f076bc226573b3e1,17340,barra bonita,SP
78bc85a7aa3f444cf7cf053df84fe035,8704d22470c90667b52c6fb875625418,08121,sao paulo,SP
dba001f78ebcbf63aec0095cc03ad969,f889db6fc6944e1855d143f79c4c8844,13060,campinas,SP
8d6ec338278e48b954ed3892ff838f4f,57a00f215e83a19190f6a5dded389806,13150,cosmopolis,SP
65d08e2bfce2c91a832885c4995025de,644f6a10e96a8d7888d94d2062d485b5,95630,parobe,RS
dae8f32249205215d02242936ef74341,a93a90fbe654a219c6c89aaed157b4b2,22290,rio de janeiro,RJ
876d6b3d97349e7c61c8d30a28a94c03,c70b81d4b865dc92060a1794bd9479e8,13508,ajapi,SP
3b02662e1fc027ed85be9b59f038d63b,753b0bdcb8024540f111c24f2be614c1,54768,camaragibe,PE
f427a18519274b4ab884dfb90119300d,18fddf2ac72dfaeba9d4f36437c09405,15903,guariroba,SP
e937151346d1bec664f5b80cd798bdd2,2760aef7bd977a44aabf53f656e92722,53635,igarassu,PE
c4d22f031c3697072e4d9186b454d5fd,39a1706af4d16eb9e51155e2e5d9b264,15025,sao jose do rio preto,SP
04a043776b45158df5f274435321c199,7e6f4c38a581cced287444d779368aed,35770,caetanopolis,MG
14a2912b7f370c345cebcda474774f55,48eb05fb37e33f3079495d0145ef2711,29122,vila velha,ES
a22ecc2c34b892685233022097d1ba0a,9960a7aea9bd658ee554b4c580beb37f,04911,sao paulo,SP
208096b174831ee39a5aa435673d1be8,421fb606db80ce5a6ab47d351582e99a,03544,sao paulo,SP
1cbeb91a58bd89ee2df1bc32f3311209,e75b9df782b21f27d61449864774108b,83045,sao jose dos pinhais,PR
cfe4eb5b21969ebd94370819e38c07b5,cde316c0782f6532cda25c5158a5b6d5,31210,belo horizonte,MG
1e6cd8588a826f646f124d1725eab3a8,f6e2c0cdc5cd3baaf61274104bc4e69a,04661,sao paulo,SP
c59308d2a8b807a93f3a7d00e9f2b222,24c2fad8c24d02f02cac801f74d6a6cf,31140,belo horizonte,MG
5a6ae5b68fd27c687c4fe130b679691b,8303ded906a12765f58a59e11386acf4,27283,volta redonda,RJ
ce2a66464da8b80dedd7639a6e489a58,604646306d7dd997cb030962126a05ff,04679,sao paulo,SP
3efd5061c7c8d80b80b3f2b3a5e12f48,13aec51202205c662b24202760e93a92,88708,tubarao,SC
e0db23438c1fcbcc82885a1ce40b0bfc,acfdaf9a5e0116db79c9ca3fe3b082d3,72302,brasilia,DF
b19fa13f00227b289b6d04e426f9673d,09afae2d61d41a7f90d30c3ce36c5f26,91130,porto alegre,RS
c17611c9d2852a5b128c4f1ed28fa0e2,fccfbf734a92029859c4fe58eff05114,39670,itamarandiba,MG
0ef9b2f2eb46a3d1193b12676de597a3,7480dcbdd79758903c89f1e8548b60c5,64058,teresina,PI
5da810af4515e4470379a90fcf246a15,83e7958a94bd7f74a9414d8782f87628,80030,curitiba,PR
c5293253d2861ddfc7811223b6dcbfcc,c9600276c55089ccd37cb1a360609101,13450,santa barbara d oeste,SP
39ecef3d8a542ee6b91e7bfd7e9a6b87,e08b2dabdfac348704d3b031dfbf6d5f,35547,carmo da mata,MG
b12107d71983e8cefe72656d5202f754,810e3ae74920002d70c093edc274de56,01415,sao paulo,SP
668bca75c9fde63d376e1042ff8e2fe8,652452e3f6467b9df7e3b65399262956,35570,formiga,MG
be6d6b80ed0d80156defc8802d89eed2,ea4970ec61c209a7e44aebbd2fb7f269,04521,sao paulo,SP
42da46ef0cdd769b68cea0d88b6bc5ec,ef057d5e1e98631079064c5b892de94c,23510,rio de janeiro,RJ
5f767a0a4e820c2361c11dab364d3f98,7a176e5d88c7acb6000a055e008c055d,03147,sao paulo,SP
05875dfd489ce807cea1c162122a6ae4,b910f96f26d34566581f683f707aa425,84600,uniao da vitoria,PR
5d38c66c874ea566658a9ef3f31812e3,46ff58bc972f26ff6132f8e3c2b0215c,95043,caxias do sul,RS
09f758f6da558eae5292b1a7718518b2,187e8123a324cc99774211a6843941ec,03041,sao paulo,SP
85ac32af92e4e38adeaeb0653a085dfd,c7d664db71d9fb2fa89e83f896d8dc24,21073,rio de janeiro,RJ
93d8e0590f3a63f34c9506149982618b,4b753f7e58c2f8129715691ba3957fda,04679,sao paulo,SP
f02fbdaccecf51ec4e034d50768dc74c,7af3464614053de11f86e9b8afdb5a7a,04321,sao paulo,SP
3ba71e4f3f55b141801dc27ed1daa7f5,e2c552265b5e0cc00248bdfbe0053c56,29145,cariacica,ES
87f135f5f28a7056c1076dd8dd122e5f,539f3b8a4fbc3bc6eb1d3e4c83bf2abc,29185,fundao,ES
3cd4a0885a09ba26dfb6e3095d113f58,5006ff61ec2e6466a5eb0faefadbde6c,12941,atibaia,SP
4931bab39028b872b4ab9a0c38e3d552,705c9e29830d26e888d395a7f0d4ab87,13010,campinas,SP
b8bc981e72ff341c483d72babe5f4ade,666f0bd40f93693baf9c36b4508b36c9,39400,montes claros,MG
ac5446c8015d744e1e3b3be6e6ddaeef,e299df2c2bd1108fe0ad5e751510bab1,13313,itu,SP
59d0d218d4427b9960ee18cc5556770d,e8b6125bf3d0401db0c1d2cb7ce00c21,78050,cuiaba,MT
7c495c9a1dbeeb7167642f15ae11bab8,967ee07cb69460a7e1d42c7747142572,78600,barra do garcas,MT
b67889fc950ae5502ab17242af1e4117,b7f7d3c3d8429a0e60d004424ad985c6,04313,sao paulo,SP
c761ebec64b4f7a47b094442b3dbfe0d,d4d43f25b59d9e22be5c238a77c52eb3,22040,rio de janeiro,RJ
42bc73dba3fba40b50d647a428d1089f,02251550f4d16aca44ce66e4263c0522,05501,sao paulo,SP
a154f40a53dbfc81340f0834f035e89e,b24f550daff91e457c446db85553ede0,03337,sao paulo,SP
e9722ab28655e07763e0ca2751c61c90,4be873e3bf0455763882101d7eccc78c,89595,salto veloso,SC
8fbab2ff4df1a7cc9531b14a686bb3ce,e3299196e1482e1ae1320fcb594bc23e,09580,sao caetano do sul,SP
ae789cb3b1ffa7e1a3f976d66f291159,7ae55a36042c367a2e308ea52abf1511,22790,rio de janeiro,RJ
c2a3ea344de262f71dfb5d9f83a02adf,60cf7bedff25cf587405fb4eceab96cd,14730,monte azul paulista,SP
115159a20c6d95890cbf83916b57b07c,2fb246d1ccf7be8743d4a385db89cbb9,86300,cornelio procopio,PR
577ebb5b9d8b9c4f42a89430683dc032,d3202f53ac6ddddfd16d23d26b0cf6aa,74366,goiania,GO
8829227f8fbaab27bc41e5f7b8c519f6,13571a3dd2ccd4feaf52d0b4ef0d1195,28625,nova friburgo,RJ
288456cc4ddbce6d17383ab66199b78a,20dfefdb2b3f011e0fddfbdd546680a5,28035,campos dos goytacazes,RJ
4f0aabc56eb3f3cfa1eb12bd4de97110,67838d98e602ec36f0ef090871a591e5,01308,sao paulo,SP
370441ce28d80dcca661c5eb760db3c6,a52f468d5bef435519fc17f29aee6ef0,15130,mirassol,SP
fdb6ee42f69dd8ef339d4eb246cd8b58,96346a46813536075221b2b977b336e6,22780,rio de janeiro,RJ
cba8ac673c3f5b4fe32ab4b08f01e08f,ed6f1bb3d63461414e43b68424c8fb9d,01230,sao paulo,SP
7ba1f155f8054a982c040479a50f34e5,26e9774a56353b496eda3b90961b94b7,39390,bocaiuva,MG
b0cc6834f86d0440c119eb1fcd8413e1,55d3b6aaa9c85f456862f7e2e270102b,36015,juiz de fora,MG
b03bfe9da81252f5e3b39196ba3518c0,ac10064713bd3169f17aed85acad2106,71020,brasilia,DF
cb97139155fd2220668ff63d8e970c64,0d527a050dc34913c5c4746cefae5995,32013,contagem,MG
606eff563eff430f88394911d8f868d3,f46db3d98ff04f63ba4b26edba489dad,07193,guarulhos,SP
6fdf1309d22d779b57f60c34222d724c,bc29d0a36e1f5445ca9101186f7b0aea,84064,ponta grossa,PR
dd340f55b79392c58be2ee54c2004c26,1f120499af090bbc76911420dd1f93ad,67030,ananindeua,PA
f96128959baa7c240dbfe33c4a2646b8,05138f0e74cada45353482fa3920defd,24808,itaborai,RJ
9829c71399f3fb5b29d584b83a099775,827c526fd663d5f41ba54e2d3152b694,82930,curitiba,PR
4f3f778022aefa22b9f9e52d2c47edf3,cd5a5843d35eebdf90368bf24d4a04cf,09390,maua,SP
ac4803ab1d19fb7799da3fb6f333d4c7,f2c06c34d67bef23c659b5500d576cb1,84010,ponta grossa,PR
8e088f86db422c6032a26ee8ba1ef0e3,5942dde582a33e31ea4471bc5363b0f3,29018,vitoria,ES
6d32e15ee697f3a2ab5f26b82ff8ed0d,88bfdd41dde06aa9750778a2768e17d6,94410,viamao,RS
607c5e234f26e35e0e8e32a6eb47670f,49d2fac3209b6f052367bb54444b3749,78050,cuiaba,MT
b73fd6139bcffaff677d9f38abcfb9f7,99b9b55df0cef3944d45be5b51aa74dd,37490,sao goncalo do sapucai,MG
4128467caa12d62fe47421a1a02ddb5b,1dc9d4d7bea77b585eb404951d81c420,12512,guaratingueta,SP
007b7f04a35e02745c23ea706492ca20,46dd28b3f7e33b789acf42d3093b7773,35950,alvinopolis,MG
08c5351a6aca1c1589a38f244edeee9d,b7d76e111c89f7ebf14761390f0f7d17,69309,boa vista,RR
d87b6988897b12def5709ca4f8142012,6fd85726716a6e806049c1972b4e888e,13215,jundiai,SP
3dd2f8a8b58ffd06e8bff60f30b84f91,6cceb051264e3bac0ac2a98182eba14f,07724,caieiras,SP
622e13439d6b5a0b486c435618b2679e,009b0127b727ab0ba422f6d9604487c7,12244,sao jose dos campos,SP
b7b15ab12fa50616eee696a22f098e07,c42ba47d1df4847a1fae69d1407c83d9,15130,mirassol,SP
c8b5cf65af25e599ec44662ffe565065,27471f7fc206da344fa29b57c48417c0,18060,sorocaba,SP
1850b26764c41f4bcbb60581eb918424,c6e6c968421911e3975a6f7160a1d4b6,39800,teofilo otoni,MG
847077d28012353a648c9d346ea87d3d,968dd1a4c213241d56f94f730ff9ffe7,39830,itambacuri,MG
438bad05055d60b6e82e9f244a8a1024,893bcb1f52357312bb153f111912097b,90820,porto alegre,RS
e0228d0d1af80aa872001373c79171df,e9e1835cdd42b98c00a9901f3560b498,14811,araraquara,SP
f62be7ad24b3143213c452bb0cc9e92c,6f414bdc22fc55ab960294b8f9e6fcd8,37900,passos,MG
75ed40e82dfc05de3c82d79a73f4b48e,9eb6958dbab7b4136d22e411cfa8ff03,35160,ipatinga,MG
0fbba4e64c66162f8108ba004d0b929d,29607e7e09b983abf0027c079c05efb6,04222,sao paulo,SP
621924fa61a8414c52e2bac7d2c036b9,7d9fabf002742f2309860e9351b6a863,88950,jacinto machado,SC
b85708f7ff9d1b6fce163c71086084f9,08da95f931937b2c20f5225f2e6c93b0,09040,santo andre,SP
4032c0b1b0ed2cd232a2e9c57520e889,999233e1e8c45084e222e29c5c36c6d6,83050,sao jose dos pinhais,PR
e8759aed1027f77226dddeb7c7481f11,62972384465273ec1b0d3cf772abc390,29170,serra,ES
3dda9e6c4c336587def527c9d32eac08,5a6bc06cb2b6634abf6db687a6523436,89201,joinville,SC
a22a8f5ed1ba23d4aca05ed33b2917ac,4f3865fa2a981933ea86fc691d97f643,13360,capivari,SP
1a690c199a6496cabdbf071e3983ce68,e40d59fa312bc135e52952f33e30252e,36305,sao joao del rei,MG
a52974bc1deaf9058f66e8b8a5f16f05,7e77959090a7a38cc5b3acecc1f00c0b,83506,almirante tamandare,PR
8423a6559b5a7725b82a75775a5acd64,b1624ba38ed1e56d3c2eab63b8f0a66e,92420,canoas,RS
7959f0273106fae265f111d071c1fbfa,4349311ed52d9cf8918d3ad57c7ad1b7,15360,sud mennucci,SP
f9186c4eba8c803ac493a2ea4a189fc7,0ef86c70dde0066d9348655fc4e95470,01229,sao paulo,SP
39944720ced378393477c968a26e0402,e54b6227976d874df531fc27efc726db,73754,planaltina,GO
ff365cf639c0f524559a48b9b0c25327,d5893df786726a4f6efaa636355118a3,58301,santa rita,PB
cc9e69978aa877c0442093a193254a67,855d32ca5e45bf54e4d88c29c65cea0b,13600,araras,SP
3c3011c54725dff74a33c25c8d79aab6,96cb02f68234a742dc681f7a5c4d707e,36880,muriae,MG
599826b8e94a0dad152807a142fab2c1,0f1bc2cfe415c3d1aba852b5cd6aee42,58884,catole do rocha,PB
1fe4c3902c5bd6510a869b3d4fd3843b,123ecbb4fb560cff85dd1072dd0a613d,22421,rio de janeiro,RJ
24d27d857775354d2ef3c83e95be2935,71f9d647cd3876fd59aa40c74c81e972,07122,guarulhos,SP
58d1b021c741cc8728280bbe6d0b3da8,35cd47c762d9677a58dbe27d5e6c5630,92420,canoas,RS
791d0d1144e6fb6603bb485bef1d73f6,53fcfee1fcc02d39a932f8eed8d6d9b8,03655,sao paulo,SP
7dac3d4de500983168e1b1bca53be307,351a33d3fc09554e07f3384309e31bd1,35190,iapu,MG
7cba9d30b0b27d8d6ebf7a7a2a33aef1,0edaaecdc1f6ec771fe82abb539ef309,01425,sao paulo,SP
5e168bceb0efacd860ad767bb6f4e41a,319b9cc9f7adaf36ce7835621c30248c,13977,itapira,SP
deb908d63b07cd65667ac2e526243abf,75ff587e87e047a7e00f75bbcab17c00,22753,rio de janeiro,RJ
98661b627038780e9e655a56ebc23dc6,d6cbe5bf7d8f5583902fd66f1b7a2f44,17990,pauliceia,SP
aae5cb468884f1da9e17f0da2c25c9c4,cd2998f855b8edf8d3b85cd1d3d16b95,22770,rio de janeiro,RJ
cb0ae8d3e18ff1b675bdcadf373fc97f,84ca2cd45ec6c9ae2a0bfeef1c8bb14a,22733,rio de janeiro,RJ
ea26950075411d4c3569a71853ee7388,ded0f90b96bc30dfa105a41bbe658cdf,20511,rio de janeiro,RJ
86555999695e810261dac1dc96ede234,e5d285d676edd47600c0df873fb8310a,23028,rio de janeiro,RJ
725053273ea08ee2997d63e7a36b984c,4e98cae79b0b943a40111a0c2b0a9e07,60426,fortaleza,CE
2e62730cbf704c88f31e3bea032a3e8c,347dc668e37fdec762bbc337aff5bb12,37545,cachoeira de minas,MG
45988957bfa6f0aacd30ac05c0a3e680,5b104d87bd221d828c2583a631d61a05,14021,ribeirao preto,SP
76329463ae17ce6629dd04e014aa72e4,b1a17b1877beaabde6421f631c95a734,81030,curitiba,PR
a5acc83d0613fa082aee11996117121c,019d47513bb1164cc83fc2d6d7123ef8,48120,pojuca,BA
ef21aebbb093a6db29ccc6aa0b89c347,664f7107c351f24b16b68919398730a0,13610,leme,SP
d69688d427da267e3c2d564db094796a,c1254a1e8dde33aa9aa2ec0a5b93452a,31741,belo horizonte,MG
5c457daa8db6f2e6e3124d040636fc98,727a1a8753adf9a74e67282b35a28346,27535,resende,RJ
5967895f1299e02b1b0cb7a8ef4a437b,2f8b722d3e62bb8a9860c7a29ad2b60f,13174,sumare,SP
df034b70a93ea1cd89e82ffc7b0b45ae,955a0e352dc5fca8be2a5545ac0c4d3c,12287,cacapava,SP
7a692b1ff18c8c21156b886e02e80040,c8befcc96d8aeb7181c618aa56d9d624,07500,santa isabel,SP
fe415a5a1222df38b1fb1f504b06901d,b473037c9a5238bb73f2392b19f203ba,68905,macapa,AP
89517109d03f8c3f1c63b84418e97559,8cb40ef133339b4e57628635a421ec87,88107,sao jose,SC
edde43d7203ce8ef765673aebee3b966,3435ff207812c23c1b61d57b93500645,41830,salvador,BA
ce210e14256d0dea4b6b487c2ed032d0,594fdb8a3914a91415413b3a467fa862,38300,ituiutaba,MG
84e9789e0b6dc1bfcf333d8e9f92826d,3f36fa15a16c4850992aa0f33561906e,72270,brasilia,DF
4a929b369cfa8293f0a22f9a65ad4b1d,d93129fd763bf7f5541e5e69dcc2830e,24855,itaborai,RJ
b0a36c4a0a2bff86d12b4eeee99bf958,82809cee3c35eb89b4dd4d2d1a22eedf,13040,campinas,SP
c498555685a103ca04bcb5f81cd974ab,41048b76326f93ccf5218d8eadc626f1,14940,ibitinga,SP
2ebf822bbf33241c7bffb42235519f92,bdb88619ffe5ca24fa5732468bd34573,37704,pocos de caldas,MG
98f2b622ceae79b38a3ae781cc1d968b,f470726b512325dcb4e26874f338cd83,12955,bom jesus dos perdoes,SP
39d5f491d314a5e26d16cf74581bff02,5d81012f5f20f3781512403410be3043,06624,jandira,SP
b97a18a1140b1f32152473a3dce1a25d,3315424c3588a42098b6b37a78aed0a4,21011,rio de janeiro,RJ
81396cde975bc2d2d859247510aa71e0,c847373ba11946ca0e30ffecda3c5be7,35920,nova era,MG
1db74a8b644afe5d02543026ba693e76,9ab6e9ce8afdb15b37eaa92421cb81e6,37245,carrancas,MG
635104f101d5c2725e94b44eeb8b0327,ffa0ba4c9a6a0763879efe7c2b8d5b93,05055,sao paulo,SP
94ae739e955e77518c3ca587d09accf0,0362cd11581b91270ed0b9a1028b34e5,95900,lajeado,RS
9ec73448134f871bc7bdfdfd444813eb,89a70a556b3bcb25ed26720f08450bf4,30626,belo horizonte,MG
e6bd83a6d5519bed82eff1ea0b4898af,2aa0f1a709204182d465e85b3ed30681,66615,belem,PA
dc7cdb748679fb6f280f66d7582c5e59,eeb1b66fee35b3f1e3dfc27ff80fc0a2,04024,sao paulo,SP
44b521ae63ec470874a89c37fcea4c6a,a327e19095ffb086d25f7ee477c9d3c6,26276,nova iguacu,RJ
68c74d748a55f9d29e6698f4b01a0df7,cb1bc069e25d9c59773c85a2e2a46713,08683,suzano,SP
168fe9e12001de4aa4b035efcd035de5,b38b9c207af3b339e098f7404f80f54d,21932,rio de janeiro,RJ
3c6484a7438cd35dcc54f53f4b945829,7c6157bc4c2bae550d37b6fc445db0d5,13061,campinas,SP
76c0c1cbc865dd70e1225ca35bd5f305,dcb9ccbeba1a08fd27d8f50618ffbb2a,35606,martinho campos,MG
8c9acc84819fd7854bc541472f3479ec,2a7e25165f7f6c801c257906eaee4a0a,86350,santa mariana,PR
d2dc6bcab2d5200c7df05b609db1b1d8,9394f9f2e04e9d3316d930eb8f49f7cd,03309,sao paulo,SP
7bb9baed1a0bbe1688da57d56a71b89d,63d91d8ac39f522652715688a8c60111,13348,indaiatuba,SP
96054b94409f7712eeffe8edfa6959a6,7122b4f327033b35961170342401066c,13270,valinhos,SP
b3860286d6f0e27b14e0760ce77b11da,81e5894ccebaddd81c3199b57bb52e8f,89150,presidente getulio,SC
e415222b4abe172614ed6c78d9d96994,2e9a4479b5b973a6def2a583770d0dba,14406,franca,SP
705ea3eb85deaed8f68356890e5e3c7d,b997e25246ed06045ed885ca74385b4d,74845,goiania,GO
90776ffa40604fb8ef0911e52c4c1d02,bee35430cdd5e5e8906f7b022dc26d34,36013,juiz de fora,MG
2ea8bb2930217f9907af50f779f18386,3fa92e145b040515fc173a120cf81304,74922,aparecida de goiania,GO
abf76aa21a6198821da8147c49803f47,85a3ba3f26cfa37e889b67e197a9a875,34000,nova lima,MG
495b67cd5a866ee9a61ea6e8b4cadb51,2e43e031f10de28e557c35ef668f9396,92410,canoas,RS
27129ce1ebca4ffa23a049c51cc8ec95,12f5d6e1cbf93dafd9dcc19095df0b3d,82200,curitiba,PR
dbfc2fb6a9424037815a3a887c10be61,f7b62c75467e8ce080b201667cbbc274,09990,diadema,SP
41fdaf0dcabfb53a5556c46cd8cc0a32,fc545111108ebc9bf49eb27c828d25fd,80420,curitiba,PR
942be1042b4ac4e4ef3780b25188fe99,4b5f998cce2788f75444c20bd6a3d065,75200,pires do rio,GO
2958f7dccf3976fef64e82ec6d3b562b,da778b674d3f27898dbffc9d416bf784,27920,macae,RJ
f9808148a262b51d20e2d777eee6676c,8d36e7e56a9f8044df728e9cbf5a3eaf,30350,belo horizonte,MG
957eb9ed2b71b5439f68a865a736de0d,a78e22cba17a2973cf70d283b4119b5a,88904,ararangua,SC
83d7ab5d806218715a5e5a07d5d37dad,9bff551dd73fdb455a7c2ceb6bed2d39,32186,contagem,MG
42b174e403eafb280aa18324cf21ca5e,3f28cbc63a1569c51f2fcb7a691b03f5,12450,santo antonio do pinhal,SP
ad0c681bc5c048b9c723de73eed444e7,c8b2145112166ec8dc322ac57138ccab,11085,santos,SP
07bfca76246734f6cd62ba441a750d60,b8177fa410bf355abdd2dc422aeb7269,15061,sao jose do rio preto,SP
2d2037b93b52f5a7ac9e286e8bd69d15,f571289f61836e3356b8c679b0652f3a,37026,varginha,MG
32fdc4fcee9bccaf828edad48942dd0c,20b5415badf4a5750eb554cd9e9e2307,08635,suzano,SP
478cd57af52b763a386a2a2fe791a230,f11915ba29bfeff33b0f5610b9631aeb,95625,imbe,RS
45c715dfcbdc6bda7b1190def7ab948a,78d2387fac855bae2dc8d728314d7b65,27274,volta redonda,RJ
297dcf281305aabfee256d313076af2b,13b588da91760a6e28ec9e0e1a2b414e,83280,guaratuba,PR
e616e1806cf7fa06607a83d2f97f3993,93d934c3a86cf8a7e0e7631fd80f9ce9,09852,sao bernardo do campo,SP
d652330fde451d2476a123ad0650bd20,a8139977dfa54f997c0fa51a87b4be79,22280,rio de janeiro,RJ
e39af7797ef9fc32e6a07806a9562437,38f2d16628c1b776875dd349e03f188d,75060,anapolis,GO
51d9009f107df3256dcb608b5cb40a7c,0922f37485310929b1b94e8f0c984ca5,86037,londrina,PR
7c90e33e5d5f35063ed43b54a5957cdb,2662d74bb0b34c4e942fb3ab6a27ac64,89560,videira,SC
6cc7634e5230927a764a9047700c9bba,648f4c0ea8f7710f2b99375dcb1707ca,39715,virgolandia,MG
b106b360fe2ef8849fbbd056f777b4d5,0eb1ee9dba87f5b36b4613a65074337c,02975,sao paulo,SP
ff4dfb2525a749384a0e31d68625443a,72602f19e9db5d1f5245849d55794e52,31720,belo horizonte,MG
12b9ed9bc1f4f6648dab5fe7324a3d58,bdfe47b4aabb5f74902e1c197e18c549,75912,rio verde,GO
6b79d5d9914b88e0e05a19e76dfe926b,880e01d45fe9fdf7f417f37e55e7730f,89820,xanxere,SC
6b7e649105e4c5388bd8c3c4e9efcff3,3575846eb504cb74d447525fdc21bf0c,24220,niteroi,RJ
36aad88aa6b75c986f11eecc4380bd66,b18800b8c67d2e202aad9e8ec84b6d46,91130,porto alegre,RS
e695d4f6b2594abb3ad2c4a7d412de4e,2830e06c6ec76d77c3105c487630d3a9,60125,fortaleza,CE
7bebaaaa1a33db48ca58e50d6af76be1,c179057f564af5f24ea3d13b24616f19,11444,guaruja,SP
4ae48f8e3942147402a1286118601c83,dce5a2ec04713ca71d7fd432f45b70cc,28640,carmo,RJ
28783e4198a64a0285d35e5967d9956c,7f11d8cba2b0b40ef25915bf8e0c48c0,85801,cascavel,PR
9472d282b4d8b3cf62bbc7933b2215ba,820083de6ee79c7fef5528eb251a7c16,74367,goiania,GO
6d4771e7b12516d2f6b98a6efcd88fc7,0b4f18a0cf7872514b14ebf56c56e68f,13802,mogi mirim,SP
a45285dc686a4d9cefd4fd1c886e3689,660fb6a9e6f1f5bc5ba1353577bdbb7f,06361,carapicuiba,SP
e688102208c1564afce92d987656bf29,8a0793d04e0f4be13434516ee7037104,78075,cuiaba,MT
7dec82bd3f93ed6107cb7bc7e2242618,e30b83af13d6ff0b0f427b2a67c43b39,37704,pocos de caldas,MG
68b3d6ac0b851622aa7e60f808a8c38f,cf535b89614daf41d4d6ec7d3226c5d7,29102,vila velha,ES
aa3e69930a8912ca423373a6b5ac4f56,8c1f36ef68d459b06466c01063b7ec19,28230,sao francisco de itabapoana,RJ
7b039396f4d695564083b7360a6fc38a,e07a08e8084080512d1c5a77d2d937ec,19020,presidente prudente,SP
08430efea96cbab3b50290167b85454e,8056ad5fa2f60432765758ccd7f037d4,28908,cabo frio,RJ
a7288cab9fc524abf65915630e66c73b,5901ed80ca7329682efcf2de0b636d5f,20911,rio de janeiro,RJ
63433f6eb6f0a79cbb24e940d0ab17ad,6222ef69df52b4ed71be551725551cc0,82600,curitiba,PR
e10996551bb1897b97c37e1f771e34af,54d757624bc4f049bcf411dbfc5b832d,46880,itaberaba,BA
13c8f815b04673c0930db34c9426b349,55b1ca01eb3b650afe3f6f85422d0694,88015,florianopolis,SC
dd0cb909d16aa0eecf68d37defbb7f7f,dccb0c4954538b15d8c4fa1fb69456aa,25250,duque de caxias,RJ
3d8e326c3cef3a9bba7ca121baac5fc3,b18b6d40c3c5510727e0f22b568d3e1f,91430,porto alegre,RS
460dc8184b5df8c865de24c0a5b69fd3,68a0455356d1c5f8f28419184e72ab1c,06654,itapevi,SP
ec5ed55d0ce3f856a71dc2eb71e82cb5,c907cc6d05b62eb09d63c63462a7fa2d,88034,florianopolis,SC
7a3638e2731f92703d9cfc5ef2c220d5,14b24293371e96bdb40f996ad4067cce,03179,sao paulo,SP
58a549319c3ffcfc868efa613016466a,b4be434bcbf5fac41b8be0e055135c9a,03402,sao paulo,SP
bc13567372ad405e1fa1c93da7eb9079,e99d46b5ce67a88cb8d7d5225edde938,90540,porto alegre,RS
d70e5eac00a9d35a3cb193442c0287cd,4831f388aaf5dfed43c1bd4455f37eac,22030,rio de janeiro,RJ
0d0f6b38e873757a949a9c3624b21a93,5e0aa142dc4760e62a74c1830cbf91b1,29845,boa esperanca,ES
85f0e92957e9fb9c5f72ba5378f492a0,cfbb7c1c3d613d974eef515b180e2c9b,23060,rio de janeiro,RJ
1145efd0cc4b891ba7df8d75f1530ec0,3aa7a6e90c6e9d2dd2b61806b588ab9b,22775,rio de janeiro,RJ
0423a0c4b6eea9435c2f40758658a2d4,e51eaffb93507fb621df4131e0454edd,87013,maringa,PR
457f70ea74c01f0f5a6754f9f90e8548,09ed9a8d4ac68f90247dad9446910ab9,42700,lauro de freitas,BA
c017996652c06e2cdda218e87125e17a,b85aeee30d059f6d59decd7ea19c12da,11065,santos,SP
8e5fb420cf8c57efbdf1632de43b3f16,e752cbd4b0fd0f52ceec3b4cf56cc34b,48930,curaca,BA
ebc886e9e3226e7da3ccb10bba7c5c4e,49ec3b730bc59d1053305e7d20c5828e,30220,belo horizonte,MG
88d44020b4142f4668150bc2a3c9530d,55845d91497951227fd70e450ffb35e0,07914,francisco morato,SP
2f21a50c8c1214f27c501848fce8eb64,1ccbae0dcd0c452b88a40c54f9d78401,88400,ituporanga,SC
d8b96ce90eca97230eacd6cde064599d,3c1d05557963afea125a75612f798c3b,76365,sao luiz do norte,GO
fab2ba3e5e0d2c6d3f95578a423696c4,71a0fae4064662f2c70190ac39622eae,64000,teresina,PI
a786100ee43299742402a4b3638857fc,a38a65f259d718180e9239542f48e57e,07053,guarulhos,SP
d1d259ce7187c9deb7e86de58e65a81e,0de3f5cbeaedc8f981622dcefce0686f,02185,sao paulo,SP
87b0f9495e8483a396c8722f9e5dd2ee,5f2d0693b4bacfc00bfe92a15c42b837,64800,floriano,PI
d71a8cffeb2a8ca4ad2375b72d94c8ad,57c7328718a984a6d070841c93386322,13567,sao carlos,SP
73f958ad1ba68bf3c7f01cae085ed153,3ed5e288eb859999092ba5da0c1b3128,01457,sao paulo,SP
816346b2de82fd39be31ae7f42fef07f,e1b59a2032b34097d0c1c8d320f40832,30150,belo horizonte,MG
ab2e069dc0a781952e8a2447efda4bdb,eedfc8a4c7d9aa7b507ff355df8135c8,37200,lavras,MG
53cc5d344077104b59d4f6836a90eb0b,2ad10f49ef1f061d5f6739c89d3ade68,39402,montes claros,MG
aadd27185177fc7ac9b364898ac09343,f176923a0a4ab546c7287791ccb82193,78075,cuiaba,MT
4a5dc0dfa0d6bb6fee6eac33a4b39d7b,b9ac5718b8f3ff34b2929ac08661f82a,02521,sao paulo,SP
276170f5bc4eba680e2ffb623dd52585,983218a392d76592ad22ce4e139d219d,48415,fatima,BA
f20442e7a117475c8199e9285fdb5ae7,15cb227ba447f4cc58d3b0621bd68d1c,37550,pouso alegre,MG
92afe47b8038840f6761684db0da3e40,24072811917876a84c81166f96aed0c1,35360,sao pedro dos ferros,MG
3c521eac04e2dca4702dcc69789618c2,5f7e36fb1d42d0b1c408b5b41bc52bb3,13846,mogi-guacu,SP
0e842b1aae47b4579c8495a93fe0aae6,900c14f2de7599fc91930765dca9b9d8,03087,sao paulo,SP
b79dae897347b6c137d63e50b5be5b1a,318b8659483e12e9cbe1e6550d97f9d9,89052,blumenau,SC
1328b35044ea458d162dc73bc6d4c02f,35a23d4b2b877b2565e30339e0c0c45b,83501,almirante tamandare,PR
ed7ef682569428c1afaf73b39a2f602b,58aa424ba24df5dc745e1a3941abc5a3,08593,itaquaquecetuba,SP
c3ab6358d2556844d38ed5dbab0b41ce,bd8717655febcdf30f106e9f3cb24628,97560,quarai,RS
d70f382aefc5e3273ba95831d8588930,3ed4404759ed8860749e78c75e683180,49096,aracaju,SE
596201f6091e62ac70da64aad9d0ba58,f801278dc42ce9d4773cb91ad0e21ab8,76200,ipora,GO
9b5934f5392dd4c1ea12c79782b962c3,de1d40288fb4828a0297165aeb57ee24,05061,sao paulo,SP
9333fb1c5675b69afe49a9cf6b91defe,13aec51202205c662b24202760e93a92,88708,tubarao,SC
12e1b6d020b00c08afc46ec721e0160d,e0edca77b7cfb83eb584350cf58a6bff,37570,ouro fino,MG
f073db9b09570039769829fa79d05428,91bcb2473a81ed49d4d9ca5b887c6b09,17519,marilia,SP
b4fa94736ab408774c4f9c5f86daa818,d31e23d330e7ce67e5e22af44d244ba1,04671,sao paulo,SP
fbb704b2c1a3373c27c8a59d7d0d45f5,fb78b34d4270dcaba9234e86ee14e987,85550,coronel vivida,PR
937bb74713a47912471275b234236764,6222ef69df52b4ed71be551725551cc0,82600,curitiba,PR
a6954f48f5d8a0dcbad1a0921109cb56,ec6969699229c33bcb31059d4184049f,25020,duque de caxias,RJ
7ebbd71d486f47070362e2e9be10898b,16a860be408af5ee2e9f8a8dad56ef17,70800,brasilia,DF
0fb0919d1c2791fb41c75bec69db8df1,f4bb8bed1c890f3eb2f65a026e8e1b07,12721,cruzeiro,SP
3d97524e491c9aba1f09141ecfde08d4,5b4f4020c6264b792133c4a42e41a0b3,13483,limeira,SP
e423929b7362dc59bfc3e9dab3acad7a,2ad1ffd24d9373937ac6d1e376e4494d,88220,itapema,SC
dae065b8336e64030d11819d033138ac,c80bc315b52899a6cfc2af82c9200962,18212,itapetininga,SP
235dc25ef3e9ce5f942681ad165b673d,7675e77d9cf89747d832a15a67b9a4af,86801,apucarana,PR
9d151c7612fd140ebcafd620491a17b3,b2e49db04cda33477b966a40343065bf,20511,rio de janeiro,RJ
b0b27c44f7e3d2c6e45d506cbd4a5627,2c724eb337b9f040e3a65208e3280b8d,87900,loanda,PR
f76bd438480c183ffb510bad040f3bd9,9f53b6d0ec91131fac2c1724f511f3ce,96600,cangucu,RS
d5efb94fdd7fe8e0ba70c7580088acae,aaf7ed8313a90b1735dd28ab46546b30,57073,maceio,AL
bcaa16104985fc83035709fefa708f14,eb4d33248a03d3b86ae1e251a022ef2e,35903,itabira,MG
5fecda646005785f0338ead4ed426198,9ad1506972e27cf782ac75246c5ee76e,24140,niteroi,RJ
73bd1eb83b4172b898bc19681afc885f,cfb3a7a74383d11b7753e83ae6266cef,93700,campo bom,RS
e7b8f5b4e3ea1f449dcab86a426b4e01,48c2919b486c10c9cdd3cf7593de3356,12230,sao jose dos campos,SP
bbf83aabda305a5ac059e05b342076a0,bb5f2d03e1e945a1e5c1ab23c3de4c64,13700,casa branca,SP
c17c6a65a59d3b444858f91b44800134,eb291381e2d0f9e4e40e7f1249026181,95588,xangri-la,RS
f9e8bac3b69529d543bf179ce64ca6d7,d6779a4b34d196a59ad0d562c5333dfb,03582,sao paulo,SP
aa9a203efa1c66ae5dce0e279ed362f5,88c530af7d3c063519fbf3501ab4eb5e,35112,frei inocencio,MG
39f19a26208db7920bc39686dac40970,6579b2d2c55c3219a7a692aca1847d66,13070,campinas,SP
ccaab0962b09a9070e3076588f0fd069,b148eb59c3088eaa91342b43111fc174,49100,sao cristovao,SE
aad20e68b92b9d5989bb98698bec41d1,56d9f7e21e5646dbe8148f88453ea798,28695,cachoeiras de macacu,RJ
33e655dd86058bc865f1f3d9fa5912aa,f8ea14322aa66955d27b0d049b3dad79,13845,mogi-guacu,SP
61cf203eb54db88ac8160700870481de,8013deb00b5333bc668f40e6018292aa,09852,sao bernardo do campo,SP
7967273ffe4b8e02d0fde3762994b1de,08ecae869722212aae44bea2bffdb7ee,12230,sao jose dos campos,SP
91ca069bc0cfc42f5d6eef0638578f32,9a04f0ca97e81b8b008207c3e87dd183,13040,campinas,SP
01f7b7a4e25cda9ce48c0f7263f7452d,e55fbf4f9ca883b98aeaa2b149987027,29400,mimoso do sul,ES
d020d4abe6475a8382f53d763fe24a65,83e7958a94bd7f74a9414d8782f87628,80030,curitiba,PR
b7039da8de38f21de8833bd957b19365,d9a99b290182aff8db93595d904ab99c,05319,sao paulo,SP
6ca60d60ec59979714b2b913aa387c60,771f344c1ac13d8ccdf2d14c48e2c6c3,83408,colombo,PR
12dca0bf14588cc10f18a9f9abaef604,6259b1f4da26c67879164ebce6333481,98900,santa rosa,RS
47443a10c52e727aeab6b6cae75dbdb6,7f2a5d876d919c76959e14657acdf942,35290,mantena,MG
616077b2a7c75e09c541623ceb18c22a,03e7923886f2bf499508dcc22da46422,68010,santarem,PA
d67a578455299dcc8de18bdce1a70aa4,06228f2a5c6b8d5b97c9dde4c675f086,13052,campinas,SP
4bb49ea252f313410f78be74bc1e33eb,e78838df9c44e102b6ac84cc5eea7d5c,36780,astolfo dutra,MG
7224ce4000539b85758bdae0e06fb611,1c266d9dd6ac729c3b734f15714dcb11,28991,saquarema,RJ
546c427cda01bf664853d185e4cde13b,86e896dba6fdb74896219fde98a65bfd,25585,sao joao de meriti,RJ
f796cc9e19019673220efa160fe7e610,a357e6da35420f660db00199a9062bb6,71928,brasilia,DF
c37295cdbe08276517e2f4ea77bd85eb,36f410e8008ce34a588055040f2dc7d1,27211,volta redonda,RJ
3c3e4944db82d06e6413f8111e7a7a5c,1ddc4c53473fb7a35191516f1a32a6ed,27525,resende,RJ
496f0fd97174c54fb601fe2e6d1ec494,f13e1c06b45937692b336a84ee707023,37640,extrema,MG
ca17d4fd424a130fa7a57e5465939eb1,0802a1a217680f13264a70ddb7220823,16205,birigui,SP
01415cfeb907d8ce0e17075b4c097fe9,c2154b6ca788852f644e6f56dc7abbe9,05409,sao paulo,SP
5f6478ee9ad1339b32bfa4f5fe674ea8,39e4c9fa276aaa9b6af1fcd80901351c,30775,belo horizonte,MG
d3e12a8123b74f8e02ad1200dafa4938,93329158de633885e924a0c207c5bd6c,93048,sao leopoldo,RS
8721213de91e5eb5867eb97de23ec440,d1085742841cb2fae8916a506086de13,88780,imbituba,SC
b14e4569fdc3353689f16abb8b57dadc,7d08a8005756c215935d45bcc0e9a760,20250,rio de janeiro,RJ
4b1d9c46c5fa2de5c66bade77ba60720,49af61609cd532146e7645dafc5df836,87060,maringa,PR
85f03d59e05ad20dc077b89342b9f710,a34dc635486de07782636bdef2afd77a,03630,sao paulo,SP
98261b9ec4a93f00af07fb130ca45f3b,c524a85ef976ea8cb649f6da21c98d85,11250,bertioga,SP
ed1793d2d1e4175d5846ce7ebb4a01f5,12f5d6e1cbf93dafd9dcc19095df0b3d,82200,curitiba,PR
7843aa39f0f40f21f3ef45e89053c7ce,4658b26bcea972ed0b86a5f8c61718be,86801,apucarana,PR
94b216231ec09ee34764a8d456126328,1d6bf991d51a595e57cf95d8bc861a15,71699,brasilia,DF
0d19340c8c2718010e8b50071eef5643,4dcc78f139aef99d25124ee00a6c8bb4,36900,manhuacu,MG
7b8ca289129bab18d8b098ca02bbc4bc,688711ace86b45baab9186b99028062b,04362,sao paulo,SP
bc7b861ebaf4366268881e14b4a52666,2780ca41194612d0d21951f840107289,86220,assai,PR
f51c6d9e24e077d5755ac7abdb209b1e,fcd318dd219cded4518d90c72b04281a,75095,anapolis,GO
3cfaedb59f39332d98cde2d6a9a1de08,f78a1d6281b3b4a1542c00bd1d8b503a,12942,atibaia,SP
73c69c8a9d541d145648ae9cffc3aa2e,e7fde3366ddfd6dd15e59e5676f33100,97700,santiago,RS
2d0119f39e113e04b09401c98db810e7,e8e8356f1f17713b3ca1379cb007767b,90640,porto alegre,RS
71058039e9883484d1264522cbc9c2f1,d8f3c4f441a9b59a29f977df16724f38,09720,sao bernardo do campo,SP
e60906c4373d225f252b1993a11feaf0,8eda9387651f7554781ce5a6ca439cdf,29177,serra,ES
a712b74fe3bf857d1776297eba15c10d,b643c19d91a65d73f94ba8e037668986,22040,rio de janeiro,RJ
f8fc70c22831cb93f1bf7f8eefa19765,511ac552669ae0bea0aa5e724f69f28d,04128,sao paulo,SP
62d7df8850fd19bf7a67afca5b7e65bb,a280408a71fb62ddc8ba902d4f86d681,09015,santo andre,SP
764b644da47fd5bb41b7d78590cffaa6,edb02b1c1d841706083765e2c524fd01,13024,campinas,SP
f199293a1cd17c4e0c71a13f02a34a7c,90446df9d52ddfa1dbc02298941b2fbe,12524,guaratingueta,SP
56d6226f23b849ac14f6386041dc492e,a327e19095ffb086d25f7ee477c9d3c6,26276,nova iguacu,RJ
49a4fe701c3d30eac6c180908e665ebb,8612673f1121d1da48f141ee9dceb20b,04905,sao paulo,SP
2bed03fb5ad65fde6b94560ae5713c0d,f6e5b2487d450b31563ed9f1050c7a76,36512,tocantins,MG
e37d47e7eec62f08dc5deecc7d5532d6,a6c7bbea6e469cbc9a4cd1fe3c7aff12,30310,belo horizonte,MG
5f19c4244489d622370b549055182a73,a10761434f09c45a577fbdbea33c62ee,18057,sorocaba,SP
c4eeb750bb290eee0933aa9f859721e9,6ae1442f1cd67099c402c6140b58a918,95890,teutonia,RS
7d0a76e4b14a9ca33d51eb09db9f92cd,f4ecf73dc97b08307cd85c109e491fa1,20950,rio de janeiro,RJ
9a8ff91307a424b26e4ffb88eb1e79b9,eb5bdaa9ace81785a5c3526bbd8d759b,20535,rio de janeiro,RJ
0c63b4438ff050942153aaa4c19ad1d3,8ca747eb93e7b8d6a56532b8f074d185,38414,uberlandia,MG
b290e388438c0fe0e7022df693252827,16b0d8c99cb3742bbf76c2a5f98b8ce7,40170,salvador,BA
a969b9f8d923bc7fd97b578f7c499194,12f5d6e1cbf93dafd9dcc19095df0b3d,82200,curitiba,PR
6fa16a8d44a2d9a89710e9758688c7f2,840048bff3cbd6d92d97a3816521222e,04841,sao paulo,SP
3f3aaaac1d9df140266ee77970735eaf,c40388c86f0334d1d69f33fc43322a8c,45985,teixeira de freitas,BA
57a2aee1d4e57be34da24f7d856db588,5126a6c336684b39a9006bad4b60f9e1,08340,sao paulo,SP
bd2c13f9aff19c6adfe232373946e6ea,1842d12ff8f27b3e8a95f5a98a14dfb3,97032,santa maria,RS
d55606cbf9e683ce2153dc986b823665,6730f232479ef26058fcfa270ddc6178,31170,belo horizonte,MG
2eeba831771fb92a3076f148c090cc28,efb48fd4deda76791056f55c6a1e2445,17025,bauru,SP
e65bb7ea45b4d422fb0c5229bf8e0e48,57a00f215e83a19190f6a5dded389806,13150,cosmopolis,SP
a25c191eb1025845e8e9d1d806fa2605,a311db8053cf14527828dd6d89a1f57a,98801,santo angelo,RS
a0f95ab56c6d3a5ba0036b7fdfeda07f,a9530b74fe56ca4be9e5f2c7e7c4175a,89124,benedito novo,SC
2ad858d9b9f684af4e52ad8b08ee3d76,ef5bd3381e0ecb0f15d87a166819489e,92320,canoas,RS
5da482ec6bdfb14e5eee98fb3e445280,dc450fdb03562a6d52752858f7855348,31540,belo horizonte,MG
18becbca2304b0e3031d1841a8b8b5c4,70f0fca2435f0fa72fe85699630791fc,85415,cafelandia,PR
2ed1b5c01561bcf39cc2f1566a8ac9f1,ed05a1bbf9f8816af23fcc68084bb87d,06806,embu,SP
a1344b860cab384242be3c0ba0a5e4cd,b4a76bacd02c4823afd23c34e8ea92e4,89022,blumenau,SC
da231380834f900e3fc3a958a1533a33,e3626c985901df173504f3d285ac823f,24937,marica,RJ
bafd51862cb88bd42d499170c2ac35fd,408aee96c75632a92e5079eee61da399,22260,rio de janeiro,RJ
01961d1b276640f460e6061e7f28873f,60dce986762313a6e0b5d1ff0ecde379,02936,sao paulo,SP
a4555d257db29ef5f838cec4101c5208,f7be9bec658c62ab6240b44cd26c0b84,80030,curitiba,PR
9a742779321ef50e42cabb09ea58bfe7,203443313490c84f08aadead1dbde82f,13042,campinas,SP
2a6fc1968c4a29c9c258bb1994afbc7f,205a1c797b2c6e626d560900a3ebde6b,27210,volta redonda,RJ
800ae98df618c84cf1dae67ea96644c5,a7941a8ddbfe8fde0bd23ae272484043,26381,queimados,RJ
be631308cb609ff74d0e0fb54815e18c,1c137fe37df712015f6488edafe8ece4,36255,aracitaba,MG
