review_id,order_id,review_score,review_comment_title,review_comment_message,review_creation_date,review_answer_timestamp
6d06808638ec0701bccd70bc8d462c28,97d2f8fe76f2f253b8291e17b5383884,1,,"O produto não chegou no prazo estipulado e causou transtorno, pq programei a viagem de férias do meu filho, baseado no prazo. Moro na Bahia e ele em Cuiabá sozinho. Agora, a casa está vazia. ",2016-12-09 00:00:00,2016-12-19 14:10:43
2685a4800004a12ec09d27264ff1915f,5c973d2b4652e1dec15353b59339f3b4,5,,Recomendo a todos os clientes,2016-10-22 00:00:00,2016-10-26 17:47:19
e2fd85e5df711bd91e6e96e13c741843,c9645496b715730a1a5d07eb97a6bf6b,5,,Produto de qualidade excelente,2017-01-31 00:00:00,2017-02-01 16:56:49
185cb85ede91009d7a8e685687c037ee,2e5dc86c8c4aa663549caf5e31de840d,1,,"fiz minha compra faz 30 dias e não recebi ainda meu produto.
Precisa melhorar nas entregas",2017-04-06 00:00:00,2017-04-09 18:25:12
d36219dfadc3a5b07ab66670d23915ad,22613579f7d11cc59c4347526fc3c79e,5,,"Acho que rastreando o produto devia ser melhor e mais preciso, mas no geral foi uma ótima experiência ",2016-10-19 00:00:00,2016-10-20 12:40:59
a60dfbe4f5ccf7fb015fd9e3b33930d1,cd383d7a5f926abfe7b2ee1b80078b45,5,,,2017-02-24 00:00:00,2017-04-01 02:29:39
a36150969fe6bd09ed011dd78aeb0189,ef1b29b591d31d57c0d7337460dd83c9,1,,"Demora na entrega, detestei o atendimento e NUNCA mais compro. baratheon quando vendia por eles mesmos era bem melhor! ",2016-11-02 00:00:00,2016-11-03 12:04:24
755509047344db65b4c12fe56626765d,08d7ec7381dc51d41a0e4d86314b7a98,1,,,2017-01-27 00:00:00,2017-01-30 17:40:30
30aadf8886ca1e6aea4a06c0609a62c8,ec0fa4ef7da067eb3a57abd8fc504352,4,,Loja Nota 10,2017-02-17 00:00:00,2017-02-20 10:20:25
dad605a71e59cdef6fcecfc9bf514ca1,e38f9946fb20db4a597eed7547c59afc,3,,,2017-01-31 00:00:00,2017-02-01 12:04:36
3e0449b3abd6563eef3fab99a2e5a9ec,2efef48118e6846607240cd8910e05d0,5,,Parabéns 😤 pelo excelente atendimento de qualidade.,2017-03-09 00:00:00,2017-03-10 21:53:04
2f17f8ffe35062ac9d76c4dde9c181eb,06d7e8a85f5cfef576c5303ed7d7f2e5,4,,"Entrega feita no prazo e produto em perfeitas condicoes
Parabens a equipe",2016-10-20 00:00:00,2016-10-20 21:56:45
2d0d80576ee9bbab49cc108d9ec7a0fb,475f773f6c0d909e49b758adb2401e3a,1,,"meu produto veio com defeito,devolvi conforme informado.postado no correio conforme indicado.e até hoje não recebi nenhuma notificação da empresa quanto a devolução e análise para ter meuressarcimento",2017-02-21 00:00:00,2017-03-13 22:20:04
dbd06e3177ccd26a3c617b5155a1d5c8,aaefff6521e66b3e5c88bb2c93b9bc72,5,,,2017-02-25 00:00:00,2017-02-27 12:14:17
11c3e9036551ef3649c3c781f9d24e1d,fdc45e6c7555e6cb3cc0daca2557dbe1,5,,,2017-02-23 00:00:00,2017-02-25 15:03:21
9dc35c0d556a65f1c4aff189de0d60c3,956f15dfe9a7f2414a02c445fdbb865a,4,,Recomendo!,2017-02-03 00:00:00,2017-02-12 19:50:16
0758521cb28cad3246d91cefedeb3795,c52a603ac74efb60aefc2f0e79d3a432,5,,,2017-02-11 00:00:00,2017-02-15 13:43:43
a7b72ef0a5d669cbf55197d351719c51,d12824c34f6e0552f57e8d8821242084,5,,,2017-02-02 00:00:00,2017-02-03 09:57:11
4be3f739d95775636100f3ce54c53b3d,de81104d0d1d1a5d4dd09e89a7ea4cd1,4,,,2017-02-22 00:00:00,2017-02-23 10:08:27
2ed1494f9e91342a5db42dac68d47f97,de59016b99422f0bbd7e51a301bf2578,5,,"Sempre que compro com vocês meus itens chega em perfeito estado....
",2017-01-26 00:00:00,2017-01-27 18:00:49
948a6406a9e50a798f9e3c5b3dfced86,b6e5aa946acc4e29e7069510f28a0bce,5,,,2017-01-27 00:00:00,2017-01-27 23:51:32
0ed5802ea93f04e9bf2364c664dadbbd,96123b9ae5a9cdfd4efe5fe402a94675,1,,"Fornecedor targaryen me mandou um massageador completamente diferente do que comprei, de preço inferior e cheio de avaliações negativas. Ninguém erra mandando um superior né, curioso..Ou seja, n recomendo",2016-10-28 00:00:00,2016-11-01 18:44:47
125af5098b160c059cd60bafcc1f6ad1,85f8ad45e067abd694b627859fa57453,5,,,2017-02-08 00:00:00,2017-02-09 10:09:24
9a7e6c8bad289a9e0140a1ad20e74819,00cf47526e0f7920b381b2baf4ecf1c7,4,,,2017-02-17 00:00:00,2017-02-17 22:59:53
2fbf86e8c3cadd127773be0cf8a84da3,5685548b79358ab0ae555e21ef9cb4ea,5,,,2017-02-22 00:00:00,2017-02-24 19:41:39
0cf5c3271576152c2be4fed54e1e16ca,22266e2f8d8084cd2b5d8488164d043a,4,,Comprei 2(dois) produtos iguais e tive que pagar 2(dois) fretes. A Empresa poderia ter colocado em uma única embalagem e cobrar apenas um frete. Produto entregue em perfeitas condições. Ótimo produto.,2017-01-24 00:00:00,2017-01-25 09:29:37
365e0b773665bb8d94cea6684162064a,6d234dea658ce0c00f91e931cb11f93c,5,,Bom,2017-01-27 00:00:00,2017-01-30 22:39:42
3cb1025c825b7090081274fe47cb579d,b7d6888a6d024b1e676d3156e53defb8,5,,,2017-02-09 00:00:00,2017-02-13 14:24:07
e62e1e9cc51372cabd0cd5c49c0113a1,51c88c10daf1d028607325b9f19e3a5f,4,,,2017-02-15 00:00:00,2017-02-18 21:29:57
158a22bcfe0f6d6d691d36515ae63a8e,647cd1d569c405ed9c09cbd6cf0813f9,5,,,2017-02-21 00:00:00,2017-02-22 13:12:00
77da4d335ae028868d8aea2c8cd0283f,b01daae956b23211a3dd59e8c287ca32,5,,"Entrega perfeita, até antes do prazo. produto em perfeito estado e de ótima qualidade. ",2017-02-16 00:00:00,2017-02-17 10:04:51
73b30f5f8be2eaeaca05bb7a5dd1605a,1df257323bb550a9b9bb150345c42e45,3,,,2017-02-20 00:00:00,2017-02-20 10:48:27
8312b41ae74d75ef7b61d44087c640fa,a110dc76d143226dd697dedf9f513f14,5,,,2017-02-23 00:00:00,2017-02-24 00:22:32
4dd6b44d66e842a742536c1ded9bccdd,ebb5a074406776ad07439bc2049c1fe4,5,,,2017-02-08 00:00:00,2017-02-10 06:18:28
dbcd48d3ff3e8bc81c542ba3e20049cf,072e34b42ad90d7472e9a798f19a6bdb,5,,,2017-02-10 00:00:00,2017-02-14 15:03:41
421dd01296e628c5d74f03cb679cd8a1,64682ca1db0a46065072f31a87b390f8,5,,,2017-02-25 00:00:00,2017-03-01 13:30:56
d41662fda6431d8f545cf554c286ffb4,ccf15697e8a9c460dd3bab4f04270c9b,2,,"Pensei que o defletor era uma grande placa, porém são 3 pequenas peças, que se encaixam uma na outra. sinceramente não gostei pois no mercado há opção de peça única, mais bonita e com melhor design. ",2017-02-22 00:00:00,2017-02-24 23:44:04
2067e67e675ff5f4452c3cededa6397a,8dd55d9758dbe56ba3fbad399f7eca7c,5,,,2017-02-16 00:00:00,2017-02-19 05:24:11
305892b4ea860ed476abd027a2040267,50aab84da01ba9c794d22060d1b8abeb,5,,"Produto de qualidade,recomendo...",2017-02-24 00:00:00,2017-02-25 00:48:15
9791f0dfe234f14aac2889e246f3b3e7,f3f0bc4d599d1d5251f1b37cec7b407e,4,,"Recomendo , é um bons relógio, mas tinha q ter como desativar o segundo tempo, e no manual tinha q vim explicado pra q serve a função TR, fora isso eu recomendo, foi entregue bem antes do prazo",2017-02-12 00:00:00,2017-02-12 16:36:26
06009761376fbf566833ebeaed5cad5c,64f5569ef96004a1e1137bdf28fd4c45,5,,"Ótimo vendedor, ótimo produto chegou no prazo certo eu recomendo",2016-11-01 00:00:00,2016-11-02 10:26:40
e8995c053d3db2d9c07407efe7de52dd,aa04ef5214580b06b10e2a378300db44,5,,,2017-02-08 00:00:00,2017-02-11 12:37:36
0ed78248b6048dc17368e39be14a90a6,bef761ad270a4c4eb98b46f8de712530,5,,"Produto enviado com muito carinho e atenção !!!
Adorei.",2017-02-12 00:00:00,2017-02-12 20:47:51
2c112d399ef1aeff1d5615c7529bfd08,3f3e01f29d25bb2e62be81659113d44e,3,,"esperava pelo preço que o produto fosse melhor.
o material é de baixa qualidade e a tampa fica meio solta. não gostei pelo preço absurdo. nao vale a pena. ",2017-03-14 00:00:00,2017-03-15 11:25:00
046ffc00480c2daccea691db51d7cacf,6f275c944d1814eca6bfbb2bcfa3b0ea,5,,,2017-01-25 00:00:00,2017-01-26 10:43:06
0e1bd87b6b5bd2b1413ef0691ca0dbc4,556689f3e30f4662d3ec219bdc556b93,1,,AINDA NAO RECEBI MINHA MAQUINA DE SOLDA,2017-03-22 00:00:00,2017-03-22 11:30:25
a058c8ea702b5d84c607e0cdfa56f5c6,a65d4ac927fef29da1b58e60ebdbb1d7,5,,"Tudo dentro do esperado, a não ser o correio que trouxe a embalagem parecendo estar atropelado por um trem, tive de pessar os tres produtos pra ver se tinha perda, pois estava vazando.",2017-02-15 00:00:00,2017-02-16 14:44:01
ca2c0ff5ed267bbf35e45b952067fd6c,12d9fe1a3efa51a7fae337cba819adc1,4,,Dentro do Prazo e em perfeito estado!! Gostei!!!,2017-03-22 00:00:00,2017-03-23 16:08:03
65ba96e524ad4b7f929b16e64fb7fd0b,2f78768fa4786d3f20e9b6f95d73207a,5,,O produto é ótimo meu sobrinho adorou. Todas as ferramentas são funcionais e a bancada da altura certa . Vale a pena.,2017-02-23 00:00:00,2017-02-26 01:06:13
951c74139bb5721ef9356dc3729d0fc5,4064338b1a0771e658af6c71d3fa2604,4,,,2017-02-26 00:00:00,2017-02-27 00:04:24
78213e20266f2b3d9abe77ca81665617,d6f83d3377bbf1697831ea355301fb87,5,,,2017-02-15 00:00:00,2017-02-17 19:02:23
3d6f9450bf846dc09336d14c95fd86ad,4baa3882a6f5d47e5ac98cd10c942c4f,5,,Entregue antes do prazo ,2017-01-29 00:00:00,2017-01-30 18:20:04
efaa822d7e92503776f5949db412eab3,143f8e1be12f4d99301cec6f0d7a3834,5,,"CANECA FERA DO TIMÃO, MAIS UMA PRA COLEÇÃO",2017-02-02 00:00:00,2017-02-03 11:52:02
636fa56de1f679489dfa885b0675b8d0,f451f32b7c863ec284d824a449a407e9,5,,"Se vcs veem meu cad. só ver compras baratheon eu deveria ganhar um premio além de comprar pra mim, recomendo e ainda compro para os outros q me pedem.
Compro pq acho os produtos maravilhoso.Grata, Elz",2017-02-19 00:00:00,2017-02-20 11:15:05
0cd9b80d05b52731b2622788f016c435,63a4d7a71c43e2f008340552233931ed,5,,,2017-02-09 00:00:00,2017-02-13 17:05:19
aed06ff36b4e1ceb2805b2c31fe28c2f,c96eb9c4da11e7df402259beeb330f15,5,,Produto dentro dos conformes e entrega rápida,2017-02-10 00:00:00,2017-02-10 22:21:08
929b061f52de90cfb76cf8c2c437c91f,233c8509a65f222cf855765d0784b68f,5,,Entrega no prazo correto e o produto em perfeito estado.,2017-03-17 00:00:00,2017-03-17 13:20:03
47a9e6e1a6807dc6ebcb3db41d09a60c,a041155864e5141116458291313b35c2,5,,,2016-10-26 00:00:00,2016-10-26 22:59:11
6e40c4649c50b785d0936e2743b2027e,743cc56ca44d32e3e125c74c98044997,5,,,2017-01-18 00:00:00,2017-01-21 01:31:00
3e56dfcfb42fdf18e90994a160174f77,1e6c83f252357f4c9ae0df874887ef7e,4,,,2017-02-15 00:00:00,2017-02-18 20:36:24
84c07dd8f63900d88b973215c0db9854,83ca4ac8af7cb175c24225800f0e5abe,4,,,2017-02-18 00:00:00,2017-02-18 22:38:52
334223f7167865a50f43904738749618,1f59665af8c7408a7c633f9541644854,4,,,2017-02-04 00:00:00,2017-02-07 04:16:02
c444278834184f72b1484dfe47de7f97,df56136b8031ecd28e200bb18e6ddb2e,5,,,2017-02-08 00:00:00,2017-02-14 13:58:48
8afd6a4d5b7af40d856d667ce938c2a5,92580e7039e427da2884d35809a95996,4,,,2017-01-26 00:00:00,2017-01-28 08:34:01
335fcfa95917a16b7a222723b7e53436,6aaedd714ad6929fc4df8d51bd4cfe9a,4,,,2017-02-22 00:00:00,2017-02-24 11:02:39
93eaa9fa0159c008eb11af3fff3b1338,84d8cb80e8228cbea6d970499c3ce3c3,5,,Produto original e lacrado. Nota 10.,2016-11-01 00:00:00,2016-11-01 22:05:17
a7c6604401d01dfd595f75f35e8595ff,cd232b4fa3d7c031b04bc3d97e21344b,5,,"Ótima loja,sempre a minha primeira opção de compras.",2017-03-08 00:00:00,2017-03-08 16:18:39
9fcf47a8582e893131fbe0a3754e2a8f,f80bb64f9bb2ac4ced01632c44a67e0d,4,,,2017-03-03 00:00:00,2017-03-03 23:35:20
57998f6fb9bff624291f11c44033bf57,03128233e78ed8ade6738f2043f4cf8d,4,,"Pela experiencia de compras no Mercado Livre, acho que a entrega via Correios poeria ser mais rápida(postagem).",2016-11-01 00:00:00,2016-11-02 23:07:34
76cc2f3643c803f920eb8af55f2b6d93,d6f8a3db5b45d8d7ca18eb34d5c902ae,5,,super agil na entraga,2017-02-08 00:00:00,2017-02-09 09:47:20
7ebcbd71169c0b8b863dd503b9dca63c,80606b26965c5ed21e85a085e0667b63,5,,Satisfeita!,2016-11-19 00:00:00,2016-11-24 00:48:31
af03e35e8cead8ab596cbb4847add547,2e56f943f231f5fe108f43fb370b0ed6,5,,"Marerial
De qualidade.. o tamando
Ficou perfeito",2017-03-18 00:00:00,2017-03-27 15:27:54
8119eb207d9a2a24763633632d248339,e72b2b30d599a41bea8514270f6b8930,5,,,2017-02-15 00:00:00,2017-02-16 12:41:58
38c35e9a697acf3d384c1557a465a42e,e1902035c4c195dff5edda08708c4050,5,,,2017-02-15 00:00:00,2017-02-16 10:27:30
b2a04c93d4006495df6ec679f3ea907d,9d91a9530ea3af0213cfae03feed3be9,5,,,2017-02-11 00:00:00,2017-02-12 22:22:19
0f8829ab8ea4d3dba8e9d70b4c54277c,3027797ce35841bf74917c0b0ea1a38d,5,,,2017-01-24 00:00:00,2017-01-25 11:45:54
b9ee533406179adbe0fc449bd9a9ef20,d62c14881563a74903e7d10f685406aa,4,,,2017-01-31 00:00:00,2017-02-03 10:40:32
6689aabfeb781e9fc59aceb91b5de579,df410b19c3e348fb548ae68badd49827,3,,so demorou um pouco mais valeu,2017-01-25 00:00:00,2017-01-26 02:28:29
305932acf65da6dfe109aae17561e697,54802d33f22620ff142f94fd4fe18b25,4,,,2017-02-08 00:00:00,2017-02-09 10:18:13
51809daf94b60a0e22174ac981aa0415,753aaaa715f963740a358c291bc79727,5,,Excelente comprar na lannister. O atendimento é perfeito.,2017-01-18 00:00:00,2017-01-19 19:47:09
590e7846651e807cd0081b679663d2fc,cb71bbdb68e876878e7c73346725a901,5,,,2017-02-16 00:00:00,2017-02-18 17:20:47
d4a4243a0a11bc1c9e1107ad873f4133,adebb4dfc650b98f7c7e38bb11cb0aa9,5,,,2017-02-04 00:00:00,2017-02-05 19:41:17
a6429b2898b165b81727dcbbb97c1f37,c96209cd1d43d071d3bdf48d299b7aa5,5,,O produto era de ótima qualidade e a entrega foi super rápida.,2017-01-17 00:00:00,2017-01-20 13:43:14
380b841eee47f391e0d3fef0a38620b7,03cfff56e65677083384243927b9915f,5,,,2017-02-23 00:00:00,2017-02-23 03:47:14
b14322fc5124ae173a7a05d4d72edd09,69ab7fdbd887d055b05826a8cc5591d7,4,,,2017-02-15 00:00:00,2017-02-15 22:23:11
e8fb285b7d6ec85253d828e9b153e7d5,3bd5b53dee9d54938f56208bcc03d855,4,,,2017-01-26 00:00:00,2017-01-27 11:12:24
9282abfe58d78e52d913d724d12c6547,492e8ed750e427ec9d97ca8d4d4eb69c,5,,"Boa
",2017-02-15 00:00:00,2017-02-17 22:55:10
6b4c07741e82770c2f33ec6e115116e4,8a15d9098e2b9a4a791e07691801bd9f,3,,"Esperava uma melhor fixação da grade, de resto tudo ok",2017-02-09 00:00:00,2017-02-10 02:45:32
d45965fae57dea667e24fb16b45ba4d4,ecfdcaa1a2dacb4e5297d8251b115002,5,,,2017-01-28 00:00:00,2017-01-29 00:08:51
a54d78b5fb556ea9075b6455db7a228f,ef8c0e8009daa5ba8b92359799980139,5,,,2017-02-21 00:00:00,2017-02-22 19:10:28
15ece44d8f1fc8f2cd03941048ac9245,9d8eb4197962f028d0a0f9caa37f0402,3,,,2017-02-17 00:00:00,2017-02-20 01:29:50
64f2c37ecb51002411d11480ea984c8e,5c1da208717de55192c6556da7d1f0c1,5,,,2017-02-11 00:00:00,2017-02-14 00:50:25
6b3d97a282d6752c04cf8a4b3847812c,538917e9e6d39e4e2f6d7480f7c2479e,5,,,2017-03-02 00:00:00,2017-03-15 16:12:22
31a0ede9ecca87acc4f020ef361bbb51,e2b56835030c81195a5f1d65a17a2c1f,4,,,2017-03-04 00:00:00,2017-03-09 18:55:39
c5a6de8a8c8a8ed913857fb310dbb5af,c1c7631c24af4189464f9bc75189fb55,5,,,2017-02-22 00:00:00,2017-02-23 11:53:11
72a1098d5b410ae50fbc0509d26daeb9,566f53fc7d36fa366f7e221468121877,5,,,2017-02-07 00:00:00,2017-02-10 10:46:09
3be6e9cb569ed3b2123da67400be3641,38eb881851d90ec36b46d10b81792089,4,,,2017-02-08 00:00:00,2017-02-09 10:56:19
fdfabfafa44c561fd3a6d50b6aad70dc,93942353ebd22541194b59e590c0d7de,1,,Vendedor não tem controle de estoque ,2017-03-19 00:00:00,2017-03-20 14:16:26
10dfb87a2ec8b829e66534f429b7dbb2,53d01d5ea7c4979fe175f37286263091,4,,,2017-02-24 00:00:00,2017-02-26 16:58:06
f2fa4b4ab1dbe6d8a53b9a1e0c4ec8eb,8bef37e0a778afcdf32118f376beb9de,5,,,2017-01-31 00:00:00,2017-02-01 10:20:31
ca00693cc34e3e80ca90494237cc29a6,452b706af12e25e6c8c740b4dc493ab0,3,,produto chegou em perfeito estado e com antecedencia,2017-01-18 00:00:00,2017-01-20 23:55:07
71e7648c5decbc8e841f8dc2be52e8cf,f7886facb594e65f0c41cdbb0583b560,5,,,2016-10-21 00:00:00,2016-10-23 23:34:41
feefcfa54d68a7410c4e1886ec9f9c57,8982c5a29644a98312ad54cac13d513e,5,,,2017-02-19 00:00:00,2017-02-19 20:18:14
dce3a0c56f9b9e565dc037b54cb5d18a,9224db86cedf958891e1b1afb4ad570c,3,,recebi uma capinha menor q meu aparelho,2017-02-12 00:00:00,2017-02-13 18:45:23
95452206aa8abd78a57303bc16b736ed,a08d1f4b300c3d7ec52f5f9a74234eca,5,,Excelente...... SÓ faltou o manual do produto. Fora isso gostei muito.,2016-10-27 00:00:00,2016-10-28 10:03:06
aecc54e3c8199cb3a3406ad318513791,b1253279f7cb2552c9625335aa5ff684,5,,,2017-02-16 00:00:00,2017-02-17 10:16:00
16e59e83bbd6da5806285b7d8c71ed44,7081dc8aacd1f126eacaf66497364578,4,,,2017-02-15 00:00:00,2017-02-16 10:13:14
66e993fb29cd3cd3914a7a2b9c366731,e4ccaabafa125b3b39a9331b0abced9d,5,,"Chegou bem antes do prazo, é o produto é de excelente qualidade! ",2016-11-01 00:00:00,2016-11-03 20:19:42
e3d55022c4738e8ba53e56f00731ccc4,31112043c409fb9c7429a94904d314bd,5,,,2017-02-15 00:00:00,2017-02-16 02:33:10
ed5c79c4b34fc81698b8118b3d66edcc,fb975e889b11a08705d3b2734b626916,3,,"O produto maravilhoso, só não gostei da demora na entraga.",2017-02-21 00:00:00,2017-02-22 12:34:59
6b94c4fa2b44775c175116d45c5c867d,9e0ca19fb3cd696e318f58f0613ee8b1,3,,"Bom dia!
já sou cliente da baratheon a alguns anos,não tive reclamação... mas esta cortina que comprei não gostei péssimo em acabamento, fica tudo engovinhado gostaria de trocar produto.
",2017-02-09 00:00:00,2017-02-11 12:56:46
6b63898cfd07a3793858c7591753983e,bf79e4fa55a389d494f47feb2654892c,1,,,2017-03-01 00:00:00,2017-03-01 03:18:30
fab599f217e8ac6d5ef650233af12b5e,453b7a88cd66cd9e4210f05233cbf197,5,,,2017-02-18 00:00:00,2017-02-21 19:39:55
65128c95d2309170ba0cba5492047e06,d2d67121a09535b3a7b6a000e58d8625,3,,Achei um pouco demorado a entrega,2016-10-25 00:00:00,2016-11-12 21:28:56
4cfe148b101cd29d134700ba53344b3f,984cdff250754f548d7c5bb77599a23b,5,,"um bom exemplo de loja
todas deveriam ser assim nota10",2017-02-17 00:00:00,2017-02-18 22:14:22
c99a4b57e816d8512107ba7e22595cc7,58fc974f8e0ddd9ce549e3272d0140c0,4,,Chegou antes do prazo. O piso é muito prático e de fácil montagem.,2017-02-09 00:00:00,2017-02-13 21:44:59
05fffb7172e094fdad928d929e3fea51,21862ad09cda6a079859cb1fb77d5da2,1,,"Produto de péssima qualidade, as 3 partes de madeira vieram arranhadas e lascadas. Pintura horrível dos cavaletes, parece que era preta e foi pintada de amarelo. Sem marcação p furação. Arrependida.",2017-03-04 00:00:00,2017-03-05 22:45:33
49f695dffa457eaba90d388a5c37e942,e5215415bb6f76fe3b7cb68103a0d1c0,1,,"PRODUTO NÃO CHEGOU,E JÁ PASSOU O PRAZO DE ENTREGA",2016-10-09 00:00:00,2016-10-11 14:31:29
e40c852179d8d8068f524eff6a6effb6,1a2b0033f0b7a3116f00594ec5524344,4,,O produto chegou na minha cidade mas não na minha residência pois os correios são um órgão cheio de falhas com isso não levou até a minha casa tive o transtorno de ir buscar o objeto na sede mas próxi,2016-10-22 00:00:00,2016-10-22 20:00:34
4c8f0bbaf744f77039828853c4e279b9,4b417a70a89a9c265f52c8279dd489d7,5,,,2017-02-14 00:00:00,2017-02-15 02:22:31
22a5f66a17763a5fe69ce1326adb8011,969a2e70a6aea318567b09b1b165a52a,5,,,2017-02-16 00:00:00,2017-02-17 00:39:21
3b3e6bced3052cdfdc7af4d4f059dbd6,96e4e8d7578138ee620bd65cced420db,3,,,2017-02-24 00:00:00,2017-03-03 11:21:28
f3bde40ebd9d0c6b35ea17301315fd10,138ccf0b37b60dfe366b895534e55bca,5,,Produto ce qualidade,2017-03-03 00:00:00,2017-03-04 02:53:28
39d034ec02765ecda932f5cdf91b5570,54c158b7244a2d0fcb90916d6b65ef61,4,,,2017-02-11 00:00:00,2017-02-14 09:34:38
643587b39d2f6054e9a5eced092eb89e,f38755557b9876c68991673e64852af8,4,,,2017-01-26 00:00:00,2017-01-27 09:12:09
6e87a407337eafbbdb15c9ec8bbfc229,5c78f2a82781176defcf7f019892d324,5,,,2017-02-21 00:00:00,2017-02-22 01:25:41
c0001b239d903967dd453d3207023875,01f216b447564f9ea791b521db577ccb,5,,"No inicio fiquei com receio.
Adorei,rápido e pratico.
Obrigado.",2017-02-01 00:00:00,2017-02-06 13:01:36
8a2be1a0a6b43336c591d98cb6455b11,fdb3ef83ea6f7bef7d13bdd9b38da661,3,,Td corrreto,2017-01-27 00:00:00,2017-01-28 05:26:34
704129a0014cdb632224557d3fc8f40c,2b2b7a9693cc4ebba06693c88e6989d4,5,,,2017-02-22 00:00:00,2017-02-23 17:02:26
42934c7d15d19b43c49ab26ea76f6a05,28763f36038db84d7ab6ff7b3ef9774d,5,,Chegou antes do prazo.,2017-02-08 00:00:00,2017-02-26 18:41:11
a21dc3b515736548152c15ef2db71ff7,86dcddd0920dec11c6faa2276be53edf,5,,"O produto chegou antes do prazo, com todas as fases do processo documentadas. Super recomendo. 
",2017-02-17 00:00:00,2017-02-18 03:56:40
817ac770159ec269110a12f553d70628,bcf5665129063675d2d1006d95d3c813,4,,"O produto foi roubado do veículo dos correios. O vendedor reenviou um novo produto.Ainda não recebi, por isso estou avaliando a atitude da loja em me contactar e apresentar uma solução.",2017-03-03 00:00:00,2017-03-03 10:05:04
e0fd4fb84435cd327b8f7469fbc5761a,8b94c85a97b61f51a419a57e451d4e3a,5,,,2017-01-19 00:00:00,2017-01-21 13:36:12
70654f5c6bca9186dc52b53f3052c055,250d181fa1c603024562b93a8f8d5fe0,5,,"Produto entregue, testado e aprovado!",2017-02-02 00:00:00,2017-02-14 12:40:21
f8e7168fff2ee45b0dfc511ab07167b0,cea5026b69096ddae036dee16fb94afb,5,,"Excelente, ate melhor do que eu imaginava, obrigado",2017-02-16 00:00:00,2017-02-17 16:39:14
4f1b7d2fcb9be63e9f52efd4e3ac8494,a2db088616f079ceb7a0e856f8a741ca,5,,Tudo bom,2017-02-07 00:00:00,2017-02-10 02:25:23
95af9d2a1e5081039cf9d230439d4e77,65357d7465edecb310d5cfd8551f87a2,5,,,2017-02-11 00:00:00,2017-02-11 23:01:24
73ee1ac83471c6e0dc242344ead1c1ba,aa58df9711205e09b4ef6d704db7871e,5,,,2017-01-28 00:00:00,2017-01-29 22:56:25
8a5d1b6e99d3d1e8e59b1ee7f306cb01,24040647efd179bd506acacbbbabd838,5,,,2017-02-14 00:00:00,2017-02-15 11:19:00
5d0915e582f5c74ae4e0c54ac8df47b4,4d2c3fb1909604d5f9474e4675971ef2,2,,"Comprei 4 kits de saquinhos para sapatos (cada kit contendo 10 unidadess) e no dia 15/02/17 só chegou apenas 1 KIT! Liguei para o correio, eles disseram que não era com eles.E vcs nao resolveram tb",2017-02-16 00:00:00,2017-02-19 12:27:49
99e48610ad0654fe87264bc66dc10d02,3eceaafe1639eb6b25f3cd604891c218,5,,,2017-02-07 00:00:00,2017-02-09 13:03:41
8212724229caea865a16272b9da29d71,db986cb6dd75db5b02034f98fd00cf7d,5,,entrega antes do previsto. muito bom. parabéns,2017-03-05 00:00:00,2017-03-07 21:36:22
a01cf16e0129c500c015cb3bc19ed128,ab27a99818cdb3007d7a107f62ab4aea,4,,,2017-02-22 00:00:00,2017-02-23 15:12:23
51f4724104b991b9dffe763e2296063a,661e075fa45fa4a73a79dd6972bce18b,5,,,2017-03-03 00:00:00,2017-03-07 12:12:11
f3fb1fb13642b1d873f8d944952497b0,3ea870dceaaf86d0d1f024d34139d5a5,5,,Ainda não utilizei as embalagens to aguardando a máquina chegar,2017-02-10 00:00:00,2017-02-11 00:49:45
9190e6754710d977b6bc3185688e3ffe,7d7bf3ee337c36ce012762da5f28f53a,1,,"Um absurdo um cliente se sujeitar a um prazo de entrega demasiadamente prolongado e ainda assim, não receber o produto.",2016-12-03 00:00:00,2016-12-06 14:46:16
6f8c1ef7f89ff93c9ac72287c1316864,a1597cc7eca8c8d095e5de327444d9d0,5,,Muito bom! Ajuda muito!,2017-02-14 00:00:00,2017-02-17 02:19:12
ffe4b0eb9c831fb681f3606b8a2d4510,de1404a068c6c8c909897886a314bad7,5,,"Produto chegou bem embalado, e atendeu minhas expectativas.
Super recomendo!!
Parabéns Equipe baratheon.",2016-10-27 00:00:00,2016-10-30 00:27:55
d674c265c1b5c2cc34594ae6fbfee3a7,a8846701b9f3e21e64c9062ed3f4dfd7,5,,Foi ótimo chegou antes do prazo,2016-10-25 00:00:00,2016-10-27 13:26:50
af980ca9bafbc96e2fbb0576a76310a7,7cb5aaf8b7b7b439174c2e4efdf4c7a3,1,,"Paguei pelo produto e não recebi mas no sistema está como produto entregue em São Paulo e moro em Faxinla dos Guedes -SC. 
como assim ????
quero meu dinheiro devolta",2016-11-08 00:00:00,2016-11-08 10:01:52
96ea580701cb303b27f5e3c9dbef43ec,5d6a02cac99fa9799762b72352be69df,5,,,2017-02-16 00:00:00,2017-02-16 20:03:21
eb0a5e66d996050334014587b1c8699c,04bc36cd51141e11c2cbbd188b6e47ca,5,,,2016-10-21 00:00:00,2016-10-22 00:14:57
9f349799675fe490d2f235df04545309,1c47e7875c7c3bd3399467e179c5c3bf,5,,,2017-02-09 00:00:00,2017-02-10 16:47:02
1130c47ce90956697797af1b9e206a7e,c89051e4897cdf9edda25069d5414a2f,5,,,2017-02-16 00:00:00,2017-02-20 18:39:12
3df8316d455121a515c6e5ddade41c27,f14ad4bdd2fd477e4a9cb6e6c990d79b,5,,,2017-02-09 00:00:00,2017-02-12 02:20:39
1f4d8ed526e74cbad5e6eb9b808169ac,6d3130927406da969ab807821a93a65d,1,,"Prazo enorme para entregar o produto e mesmo assim não entregaram, péssimo vendedor.",2017-03-12 00:00:00,2017-03-12 15:56:14
0c0992dcc382b9fdf1841e88de45a140,9559e0b00c67d159a266152428f85615,4,,,2017-02-08 00:00:00,2017-02-13 09:25:51
de9f64e09412ae0a405eeaf126e4dd0d,966f96af9d189dc428ff04ebbca821b8,5,,"Produto excelente e prazo de entrega ótimo.
Recomendo.
Parabéns pela seriedade e compromisso.",2016-11-26 00:00:00,2016-11-28 12:50:21
8757f5e0a1f891b890039b0d95c321c8,4551b488487e6cfa31f9e35073d3c5d4,1,,"Fiquei muito chateada pois deixei de comprar de outro vendedor e depois de muitos dias recebi um email informando que o produto não poderia ser entregue, comprar e não receber é muito chato. ",2016-12-09 00:00:00,2016-12-09 11:16:13
3b6d3f0e034fcff7497e3574a5d917f7,9c1ef8552f9a1af4860b014689f6be79,1,,Até agora não recebi a comunicação da reclamação que eu fiz sobre o não funcionamento do aparelho que está com defeito.,2017-02-09 00:00:00,2017-02-10 16:08:54
7b606b0d57b078384f0b58eac1d41d78,f3028a8f41ea1ee2b461420913663f97,5,,,2017-02-15 00:00:00,2017-02-21 23:30:22
d429df0b5f44f13b731c74ef28e7e6c8,b04bd4e0a1a21fef81b1f24f6fb81c08,5,,parabens pela atençao e eficiencia ,2016-10-25 00:00:00,2016-10-28 17:42:46
d5cb00d607a9fcb1049e249e3622f5d9,19512a70f62306416782f963d55c8b26,4,,Gostei do atendimento,2017-03-04 00:00:00,2017-03-04 10:25:17
24ca1f6c2b1bcc4ac490dfc7ef6df752,7d960d3f481b040257655876b44e79bc,5,,,2017-02-21 00:00:00,2017-03-01 16:30:55
a31d7a5149e76bcc4724fa4604ce9898,121bf0ddd1c3d94dd344d3f0e81de607,5,,,2017-02-24 00:00:00,2017-02-28 19:32:17
1aa3762abc6098497dd7656b89228a11,41f25580214be3f00eb80620ca971032,5,,"Recebi hoje e ainda não montei as estantes, mas as caixas estão íntegras, com aparência de transporte cuidadoso. Recebi bem antes do prazo. Super recomendo a loja!",2017-02-09 00:00:00,2017-02-10 02:58:04
92b34f28a0fc57e93ba89e45123762f7,1e6025fd19451c74352d0bbf6a218bf6,5,,,2017-02-10 00:00:00,2017-02-12 23:37:48
38bc004f66fa543c42c915cd68a12779,1b01e824ff3005e8108c5112f41c219c,5,,Bom produto,2017-03-02 00:00:00,2017-03-05 11:12:13
2d84d56571c0faa1650252595226d07a,a6475bb7a50387e3c665534e15bd40ac,1,,Espero mais de 3 meses para dizer não que tinha o produto! ,2016-12-01 00:00:00,2017-01-05 17:51:36
9db61835b26b2e740f6867408e098b0b,e54493dea108e0cb48f3571e1249d418,5,,"A capa é bem simples, mas pelo preço vale a pena. recebi bem antes do prazo.",2017-02-14 00:00:00,2017-02-15 11:01:17
5ed946778dd90586a0097ad35d3a349b,e75011be2ec3dec23d2ed6757d35c792,5,,"Ótimo. Rápido demais, chega bem antes do prazo",2017-01-24 00:00:00,2017-01-25 17:00:35
2f8aa8dbfdb482c0f0b19d7063a552e6,b64ac23ab101c7a751f630414df68790,5,,,2017-02-12 00:00:00,2017-02-12 16:25:39
6bf1d2ef762c3913edac21a34ec84fce,12af24617f25e0c8cd411544f704f2f7,2,,,2017-03-10 00:00:00,2017-03-11 01:28:48
06eb874bb4498b6a876bcfbb4b1f8808,0608991422469365a7b98644f2456aed,5,,,2017-02-24 00:00:00,2017-02-25 13:59:53
3c53a50f18f6ef9d1286aff39b37e5bb,26c18b7ca7a6a870496dafd3633b3412,5,,,2017-02-03 00:00:00,2017-02-06 10:28:52
9cdeb85ff80aeed9c649875068308de5,cb27e0d6c6f92df591073fb6ad5ef7f0,4,,,2017-02-01 00:00:00,2017-02-04 00:58:46
f60e942a213a57b16dee10b28b800468,8a7f0e6d9767d52a05dd48229e24d766,2,,Estou aguardando instalação do produto em loja especializada.,2017-02-04 00:00:00,2017-02-06 15:52:04
3ffefc5bf95e02f8294b6b9b31bd9090,c8dee79811750611b390fe9501b1c543,5,,"Bom dia, gostei muito da entrega, pois a mesma foi feita bem rápida.",2017-02-22 00:00:00,2017-02-23 09:34:03
b50b479cf97c8998967015fac6825c58,7faec2979809e2590815b95ff2d7c3ca,3,,,2017-02-15 00:00:00,2017-02-15 07:57:48
9d4df583085fec1900dfac4efd0b085a,2e32dea8a4d1ae5499a67674b387bc6a,1,,"comprei duas cortinas a malha pessima,lamentavel, uma esta em fase de devoluçao ,mas nao recomendo esse vendedormas gostaria de fazer a devoluçao das duas sem mais.aparecida",2016-10-28 00:00:00,2016-10-31 05:02:55
93ad9b1bf5715100dcc1a202449a3503,fe84ed29d87230c495cd2381857dba8e,4,,,2017-02-25 00:00:00,2017-02-27 23:19:37
6d27b29dffc5e1c21c18dde921a04591,749fcca936a6d6cf6373d2b6f7d72530,3,,,2017-03-18 00:00:00,2017-03-19 13:33:26
5d369f0070f24cb17ec69c8ae95b85c3,b88cd65e1d90bf6e185bf9b6f0b614cd,1,,Minha película de vidro veio quebrada e não veio junto com o celular. Tive que esperar muito tempo e não deu pra usar.,2016-10-25 00:00:00,2016-10-29 15:24:58
0a112e1af1c42ba809f82f91217088fe,f96ae3b7b3fa4a0b2644a183d6cb620d,5,,"ENTREGUE NO PRAZO, PRODUTO DE QUALIDADES! PARABÉNS ",2017-03-04 00:00:00,2017-03-06 13:45:28
695a2518c835327a4528a6d51508fa13,ee0accd3922fa553a94aa7e875eba499,5,,,2017-02-14 00:00:00,2017-02-15 09:00:31
d17f60def571608b9b788a5d9afea3e1,09b38400b1601bc9dea9de02c710857f,5,,,2017-01-28 00:00:00,2017-01-30 15:53:26
f0b6ede24d7073851a57c4af0aa6a588,84705956de681a2d1420bd90d7667472,5,,Excelente,2017-02-09 00:00:00,2017-02-09 13:01:13
a769509180fc0edf5c536c7c81e3262f,aee92405acf40c19e4f73fb75727715d,4,,Recomendo para qualquer pessoa fazer a compra nesta loja pois a entrega ocorreu antes do prazo.,2017-02-16 00:00:00,2017-02-17 03:21:58
f96addf36d6a28a79c165d92ea17f361,e2ea01f68f92f0c55b08ca739af834b6,5,,,2016-10-28 00:00:00,2016-11-07 15:58:21
35e2715f510251e56e189b090442cb88,ef59d0e720795bd288acef80bd96d2cc,1,,,2017-03-17 00:00:00,2017-03-17 17:18:54
77f1a44e41c48bf4bd68309abc654526,73a366d399bf1947b6d62c2a4e648f27,1,,"Apesar de saber da seriedade da loja, me supreendi negativamente pois meus produtos não foram entregues. ",2017-03-23 00:00:00,2017-03-23 13:57:27
9d1ae0dd12882dd82647425cfbf35361,9e631c9b66b8485a8b8a42fce40ed307,4,,,2017-03-03 00:00:00,2017-03-23 18:36:21
1e0585db8bf20e0314a82d52901013bf,a18cb2293847a707b8ab9ccfa6445bbd,4,,,2017-02-21 00:00:00,2017-02-22 17:20:08
62ef935f312e4aada46eb94cf5938275,f7d546d5833e27f1f2815dc05d94b4c0,4,,,2017-02-04 00:00:00,2017-02-05 13:00:42
8e8cc3353ea9bd13e1450d8fa269d474,ed3d575bd3358123b063ee64cdecdef5,5,,Chego dentro do prazo tudo bem embalado,2016-10-18 00:00:00,2016-10-18 20:29:05
59261fed3094a739a572b96fc4cc7046,800527a0973637e539fec69236ce5938,5,,,2017-02-14 00:00:00,2017-02-15 11:05:34
c2d9e5306d8814e401ef083b8f93f4d8,138630e7e14855ce216a9db0cdabbe06,5,,,2017-02-03 00:00:00,2017-02-06 16:01:39
b2a3bd080217f589d4ddfe533ec7fb31,893dc49276696129a9bf6f2a9fe23e57,5,,,2016-11-04 00:00:00,2016-11-06 23:04:33
1539aec52ab4f0891d387c1ce0b59bf1,11db6666e1dbeee776c8e15fd0792c4b,5,,Muito bom.,2017-02-11 00:00:00,2017-02-14 02:17:58
74515ea15719d4a06f557320b824c8b0,98750f114ae6088d04ea0d3cfe3f137f,5,,,2016-10-29 00:00:00,2016-10-31 20:16:28
fd1b710bdb63fd4f49ddf3dbefcb2748,3ac2f9ede9c2c9be884248c857c75226,5,,Amei a Lousa e chegou bem antes do prazo ,2017-02-14 00:00:00,2017-02-17 02:33:05
d5f364ffc2a1b8f705871011979a5ef3,126da462f642d99483c0691ac474c783,4,,,2017-02-07 00:00:00,2017-02-07 14:43:23
02284c831b6710cae27c477cca3b2d72,02ff3675b59b53ca5cdcb2b6752aeea1,5,,,2017-02-15 00:00:00,2017-02-18 10:26:23
c1a78938d53284ae7e4bbc594e103789,749a31c1093994e39ecb4aef66a7aa3a,5,,A trasação e a entega do produto ocorreram dentro da normalidade,2017-02-07 00:00:00,2017-02-09 23:00:34
10630c7a4385bed89d985a043a7d9349,660e589af9553d75506968867c922d91,1,,"Solicito a troca do produto 
Recebi o produto errado 
Solicito a troca até dia 8/2/17,
Pois o produto é presente de aniversário de meu filho que será dia 9/2/17",2017-02-03 00:00:00,2017-02-06 10:24:07
d98d3d44b1d51131195e11e24906b216,488a3468338d9c4c6caa95bb4b536b90,5,,,2017-02-13 00:00:00,2017-02-13 19:36:51
3764c39bc41277dbf4e39f25e850aab7,c920c9b4a0fbe334f146d3b9822f3cce,5,,,2017-02-23 00:00:00,2017-02-23 23:42:56
429ead0d8a254dff6f01ade32794c07d,f40d3749a6d621bb95be74a8ce79e06f,5,,"produto original de qualidade, lindo, chego muito antes do previsto, transporte seguro, uma das melhores compra on line que já fiz, obrigado.",2017-02-22 00:00:00,2017-02-23 12:41:31
7d0c00030d21d80d833d2325e4242ab3,bd2623f3663c5daa3f89e6b527fd49da,5,,,2017-01-31 00:00:00,2017-01-31 19:44:37
e2c2bc61644e6ae264ac70cba4e10af4,ba78eeba3ae33579487bedc08dce96be,4,,,2017-02-11 00:00:00,2017-02-14 06:19:03
9739bda943077e7b3e52217ac59a7fb9,32163a3da27e868cf12730227576ff1b,5,,,2017-02-18 00:00:00,2017-02-21 22:53:27
3c7388d3ed1f8a85fa544ef226af7605,382447aa0ebf13393d646287fed13df7,4,,"Adquiri 2 mochilas pelo site lannister de e parceiros diferentes. A targaryen de MG entregou bem antes do prazo previsto, sendo que a outra da Pacific que vem de SC ainda ñ foi entregue. Parabéns a targaryen",2017-02-14 00:00:00,2017-02-14 23:33:28
d7486b4da781b9d7dc5484ce65868081,45973912e490866800c0aea8f63099c8,1,,Atrasos acontecem nenhuma empresa está livre de passar por algum problema de logística. Mas o fato de não comunicarem seu cliente final é vergonhoso. Até o Mercado Livre tem controle sobre atrasos!,2016-12-03 00:00:00,2016-12-05 10:33:35
ee2e913db310e9bc7c52e97c629cecbc,99e3f90c535337b45eace6f8a8a9400f,5,,,2017-01-27 00:00:00,2017-01-30 08:49:08
da0cd4b04372ffaaed0bdb2852e8da0f,8e7ef380ad5ae407dffbe2f0826cae73,5,,Produto entregue antes do prazo,2016-10-21 00:00:00,2016-10-24 11:38:29
f9fe37d91c506b29a0b4d9107f667bde,65d1e226dfaeb8cdc42f665422522d14,1,,"O produto foi comprado em 10/10/2016, não chegou e agora recebo esta avaliação perguntando o que achei. 
Muito insatisfeita!",2016-11-09 00:00:00,2016-11-09 21:04:42
e57372ed0d7016e2e11a57ca91653cf4,1a4bf675df415785d3d9b3f3521988a7,4,,Rápido,2017-02-07 00:00:00,2017-02-13 18:37:59
94d0de1e503262bd13ab330081a4f5a8,960ebed19a1d45c40c1ab0ed4dc03ebc,5,,,2017-02-15 00:00:00,2017-02-20 03:07:48
d9e6112107decfa16b78c6f17024b923,51eb3e42940efb2afe2e7546e8bf2f5d,5,,Meu filho adoro a mochila gostei do material e chegou super rápido !!!!,2017-02-23 00:00:00,2017-02-24 04:38:38
eea04af75e81c41d7ff59afecb666edb,92d731517f17c26f16182d45498c4c3d,1,,"Comprei dois mascotes do boneco Tom , das Olimpíadas e depois de quase dois meses essa empresa "" parceira "" mandou e mail dizendo que a compra foi cancelada !Paguei à vista , com boleto. Nunca mais",2016-11-18 00:00:00,2016-11-18 23:38:40
73a800e5d1c124670b154a46582477c7,de8f4a82099fe4fa6bcb8952ca51420f,5,,amei super recomendo chega muito rapido e em ótimo estado amei ,2016-12-16 00:00:00,2017-01-13 17:34:52
c03292e9306c510c3506689f70da984c,77857b5f4745e31dcc0626a9326f6543,5,,,2017-02-26 00:00:00,2017-03-07 00:27:36
53ebe680729c13da534981914a3f12a5,1f9fa4b707b82f25dbf52e6695842e8c,4,,loja muito eficiente.. recomendo!!!,2017-02-14 00:00:00,2017-02-15 17:48:16
ee40cf3e49676ed8cff459940798dfd8,3c54678edd9d58abadd6af16d0bce506,4,,,2017-02-05 00:00:00,2017-02-07 18:28:30
1eac567e75f8ca591866e61bdf456ba3,c1e2bf2b7dd3309f2f5356c6b63968fa,4,,,2017-02-15 00:00:00,2017-02-16 02:18:22
e30904765562f17185a34282ec1996e4,02d2287dea15cd93d945f1749f3288ed,3,,,2017-02-11 00:00:00,2017-02-15 01:40:30
1e5b311dda92a3cdfaf37927b78295f8,d34e369fbc5cb753012079961b615121,4,,,2017-02-04 00:00:00,2017-02-06 10:10:01
c73287a8142291c7cd877c36f1be6c5b,195070d2d0eb1da7d93b958bce36d1ef,1,,Não gostei pois me deram 20 dias ÚTEIS e depois desses 20 dias meu produto não chegou ,2017-03-16 00:00:00,2017-03-16 09:49:08
0dabdb1d239298a24de152f6a55e73df,b8297ee8722ce94cc9a2e9263124cd36,5,,Fiquei muito satisfeita pq chegou bem antes do prazo final.,2017-01-31 00:00:00,2017-01-31 22:19:15
8377ab2b2edd9909e86b15dace1b310c,a8305d2dfd60042d6000b3de3bc533a3,5,,,2017-02-02 00:00:00,2017-02-03 02:25:16
c557f1f8cc26c5d4acc80a7d850c1305,ab0c90a5da04e0132ea07c113bedec0d,4,,"Ótimo produto
",2017-02-10 00:00:00,2017-02-13 11:59:56
bf22d4de761586bc179a51b588be9a2b,6f748695717d537b882406da58acefec,5,,,2017-03-04 00:00:00,2017-03-04 19:23:13
b2fc2fac36fdef519925b2f55a95d8e4,85841af0d94e5d0cd3a9c0e42e565b74,5,,,2016-10-18 00:00:00,2016-12-06 20:48:13
d148e91322399dc2090eb677c2e26e68,7cbc58346dce935abff14a7c5a0488f5,5,,,2017-02-04 00:00:00,2017-02-06 10:25:04
b8a4cd9e9d1cb280885f649a09edd966,5590b02a48dbcd875b82f7e97c4c5ddd,5,,,2017-02-15 00:00:00,2017-02-15 20:50:55
51f6f3bf59d0f3b2038c78bec45e8288,23b051786ba773bb672b5c49456b8511,5,,AINDA NÃO SEI DA EFICÁCIA DO PRODUTO. ,2017-02-22 00:00:00,2017-02-23 13:30:08
f264a3e683269afaacc8190d2395aaa4,f6b0fadc7a8c63ec71d0336d21b8c630,5,,Não coloque ainda mas se ficar do meu gosto comorarei mais,2017-02-15 00:00:00,2017-02-16 00:09:57
a1e95908a1837f826a811efbddb60ebd,bd7585a77f0aa76b3775bb68fb293356,1,,,2017-03-11 00:00:00,2017-03-14 13:24:09
76195d97e334d919f28c656d21ede3fe,eb9cf2c383ca81f5d9750cc9e75fef41,4,,,2017-02-02 00:00:00,2017-02-02 22:31:44
fbd9cc5a7770c84243e9701ac9ac2309,75f1f96566e2fbecc5fe22dd4f16f8e8,2,,Demorando muito a entrega,2017-03-16 00:00:00,2017-03-16 11:29:28
b212b7df25b4bd6fdc43df8e43c6ed3c,b0cfee6ce5503781be6004e0e31e4309,4,,Gostei chegou no prazo e o atendimento fui ótimo recomendo ,2016-11-30 00:00:00,2016-11-30 19:39:33
abd41883b42247d56967cfebfa2c831a,a241bea87dcdd0160ca94ebdba5bdbb9,5,,recomendo a todos os usuarios do site pois tudo foi conforme o combinado.,2016-10-19 00:00:00,2016-10-20 00:34:22
f2eaf5f8f4146af31469cc3e230822f9,afa17ebff8d7e00d7c9e04860c7ddcea,1,,,2017-02-23 00:00:00,2017-02-25 13:57:47
84361ab4c64dc3485a2b89e15c50d1f5,736bd2c49bc856e7dbaf8106a23036f8,5,,,2017-02-10 00:00:00,2017-02-11 11:43:17
35b3975c02966653b245a1c575bdde90,7d5a1a738b20a4220f8673e0ee63bafc,2,,,2017-02-09 00:00:00,2017-02-12 17:17:59
0aa8b628ffe8130e26b668f9f3a2f6ef,f7310018040436b01ab03f81b301b5de,1,,Realizei minha compra no dia 10/10 porém só chegou 1 produto sendo que paguei por 3 unidades MOP Spray. Estou muito insatisfeita inclusive com o atendimento.,2016-10-25 00:00:00,2016-10-31 16:21:14
e22082f45ef8d3e09a4ab849b94c3b5f,e9beb67cf376905f8cd308ef0f02071d,5,,,2017-01-28 00:00:00,2017-01-29 04:00:44
af73e2ba5098ca6c02e8079aa82bfa78,c3ad507aba1f6b47354085e7e6bed0cf,2,,Pedi uma colcha 100% algodão e veio 100% poliester.,2017-02-14 00:00:00,2017-02-15 16:47:38
c5a815f89971cd69e828bc8c2d992524,8d47519f5c9c42540b37bd3db0492878,1,,"Demora absurda na entrega do produto, isso é se eu vou recebeR ele né ",2016-11-08 00:00:00,2016-11-08 23:45:47
05a82ef7eec443d16dd35560ec541067,ed5c53daefe487fab95ccd2afaf61bb0,1,,Demora. Eu compro tudo pelo baratheon aí vem tudo separado no cartão. Pq as lojas são diferentes. Horrível,2017-01-27 00:00:00,2017-01-28 11:04:27
82eb76bdb44b3756b814fc2a287ecaaa,670e3b20191d3198a76069c8f9b12355,1,,"Não entregam no prazo, fiz uma compra no dia 3 de fevereiro e ainda não recebi minha mercadoria e nem satisfação dão ao cliente.",2017-03-15 00:00:00,2017-03-20 01:24:57
9cae90990e603e0c76153b5abf344958,38e2829123a2bd1cbe111564824d0abb,5,,"Cara, sem palavras esse serviço, me prometeram o produto em um dia e chegou duas semanas antes",2017-02-10 00:00:00,2017-02-11 02:42:14
c2c80234ffa1f9d165ab9d4586947bc6,9a535db7017bc4d84dcfdd14e9a8cfcc,5,,,2017-02-08 00:00:00,2017-02-11 19:35:13
e21c9cb306617ffae4993c097d5a767e,8c11e7320d48d441627a82aa47d9afc1,1,,Demorou 2 meses p depois cancelar,2017-05-13 00:00:00,2017-05-13 12:03:53
3388a00080894e49e5299e6880a149e0,05bfcf9e287cad216cadb8a850f8db5c,5,,DEMOROU 1 POUCO ...MAS CHEGOU CERTO....OBG,2016-11-08 00:00:00,2016-11-09 10:32:07
84abfdd70238ebaea79ccc22bf783c54,a9ad904bde6787e355771489eef73012,5,,,2017-02-08 00:00:00,2017-02-13 17:24:11
b7a660c8ef382b34812132e2b5ce97e1,4799c38fa3f9263d65b42c5f923538c6,5,,"stark está de parabéns,como sempre produto entregue antes do prazo.",2017-02-03 00:00:00,2017-02-05 11:29:06
657654f17abc5a7ce8290f148efb3dd3,a41c8759fbe7aab36ea07e038b2d4465,3,,,2016-11-04 00:00:00,2016-11-04 23:45:17
77e0edd9f898d8667be3a63d802c1021,00b4a910f64f24dbcac04fe54088a443,5,,Tudo ok,2017-01-27 00:00:00,2017-01-29 21:31:09
dbf347b3a608b8550ee645b0f4e4dda9,f001655c8c646cd1b5185bbc2e7534f3,5,,"super recomendo, sempre uso esse perfume e gosto bastante.",2016-10-27 00:00:00,2016-10-28 01:19:59
25e763e90343211b843cee36381d6ace,27cbba95b3a45285af049060be4d4d10,5,,"O produto é muito bom, foi entregue antes do prazo, excelente vendedor eu recomendo",2017-02-10 00:00:00,2017-02-11 02:30:32
bac56acc30f6040aeeacaeb3cf2b90cb,b4e9e179195a7cee910bf458c5b6e01e,5,,,2017-02-09 00:00:00,2017-02-13 19:12:09
580066f61102553a84525b7a5ebbb4a3,5226f1a731e8a1215da5e1bea64e2130,1,,"Me deram o prazo de 26 dias, para entrega, e restando 4, me informam que não seria possível, a entrega de meu produto.. Simplesmente ridículo.. ",2016-11-23 00:00:00,2016-11-26 02:30:52
e062b869874884605b94cb557036c158,91d1bf2b7745903cb0d17162d1bbd750,4,,,2017-02-02 00:00:00,2017-02-03 16:57:17
bb642041ee3343e275209058979d2c6a,59093e9d4ab91f46ff314e966e4268c1,2,,"Comprei o kit colcha com cortina mais até hoje não chegou o produto
",2017-03-14 00:00:00,2017-03-15 09:32:35
d473f177fbb6e38f237c722e68b477aa,9de58a725e435fc7ff5d41e6d8691788,3,,"Recebi a cadeira correta, porém veio com um pequeno rasgo no parte superior do encosto.",2017-02-25 00:00:00,2017-02-25 11:36:10
e1f1a179012bd81f9be17a9ead1b2677,b9e69989a006047e2c8ee665b51b10db,5,,,2017-02-16 00:00:00,2017-02-20 16:05:07
99cf4b1fe24caeedad78dd03c510e985,ecb1a8e8b5c6316fe7891f7b556fee28,1,,A lojas lannister possui o produto na loja e não quer me enviar e o parceiro targaryen somente depois de dois meses após a compra quando procurado disse não ter o produto disponível. Eu quero meu produto,2017-03-23 00:00:00,2017-03-23 14:15:58
01227b8828103ae50239bc06e8f4eb7f,10271ddf4e66d7ebde86598c2447761d,3,,"O prazo é até abril, ainda estou aguardando ",2017-03-19 00:00:00,2017-03-19 21:53:20
7e48aa2d51b708a31ce5fbec896ff1c3,f6b63a36cd2dd4fd184e6da3f911a4de,4,,,2017-01-26 00:00:00,2017-01-27 13:42:10
7d58a5b4bc501c1ece8972fa04351be2,36989eb07a0de2d3d3129eea35553875,5,,"Chegou como esperado, nada a reclamar. Produto de qualidade e bem acondicionado.",2016-10-20 00:00:00,2016-10-21 01:50:25
4d64cf40c8e65b3e4ebfa2f76c32326e,ce678bd6591f2487c9b4f5af45b4619f,3,,"Realizei outras compras pela internet em datas posteriores a esta compra e já recebi os produtos.
logística deixa a desejar.",2017-01-24 00:00:00,2017-01-26 10:45:38
3771f27e23384b6eed410db0757193dc,fac9ad2862283f6ebbb3c67abc842db6,5,,,2017-02-11 00:00:00,2017-02-17 12:11:03
1eb629865d32d54bbb43d0ac17134d9d,942cb81b8e0a2f33510159729f69d8b1,5,,òtimo serviço,2017-02-09 00:00:00,2017-02-13 13:18:05
ed5c454256c5082cc493e327c9d6dacc,da0571dd2e59b32cca46279a02bfb40e,5,,,2017-01-25 00:00:00,2017-01-26 21:42:05
8ba47b898687477411c0c4c1e62e3513,24e1c731364b64c76d98e985bfdbef77,4,,Recomenfo os entregues no prazo e petfeitas condições ,2017-01-24 00:00:00,2017-01-25 00:05:58
ea6684a24ae1cd3a96543b544991e649,768b4cf8bec9afe5a1f39b8e3c3e8cc0,5,,,2017-03-04 00:00:00,2017-03-06 18:56:20
01217c69b27054a1cf6c82c41e7703af,d3a3e3dd365abc6013aa6321b0c12c79,1,,"Bom dia! O produto chegou dentro do prazo de entrega, porém chegou quebrado, estou tentando falar na loja, mas ninguém resolve.",2017-02-09 00:00:00,2017-02-10 10:04:33
0470dc0735250a0007e009a0068b3374,a41b16eb820cfb62112086ea0a18dee5,5,,,2017-02-21 00:00:00,2017-02-24 10:56:04
72a1098d5b410ae50fbc0509d26daeb9,df56136b8031ecd28e200bb18e6ddb2e,5,,,2017-02-07 00:00:00,2017-02-10 10:46:09
fc35cf08ab23f83e759a28af9e5953fd,b73f09200030e4970b9840b72a630e45,5,,Entrega rápida!,2017-02-15 00:00:00,2017-02-15 22:25:06
663de98451ef8785972482d84156ac0d,0b3407e419ef6be66392971885acce73,2,,"Desta vez meu produto não foi entregue corretamente. Pedi e paguei por 4 unidades, mas na verdade recebi apenas 3. Estou no aguardo de um retorno da loja.",2017-02-11 00:00:00,2017-02-14 09:11:02
a6123a3915b677fd524c6e334d334d26,1b2d622f7ebb8e65f7de3e389f052540,5,,"demora um pouco pra chegar , mas o produto é excelente",2016-10-28 00:00:00,2016-11-02 17:44:12
6e914f7160e0ff38eae0314fffc3918f,337788b92e1812c7665aca6fd8b611e8,5,,,2017-02-11 00:00:00,2017-02-12 04:47:36
c85afda1c8b28f286e6bd96b0dada99f,05a971ae7a83a0b371ae1b5bfc45514e,1,,Fiz uma compra em janeiro e ainda não recebi. Nenhuma explicação sobre o atraso. ,2017-03-19 00:00:00,2017-03-19 04:31:05
843acce35ffed0c646c20d64550db7ab,dd11631d8b02780b78bd97ec44a1ca8c,5,,Super recomendo; entregraram no tempo certo !,2016-11-05 00:00:00,2016-11-07 11:32:49
be38ead76ec3449b66af9b572add59e0,4fb7f38042d214ada4d81cc23d228cc8,5,,"Recomendo, porém, o prazo máximo de entrega é muito extenso, sendo um único ponto que deixa a desejar.",2016-11-17 00:00:00,2016-11-21 18:40:34
cda941ffda272c247bdb2247d5f56c7c,c5e86e382215a14b35e8a51f1110f39d,3,,Meu filho gostou bastante era o que ele queria ,2017-02-04 00:00:00,2017-02-07 00:51:32
aa27bdde236e6f9db947ba932d59d1ef,17eef98a45132ca576588788ed401b96,1,,"Produto veio sem a caixa original , riscado e sem a nota fiscal .",2017-03-04 00:00:00,2017-03-08 10:53:43
2828785626837da1776381ed8e1a234b,ecfec80cd0ce1a66543b6bd5e278a76b,5,,,2017-02-12 00:00:00,2017-02-14 10:14:41
71fbc1feab3216ba3f837a9dbc36d3db,616b813dbea8acc9de0ca0380cd89b83,1,,produto de pessima qualidade e a loja nao retora pra eu devolver ja pedi no dia 1 depois q chegou ate agora nada,2017-01-31 00:00:00,2017-02-04 00:07:36
04b84feb08271e8c40cfd6fe82e2cdb8,8b160e3e272dcca4665850aae31ae6fd,5,,"Excelente material, recomendo. Chegou bem antes do prazo . ",2016-10-27 00:00:00,2016-10-27 20:35:59
4837ed6e891788ecb3511e6f97699fd6,e01e0edd184fa69973f66cfc1fde15b3,5,,"Produto conforme descrito, entregue no prazo.",2017-02-07 00:00:00,2017-02-09 22:31:42
d6bf917f19cd51622bf95a1e686a779e,7a7d2c889e27d93b2005462a8788e168,1,,,2016-11-01 00:00:00,2016-11-03 02:12:04
1265e727264e2bdc5dea6c6df4567ce9,3ff04db80f0b2c359e8e47fdb913d826,4,,"Adorei o produto, tudo perfeito e o melhor chegou com muita antecedência da data da entrega. Sou cliente a anos das lannister. Eu recomendo a loja lannister e o parceiro targaryen. ",2017-02-08 00:00:00,2017-02-08 23:23:35
47e0415219ec587184bc6e4031f204e9,27ae3ad0516a9b55f2236e24f690e01b,3,,,2017-03-04 00:00:00,2017-03-05 14:45:19
3ba7ae5f7b59a0126aeced383ff2586a,dd480c63548e3c0b7219520e3784ebd2,1,,Câmera com defeito estou tentando entrar em contato para troca ou devolução não consigo .,2017-02-09 00:00:00,2017-02-13 16:12:45
7999fc29eeb737df6f0fbd69f0c98642,dfd954e67c5eeaa6432cdc40a6b66d73,5,,,2017-01-31 00:00:00,2017-02-03 09:13:08
66cc728301f6c4b14f947d8549f3dbdc,ed6878f64d1bb00f07e210dfaaf9e4d3,5,,Excelente produto,2017-02-02 00:00:00,2017-02-03 13:16:07
915310a857ed069e15c702f26e282e0c,8a2c407ae60a30f282158e16de83fc2c,5,,A cortina é muito bonita e o tecido de qualidade!,2017-02-14 00:00:00,2017-02-15 12:47:09
b118cdef6c3c167e2c6b4db66a80c9f6,abef8b5d0f7fa066c7473db7d650c870,5,,,2017-01-26 00:00:00,2017-02-01 15:37:28
ee2a725b65382d6ba40b74c2142dcc89,bb9fd560a08ca7403789dedaca85da14,5,,,2016-11-06 00:00:00,2016-11-06 19:50:04
55ed1b45637a112301118d60fc1bc3ba,36aa7a4fce4353a2a7f6d2aa9448900f,5,,,2017-02-04 00:00:00,2017-02-04 22:50:06
fcc801c097d650d0a0acae28a952cc1f,b0f913cb83681e8a8563b96b641b3e1b,5,,"Produto chegou bem antes do prazo estipulado, mas tive que ir retirar o produto, pois não era entregue pela transportadora.",2017-02-08 00:00:00,2017-02-09 09:48:57
10360cbb383db4c9faef0538c7eb51d3,0c22166d9f7e5761e397affa5af438c7,5,,,2016-11-01 00:00:00,2016-11-03 10:58:51
4d6cf326697cc22327cbab8433d135b7,917ca364b9fb9460dee6ea613ee2a5ab,3,,Quero trocar,2017-02-16 00:00:00,2017-02-16 22:47:05
dbaaeb59a41b4add90b81986613b783b,511c9c59155679bf85e46829de6bf067,5,,,2017-02-25 00:00:00,2017-02-26 12:47:26
99c910f824dd459332143db8c3cdde19,6b686186d43eaa21c407ecf34ebb9ee6,4,,O frete foi muito caro,2017-02-04 00:00:00,2017-02-07 11:33:18
6573885e5a81f41e87e99c41a8a4beb3,8c10b4712b6c450e49bcfb6b1e48449f,4,,,2017-02-08 00:00:00,2017-02-11 06:38:19
991fcba8b650fa3139109cdc7b73cd35,82bfafb84a5843f06b8c3983edb1883b,3,,"o produto parece ser de bom corino, mas suas presilhas de elástico se arrebentam, o velcro mal costurado se solta, não tem furos para os encostos de cabeça tudo tem que fazer, danificando o banco ",2017-02-11 00:00:00,2017-02-12 10:19:38
fb6468c0b5ac28b46132dd01cd1d8e7f,d7449e15f5045562074cc57796341cf7,5,,Excelente. Mas só funciona depois de lavar duas vezes e secar o cabelo.,2017-02-21 00:00:00,2017-02-24 13:43:26
005a68c1e45d2ef683bbdc7354c9d3d8,db0b12b763f716df3f27218724161479,1,,"Comprei 2 mini bike e só recebi uma, aguardo retorno.",2017-01-26 00:00:00,2017-01-29 13:30:24
23fa14c02b3f4afe82b700e09558a7d6,f1c678e4d14a34ff56f675634bce6b15,5,,Produto em fase de teste.,2017-02-17 00:00:00,2017-02-18 09:40:43
24f29af7e0160915b63db804ec27d87b,d82cef48824870df9946d57e827ed727,5,,"Vendedor muito bom, chegou bem antes do prazo,
produto de boa qualidade e super bem embalado, adorei!
",2017-01-17 00:00:00,2017-01-17 12:46:57
9dd0a592e0b22ec019eb8cef1dd43eab,3440f090efa1949bc4e9ebd0b89b2b6c,5,,obrigado ,2017-02-12 00:00:00,2017-02-25 19:48:27
e4796bf78ba0231079e95dcef8c1047c,66ac12943c406c5706fea2ce7a74be9e,4,,"Amei o bebedouro,muito eficiente cumpre o w promete!",2017-02-16 00:00:00,2017-02-17 10:13:47
90e4094406fa166ca3c729a7a387e678,0a1ad2c293c3baacc6b2c2d442c71acd,5,,,2017-02-08 00:00:00,2017-02-10 19:51:13
e75346401b7cced62b4aa709ba3d0edb,5cb8558cbb7c0c2f00f43468579d3e3c,1,,"Não entregaram o produto e se recusaram a fornecer explicações sobre o motivo. Pedi maiores esclarecimentos, não obtive resposta. Pretendo resolver na justiça. Fui lesada! ",2016-12-07 00:00:00,2016-12-07 11:50:03
32a7d2f14054aaaef8294a211edc5c8d,e01ddf23188e7eb714114d4ac5e8952b,5,,Entrega feita antes do prazo e produto excelente!,2017-02-24 00:00:00,2017-02-27 16:06:59
b76dccccf931b39da7e711650a4cbd2d,c253cb678b5c3b8e8c9a13fc97d8e7f5,4,,o produto chegou no prazo,2017-02-15 00:00:00,2017-02-18 02:35:57
13ed261b755adaf81d0ced69dfdb4bad,10dd6db4f61345e5fdaeebc10db28a72,1,,"Só recebi uma fronha,eu comprei 2.",2017-02-24 00:00:00,2017-02-24 19:26:11
771ee053fb5f42c27d39f08b49ed5c2f,1b122a7be89622f672bb41380a83b69f,5,,"Chegou antes do esperado, tudo certinho",2016-12-03 00:00:00,2016-12-06 20:17:42
91f4ebad84eb7ab66b20131c6dfdea65,203f106e5b8bad1587426f019709014a,5,,,2017-02-22 00:00:00,2017-02-24 13:56:11
1e62b543d7ae8b7e34469813b8889141,b495ec18170fb28a3610c8d3ab464442,2,,,2017-02-19 00:00:00,2017-02-22 17:57:32
8f2d330759b2274b7ae54a722538af78,c1218dcc236c1b2e5d2e9e4313127c0b,5,,,2017-02-16 00:00:00,2017-02-17 03:45:34
ae07315189904bd10f6776210f30baf7,3ff488af63223ea08fce4e9db03a82dd,4,,,2017-03-10 00:00:00,2017-03-10 19:39:29
9ca6ff986e87a2dbeb8f292f67048da5,fd930246eb1c751ee75add493e49ea34,5,,A entrega ocorreu normalmente. Recomendo.,2017-01-26 00:00:00,2017-01-31 00:59:39
16b23504ecebdbf6f75ce8addfd7e755,127b06830315a6224e76085943d1f565,1,,"Solicitei e efetuei o pag. dia 07/02, além do prazo de entrega muito longo 22/03, até o momento não recebi o produto. Sugiro um prazo menor e que evitem os atrasos, pois está me ocasionando transtorno",2017-03-24 00:00:00,2017-03-24 17:28:34
2b850af2c597ea87d8981d33c08402d3,9eca84d28a0c3cd0746a25f588705d30,2,,No anuncio diz outra cor,2017-02-19 00:00:00,2017-02-20 19:53:00
f2f0ea60f35720305ee3b865a9298a5d,540b7d70e38348c6a2412ede9e1f1f2a,5,,Atendimento muito bom.Recebi o produto antes do prazo.Sempre fui bem atendida .,2017-02-15 00:00:00,2017-02-15 21:15:12
cd7bf546cf9c0b1eba72f0b043a623ea,cd3ad05bdb70488e29c3afb5641cc178,5,,Atendimento excelente.,2017-02-04 00:00:00,2017-02-06 12:15:32
52673d81784723f9d94815b1806d6dea,edbcacae5cb8f20f789d86dc0cf80ade,3,,,2017-02-09 00:00:00,2017-02-11 17:48:30
0bc766ea44c111133862b91b15cdad27,f9b2c72f5d0ba6455790c6e26e4551b4,4,,"me entregaram antes do prazo
",2017-03-04 00:00:00,2017-03-06 01:44:17
cfd1a90938ae22eb9738d386bf8cbe5b,89f586f0cbddc6428831c41c8c333c66,5,,,2016-12-04 00:00:00,2016-12-06 12:18:05
9f2d41929815ed9877f3da6897fd1bfa,c6be81e3c1e9e15e5893e19d7ce49647,1,,"Primeiro me ligaram que não tinha a cor que escolhi no site. Posteriormente, recebo um mouse com fio (sendo que comprei sem fio) e não é um mouse gamer (conforme consta no anúncio). Péssimo produto.",2017-02-03 00:00:00,2017-02-04 11:15:15
41cfb3737b4d3a3790f4f56f95dd6cc4,2a3d67c0d2045bf67abb3d8f320ac29f,5,,,2017-01-27 00:00:00,2017-01-30 06:57:57
35166e4e735bdbc0d586522eaadbf563,cb29497c3782a76b57327c055d58b0e0,1,,,2016-10-30 00:00:00,2016-11-01 20:14:18
8b74f43d549f42c087b12fc596d613fc,26258cbf6d2a9914460dcb10876cfd01,5,,,2017-02-22 00:00:00,2017-02-27 14:30:07
ab2e034121ea2d0235db4d43b83fba5b,67e9625c39f8c6e529f81ad4c28acc5e,1,,Opinião eu não tenho ainda pois ainda não recebi a minha mercadoria,2017-03-16 00:00:00,2017-03-18 17:18:04
68527c158a36d2fd93c284664ccc6dcc,8c72f52f7655510c1ec81f3b9019c638,1,,"Pedi voltagem 110v 
enviaram 220v
não recomendo",2016-10-21 00:00:00,2016-10-30 18:43:13
c07e9546adfe76e4608abc78895c293d,a48abf79f4b815add190fb96a34c058d,5,,,2017-02-15 00:00:00,2017-02-16 11:47:56
c2901c066e9e11b83096d434df7970f4,75729cd39e546ea4083ab7f3859bb745,5,,,2017-02-21 00:00:00,2017-02-22 00:45:57
a642e0f91034dd80a7d41d079da556dc,5897449bce69856d88610b3c0f4f63b5,4,,,2017-02-10 00:00:00,2017-02-10 23:05:17
71e48d95a76ba9bd36f00f1c519f328c,49c89a2aba7f8f079681f6967d846465,3,,,2017-02-07 00:00:00,2017-02-13 10:58:28
24c08f393f2d716d30adbd58e9a6939c,59e7ca596664da0a459a145eb95cc9c5,1,,"Não recebi o meu produto e nem fui avisada da falta do item na loja.Quando entrei em contato,quase 1 mês depois,é que fiquei sabendo que o produto não seria entregue pois não havia mais em estoque. ",2016-10-27 00:00:00,2016-10-28 21:09:40
1d02d273e5294f2d99baf4b6e8d529a7,3461c4b04fb9c6ecc30aee1e099bd1e1,5,,O produto veio bem antes do prazo. Parabéns pela logística excelente.,2017-02-10 00:00:00,2017-02-10 22:24:46
4a23dcf78dfdcd937180e8ec0c301799,594bad57a253656f86d8282c5365be89,1,,AINDA NÃO RECEBÍ O PRODUTO !!!,2017-02-12 00:00:00,2017-02-12 15:16:39
a7326b185d9e7fb69c284191c0b6aee4,c867dd64bd728f7a87d1c868c7c2c33f,2,,Comprei uma capa na cor preta e chegou uma dourada na nota fiscal vem preta mas quando recibo o produto veio dourada ,2017-03-07 00:00:00,2017-03-07 19:21:58
8791beebe13573937f46dd9f7add46e6,2a940654991b7eaeb541171e5e1d497f,5,,adorei o produto recomendo ,2017-02-18 00:00:00,2017-02-19 03:38:50
9f3315fe09a6ae1371624d76d1072ed5,6c7481b5566c6a3821a91a05b0f9f7c8,5,,"Chegou rapido
Produto maravilhiso",2017-02-09 00:00:00,2017-02-10 03:19:49
19232d185d499934b048f16285e6d20e,89898719573722b59b173f76fb213501,1,,Não recebi até agora! Não indico,2017-02-17 00:00:00,2017-02-23 02:36:21
1e6d4c8f20a4ff9e58a72cde81eed6ed,fb520e46696d1669a96549c252ed177d,2,,"Extrema demora na entrega. Aliás, nunca tive uma compra que houvesse tanta demora. Peço ajuda do baratheon para resolver esta entrega. 
Grato ",2017-03-24 00:00:00,2017-03-24 12:45:56
eb37b493f1df329bd53aca24032f9b77,5c5c9fde60ffb741545cf2608e8c12ca,4,,"Sei que esse não e o canal ideal, estou ha dias tentando realizar esse cancelamento e não estou conseguindo.
Recebi o produto, porém minha filha ganhou o mesmo produto do pai. Preciso cancelar.",2016-10-19 00:00:00,2016-10-19 15:35:52
bd5db39f8c74d5d01fe36048af498ed2,67adba02e0955286954975ea56f9d17f,4,,Produto entregue em ótimo estado e rápido ,2016-10-27 00:00:00,2016-10-27 20:15:18
4944298a61e1ca7181137568ec543603,71d85c2db870a3606e1ef292aec2d5b0,5,,Eu recomendo lojas lannister ,2017-02-22 00:00:00,2017-02-24 23:25:49
78c10ee8df4e47dc877c682fa71855f2,56ef80c564f6fd57cc662adee0379746,4,,,2017-01-24 00:00:00,2017-01-24 18:37:16
3e769b42496ad5804f129ea866de410f,40599d3d28b75746952ded75566637b9,5,,,2017-01-17 00:00:00,2017-01-18 11:16:40
077a84be3ff4a3032abf96dc389c640e,04770bff63a120fbf0eea1f62b84f8f0,1,,"Estou achando que está demorando muito.Gostaria de saber porque.Ja passou do prazo.Aguardo tetorno
",2017-03-12 00:00:00,2017-03-14 11:42:37
fb38746290e59414890332e6f58891a3,72bdfd404277294c8a974c65864ad82a,5,,Meu pedido chegou antes do prazo e corretamente. 👌 Obrigado👍,2017-02-18 00:00:00,2017-02-25 02:25:49
5d81c62be8e72b14a0c9b208ffeb5d5d,6e0d2539e48e84296bae6290de41058c,5,,,2016-11-18 00:00:00,2016-11-19 10:01:20
ba9b3a28818c282d335902c097e3caa5,5965bbd72c3ca0d9634419437ca53897,1,,"Anunciaram o produto no site, depois de comprado e pagamento aprovado, cancelaram porque não tinha em estoque!!!!",2017-03-10 00:00:00,2017-03-10 10:31:22
9919dd8ad2b1f607633932a136fab5b3,3385c99ff53af3e0f1115d79f6165d6f,3,,"houve muita demora no envio do produto, mais de 10 dias para enviar o produto, o que parece que a loja não tinha o produto em estoque, ou foi descaso mesmo.",2017-03-17 00:00:00,2017-03-19 12:51:26
4a6d0a6681e9cef5e488af3ae2f66e1f,15b1aceab346b46189a6eea3b6f4b951,4,,,2017-02-10 00:00:00,2017-02-12 11:15:29
dbc88889206ebba63cb7c3cac83b2a04,492e7cf9df2e0665bd893b5cbbcca6a3,4,,,2017-02-14 00:00:00,2017-02-15 19:48:54
bbd388434266c295188c05832f8ceaa6,845f40bea2ead3894b6d95b621e108c0,5,,,2017-03-09 00:00:00,2017-05-11 21:30:07
94cd1042a721bd3cd16a0e2379c5a95f,d01f0aba52a4d7b2cca8d7623538a434,4,,muito bom gostei,2016-11-11 00:00:00,2016-11-11 23:15:08
4f478a68c0e7f679fb63a7ea0e82f78a,de3fbfa556cedccc424406bcb5eaac96,4,,"O produto cumpre totalmente com o que o fabricante promete.
O que me deixou insatisfeito foi o fato de não ter sido entregue pela targaryen, chegou pelos correios com a caixa toda amassada, sem proteção.",2017-02-10 00:00:00,2017-02-13 11:33:54
3cf4bf34755cabeb3baa431e78fa8524,c6444f5adda5b95c297cbb3badd3a1fd,3,,,2017-02-09 00:00:00,2017-02-11 10:20:06
26258857eb3791e5f3720fda70bdd9c4,5525c00bfd980bae1cac46f7dcf88224,3,,O tapete não é tao peludo quanto a foto... ele é bem fino e os pelos bem baixos.,2017-03-11 00:00:00,2017-03-17 12:01:09
57f2ec4c65a5f812a3c9b29ce2050491,971d58b94f7bda9a79f4847e1509a433,5,,,2017-03-11 00:00:00,2017-03-11 23:22:47
cc52cbc223bdf504ba30676b9ceeaff1,4e1d5bf07ad851a6470d6b28cfd1f1e6,4,,,2017-02-10 00:00:00,2017-02-12 22:25:07
2328414a50c82c2a786047421e6287d0,b157079a62d77688a0f66043aa1f0306,5,,"Excelente produto, chegou antes do prazo",2016-10-20 00:00:00,2016-10-21 18:07:23
951125f16af3913ad1c51688ae6161d6,42e7795ee0acd43f7392b9f31bb39c33,5,,Produto entregue bem antes do prazo aqui no RJ. Embalagem e tudo OK. Nos veremos em uma nova oportunidade de compra.,2017-02-21 00:00:00,2017-02-24 20:14:01
a6b5fbbab9aa7817bb4c058edd88d049,69ac71086ec549aa1752b27edc954d40,4,,,2017-02-25 00:00:00,2017-02-26 09:01:53
25a3f93b2c04231a3bdadca8bfe31c64,5a90bdab22ab69f4095415dd55451b66,1,,"ATE MOMENTO NÃO RECEBI O PRODUTO
AGUARDO RETORNO FORNECEDOR.",2017-03-16 00:00:00,2017-03-16 12:03:57
e7cf2b385aa5ed13397ee7ce2b977076,ca6bd54a877cb432b4fb96afe8f6edff,5,,,2017-02-16 00:00:00,2017-02-16 22:34:04
da8c17cec33070a0343b50fefb4af61c,6444228a697a97d50b23bb9fd5c7ccac,5,,,2017-03-03 00:00:00,2017-03-03 23:34:33
49948bccb9b7ea121f19369347f0320d,09514821d13482daa26aadf8c2273e7f,4,,,2017-02-19 00:00:00,2017-02-22 11:05:26
4a9331cb4a88ac647de22fbc722f4cae,0a2fff457eab3cadff378f87851dac15,3,,Produto simples e funcional.,2017-03-04 00:00:00,2017-03-05 10:48:37
c6e28488539aa01345618e1526c577c9,2e287cee637969033ec9ab49602e61ef,3,,,2017-03-12 00:00:00,2017-03-12 04:49:39
0b637962a16eb130be75783b53f7fa6d,60856ac7677a70cd87ad25d9b34d051b,1,,produto não chegou não tive nenhuma resposta do vendedor ate hj a nota foi faturada no dia 4/11/2016 com previsao de chegada para dia 28/11/2016 ate agora nem produto e nem posiçao do venddedor,2016-11-30 00:00:00,2016-12-05 17:20:27
d9d7fca238a89614684f66977b19c9e4,897ed337ed4c3fba920924b9143c2ea0,5,,,2017-02-07 00:00:00,2017-02-09 20:10:57
52b86c0c6f38f8867033efcc75b5ef83,adbbe31eab3ec8799e71b8fd89956464,5,,,2017-02-10 00:00:00,2017-02-13 14:10:06
8a24b9108e492e22e16764ce68fe3111,be09f109e6aa72ccad1f72f521f8d525,5,,"Entrega muito rapida, muito antes do prazo ",2017-02-16 00:00:00,2017-02-16 19:27:59
4ab0036cc708c627f64802c879394c44,a10231eb95955f12c2bbc1e34e25c950,5,,,2017-02-16 00:00:00,2017-02-18 11:45:06
d044f9a10ec7e2afd06e9052c5864d1c,b92e445b2b63be72a4cd1001e20826bd,3,,,2017-02-16 00:00:00,2017-02-19 13:21:27
b9f1f89a968225a1a61488287dbd1e9e,6561b237241a2fbd514d45440cd1b349,4,,Muito bom recomendo,2017-02-22 00:00:00,2017-02-25 10:12:12
c3682d2306d35a08c131aa228bb3ef2e,c870c1f3a9ba62194d1060c0accb18dd,4,,,2017-02-02 00:00:00,2017-02-04 08:19:08
b32e5d462794e70a6e61ed17f6c51609,cc008d324278200689ee451a547b97c3,4,,,2017-02-09 00:00:00,2017-02-10 13:20:20
6f0bd210eec56287b7939b049fab066d,339cfa1a6bf1f4f0c50db99c5255b714,3,,,2017-02-17 00:00:00,2017-02-21 11:28:55
532bf4ee6c724f36e8869b7bfa39d4dc,9abf2c67162c8756e2733a5f36e0ed12,5,,As almofadas são lindas e divertidas ,2017-02-22 00:00:00,2017-02-23 07:25:22
e37a5af7813907b10bf86eba70761dd9,a7765f04ecc5f2e0683f08a97ee8174e,5,,"Produto muito bom superou minhas expectativas, entrega foi bem antes do previsto, pediu 32 dias úteis e entregou com 8 dias úteis porisso eu recomendo a todos e de confiança parabéns",2017-02-09 00:00:00,2017-02-10 17:01:40
70b2d1884a1b143fe176951713da46e7,f7a13f20a5890267b58c194a333edfe9,5,,,2017-02-16 00:00:00,2017-02-16 22:33:12
304470f2ff10f804a03a0db90857b2d5,1962f977f7b7b5eb73a3c2c39bbc93b5,5,,,2017-02-01 00:00:00,2017-02-01 23:54:51
ca514a4c482df7a74fa097aebd4af3de,6acecf438369055d9243e121045cca74,5,,"adorei o produto, a embalagem, o cuidado no envio. tudo excelente. recomendo!!",2017-01-18 00:00:00,2017-01-20 10:01:16
585a0799719ece8e51ad17304ea580fc,a8f7a1d76c02dc4a7c5177aee8c2b02c,5,,"Recomendo a loja lannister ,desde o atendimento até a entrega.grata.",2017-03-02 00:00:00,2017-03-02 23:51:29
990723f11bd0b080b4466e13ad7ac527,79c2ffc2f003219f466be98942ec35ae,4,,,2017-02-23 00:00:00,2017-02-24 00:58:08
ba77e3eb32ef5f7a6f46f7f1b034c76b,ae25aaffc9b89e8519bb9b5aa59cc8ef,5,,,2017-02-09 00:00:00,2017-02-10 14:01:06
7d1bf87095224ed36e57cfdc77b6b342,6f7390ae95a89ea985e0d81b189e96d5,3,,,2017-02-11 00:00:00,2017-02-14 09:33:30
58367fabcc90c26d63fac9583b47112a,9abb2627b40ff1591e62553894e6b312,5,,,2017-02-08 00:00:00,2017-02-09 19:36:06
51ea97e3ac34acadbbe87e6a47bdd0fb,8179e1a142b156c4c24a824d0bf0af86,2,,"Achei,ao olhar a foto q o produto era melhor, q pena",2017-02-09 00:00:00,2017-02-10 00:08:21
aaebc12eb6f687af2e7fefdfde7aef0e,2609c6729fdff11b1686733d0852c7ed,5,,,2017-02-22 00:00:00,2017-02-23 01:37:07
72ce5ecb356f910b132c85da360051ad,f9d794ef7ae3d5df8951beb4029a7e93,4,,Ótimo custo benefício... Comprei pra dar de presente e a pessoa adorou. Fragrância moderna e nada enjoativa. ,2017-02-21 00:00:00,2017-02-22 03:43:41
e587cf1954fc358343a8c510c8694269,5d36e8ca3ccd1262b7641467fdba0b8e,5,,Muito obrigada...vcs foram pontuais e uma loja com grande responsabilidade...,2017-02-10 00:00:00,2017-02-11 13:30:56
20b66aa9894da6141d032bf4bf0f7882,b93ffbad842670470ec41f35a317ee65,1,,Comprei o tapete e depois de 2 dia a loja me liga falando q não tinhão o produto em estoque ... Foi reembolsado mais não ganhei nada a mais ....,2017-03-11 00:00:00,2017-03-13 15:51:52
30f782b1e1a220fbf8127ba92b16c2c4,4a0401b9ac45b7c8c801fe5db8855bff,3,,Cumpriu com os requisitos e em um prazo menor que o previsto,2017-02-19 00:00:00,2017-02-20 20:35:40
fc0ad46a8b1440ddc627bd67b62a5258,6460e331ee8f69c01f1423cca48d9991,4,,Demorou mas chegou,2016-11-25 00:00:00,2016-11-28 11:36:38
e1e9755ce1f12f5a2e2c86b2c2c63dc4,c9bfa5aa446a8a2e13124ddcff398657,5,,"Recebi no prazo e como queria,recomendo o produto e a loja!",2017-02-09 00:00:00,2017-02-14 13:27:00
a6bc8568a68bab4173726338c55e6134,b4a600b2f7cc0efe40a086465eca8799,5,,"Chegou antes do prazo, o produto está em perfeitas condições de uso",2017-02-09 00:00:00,2017-02-10 09:06:35
9dc50077272395ec4c7dcf0ff89be4fa,4fe2e8b329e56a00aba9b0136b46f00f,5,,Super Recomendo..Um encanto :-),2017-01-21 00:00:00,2017-01-23 09:57:30
66e1078073f6c367187af35c86ca1650,015fb6b5f739788434fa690540f90f19,1,,Comprei duas banquetas brancas no site pra ser entregue até 13/03 e até agora não recebi bem minha casa.Aguardo providências ou vou procurar meus direitos d consumidora.,2017-03-15 00:00:00,2017-03-15 20:28:13
8f9b0f33039d9772f9cd35f2ce500a90,1a9c245550ac4d57455c5e25c866cad4,5,,,2017-03-15 00:00:00,2017-03-16 11:47:26
65e5e0396daf89b147152d2e1b23b958,7a125641d07db9def010cf07e54913fe,1,,"Apesar do produto ter chegado no prazo, as medidas não se adequaram ao que foi informado no site em ""Dados Técnicos"". O que era para decorar, simplesmente deixou o móvel ridículo. Vou devolver!",2017-02-16 00:00:00,2017-02-17 13:41:27
f3002484bca14929da6f0210517ddd84,39d0be719247e3b3a38846ba810197ea,5,,"Produto bem embalado, novo, do modelo q pedi.",2016-11-08 00:00:00,2016-11-09 14:31:04
850379a4f06fca24823be20f408dfe04,892d88aa8747d0e191d10bb0a87b9337,4,,,2017-02-20 00:00:00,2017-02-20 13:35:01
f837bc2ce327c43a4a00f1c8d44fb3fe,ddaec6fff982b13e7e048b627a11d6da,1,,"Nunca chegou o produto, deram uma excusa e trocaram o valor porcum vale.",2016-11-20 00:00:00,2016-11-20 12:49:39
a734894c8f6042aa3cd001b3a7707c33,29656da67c9da8377949302afdef7c69,3,,,2017-02-14 00:00:00,2017-02-17 00:30:17
21455e3ceb795f543f4381d8e7475196,4c775eb488939cb0be0ca90004e2f37a,5,,,2017-02-08 00:00:00,2017-02-08 22:27:23
fe4c63b47543915df2a850dbb51f6fb7,587d1c2d41167fd632fc7a7e6e6d03a4,4,,,2017-02-23 00:00:00,2017-02-26 01:49:42
15dfae083f7837c46dc362fa5b015913,3a3c98aede7994faf4c5a37cf27877d4,5,,"Fui muito bem atendida, produto excelente e entrega no prazo",2017-02-14 00:00:00,2017-02-15 11:49:33
1f26ea4c03a24622b0e842f2a1f505fc,832e8d2354732ff820bc425bf1d7cd52,5,,,2017-02-17 00:00:00,2017-02-18 10:01:33
a5e50067f0644a8dec40ef96c8eb7a81,9d57e7a9c3dae94772187f73e97d9854,5,,,2017-02-03 00:00:00,2017-02-04 23:32:17
56416302fb8560a5dd6a6d9401f1b443,16fe5fdb7f5aa0c9e841387dfec29821,1,,Não mandaram o produto e nem deram satisfação.,2017-03-08 00:00:00,2017-03-08 13:07:57
55fca7d821498b68faa2df220613a8b8,9d364f50124ed8e149404dfd3908ac02,3,,recebi o produto porem faltam partes do mesmo,2017-02-25 00:00:00,2017-02-26 15:11:01
061b09e966783810ed1cece6c414c520,b379b3d63e1948d3692990c4e0a5adc8,5,,,2017-02-03 00:00:00,2017-02-04 03:14:23
c429ba5b6d46f7f5e4b9b080ddb72939,4723d255a158f5b6c5a872264e3529c5,5,,,2016-10-22 00:00:00,2016-10-25 10:31:48
f940afe25bfdc1ec47b08eb25e7ef2e8,de96b93d26af6d6a5c3aa622e245b86f,5,,linda a cortina,2017-02-07 00:00:00,2017-02-10 13:57:33
e45636a910960a7badacd2c97ba37471,f39e2e45839475f6c0afc38589749f69,5,,,2017-02-09 00:00:00,2017-02-09 23:33:38
ce5e5725c5f923da4cf2f9c1948520a0,beeff7037aa708c19973290382629a4c,2,,,2017-02-22 00:00:00,2017-02-23 15:36:11
39bc0669c8bbebd2d7543156b804a772,bbd33e429ca683f6c4a848acdaab9f9a,5,,Amo a recomendo ,2017-02-21 00:00:00,2017-02-23 23:48:48
f834b477f8ef44384df782b2318005ea,2f9d4ee8ca77fe0951ebfe9064cad953,5,,"Chegou tudo nos conformes,dentro do prazo e de excelente qualidade as pulseiras,recomendo.",2016-10-30 00:00:00,2016-11-01 16:48:31
38d10a77c07c6a77fb06074cbd136d90,bab0a62e41a5f0abc7f04989cdd7a6fd,5,,,2017-02-09 00:00:00,2017-02-09 12:16:12
8f5d56912dc6801f0ac9f4e3ff136893,66144189f7b5fbb4eb76eb513ac33a17,4,,,2017-02-07 00:00:00,2017-02-08 22:11:25
0c95d3a2b40f67fe6c8c6ea1fbc07f23,d573a47c29466bb2e4e46aef0ff04f23,1,,,2017-03-25 00:00:00,2017-03-27 23:35:32
e874a3e376bd5ddc89e40d553886c7d0,f4026d9ae34e982204b4f7b627939d32,5,,,2017-02-03 00:00:00,2017-02-03 09:38:07
4f496df0e391550f20642cf43ee4b9ba,06dec2690e0cd75d327646a81fdba74d,5,,,2017-02-16 00:00:00,2017-02-17 04:50:12
d9c7f49d159fd1ba4a56dcf780511aef,423557ab2406aca36516f1d1b9765ae7,5,,Recomendo a todos!,2017-02-14 00:00:00,2017-02-15 14:39:26
5ec4c247f0bb095f5ad829c5a3c9e5ad,588454faf6ae4ce8b0f387e19b7115a2,5,,"A entrega super rápida, amei o produto... ",2017-01-21 00:00:00,2017-01-22 02:26:19
8630215d56f0c989d99b3047007f4996,c6522dab7d6b83ada4140b653c4db0b5,3,,,2017-02-17 00:00:00,2017-02-20 13:04:48
0108736946af083a38fe58747aaae0fb,1e5276061569fd2d678f6363fd8f0aa1,3,,,2017-02-24 00:00:00,2017-03-01 18:15:07
3781ba8d4a6a73143d9e77fab10a8864,6ff09113fd48861d786d40583b7f2aa3,5,,,2017-02-07 00:00:00,2017-02-09 22:59:50
3a5f9b85a7f3e77db41eb2a7d0eefd2d,387d6eb2681cc0d53bf68df6845a729a,5,,"Ótimo vendedor.
",2017-02-18 00:00:00,2017-02-19 00:34:33
0467560f511c516ddaa54a60edb0c291,0c995611a99f81268d859184a416f1db,5,,,2017-02-09 00:00:00,2017-02-14 15:58:44
1403c8e7ac926ea549c7cc06788d4609,b42efbd88abf3882f91928b08cf74d6f,5,,,2017-02-02 00:00:00,2017-02-02 14:22:04
6e0aa1e1ab7c533224d933fe5606d539,8adafb3466daa5395694d3a906ff9d40,3,,"Recebi 5 anilhas, faltou apenas 1 de 3kg",2017-02-15 00:00:00,2017-02-16 15:24:27
b6b0a12d2773626f91d27927d9bd0dd2,830f207231f6336678cc44594aa941d1,5,,Ótima loja para fazer compra já comprei varias vezes e sempre chega produtos de ótima qualidade e no prazo certo ou até antes .. super recomendo!!!!,2017-02-18 00:00:00,2017-02-19 23:00:07
55efd2d082da9963799477a0977e8edf,ec250576de989120ce229e49bae2e72c,3,,Tdo certo,2017-02-15 00:00:00,2017-02-16 00:42:02
9e9dc85be2c3a14c7fbfd0a14302c678,a60c6548ab8ab949bbfce006f7b8a513,5,,"O LG d300 lindo pena que não tem Android o mais ele é completonho.
",2017-03-04 00:00:00,2017-03-05 11:08:30
91712508056632bf3b2d1afaefd6c3e1,4d7b93709f08f674ff9d2185fd811cf9,4,,,2017-02-08 00:00:00,2017-02-09 17:58:55
670a863b733d2402cd1a8262fed4d1aa,9889e26ac5a56d800689699664af0f82,2,,Fiquei surpresa quando chegou somente um produto do que eu havia pedido. Depois percebi que seriam entregues por duas transportadoras. Ate o momento ainda não recebi a outra mercadoria. Preocupada. ,2017-02-14 00:00:00,2017-02-17 02:21:32
d66163091e4a17d5e0e4a7b8f1c6131f,6744d76b253e71e06a89867248227b9c,5,,,2017-02-09 00:00:00,2017-02-10 00:53:24
033baa4238fcac803931108093d2456a,2fd1c83dd4714cf3cf796fffb6c8de62,1,,Prazo não foi cumprido ... até hoje não chegou :( primeira vez que tenho problema com entrega.,2016-12-01 00:00:00,2016-12-03 09:21:38
168926dcca37da797517f0690125c916,3b64ff25a4610fb5599e4fd09f907501,5,,,2017-01-31 00:00:00,2017-02-02 22:44:48
676afc5d855115f38150fd0902a45b3a,765e82006189100419015233bf26be8a,5,,A entrega foi muito rápida e o produto atende as expectativas!,2017-02-02 00:00:00,2017-02-03 09:43:15
6091aa867528f6f0d6b59551a0e1bf0c,591634e3db632b8d5a60099a1b81cf7a,4,,,2017-02-14 00:00:00,2017-02-18 23:30:37
dbcd48d3ff3e8bc81c542ba3e20049cf,f6089c47bab18faae3d90c64cfb08481,5,,,2017-02-10 00:00:00,2017-02-14 15:03:41
24a560851883a1a9734e1bdce87e7e57,4ccd8da82485c892ae90284af589153a,2,,Pela indicação achei que peça seria maior.,2017-02-07 00:00:00,2017-02-14 11:54:01
78fec6121d6f0d54bcbb5369004a09ab,3ee8494bb94ea023beadcd0783c9d8d7,5,,,2017-02-19 00:00:00,2017-02-20 22:28:38
41761043ff569d218211f44a61ef6900,882d810d98542e6512788b9a49d6d886,5,,,2017-02-15 00:00:00,2017-02-15 12:49:12
6853217151251a79c09aa41d8e551ba8,bd726a1bcd046edd7019cee8a66245f7,5,,"O produto foi entregue rápido do jeito que eu escolhi muito bom o site
",2016-10-21 00:00:00,2016-10-23 23:35:51
15c65c9f6f9729f84b016622027287cb,cd43510a9992792a9e22f4e9f8d20f4b,5,,,2017-02-22 00:00:00,2017-02-24 21:23:42
d6c6db8ffe888a9399bb16b0d674bac6,37944c14b9384f4494476b8979f9d0b3,4,,Produto excelente e chegou antes do prazo.,2017-02-20 00:00:00,2017-02-20 10:24:23
638d974c6105bec61cb16f288f464dc0,7249fd69ae42373a6a357567e41ecc57,5,,,2017-02-09 00:00:00,2017-02-11 22:20:20
c2fc21bafc2cfbcbd14ef06a1719ae75,9c0b834fc89f4dd70679baffe8bed38e,5,,Satisfeito,2017-01-27 00:00:00,2017-01-28 00:15:40
64705002057140d46c08068d176f203f,0b1e73fa546894ad7310916b480de067,5,,Ok,2017-01-17 00:00:00,2017-01-20 21:34:01
686e3545aee7d3d541c1e91c2985faa7,179b8db66f5362945c237b68bc358a77,4,,Nada a declarar.,2017-02-15 00:00:00,2017-02-17 22:20:54
bedae699dfc6999a08029a56b79658af,47676a246458b42506986a0c5b9dc94c,3,,"entrega foi dentro do prazo, material de qualidade, bonita, porem chegou rasgada.",2017-02-15 00:00:00,2017-02-16 18:12:46
e88e30347e59099b49214e039474b155,8c46c4b2bbf318ff31368bc87309662e,5,,"A entrega ocorreu antes do prazo estipulado!!
Muito bom.
Produto conforme mostrado no site.
Estou satisfeito com o produto.",2017-02-17 00:00:00,2017-02-20 04:04:15
7cf34713c7c7b523eef5995495fd932f,f16599b98c62d8e9ee08de8c41bed3d1,5,,,2017-02-23 00:00:00,2017-02-25 00:37:56
92a8ee9e8694c9d013b18a6b3a7f21dc,63638a6806d67773f3adba8534553fff,5,,Compro e recomendo.,2016-11-26 00:00:00,2016-11-29 13:58:01
19bede7c5c1b2ef2b85f4ba698c1cf54,bd50a7fe9fd97ea4b7663031a319e150,5,,Recebi antes do prazo. Tudo chegou corretamente. Excelente lojista. Produto de qualidade.,2016-12-29 00:00:00,2016-12-30 11:52:57
af7de312ca4e17a959f9d2290e91fc07,0afbc110b84719faaef4887a5cff5a2c,5,,,2017-02-16 00:00:00,2017-02-18 23:25:05
e56bd6e21ddd784fe0c79d521aabe7d2,0bde826daa0bd10393e958cf5d69dd26,4,,io,2017-03-04 00:00:00,2017-03-06 10:49:27
5596df98f53a8e0f8a905e62946bb81d,87bced03e631b959304311f077bfbe31,4,,,2017-02-14 00:00:00,2017-02-15 09:41:00
bc7f2a6580b0cb3564ae977297e14741,dff20979c5b8b4378f7e769aa413390e,5,,,2017-02-11 00:00:00,2017-02-13 19:09:42
7abc10a0439b693f09219701b177d109,37d24e9a88068283d102aebd4f765133,5,,,2017-01-27 00:00:00,2017-01-28 13:47:11
f24e1946d658c13928818f1a73b6d899,b19169c7cb8391fb8561e094d61c531a,5,,"Excelente produto.
Obrigada",2016-10-27 00:00:00,2016-10-28 12:21:53
1b94396a7654b7a31621ad3cf7873d9c,973f596fdd2295f00754dd37ab7eb684,5,,,2017-02-16 00:00:00,2017-02-17 00:05:56
b85476ba79cb6e9994f1d86a60d645f8,5836a9fd173a29689e12bf421d2d280b,5,,,2017-02-09 00:00:00,2017-02-12 10:02:29
59137de43b9c5cfeef1c4f70ef17a41a,7928aaa2a94ef219ecd0f7d9224cfc7b,5,,chegou antes do prazo previsto,2017-02-21 00:00:00,2017-02-22 15:13:56
c93db1c6523d013fa858c43b7399219e,7810232f329f64a33e2238b22ea8231e,1,,,2017-02-17 00:00:00,2017-02-18 03:05:24
17bc0bc3207616ee37afd4a39b10054a,2ce9683175cdab7d1c95bcbb3e36f478,1,,"meu produto não chegou ,prazo de entrega de 34 dias e mesmo assim nao foi entregue ,não recomendo",2016-11-27 00:00:00,2016-12-04 00:03:47
e970e87d6a9f60d97ffc81b54417ac12,a74a1bb28cb0ae0a239270f8e3a85cdf,4,,"Produto muito bom, veio com nota fiscal e não veio lacrado e protegido.",2017-02-07 00:00:00,2017-02-11 05:26:19
fea0c44e1764fd767e849ffc4838a6c8,059b6e617cb9675ad8bc74b7aa750e7d,4,,,2017-02-22 00:00:00,2017-03-04 22:57:13
874b3612c564c7516c780ddc5e7e44ac,7d86c4aa9e59504b23f16c7ca68954a7,1,,,2017-03-12 00:00:00,2017-03-16 16:35:37
1e77dfdf87a21e9789e31ec1077954e8,3a87f961376193c10c6b28d341d32db5,5,,,2017-02-09 00:00:00,2017-02-11 10:57:28
350fb3fc9a933fcce0ac3b5593a93241,3a96b8ddd22b9f22c3b8a556d2003fd8,4,,"Sendo ausência de plástico bolha, mais chegou antes do prazo e em perfeito estado!",2017-02-22 00:00:00,2017-03-07 00:18:46
da4b154f311bec3afac98bbe688be114,a9506e4af5c19ca12362961efdefb20d,1,,"produto não correspondeu as expectativas.
não funciona ... ",2017-02-04 00:00:00,2017-02-04 19:26:57
7bca3b8a195b3f73ae3a7e7cfa609b10,bb780b0ed67fce7c92b2772fde29bc6e,4,,,2017-02-16 00:00:00,2017-02-19 11:26:06
b420ce5036a7cfb9ac1f54e09b97be59,c9e893d2e32f6ca9988b30669eb71e5a,1,,"Embora no site da stark consta que o produto foi entregue eu não o recebi. Segundo a portaria do meu condomínio( pessoal da segurança) a mercadoria não foi entregue, ou seja eles não refeberam nad",2017-03-15 00:00:00,2017-03-15 04:03:18
74f4ed9d8f282e9af9e25acf6364c321,a6254817fe719457b22250e3cd2eb2ad,5,,Já sou cliente antigo e confio da organização,2017-02-15 00:00:00,2017-02-16 11:42:17
24a60a24e0fd528dc4386386310a90cb,195416246665b8268100ef5fde9722b4,1,,Acho que se pago frente tenho que recebero produto na minha residência ,2017-02-16 00:00:00,2017-02-18 16:42:13
8f6866d7788b085271233e07866beffd,7b99db4b35bb7d1b97ef1573aa3c2171,5,,"Recebi corretamente, mto antes do prazo estipulado.",2017-02-15 00:00:00,2017-02-18 12:49:10
efef5a00aac989951350619e06681dcb,ac2b7c522d811acba0aa270ed3e112e4,1,,"Loja lixo, entregaram produto errado, mandei email pro stark reclamando, nem obtive resposta, bela consideraçao por um cliente de tantos anos, qro ver o valor na minha fatura, ja q sao diferentes!",2016-10-22 00:00:00,2016-10-24 23:33:19
2591fbf4b7b0788326c2f7f184c9bb0e,dbb31ed9185a040cb0e9c8fb4877e21f,5,,,2017-02-11 00:00:00,2017-02-14 02:16:58
88b68c2cd3f38d9fa50a6c10d0fe38fe,3aa0a75931f649d9e3e83aaa9d6a95e7,3,,"Gostaria de saber como proceder para receber o produto, pois ainda o quero.",2017-03-10 00:00:00,2017-03-14 01:22:11
41ed8254635784cbc62d612c5ededecc,35b8e54d765e6b217e2dc5ab34f6b323,1,,"O Fornecedor entrou em contato mas não deu nenhuma solução nem prazo de entrega, não se responsabilizou pelo atraso, colocou a culpa em uma empresa terceira, apenas comprei e quero receber.",2016-12-03 00:00:00,2016-12-03 12:08:14
ae3257388771feee70ec759f6beb7d33,23ad1ae9db6999293449603e1a247803,5,,Excelente loja e produto. Recomendo,2017-02-05 00:00:00,2017-02-06 13:36:48
26cd23041b56b17585d0e6c720443693,dc18a044b56ed174037ca164cdf2e921,1,,"Eu comprei o produto no mês de Outubro com a intenção de deixa lo instalado antes de eu viajar. Já viagei, retornei e até hoje não recebi o produto. ",2016-12-01 00:00:00,2016-12-01 10:39:57
52581de581e4f894291165e634dc2dfd,09e6dfb3a40d9c2e75458a76ff06e2d5,5,,Recebi antes do prazo.,2017-02-17 00:00:00,2017-02-17 19:32:34
0fb0bf20c317375ea792e56277a6481b,dacf07b003ccc1ffbf3d890a402329f8,3,,"É um cavelete bem prático, mas o acabamento deixa a desejar.",2017-03-03 00:00:00,2017-03-05 23:43:34
2888bde044ad292a3351b4cee17bab0c,98e38b5d59b358aaf4d5a08ca9814883,3,,Ainda não recebi o produto ,2017-03-10 00:00:00,2017-03-10 08:10:10
91771029ef1e20041fc2dfc2859c8b07,f51cb113ad5e21bc6d8082bc824fb25e,5,,,2017-02-14 00:00:00,2017-02-15 16:51:26
522f52e7e26a15e8db36456e8b2cf565,70d0dedf8c23e2cedca5915427acd101,5,,,2017-01-29 00:00:00,2017-02-01 10:07:47
169e7863c73f5a301405a29ac62dd71b,705c7fd61dcb0c54b80538158eec1f4a,3,,,2017-02-21 00:00:00,2017-02-23 18:59:42
63b4116e117b542eb85389471c7d6c40,85b58bb30d219374cf9cfdebbc5fbb69,3,,Gostei,2017-02-19 00:00:00,2017-02-20 00:03:47
0467560f511c516ddaa54a60edb0c291,55b2e390d5d80ada31ad1b795ebeb087,5,,,2017-02-09 00:00:00,2017-02-14 15:58:44
06f88914dfe13c2ac14ad3479a880fca,4d66b3a9d12facad48a3b23cc9fe7898,5,,O produto chegou em perfeito estado e antes do prazo. Não tive nenhuma dor de cabeça! ,2016-10-18 00:00:00,2016-10-19 01:13:48
60287566381d92821c7beee135ffacf2,f40f7c7b33563806cf705cb088c2cbd3,1,,"Sempre compro nunca tive problema. As camisas compradas, recebidas e devolvidas foram três maquinetada. Estou no momento escolhendo outras para usar o Vale.",2017-03-18 00:00:00,2017-03-20 18:10:57
b63ffae1767d409d2cfcf6ad613bb9c6,27863884193fa88ed79c356f4f568fe7,5,,,2017-02-21 00:00:00,2017-02-24 18:16:27
4823717475072bfac1cde413be589427,d170580dfcd364efdb0c94f51bac0fc3,4,,Recomendo chegou melhor que lannister. ,2017-02-15 00:00:00,2017-02-17 23:29:17
4b15e1125576973b46e233c74b02c05c,e2d9d1ca77005d8626107e6d9da6ee63,5,,Recomendo a loja produto entregue correto e antes do prazo! ,2017-02-15 00:00:00,2017-02-16 13:58:00
1cd7a39bdb2122b31a4f2f7015b15f91,4724d70419b2219c68e4ae60a03738f7,5,,,2017-02-20 00:00:00,2017-02-22 11:21:43
d6bdcf45e23775ab2a216424fba98c32,1e9a53e194e98b64434abc52aeedae1e,5,,.,2017-02-21 00:00:00,2017-02-21 17:16:35
d6de9b9a11c919860b73e5b421d1ec46,6b5e619dedba6d4297fb10dd5886912f,4,,Recebi o produto na data programada. É fácil de montar e muito prático para pendurar roupas e sapatos. Só que aguenta uma quantidade pequena de roupas. ,2016-10-26 00:00:00,2016-10-28 21:42:42
c3039a71818e8c4ebe2f1a905ab1f863,8fb030b413de395dcbb7cb1a3c9b256e,1,,Demora muito e eles não dão satisfação pelo motivo do atraso,2017-03-26 00:00:00,2017-03-27 14:23:05
2015549a3e9abdcd312271e320e5e261,17eba629ec542978d1ea929d473d4f19,1,,Recebi o filtro todo quebrado,2017-02-15 00:00:00,2017-02-18 18:53:03
d81193198ce4566f73227053b9bfca2c,6c6e590c8ce02ecc30bef8bd3b34d82f,4,,,2017-02-14 00:00:00,2017-02-15 00:28:35
3590167a693b2f2312743bc9a03a8d28,0a5d7e24850c68bf00d39bd62a9a45ee,5,,Tudo certo. Recomendo.,2016-10-28 00:00:00,2016-10-30 20:24:24
ca7077026f9092b0d08e03bd95d33f94,42c5091238dc63339c79f5f35f8a5a6b,1,,Envia p Ag.Correio não avisa e vence dt d retirada e pago frete? Ñ é área d risco Marica.Perdeu o cliente (1 pedido) .Após 30 dias avisam q não receberei a compra (2 pedido),2016-12-04 00:00:00,2016-12-13 08:15:10
d23dd333747d1ae1c48a2a428f2f6c27,88f2acef90e7ca305b8b5db51dd0be27,4,,,2017-02-14 00:00:00,2017-02-14 20:32:53
2466124cf9255bf9e281efbf9064fac0,11837ac14fcdfb163c0b78d91be89498,4,,,2016-11-17 00:00:00,2016-11-20 23:30:03
1f096111c0fd02263274a27e200baf6e,ea97616a19d3b2683ab949def1037708,5,,,2017-01-27 00:00:00,2017-01-29 18:28:50
6ad74c086c55301d6280d3be8ad297bf,b7624f6b70f7b79ea2b092b6f1be678c,5,,Boa tarde. uma loja muito boa e que eu confio,2017-03-12 00:00:00,2017-03-22 18:33:04
4ddca033f6cf4427d8a3e8e6d2f753f0,1d5bd99b9b20b17bd85826aba9c18994,5,,exelente,2017-02-19 00:00:00,2017-02-23 23:51:03
ba4af60f6a58ce945ae81e0b34c35a11,2ce652745083fde285af6e431bc9aca6,5,,,2017-03-18 00:00:00,2017-03-22 03:42:07
a3d95b1f5b83719463b1605ef96fde2a,8efea0c3d02c48c7c99f50109fa108f6,4,,,2017-03-05 00:00:00,2017-03-05 20:33:21
3d1a9381854446c25e98012c64bb5460,8a784d47854e4cbc5562362393d504db,5,,,2017-01-18 00:00:00,2017-01-18 11:57:16
63593aa97da5e0e27664cd382a30f372,9d664ec86be69d869bb6870294c4fdd8,4,,"gostei bastante, fiquei satisfeito",2016-11-01 00:00:00,2016-11-03 23:59:19
001b3b4666d0e109d7563e1465f4ba60,9d6f552c9b731d52bb9c9b6051ddf5a2,4,,,2017-02-14 00:00:00,2017-02-15 14:28:07
3d3c95c8f8d4a53e2b8c505271bb5325,b8afeb65bbea252eef3d4a2845dfd6ab,5,,"atendeu rapidinho , chegou antes do prazo estipulado. recomendo muito",2017-02-14 00:00:00,2017-02-15 14:06:44
66cf3a2d9f96d15b727977a36923049a,a891f3efca32da79bccc94e6e69fd3e0,5,,,2017-02-19 00:00:00,2017-02-21 22:28:32
cc8fecdfb527e48b0877bfe6e6f1bccf,36f63f07e3c52585c8eb2795c466b3fa,1,,Poderiam não cobrar o frete!Se vcs não entregam!,2017-02-17 00:00:00,2017-02-17 23:35:57
c1ec4ef5c97758f790673ed33f51a0bd,6b0918aeb353fa97d8df7b685c19e14f,5,,,2017-02-16 00:00:00,2017-02-16 22:30:35
ba21b2a549144cd4f572c3da69785e25,517e0a52c193102990befc46a5c5245a,3,,"Chegou até antes do dia , gostei do produto e recomendo,espero que dure na mão da minha filha kkk",2016-10-19 00:00:00,2016-10-22 09:57:02
371ce1acce42e66850c4860d3bf1d4fb,3568894fa3afedc367d3a4816983dceb,5,,,2017-02-10 00:00:00,2017-02-11 16:29:05
e7d12fca6be4f40e893f609ff4dab847,10a6476d4339a6b5f323db3d2357de52,3,,,2017-02-23 00:00:00,2017-02-26 03:24:23
3befe00ee8833d483adeeedce8cb2e79,fe590d6e861c13a9b394a9d3775b07d7,5,,,2017-02-22 00:00:00,2017-02-26 01:09:12
df801eedeef2ba89c550e9f755c31276,a87f63f16c37c383775f476c6f22b635,4,,,2017-01-31 00:00:00,2017-02-02 22:23:38
41d58c18173883383e7657682cb1fe35,a033e71a9fdc7a30404bd7a39d3ad173,5,,,2017-02-26 00:00:00,2017-05-06 17:37:49
6a25427b6e20f34de31d944a705bebde,ac7735eec51a3fe9e31e51210ecbad34,5,,,2017-02-15 00:00:00,2017-02-19 22:52:45
0ab319a49d9e72c13772ae6c70918872,640aef9709beda161ca0b5af58ac437c,3,,Recebi o produto dentro do prazo,2016-10-28 00:00:00,2016-10-29 11:59:08
784587b365a465ad04c067e949c95e4f,cba1cb073e8cf5375b9f786704de8e80,3,,,2017-02-10 00:00:00,2017-02-11 00:24:13
ab125211266c7cb8542597fc230766a3,1069874467b6a425853288c450f68fc9,2,,"Entrega foi rápida , porém o produto de péssima qualidade, fino , não passou nem perto do que eu esperava , está certo que foi barato mas eu não pagaria nem 10,00.",2016-10-29 00:00:00,2016-10-29 19:56:37
b118cdef6c3c167e2c6b4db66a80c9f6,e068276f5e75a66212f75b84ebfeaccf,5,,,2017-01-26 00:00:00,2017-02-01 15:37:28
c73c029e9668ada06a4d2cb1386235f7,54b74eb9e20b816d9cc07605650b592c,3,,,2017-03-02 00:00:00,2017-03-03 09:18:45
38b7052e458c9d2f5f4e620a52df56ae,799dc0fd216e2a8e571a2684ddb6f940,1,,Não consegui obter informações sobre a entrega do produto,2016-12-25 00:00:00,2016-12-31 08:44:59
7ccbed4982c21babfcf8d31aea8a86b2,46e61fd85afa09032021c9b0b507b693,5,,,2017-02-07 00:00:00,2017-02-10 10:23:35
3dacc0ba7e4bcfe150e398b01637472b,e11dead0c183b7b8da09f6b3039ea730,3,,,2017-02-15 00:00:00,2017-02-16 17:19:49
808a3c0213477660e0a6e83f485ed40c,ba6ef427eddcdf12922391f524c053aa,5,,o produto ainda não instalei mas a entrega foi super rápido,2017-02-16 00:00:00,2017-02-17 12:33:05
2b6002145ff864e46c3045387ca3e1a0,abfb34ed11820c7247adfb30fe5bb7ae,5,,"Fui muito bem atendida e estou satisfeita com minha aquisição. O site de compra mais uma vez me enviou o produto dentro do prazo que eu necessitava receber meu produto. 
",2017-02-02 00:00:00,2017-02-03 01:46:01
aba16ccba4d09a4250f9c4877011f984,81e5043198a44ddeb226002ff55d8ad4,1,,"Comprei vai fazer dois meses, paguei o frete e não entregaram, vou no Procon.... não é a primeira vez que vc fazem isso, nunca mas compro nesse sait",2017-02-22 00:00:00,2017-02-22 16:49:47
41488275b8fd909b109668932ab9f347,f6089c47bab18faae3d90c64cfb08481,5,,,2017-02-12 00:00:00,2017-02-14 15:04:36
a47dfc75580e6f802c373d5783aa7ae8,1e8c2b738fde51956f03f1a59bc86003,4,,,2016-11-05 00:00:00,2016-11-07 11:05:22
866183a70abe84acbb6a8a786f7a748f,56b50d57e6b735968a48a170b8364893,1,,,2017-02-22 00:00:00,2017-02-25 03:53:12
882115fcf732be60f0794fff06b23824,b60e330e00299aeeafa976b885447190,5,,,2017-02-10 00:00:00,2017-03-14 17:11:11
34d5cdc76f6a0a4e6a49c0e74cae400f,9b91ddcbd6cbceb83d4fd2462ca1f95e,5,,Recebi antes do prazo de entrega informado e o produto veio devidamente embalado e com NF. Recomendo 100%,2017-01-17 00:00:00,2017-01-17 12:49:22
bdda74d0e67c7d311f6724fb94567691,c9f7bcb4ff5c6c8e661cb6cd7fd0974b,5,,,2017-02-08 00:00:00,2017-02-09 15:51:54
9e25e81049d81e8eb177f45a311636f6,ceb2344189044ab3b6fa590520a71881,3,,O tempo de entrega poderia ser mais curto.,2017-02-14 00:00:00,2017-02-14 23:46:43
8d91f593b464370442443852e5daeced,32a7f2fa7d1b798b72a117f24095efd4,5,,,2017-02-14 00:00:00,2017-02-14 18:20:41
3d77035e9da83db820607d6f33157c0b,90bf0d006edb962cf09943bf3e4ad217,5,,,2017-01-28 00:00:00,2017-01-31 12:07:52
b31b20d1366006aa90bcc8086f6bd7b9,82e4f033f60598903866557d89c9c042,4,,,2016-10-29 00:00:00,2016-11-01 14:24:38
7d02f4eb2feb119b854edcbabe18a44f,2c45c33d2f9cb8ff8b1c86cc28c11c30,1,,consta que meu pedido foi entregue mas nao chegou ha possibilidade de informar assinatura de quem recebeu no local???,2016-11-10 00:00:00,2016-11-16 20:44:19
5419cd03705bd2dd1a0c17bfbfc37d95,4eb2ac97a426c7f771f8bb1ef6ba5771,4,,"apesar do pacote ter sido fraco e ter se rasgado no transporte, o produto veio correto e sem nenhum estrago, o mais legal foi o tempo em que foi entregue, muito curto.",2017-02-24 00:00:00,2017-02-24 23:52:25
9b400369d9345be469f2dcc9567d53cc,277427ea3d46a465d7311f4107515ba5,5,,Entrega rápida ,2017-02-24 00:00:00,2017-02-25 09:03:08
8e9f660959b8d6c8b0072ce822c834ee,97e63289be97b0d9bfd3fad99000f662,5,,,2017-02-21 00:00:00,2017-02-21 23:12:56
ffefc187078bdfa2cb9ae9ea2e18f801,0dbfda5b69f9f25250969962f70929e9,5,,,2017-01-29 00:00:00,2017-01-31 12:23:09
11c3dba81aa2f2507234f84300d7dbb9,a9b1166b05c95760685adca729c66a40,5,,"Produto de otima qualidade, chegou muito rapido",2017-02-14 00:00:00,2017-02-19 12:59:20
322b80b895311944cdcdd8b7c39a1d41,64410a4fbf4904d3f9445bf58e9491b5,5,,,2017-02-03 00:00:00,2017-02-04 12:11:52
d68b58c6ca07c6575ca6ca5571ee7520,05ca3bba2e4c3bc5c601b57af96cf3cf,5,,,2017-02-23 00:00:00,2017-02-24 10:00:54
bed87810dfcc47647c9653da89f21225,db1a3b6bc463c229abf2699244173f49,5,,EXCELENTE,2017-02-10 00:00:00,2017-02-13 12:42:42
a5bb3aa21e746eb38caa0fb1f251f5d9,f9c44da06151c190a9a6c9c712873d10,5,,Ótimo produto ,2016-10-19 00:00:00,2016-10-20 04:27:48
154073a27ed4fc007c9b8c4439ae83f5,3c116d50bb76160ee1d7a2e8f5791427,1,,,2017-02-24 00:00:00,2017-02-26 16:39:00
a81eb782d6daeff3401efbe3ac8d9e6f,af9cf6a8b011e9fea2be4c295942e58b,5,,,2017-02-02 00:00:00,2017-02-02 14:18:31
9d69d3d0d3cebcc39eeadb453905388f,002691433f09002ac9ca0c4e8dbb8ead,5,,Chegou e está OK.,2017-02-08 00:00:00,2017-02-11 13:47:50
a2dbb134409d5534811e9578e9d99ebd,59695116e3986b9eb1eb35d5d74e728b,5,,,2017-02-17 00:00:00,2017-02-18 10:03:52
c8ba82d64270c29e7ec60b754a72e439,d8d04eeca6703f5545f4c25b8ace1ee9,5,,,2017-02-01 00:00:00,2017-02-02 09:26:21
ffdef1448d1d29619038284fc2e55613,af045d3e5d7082db57d5b5dde3c0c97b,5,,,2017-02-09 00:00:00,2017-02-11 10:27:17
1edb1e0331873cc2085a59daa354a510,79ffdd52a918bbe867895a4b183d6457,1,,"Demorou quase um mes pra chegar.. E quando finalmente chegou, ele nao liga... ",2016-10-27 00:00:00,2016-11-10 13:15:14
8b4b04ab4ce35082187bd6e0328f0fb6,796d29c5558898a4ee393750879fb1c5,5,,ótimo serviço,2017-02-09 00:00:00,2017-02-09 10:23:53
aca2efd0c009b93781695785b73b937c,96f7907d370d310cc46c4875701cb40f,5,,,2017-02-23 00:00:00,2017-02-26 04:35:41
fc80164ff12241914c7fb04ea5b55416,b942bb8edd1c815cd011efcf4e05024e,5,,"Produto bem embalado e chegou em menos de dois dias após a nota fiscal ser emitida.
Recomendo. ",2017-02-09 00:00:00,2017-02-10 03:19:21
dce56698f23bbd7bac679f9fac5b7625,eb87432d1b32d99db89d573d77767a01,5,,,2017-01-26 00:00:00,2017-01-26 23:40:16
372fb1411a35554234363e58dc883c14,fe2ac30768e07e362b649951cc625144,4,,,2017-01-27 00:00:00,2017-01-28 00:24:19
82ec4a1c6f0134f607033e23431ee298,2c4ada2e75c2ad41dd93cebb5df5f023,4,,Envio muito rápido. Recomendo.,2017-02-15 00:00:00,2017-02-16 02:54:35
6b8e4b8dde31f1471563dcc9dfa1727b,803b11f9f2ca75d45d2274b06fbbc71f,5,,,2017-02-25 00:00:00,2017-02-26 00:53:03
1c41da370e21c62d00a23df1cad63412,8a903d20555a91edeffd6eab45743f26,5,,,2017-02-04 00:00:00,2017-02-04 11:10:22
940c8f01d6c6b46a353b74bf9f7da8a4,3578f604ba267d1491f68d8f929dbf28,5,,,2017-02-22 00:00:00,2017-02-23 18:59:50
8d58ce9a3daaddef44f4380348fc2f39,7254ba1421bac35de5d5da660715bf0e,5,,Nota 10 ,2016-10-29 00:00:00,2016-10-31 01:41:29
f5066e6591ef1f9af9cceed72822df72,bcb093f60b7e48f285bf92f681e65651,5,,,2017-01-27 00:00:00,2017-01-28 12:42:16
53752edb26544dd41c1209f582c9c589,b8b9d7046c083150cb5360b83a8ebb51,5,,O pedido foi entregue antes do prazo pr0metido,2016-10-16 01:00:00,2016-10-16 15:45:11
487a8aea8b7742cc9de0983e3f18f2b1,a1284e7f7544a4215fb48331c04fd83a,5,,,2017-02-11 00:00:00,2017-02-12 02:38:58
6420d499fae35a5d911f1019457100ff,5102eb8dd13b0cc9991a7686a229e96f,2,,,2017-02-14 00:00:00,2017-02-14 23:22:25
18c04c268a75465115071bbb8194e45f,aae373a2cc64ed2d1f262aa56e70b7e8,4,,Entrega super rápida e produto chegou dentro das expectativas,2017-02-14 00:00:00,2017-02-15 02:20:25
563582221a3380e90e6cac7734f4f7fa,61782adcbc7367ccf0c14043586c9495,4,,,2017-02-21 00:00:00,2017-02-22 17:21:00
81a5e31cb7b1810377526db18d248463,34445bc5a6255519c1d230b2231eeb63,5,,,2017-02-17 00:00:00,2017-02-18 15:44:53
83beef37881fbec64bfa401be06d9de0,d4d52a6470ea8a7ee5d1fba74508bf15,4,,,2017-02-14 00:00:00,2017-02-14 22:09:39
5a9db428efe9dde510ea2156990ffa14,9a4ae4d5c3a3dabdf42e5d7ec4203ed2,1,,"fiz uma compra, meus pedidos vieram separados até ai tudo bem, mas ficou faltando um produto e até agora não foi entregue! e isso que paguei caro pelo frete prazo era dia 06 já é 08 e nem satisfação!",2017-03-08 00:00:00,2017-03-08 15:47:31
e33f11accd34b7184958cd9356340846,389815397a4bcdf3dcf64b90c25b3140,5,,,2016-10-23 00:00:00,2016-10-23 22:40:00
f1e5cd1574a6be811fc8e285ab492741,0d9664d8da1dc4337269071b39e19423,5,,Produto chegou antes do prazo determinado pelo site.,2016-10-28 00:00:00,2016-10-31 11:01:33
296eacd962870f344d72da9a0c85573f,3c4f38e27c5f6f27be39c8a2932c43e1,4,,Bom,2017-02-01 00:00:00,2017-02-04 00:20:11
0edbe207e4a84842de8ce30a7d05a85b,91c52e15672343c61768b4d10597eea8,4,,Rápido. ,2017-02-09 00:00:00,2017-02-13 18:35:40
f9c18ec2ec4ced2bfbb16aa9d6921c44,5c9d1c87014d033ba9f70a7fb96ba7e5,3,,"Confiavel
",2017-02-16 00:00:00,2017-02-20 01:29:18
96cebd97cb5bb40c41ed484c9f3f453f,3c5edc9665595ab8ab9bdd6c5c4a961a,5,,,2017-02-11 00:00:00,2017-02-14 21:51:17
a70028371b5e9cb97f3c5405f73c577b,db7d019ce87ceb1539bd37353ab408ba,5,,,2017-02-08 00:00:00,2017-02-14 11:13:04
604097d05c7b80206fc808f6781ebfc4,f883e09a1fb01318052c6ab839efb34a,1,,"Produto não foi fabricado com toda atenção que deveria ter,parte do couro esta menor que a placa causando perda de qualidade do produto.Deve ter mais atenção do fabricante para não ocorer mais erros.",2016-10-29 00:00:00,2016-10-30 01:35:29
5d04a18f8fb16e7ce26ba6a380923026,87c15b8f29f9fc59405db62dcb5697c9,2,,,2017-02-22 00:00:00,2017-02-23 11:37:30
09f5dc93a5bff4ba95b2dbc09e3f9a27,ad1aeeb1a99c9f021e38a49865bb812c,5,,"Recebemos os produtos e já estão em operação.
Obrigado!!!",2016-10-27 00:00:00,2016-10-29 21:00:28
c666eb97add8e7ba62d1959ac0ab62b0,0f3827e8b786c3d934c0863c1690603d,4,,"Foi conforme ,o combinado.",2017-02-03 00:00:00,2017-02-04 11:58:59
d5ae8c6ca641b63af4abe1caee78e7e4,adf684f287283640cb375a2e8ada8c82,5,,ok,2017-02-17 00:00:00,2017-02-18 19:35:09
99e62ac9bd8af67ec60d65fd3cfdf87c,95e4477d8423c69a93c55d840e02d9ba,4,,Recebi certinho chegou antes do prazo pelos correios,2017-02-10 00:00:00,2017-02-10 18:21:15
f252f8f3dfaad8cc563b4a8ec0ea41a6,38bf8e12131a605a38265416150b4888,5,,,2017-02-23 00:00:00,2017-02-24 23:04:58
35fa5e7e3020710116f5ff6df38b2a59,1a47da1d66c70489c8e35fe2b5433ab7,5,,,2016-12-09 00:00:00,2016-12-09 11:25:52
f194b2728d6af8f3b563d075b8b7b9dd,c4669e882068cc0ade2697ed2169326e,1,,Ainda nao recebi,2017-02-09 00:00:00,2017-02-11 14:42:31
6fb5f5135c0519a45eb83e0a9127db99,ce86fa5a5108884726a2244bcae51ae6,5,,"Comprei e chegou antes do prazo, tudo perfeito. adorei!",2017-01-17 00:00:00,2017-01-17 12:42:21
f5e68e92ea8eef8e3e07f4b3e2da408e,8f4a99f661ae72e850cb5b49d427f53a,5,,,2017-02-11 00:00:00,2017-02-16 11:12:02
f20abca39ec75d171dbeac48989e5521,9a75a775d17d37cd19193fe02c3f21de,3,,,2017-01-25 00:00:00,2017-01-26 10:09:32
c8b2c1f5acb583c4188e9066c871ea5c,a8b8b7289262a652bbc1c042766c97c8,5,,,2017-02-25 00:00:00,2017-02-26 15:38:36
b569f8f1a322c14ec36127dac616cbd4,dac3cf54f4d52017ab99420c95845083,5,,PRODUTO SHOW DE BOLA,2017-02-10 00:00:00,2017-02-11 12:08:17
522f795c7ef4117402ad81ca96942608,25f680bf746bec3df11d48318ff015de,5,,Produto conforme a descrição,2016-11-02 00:00:00,2016-11-07 12:17:00
8cc8ab89092a5907d2ce5250c63d3437,ca3b8093576a51bea61c9782c7771f62,3,,"Demorou para chegar mas, veio em ordem. Recomendo o vendedor mas , não tem pressa em receber.",2016-10-27 00:00:00,2016-10-31 19:24:28
aa1fa49e9a4c461b76862c95357e3b7c,c3228fb3eec33bd6bdb6259cda52759d,5,,"Tudo OK!
lannister, o parceiro das lannister, o produto e a entrega. Somente sugeriria que colocassem um plástico bolha entre as prateleiras desmontadas, já que a minha veio com um pequeno amassado",2017-02-18 00:00:00,2017-02-18 08:19:03
ef0cb49c494b34d55782e4c91bdc8730,7a18a504c1a4b32d883e68de2e1a7db0,5,,Adorei a embalagem e o atendimento. Produto maravilhoso. Sempre darei preferência para compras desse lojista. Amei.,2017-01-17 00:00:00,2017-01-18 11:54:40
d8b758fe98c8ba6cf474ea4025d30181,d7d8ca5f25aac4f5efce2a0dc6133672,3,,,2017-02-21 00:00:00,2017-02-22 15:28:53
93d6b69f6d337449667bad822585db71,9758e655b4d2fca01c69a4dde9d4fb5b,4,,"gostei, mas a panela veio com um pedacinho do cabo quebrado, nao tenho paciencia pra troca.
mas atencao da proxima vez",2017-01-31 00:00:00,2017-02-01 10:37:43
173804a1d54a1fcb5f9eec3b200256b3,6d17df1418ac08da686036d2a0359f5d,5,,,2017-02-25 00:00:00,2017-02-26 21:21:12
7cdfe75a6cc2d5f1d5ab123635ddbe0d,43cc7c567182b58ce0ee6a1f7c2447fb,5,,,2017-02-25 00:00:00,2017-02-26 14:29:06
9240f6ea6b1752b6b45dea402389b7f8,c6e85bb83d4a4831b79ccd25b2b98cd8,5,,Lençol sem elástico recebido no prazo e em perfeito estado.,2017-02-25 00:00:00,2017-03-01 02:33:50
011e34b3e5d332a41d8380a9f039fb7f,6cf5d7a6b6eb9cad292da0b65d6c010e,3,,,2017-02-07 00:00:00,2017-02-10 11:33:59
040001387dba8164e025b9e919adc29b,91c96626f9e13b1b71a1f3e7ed52dd7a,5,,"Muito bom vendedor, produto chegou antes do prazo,excelente",2016-10-27 00:00:00,2016-10-31 00:54:26
54a58d3ea80b75946ae59354ba961af7,20de77e28f73070461781b0eb6228f6f,4,,,2017-02-02 00:00:00,2017-02-02 15:48:26
6412d7716d3656bf45aac168fddd0906,b843f3e786e91ebc527779dc682f5487,5,,"Loja rápida no envio. Sugiro que troque a transportadora, pois os Correios são péssimos. Tive problema e tive de retirar. Sugiro contratar transportadora igual ao stark.",2017-02-18 00:00:00,2017-02-21 12:46:09
70f8b6b6477918b33114f459a2ff0d69,bb0ef554fe35f069cb84d62115f885f0,4,,,2017-02-04 00:00:00,2017-02-04 13:01:56
e295fc88e9fe55d571d5de94efc2331e,8a98b899923f5a4f37a74af5c8b1d774,1,,"Adquiri 2 Suportes e apenas recebi 1 e foi faturado os dois, porem chegou apenas o Transbike para bicicletas Aro 29. O Suporte De Parede Para Sua Bicicleta Atrio não chegou.",2017-02-10 00:00:00,2017-02-13 11:21:52
29885b30477705f1d9c8b140dc36b963,1d4744e42dc6d786bbc9512601f7e49c,2,,Não foi o que eu esperava.,2017-01-25 00:00:00,2017-01-27 18:50:56
a93139d9d1314158c080e3db7e79618b,e5fa5a7210941f7d56d0208e4e071d35,1,,"Comprei dois produtos desta loja parceira da lannister e nenhum foi entregue, ja faz Mais de dois meses e NEM Dao retorno ...",2016-10-29 00:00:00,2016-10-30 01:47:48
83a805ef45ce81ae25df400575e6430c,032cf17f7a713287e46999fddea6051b,1,,"Achei um absurdo o produto estar disponível no site, o pagamento autorizado e debitado no cartão e a entrega não realizada ""por divergência no estoque"" segundo e mail que recebi... ",2016-11-19 00:00:00,2016-11-21 12:31:30
d1dde8e5d73506c5e7ad18f271237dc3,ed90ba41c41da31da8e891ff43a584d1,5,,,2016-12-01 00:00:00,2016-12-05 11:52:39
389c453b569a52990da32722f07c18d8,fbee80ef6891c144af8ff9dc788aaa89,1,,,2017-03-09 00:00:00,2017-03-13 11:54:52
101d6bfddd4b53567ffde9d24f99ebe2,81251f18621a822ad5b09593dfee4fc9,5,,"Muito obrigada , uma atenção nota 10, profissionalismo em alta. 

Sinto me satisfeita. 
Será recomendada. ",2017-01-28 00:00:00,2017-01-29 19:20:32
1adbd7fe027298a1548f1dd3d0dca873,d0240bcff59b720e55a2fc2c74344b6f,5,,,2017-02-11 00:00:00,2017-02-12 15:36:18
6faba0c70369c63f6e99f49c836fe2c9,b5c037cf61074d84c0a994fa0d024064,1,,A loja emitiu a NF com os 2 produtos e tinha apenas 1 Item,2017-01-25 00:00:00,2017-01-25 22:19:43
f4c96a13974dfdf2565c2c4f2d012062,b607cddb1d5540b72adbffe3ffa05328,5,,"Sem palavras de Tão satisfeito!!!
",2017-02-18 00:00:00,2017-02-19 12:21:52
521fe9319e6ca9f463703588b48c0718,3ac963599c50b9beedbcebb47eb33af9,4,,,2017-02-18 00:00:00,2017-02-18 10:38:06
083a2f691ff078f383753c0875899281,c0c48daac5ca760ce57d4e500886dc56,4,,,2017-01-28 00:00:00,2017-01-31 05:11:49
3588d2588f4a2b45d9ffe04b38b86315,3312588178a16638759fca54495ef50d,5,,"Chegou antes do prazo, mas o site do stark não atualiza a movimentação da mercadoria. Somente quando recebi é que informaram... Não é culpa do vendedor, eu acho.",2017-01-28 00:00:00,2017-01-29 19:27:04
29d54bafea302d004bc8bb01f851a073,f9a3dd7361484de6c71fedbc1d6a74ba,3,,,2017-02-16 00:00:00,2017-02-19 14:14:01
f4f3706ff52aae5f961661c07341fd3b,60c75f7dd1ec49e06e204e2a86f0720a,5,,cumpriu o prometido.,2017-02-18 00:00:00,2017-02-20 14:47:42
01400117bc28a66a71f0c0df5415c2d9,89aabb395bd3e6f5778b44a5aa2ef6ff,3,,,2017-02-21 00:00:00,2017-02-22 17:13:00
684228c8aab08528cd148e87b0516a66,10c12ecab799c32c29b4df3a203ecaa8,4,,,2017-02-16 00:00:00,2017-02-17 04:55:42
239eea8a701c766755ac2de31b0da54c,bfbf87cc2829df6adac299ab0cc012bc,4,,,2017-02-07 00:00:00,2017-02-10 10:40:43
eb5637aea3623f9186abce3d427148b8,1add1aa4c6e709fd74a4eb691a9fc6bc,3,,produto muito ruim não recomendo,2016-12-09 00:00:00,2016-12-09 11:59:59
3bde4fb312205f9ac46446c59a1e4858,4d9aeb0219e736ad9dd72af9f25b3f88,5,,"
Entrega rápida.",2017-01-20 00:00:00,2017-01-21 04:42:51
9399c464901dcf9d6a40e6dde8ebdf59,770d331c84e5b214bd9dc70a10b829d0,1,,"o produto é falso, ridiculo!",2016-12-01 00:00:00,2016-12-19 20:08:30
ab4650b47d51a3cc274b2dd80f51d347,73e0c0e9d14c86750d2df4a0d74eff29,5,,,2017-02-22 00:00:00,2017-02-27 12:41:47
8b8ca94a15db8a34b9c4365202ec39cb,b9581bf1b646f4fc021b131e1ca4d034,2,,o controle remoto nao funciona e ai.recomendo a loja se resolver meu problema ou o controle e so enganaçao mesmo.,2017-02-09 00:00:00,2017-02-09 20:06:34
0fe5883eca170b1ce365124337aa2ded,529c56bdb881d790cc51c6eea4f7b004,5,,,2017-02-12 00:00:00,2017-02-12 22:17:28
2a4c4fd81f49232b6e134bd4655ceca4,2457f30493cdc677ad02b57dd6d17285,4,,,2017-02-01 00:00:00,2017-02-01 19:46:11
ca19f3a016fc1e266b0823a4f38cab15,c933809ecd707fa9bee6a810c2999471,4,,,2017-02-14 00:00:00,2017-02-17 02:26:54
affb85929e8ac1c835631f3f494a22d7,511812fa8f384ecf987128b77cdfbc18,5,,Muito satisfeita,2017-02-10 00:00:00,2017-02-11 02:38:41
a251c6b051f68141182b893b8b5056e4,d35303da51fb552fc8fff1ff2757e44b,5,,Valeu,2017-02-17 00:00:00,2017-02-17 21:09:06
d3a9bc36f663bfc58a6be4b2f430c70e,b3c8c0dd2b042239054fd43c6f63c8ee,5,,,2017-02-10 00:00:00,2017-02-13 13:29:24
f9f4399e58130cccaf3e366eecbce532,75fb23d26903b71ce3dd550ae22d2cc1,4,,,2016-10-25 00:00:00,2016-10-26 17:54:45
ad6cf8eaea460341666797f3fea1773f,f7b9821d83a86f942cd40560f3c06622,1,,o produto chegou antes do prazo.porem chegou danificado(suas rodas de plásticos vieram quebradas).,2017-01-26 00:00:00,2017-01-26 16:58:19
949d0b9b65f403d71abf4d28972aaaac,2f9d791088532b218b41f892cc16073b,5,,,2017-01-18 00:00:00,2017-01-23 14:17:06
01c4d7f6164c2e4bb5a14d9ff58d24e2,4d87e2e794792a3e2fcd7f7a5b4500b1,5,,Foi entregue ante do prazo,2017-02-21 00:00:00,2017-02-21 11:12:38
b82a9109ece007bcc623ad4adb5812ba,4ad8cbb7faf3db8150935f1f06b16663,4,,,2017-03-04 00:00:00,2017-03-05 13:02:16
6689aabfeb781e9fc59aceb91b5de579,ed2ea4498bcd56d90d461a23fa47ac56,3,,so demorou um pouco mais valeu,2017-01-25 00:00:00,2017-01-26 02:28:29
d6ad19100ef82280bee33594ff0bc9d7,7f97f025c45cac922275120fdee4e062,5,,,2017-02-20 00:00:00,2017-02-20 11:01:55
3916b65b44b8a957e2b26ad68e4e6ab0,0bda8164c1a12b6a388ebec8559ee287,5,,"Recebi muito bem embalado, o produto é mais bonito do que parecia na foto e o prazo foi 30 dias menor do que o estimado no ato da compra! ADOREI!",2017-01-18 00:00:00,2017-01-18 10:55:28
2346404c6c66b261c9810b61a538d40e,ba3d713d46b9dadf35bf0ab911b06408,5,,,2017-01-25 00:00:00,2017-01-25 14:08:09
c794b167fef7cea8d44ae246816c6d08,fd0f11edd4d56e20fdb1763757220228,5,,,2017-02-24 00:00:00,2017-02-25 21:46:59
d2290b8d6d9173a05f7943eeedf891ef,c3f2036b1de806c740a50b53bc3255dd,5,,Melhor site de compras.,2017-02-18 00:00:00,2017-02-18 23:26:59
29bb7dbda5c0b72503ccaaeff07a2cb4,fe1b5889171fd987d32665de60780aab,4,,,2017-02-09 00:00:00,2017-02-10 10:03:40
d89fbbd70b7ed038ea1d4910efd27a9d,e76d6d6fbbef90b49c986259f44d2c20,5,,continuem assim,2017-02-14 00:00:00,2017-02-15 10:37:32
2ee6618fd46e889cb0066e9acf284891,f5147f84d290b6615104539af53179fd,5,,,2017-02-14 00:00:00,2017-02-15 10:37:30
b13013b811c2325934e8e049683bdcf2,51725d3e4bdfc97e28b40543310da8a3,1,,"Paguei mais caro e esperei mais tempo pra receber escovas Dourada e Branca...

No fim das contas recebi 2 escovas ROSA.",2016-10-27 00:00:00,2016-10-31 09:55:13
f8f08a06979cf17ef16d8a68a56d9036,8c482c28bfcadc891bc37e13dc7ace34,4,,,2017-02-14 00:00:00,2017-02-14 12:03:24
84598a6f292a29ef6f3f237b71eae204,4418075144d646b6ecb7228571cec59e,5,,,2017-02-17 00:00:00,2017-02-20 12:37:41
0f03554f547219bdd76e1886c6f93014,4ac9d969022c4a7ba509b39bb0f3d36c,3,,"no entanto, o produto não parece ser de boa qualidade.",2017-02-02 00:00:00,2017-02-03 00:58:08
a3e66bb18241cbbb7c5453f3333e043e,92e3415f60fec80f07ebca939434c3a7,5,,OTIMO,2017-02-04 00:00:00,2017-02-05 23:16:54
8469dce432e0f46c8190bea69958f5ef,6d646ecd1e4497544257783077e9ce14,5,,,2017-02-16 00:00:00,2017-02-21 00:17:34
6f3ae5a43a1ce5f0c23a640be902525c,281a4e1ef3ab9d256027ddd2db90c762,4,,"A entrega foi rápida, porém a tampa de uma panela veio cortada. Preciso que façam a troca.",2017-02-04 00:00:00,2017-02-06 13:28:49
c18f90225827e79a36c188250a53450d,bb814d61ca007ff7d14736b5f8a8d89d,2,,boa noite gostaria de saber si este aparelho pega whatsapp pois noa consegue baixa?? ,2017-03-10 00:00:00,2017-03-10 22:20:37
bf4218c741d851d5f102d25d8bc4c108,5f0d307ca60a8b9329b9e6ea49a17190,5,,otímo,2017-02-15 00:00:00,2017-02-15 12:12:35
7b36c01df5e00cd5e1179cd8e16c4606,0ca8aabee13c6aada48490f516f823a3,1,,,2017-03-29 00:00:00,2017-03-29 17:33:08
b24efa5811b266247f7ba8e576af9a5a,f8cda48c65da1c85ccd132545de55a79,4,,,2017-02-17 00:00:00,2017-02-18 12:18:48
9dca57ccea013fcbc674b6c309d7d681,44ed09232a24ad29cf2457b2780e806b,4,,"Justo pelo valor. Na entrega acabaram batendo um dos cantos do baú, que acabou meio feinho, mas não dá pra ver devido a posição dele. Infelizmente, tive que subir por 3 andares com ele, super pesado!!",2017-02-09 00:00:00,2017-02-10 00:05:27
22383fe465a6905882088baa73053bdc,035ab6fc3b7f9d16f714a337ee63b7be,5,,,2017-02-08 00:00:00,2017-02-09 15:36:50
45cd58c58fe272dab991e409a72b49dc,2c46f84b185f4aadc82a72d14d089c4d,5,,"produto entregue antes do prazo,minha filha adorou.",2017-02-23 00:00:00,2017-02-24 00:24:28
369c19f8a738d263852a7b500bcfba59,f175d67589e059cbbda956f10f0702e6,5,,"Produto de boa qualidade, chegou antes do prazo, vendedor extremamente atencioso.",2017-01-18 00:00:00,2017-01-18 10:52:04
cbef341e157102b191b3751567f98e86,9a52b513e3ad42b2ec72f145c2ffcfeb,4,,Gostei muito do produto. E a entrega foi antes do previsto. Minha filha ficou muito feliz. Estão de parabéns. ,2017-02-12 00:00:00,2017-02-12 14:27:46
caab0f9b4ba0ee5f2e4152a4d62be716,52fd8c890356febe4f78b653ef130cd2,1,,,2017-03-10 00:00:00,2017-03-13 11:11:19
9c3a29ac6f96fd1978cf55114344d488,e9cd104dfc8837e084c067292c013b0a,4,,,2017-02-03 00:00:00,2017-02-04 12:22:54
3a48d0f1ab910b036725ddd3a02db844,6d212e3f7da7cdbf836ce9494d33a606,5,,"O produto, além de ser de ótima qualidade, foi entregue antes do tempo previsto.",2017-02-16 00:00:00,2017-02-16 22:26:41
d1cac4f6c2f85821231530bec21c03b9,9843c2a66fe0afda6509bc4274f743de,5,,Produto chegou antes do prazo. Tudo certo.,2017-02-18 00:00:00,2017-02-19 10:51:42
3918306fc04f31c393a12070f6e66966,6e5fe7366a2e1bfbf3257dba0af1267f,1,,"Somente recebi as duas cortinas que faltaram, depois de abrir uma reckamacao junto ao Reclame Aqui. Nao indico e nao volto a comprar ",2016-12-08 00:00:00,2016-12-08 04:22:22
7b1a021deb42134bc8b6e2b328ebb570,87d43116721d5ee0c0748fd7d393cc9d,4,,,2017-02-11 00:00:00,2017-02-12 19:46:53
52f7d3e2bb2c79a225017f35c4dc0c07,4f95977893357c1a4a9ab91107e78cf5,5,,"LOJISTA OTIMO, PRODUTO ENTREGUE BEM ANTES DO PRAZO E MERCADORIA TAMBEM DE OTIMA QUALIDADE.",2017-02-11 00:00:00,2017-02-12 12:13:03
d722f7fc5060bb867d4f8d5525d4d9fa,1400d6665ba7f18ed06ea15ab083203f,4,,"Produto bem embalado e entregue no prazo, que por sinal era bem longo. Estou satisfeito com o produto é serviço
",2017-02-15 00:00:00,2017-02-15 23:48:20
b4155079bcd54f01463a438d2d12c328,b9763fc50599a4ba2c2405513546d844,5,,,2017-02-15 00:00:00,2017-02-15 23:03:13
158034c5b156d18fc8ecaaf94fb77fd5,10b6352081cd9c4b594e4be0c491ee62,5,,"O produto é bom sim, muito bonito, macio e bem grande, mas achei um pouco fino. ",2017-02-03 00:00:00,2017-02-04 12:23:05
a68df871b3ca65507355d602e0b5ddd9,d9264b7ce5f860c5b8d439f2e77bbc40,1,,"Pedi uma coisa e recebi outra!!!
Um absurdo!!! Compro várias vezes na lannister e nunca aconteceu isso!!",2017-02-14 00:00:00,2017-02-15 02:59:01
dec9d637de8b24fdedd75118f0b924dc,6d02a007afc7698b7dd60ffb07514d1c,4,,,2017-02-16 00:00:00,2017-02-19 13:10:06
eb93ee0646c17834826f97474e670c8e,f611b669f06123c801cb15f4af16ac14,4,,Estou satisfeito ,2017-02-18 00:00:00,2017-02-19 22:57:07
49f67ed306be8302c752fb841f0e8056,facac214a771c262175219d6c5a3a439,4,,,2017-01-31 00:00:00,2017-03-23 02:22:07
212e6ab2b4801ca707b950aa0207ff8a,cd3b8574c82b42fc8129f6d502690c3e,5,,,2016-10-19 00:00:00,2016-10-22 00:23:57
a8e1f3c03d3a4ca3e845f8ae2bc1a954,72cb2646f4d14d8cc71780e765f531dc,4,,,2017-03-09 00:00:00,2017-03-12 13:30:11
da5b5825c706fcb2e08415e570ca1190,9b2e5e7107f9b0d28873782803e01ecd,5,,tudo 100% correto,2017-01-27 00:00:00,2017-01-27 18:21:49
dd065231d3137dfcbfb56eb8ac9deef5,48c43415ea1c4af9afa92542183b6e55,3,,"gostei do produto, funciona bem. nao gostei de pagar o frete e ter que retirar na agencia do correio.",2016-11-02 00:00:00,2016-11-03 09:21:24
2eda15f09642c4ba89201f8dcb784d5b,0b6d11d4a289a1574e8888f2558dd548,3,,,2017-02-11 00:00:00,2017-02-11 18:42:46
287b151e933bd809b1cafd71a5ebae3a,668a90230a093eded715f999c5c93610,4,,,2017-02-22 00:00:00,2017-02-24 12:11:31
97e60b155b921d80a70650674b8ad2e5,5d6e9993ecc20a59e637ce711858d081,1,,"A COMPRA FOI REALIZADA EM JANEIRO DE 2017,COM PAGAMENTO POR BOLETO EM 24-01-2017, O PRODUTO DEVERIA SER ENTREGUE ATÉ 28-02-2017, E ATÉ APENAS EMITIDO A NOTA FISCAL SEM DADOS DE TRANSPORTE E ENTREGA.",2017-03-02 00:00:00,2017-03-02 14:24:20
3265728f6bd2f8fa9ed72c6979d35797,f0704d8911f0469d5abbaf6096052409,5,,,2017-02-16 00:00:00,2017-02-17 23:27:07
331ff88b189b70d76a977d90b9bc329c,35444785eacb17aeda6810ebd8dd188e,5,,,2017-01-31 00:00:00,2017-02-03 01:15:07
e417a6dd6cef3c7663f7720c7f45bad3,2bdd95b017c58f97f4e735116e778d28,4,,,2017-02-15 00:00:00,2017-02-16 23:38:14
e17c978872144d47b0ad50424e19bcf3,a978d6eb16b0dd287c64cf99680c15e9,3,,"Sempre gosto de comprar no baratheon
Rápido e o produto é entregue certo
Parabéns ",2017-02-21 00:00:00,2017-02-22 00:23:49
77bfe4bdc0cd1d42f8354ae9231897e3,98974b076b01553d49ee6467905675a7,1,,O prazo de entrega muito maior que concorrentes - mais de TRINTA DIAS,2016-11-18 00:00:00,2016-11-18 22:06:05
01b83a07696ae1b2778b52dc7c6de2fc,1b694ef5b28d3e949a4f0ffeb2c9fcd6,5,,"Comprei e chegou antes do prazo, tudo perfeito.",2017-01-17 00:00:00,2017-01-17 12:41:29
018a9b45e3a42edb4395196bdd302caa,30f3a5252d3d97a113cefc74796f9fec,5,,,2017-02-09 00:00:00,2017-02-10 14:06:32
dab07e3ec8d1a58125f907b7b209edeb,14c06653b7d532679bdd383da5d8e0c8,5,,,2017-02-11 00:00:00,2017-02-13 22:19:08
21d50742c96c5cc3de645697c7e5d611,f21167a5141522821d54a766a2a54ce4,1,,"O produto chegou sem a embalagem do fabricante, apenas embrulhado em plástico bolha e sem a nota fiscal.",2017-02-19 00:00:00,2017-02-20 06:08:50
91a9d9bb359902aedfc510a17ed0338a,a15df161654da3f47c2984ffd7764920,3,,,2017-02-11 00:00:00,2017-02-12 13:15:54
d1cb79ed4ac050fbc074f46c39bc7be8,d2dec7f70a6ba38a5391914f927ec6c9,5,,"recebi sim, porém o moedor elétrico chegou com a tampa quebrada. ",2017-02-15 00:00:00,2017-02-16 10:41:54
6423f73f02cb6206d7584a54d9fe5d04,7a30c15d4766a1dcd8e9cb869cdb328e,5,,"Chegou no prazo, em perfeito estado",2017-02-16 00:00:00,2017-02-17 02:43:51
837b27a24cd6ce7f2b6109444372d8b6,95431c05f2b32414cf7839de333dc57f,4,,,2017-02-10 00:00:00,2017-02-11 14:02:13
3f3fab57236d781b928afb627e2a9daf,d1922da6bb996e9c76dad9202618a7ca,5,,,2017-03-02 00:00:00,2017-03-03 03:10:25
bd73724c46a994f746575027cb481726,e9376e0fd65f7e856a08d32426f523ef,5,,super super,2017-02-18 00:00:00,2017-02-19 12:27:54
7e3be027ce3ee1ad74cb4fc48ec39be0,3937ff0dcfc2d3e0ccf73d9b6521611a,5,,,2017-02-22 00:00:00,2017-02-25 18:54:17
6a317a8d5424c8fcb577450d1dbb0f84,0497899302217e8f8ea8645ac33c1882,5,,,2017-02-17 00:00:00,2017-02-19 19:38:34
112d59d7988da8129fa9143e1ae4fe56,72c1d87887d0b9a3965557013e74f543,5,,muito bom o produto,2017-02-08 00:00:00,2017-02-09 02:26:59
7c7ec00cda932d79e96748a0b0221a9c,b65db414b568d2c8b1eb008f7ea04096,5,,,2017-03-04 00:00:00,2017-03-06 13:30:09
d95ae1927e0599911eb1d86a5abf176a,e19a1b398beea6784e6dc219eb0a6a89,5,,adorei comprar esse produto.recomendo a todos pois chegou antes do prazo,2017-02-08 00:00:00,2017-02-09 13:15:30
89cd5131fdd598b29789a8a4ad616f7c,b96f5299909903eedc435d396f90f726,1,,,2017-03-09 00:00:00,2017-03-14 10:48:27
8f31d047a83248796adf0bd3fc41c0c9,026b41054c5e6b7a4e94a971bb94193c,5,,,2017-02-12 00:00:00,2017-02-14 19:36:58
6f83b9fec61cf67b6352a153dbb3ae1b,b04719a0e9a9c2cb394b7ef1f0ec4b01,5,,"Excelente produto, superou minhas expectativas. Chegou antes do prazo. ",2017-02-17 00:00:00,2017-02-18 04:25:08
ddde20466811fa935b4f496d1f5a2453,d64aa68e4a96734f280b7ddf0852d511,5,,,2017-01-18 00:00:00,2017-04-14 01:57:38
80952cab0b6a36c4bdd70872dc0896ab,6219ece1f053a3ffa649340e87cd93d2,5,,,2017-02-03 00:00:00,2017-02-06 09:26:06
39844249da8f109f75b416a9388671cf,15812af232ebe0d344d123c18fde51eb,5,,,2017-02-15 00:00:00,2017-02-15 23:37:05
58530d17ffb83e5716e4d0a876d84244,f3f12fc90564a9b036680a887cd64668,3,,"Entrega muito demorada, apesar de não me atentar a isso quando fiz a compra, o prazo era de 30dias e mesmo assim ainda atrasou uma semana. A intenção era presentear minha filha no dia 12/10, não 01/11",2016-11-02 00:00:00,2016-11-05 02:33:46
65f4e79529365e241d4514d436ed50ba,73c182f8914a0064d6c64ad65e4c6942,1,,,2017-03-17 00:00:00,2017-03-19 23:03:10
e0ed419adbff8f2b406f4f27c877f1ae,6789a1de9a37be580653e51fc6458776,5,,,2017-02-21 00:00:00,2017-02-21 16:17:54
21b6466c2fc39dee8e793652af06f9e9,985db56d4cabd2577d0960194dd2cd5a,5,,,2016-10-29 00:00:00,2016-10-29 23:50:50
58fd5e8968a445280ff157b85f694d44,d81dff089ae648dacea746f77643f86e,5,,,2017-02-02 00:00:00,2017-02-02 18:30:05
ef5a41c50217f8e2b9296db3ba78f11e,2194d1dc5f73fad748d7a90fd673291d,1,,Recebi o porta controles com o mdf danificado,2017-02-15 00:00:00,2017-02-16 11:41:24
9ef12de4c2174d61a6c6848b8a6a0b03,13c8da80a4b1a89a063dee494d324423,5,,,2017-02-18 00:00:00,2017-02-21 22:27:25
b5d2c79f0c7f4e32b9279e83f578d5dc,b46a7e15cacce08914d49a6a7ab63270,4,,,2017-02-09 00:00:00,2017-02-10 09:33:59
fc9d10eecf8ad945391cc37357ec0b26,f7a4be4d6edb66bd0e62e91e1bbc9061,3,,"Houve pequeno mal entendimento devido a cortina ser anunciada como 2,80 X 1,80 e na realidade são duas de 1,40 X 1,80... no mais, tudo ok... ",2017-01-31 00:00:00,2017-02-01 11:15:28
da752515f10e84a3b16fea69f1445f1e,343d749914bab05f8c752813a075ef36,5,,,2017-02-09 00:00:00,2017-02-10 02:27:55
a0005e31c238e5cd21d03b31d2082f04,de9df170e0b97a46f12f9bc8eca0e0b7,4,,,2017-02-17 00:00:00,2017-02-17 23:04:44
aba18ab8e4b14661a07ea086a59d2457,a93bb13e55f292aa026428dd42bd1565,3,,,2017-02-24 00:00:00,2017-02-25 03:22:55
132d7c47599263f5a0a604763bc6454b,12ca240539e7029e0328f0a410c12ad1,4,,,2016-10-25 00:00:00,2016-11-12 20:01:41
4683c0fe6ca056cd2aed2c19d09077b5,31f92d9eaa5c91b7eef11e2729cf09ef,3,,,2017-02-22 00:00:00,2017-02-23 15:08:45
d4372362d7c7b18dc644bfc78da5b269,ebcd770a00a9b6ee03235d5db51510d8,5,,,2017-02-12 00:00:00,2017-02-14 10:35:49
f61739a9db031acb4b634c0f24ea3fd9,9209e9a4ad05cf804c49922051fc44d9,5,,,2017-02-16 00:00:00,2017-02-17 18:05:30
9dc50077272395ec4c7dcf0ff89be4fa,c5a468ae781ffb0ec6d36ae89fe512b0,5,,Super Recomendo..Um encanto :-),2017-01-21 00:00:00,2017-01-23 09:57:30
4209998d0eef8449199ffcecb705e14b,cce1b8a1c5f8b1d224e19628299c8f54,5,,,2017-01-18 00:00:00,2017-01-23 14:15:42
ea6b61bd3a7a9721897bd347ff35bbd6,0e659173ebf2a1d39e076be9bd0b2872,1,,Não recebi mercadoria,2017-03-18 00:00:00,2017-03-18 23:36:02
0afd287021683c48755bb584f0616c53,e121d5d3ae614bc7cbd5eddba13b16fc,5,,,2017-02-14 00:00:00,2017-02-16 01:29:46
c8eee8f3d2f52ee06b17bc53a26f0ed2,ed0c78512dc9e32eb0120ff13b93a8fb,3,,O produto esta em processo de devolução e foi entregue no lugar errado para qualquer pessoa. Logo o processo de devolução será demorado.,2017-02-23 00:00:00,2017-02-24 13:15:32
40884f2e6816c84ae189706b83c882ae,66f5111aa3f376fd7dfa577aa7c57515,1,,Eu cancelei o pedido pela demora da entrega não sei se é do vendedor ou os Correios. Quero saber como vai ser devolvido esse valor.,2017-03-08 00:00:00,2017-03-10 14:18:45
8ca59ec52d44279f47d41121bfe3de98,5497655681652e7e1306139bb5d04a14,1,,,2017-01-31 00:00:00,2017-02-03 15:31:05
2fbf193d1cc24a781b5775a10ceb6ccb,df30f88407baa98218b16abe7032899a,5,,,2016-10-21 00:00:00,2016-10-22 04:09:29
727a3971643267973c5dff684237dfeb,0f91be4a9bf9ffd2c1ace53b9e5dd9e2,5,,,2017-01-31 00:00:00,2017-02-03 00:54:55
12ec6a3afc2d9b66ed7fdabb2b046304,7ca4e50d72a12009d398a335125b4871,5,,,2017-02-15 00:00:00,2017-02-16 06:10:35
af13b558d1c0d3e50dd216212e8af66d,4f821ef636d5a5eb870c9ae7b7d7654f,5,,,2017-02-14 00:00:00,2017-02-14 22:20:12
11b54d6b032c22b3219b4c3030795d95,bfb022f17ef48196bf7cda1a9a437517,1,,Produto com defeito.,2017-03-09 00:00:00,2017-03-12 17:11:53
208e52be0cfbf8874cb7d98c2b98c6d1,3398470b1f117c681a7dc2ead5553724,5,,Recomendo ,2017-02-15 00:00:00,2017-02-17 21:43:15
f8352324132b07d990c090c7fe8868ef,055eb7e5645d86bd278fc4f419622e8d,5,,,2017-02-03 00:00:00,2017-02-06 18:05:22
bf0948903854080fbc4f31d64d274d48,9a9a016a99c004915ea810b5fe0dd5f1,4,,Nota 10 ...a entrega foi rápida e o produto gostei ,2017-02-23 00:00:00,2017-02-24 12:13:56
c3c76dda0345be1ee75396a918f641d9,7419d74066b299f2c4c8640ce5fa8e7d,4,,Bom,2017-02-14 00:00:00,2017-02-14 22:47:45
23e142c750d75fcf082a1148ee349249,21ccfd8ee777c40d2407604c5ddd2db1,5,,,2017-02-22 00:00:00,2017-02-23 13:03:58
56f30df94000f5441d717fbf5526bfed,6706f390222e7bc202b12f387ecd6e29,4,,tudo ok,2017-03-02 00:00:00,2017-03-02 19:22:17
74a9cc50d1a1428042c273870f2be8af,c71cf183a3308543154b435e645f56d4,5,,,2017-02-11 00:00:00,2017-02-21 00:26:30
135df63f4871bf893d89ca67df0f921c,661e075fa45fa4a73a79dd6972bce18b,3,,,2017-02-16 00:00:00,2017-02-17 08:53:37
b92da7fa0aca1495d336323cff856923,1fb19f4cd7486d32cfc488577cc28235,4,,,2017-03-02 00:00:00,2017-03-02 19:49:11
f4cc3067cb5ae76978801c0fce5cd0da,a52e6fa2d7c6ecaf73ff5f7f10438339,3,,"Satisfeito OK
",2017-02-09 00:00:00,2017-02-10 05:43:23
a2976a69183bef6433334f9609295daf,e50cc13e9d831cb739ab84fe5d7fd249,4,,,2017-03-05 00:00:00,2017-03-08 11:36:24
8b8ec505c06d139a816146c9173e88fb,8729a8f7c27d03afe731463091711489,5,,Recebi o produto antes do prazo...,2016-11-02 00:00:00,2016-11-05 15:04:58
f512be27cf8e8d592a53deac93d195c3,06f5f6139b33f53defc64643f1252d53,5,,"tudo certo graças a Deus, stark e lojas lannister sempre dando um banho de competencia em todos os sentidos, muito obrigado assim que tiver mais promoçoes estamos ai para comprar mais produtos, o",2017-01-31 00:00:00,2017-02-03 11:17:20
6916ca4502d6d3bfd39818759d55d536,bfbd0f9bdef84302105ad712db648a6c,1,,nao recebi o produto e nem resposta da empresa,2016-10-06 00:00:00,2016-10-07 18:32:28
0d53eac38f4797fcdadf26d7810dacb3,3d7d60b10ba4b43cf6f6d5df2e933f67,2,,"muito caro, e mesmo comprando mais itens, vai ficando mais caro...",2016-11-01 00:00:00,2016-11-03 19:59:43
7d9e91d795b43d52d310492bf0477370,9846cae21962f6c6e65ad2e77d3c2be7,4,,,2017-02-08 00:00:00,2017-02-10 21:33:40
1f6792ed4fd4dfd6c2e564dd1d1e6750,f2a5336cc1662ad56b16f4ed6e4b2de5,5,,Boa,2017-01-26 00:00:00,2017-01-26 23:14:30
5f6009520bb75fd97b927106cc84a076,2c173fae740c25aaf8668bc3eeda0114,5,,,2017-02-20 00:00:00,2017-02-23 20:03:36
6bd88a3b9d13bd5ff07a9f530111f43c,5c5177333fb1fce1f4bb65868988f204,5,,"Entregou o produto no prazo recomendo 
",2017-02-04 00:00:00,2017-02-05 08:33:35
b8ee78b3ced2f119b89b611a0efdba7b,f688669f48063536e082bb32d634cd46,1,,"Meu pedido consta como entregue, mas na verdade não foi. E a loja não respondeu meu questionamento sobre a não entrega.",2016-10-22 00:00:00,2016-10-26 11:21:05
91d0e42ba8924d0a463514cdbbd79b50,65e96eb0ec0c05756d035e9eb8fce071,4,,,2017-02-08 00:00:00,2017-02-08 22:38:14
aff09ad489e50f8d9b4d98e1ff92e12b,10bce195e3966122a3dd0e2aa676f761,5,,"Gostei muito!
",2017-01-28 00:00:00,2017-01-30 22:26:01
ddc0ebfaeb8c2bbbe99591cb44654547,cfe9a2c324eefb180663116644e4f171,4,,,2017-02-04 00:00:00,2017-02-05 12:10:58
c91410f72935babe0547a45f223dee17,7ece3f32d060f91a98d50279ab15ebaf,1,,Bom recebi o produto errado a voltagem errada em fim fui enganado pois comprei um produto 220 e recebi 127 sem maleta .,2017-02-10 00:00:00,2017-02-10 16:13:56
cc979911163c98d5932827fb4ae6eb9f,74b9c5a1b6f7632750a25db4de597512,3,,,2017-02-02 00:00:00,2017-02-02 20:59:54
4d40929ab43455335e608139eb444c85,d029fdde9d52a038f0de4e9ac1f7c9ad,5,,"Excelente protudo, ótima entrega",2017-02-17 00:00:00,2017-02-19 02:10:35
a88e75e32359feb31d67be9feaec7e7b,b7ef1124cfa9a18db6bb683801089f56,5,,Chegou antes do prazo em perfeitas condições. Parabéns,2017-02-09 00:00:00,2017-02-09 22:23:55
47b82a0036dfbf0aeebab18e70ef8606,f3c95cc4d7074e5b709ac1a9c10dea1c,3,,,2017-01-31 00:00:00,2017-02-01 20:36:36
23b741875b003f10cfce15d4bc794559,4d21276afd29a3f70e49766a9848d19c,5,,"A entrega chegou bem antes do prazo, super confiável ",2017-02-19 00:00:00,2017-02-19 19:19:13
d45c11e184ad8ab4590b3a41e284fec4,9980c5519e01cc5a1c1c35bd247bb499,4,,Muito bom,2017-02-02 00:00:00,2017-02-02 21:07:41
d0f61b85577f5e9dad52752227a09966,7449beca42d01504e128802e11560201,5,,,2017-02-18 00:00:00,2017-02-21 10:43:28
2c2919a4c6f098338e5e432c04dededc,13a4e0efe42392b2ee22601883f47d24,2,,,2017-01-27 00:00:00,2017-01-29 20:45:52
96e5ecbc9aeef6bbde04819106e9d9ef,354a5b90cf468691c4b06debfd2c8115,5,,,2017-02-16 00:00:00,2017-02-16 22:50:24
442bf24c2203556c6570c6af40c38f15,e3e80c87ef38162cf2d0fb01c481f5df,5,,Muito obrigado por entregar meu produto nota 10,2017-02-11 00:00:00,2017-02-11 22:30:35
b3f9a02744996edc53b481671371a563,10e9f4b926adf55cefc13979e6b1d62b,5,,,2017-02-18 00:00:00,2017-02-19 00:18:40
b82b2af506402c1b00ac3674e27a8e40,0927a4ea2d6af04c6e8a1aecd4f9951d,3,,"No site a mercadoria vinha junto estojo, mas este não veio.",2017-01-29 00:00:00,2017-01-31 22:51:19
b0790ddb958559ec1b6d1542d42687ce,e9740abcb66dbd659a343d7fbf2af04f,5,,,2017-02-17 00:00:00,2017-02-19 11:29:03
5996f015679189ea4416c5c7b73f3e30,b7ae7c643ef9274727f48dcb0ba08593,1,,"o produto foi entregue,mas demorou muito.",2017-02-09 00:00:00,2017-02-09 22:52:00
1fde0ec1f083fb2a27629ddc8b47473f,1e69dcdcbc094d39d6ba64248af906fb,5,,A compra chegou muito rapido,2017-02-03 00:00:00,2017-02-06 16:39:52
901a78d2f2e67ea4457f8ec30bce1179,a112ffd9157da040b7951b8bb6bb2fba,1,,,2017-03-17 00:00:00,2017-03-24 17:52:34
13e5b4b63fe7ad974b1ea185af5ac47e,f4e88b3ce1eb899d388467aa702fdf93,5,,,2017-02-21 00:00:00,2017-02-22 19:49:08
853e39c2bb910447aba888c0785cac2a,dcc5949c9548f7fb6537e65fa17dd847,5,,gostei demais,2017-02-15 00:00:00,2017-02-17 23:04:39
0ad58cdf5054add1a5569e58ae1b2ceb,bb2dfe6031f35f7abc9a3c7dad5e4467,3,,"Foi tudo no prazo. .
Bem embalado e perfeito estado.",2017-01-31 00:00:00,2017-02-01 13:56:00
25220e954a5481d5bb657722a87e3a97,0957ed870116e596b800540427c61497,5,,,2017-02-10 00:00:00,2017-02-10 08:18:57
9a85a070a66237ad2521efbe81ec4b59,4ceb9336411700f9568db2ef11bda594,5,,"O pedido chegou antes do previsto, tudo entregue corretamente.",2017-01-27 00:00:00,2017-01-30 13:18:10
c5557ef43e7b1ec8e1926654f089848f,315da0cfbc485bb00c12a581077cf7b2,1,,O produto não foi entregue. Aguardo providências urgente.,2017-03-16 00:00:00,2017-03-22 00:20:22
c686a09b052744f9c20ea9250cee994e,55090b3dd39aed5a2019b57cce6b174d,2,,"NAO RECOMENDARIA A COMPRA NESSA LOJA DESSE PRODUTO, PORQUE COMPREI PARA DAR DE PRESENTE PRA MINHA MAEDE ANIVERSARIO MAIS CHEGOU UM MES DEPOIS.",2017-03-14 00:00:00,2017-03-17 16:07:51
34d62feeefaf60ef6ff7204af19fe109,71303d7e93b399f5bcd537d124c0bcfa,1,,,2016-10-27 00:00:00,2016-10-27 23:40:51
bcf66c6bd6f84ba225c62699ff374999,765442de6466c0bb079c22b8b20e0eab,5,,,2017-01-14 00:00:00,2017-01-14 20:07:42
d5d5c6d09eb8faac19a7519ceaa17b2f,eed0820e183311e6ae0d016436318b19,3,,o produto veio errado mas o fornecedor resolveu o problema de maneira rápida e gentil.,2017-02-17 00:00:00,2017-02-22 19:44:00
08686763f3e8333a98e3655edb013532,f9427374480e37251d5c279ebc41a3ab,2,,,2017-01-26 00:00:00,2017-01-27 09:12:05
656ad607707131f240bb93593315f4f1,7d09e4056c3bfda6715955ee27a98e5d,4,,,2017-02-15 00:00:00,2017-02-16 14:52:42
4a4ee5e7df28899a96d9e971b0a48f7a,df1b378ac0b21d71ef1e642971d31530,3,,,2017-02-26 00:00:00,2017-02-26 12:56:17
4167c1b8067969787c0b09c1019887db,c141123e3bc9866f39f5dd9a3b3bdefd,5,,Produto ótimo e lindo??,2017-02-17 00:00:00,2017-02-17 22:26:28
4d7c0147ddac232be7629e5f38d6e11f,2272148d6abbd3d385088f3e101edec9,5,,"Muito bom, comprei o produto , o prazo era extenso, porem , recebi muito antes do prazo final. ",2017-02-11 00:00:00,2017-02-14 09:55:19
a013f4c72554fff0555fc21428ec84de,dc17c17282032d56b1ca7dfbb291cf07,4,,,2017-03-02 00:00:00,2017-03-04 14:13:32
0a8bf0fb832ee2e70ef874844501f919,a47d0baf5bb361cf68e3f1ec57bf57e4,5,,,2017-02-15 00:00:00,2017-02-16 02:18:30
69007c5bef31526a2ece4ab02f515fe3,a4e62639ac0ca7429854efc494c1915f,5,,,2017-02-15 00:00:00,2017-02-17 23:37:26
d7f44cb19d8bc7d53076c75b4e9633a9,a6da74b3d9ae7e102985630416034486,4,,"deveria ter a opção de entrega mais rapida, obviamento com o custo equivalente, para os casos de urgencia no recebimento do produto.",2017-03-02 00:00:00,2017-03-03 11:38:51
15a1ae54e259e5b039536713c3b19320,21cf778cbc216b501945041921a3aed5,5,,,2017-02-10 00:00:00,2017-02-11 21:43:19
9fce64a76ddc84414632c07e6cb98e43,963030216f9dfae3f21a1660bfed8274,5,,,2017-02-12 00:00:00,2017-02-14 23:05:27
e4bebcfc5687911d15a24b367da4d756,8dc67de08c1738a90e70f62f2920b432,5,,EQUIPE ESTÁ DE PARABÉNS!!!,2017-02-02 00:00:00,2017-02-02 22:55:52
7f09f03694c54612dbfcaeed363077d2,f4e27ab53e927651894a4f69500baf5b,3,,gostei,2017-02-23 00:00:00,2017-02-27 12:57:26
8ee14babdad4ad45c1188f8a93b58b14,f205336be829af209878b6339cf02c7e,5,,Chegou rápido e o produto é de boa qualidade. Recomendo.,2016-10-28 00:00:00,2016-10-29 00:09:15
4446f5d2181c7107b2386b9bce43be6a,f716dffba1232aaef7c899fb8c14db97,5,,,2016-10-19 00:00:00,2016-11-08 20:45:09
c38339c3ae50ee587659bc4f74daccd2,bdf4423bf60eac03b6786ebd0e507cc1,5,,,2017-02-16 00:00:00,2017-02-20 10:34:48
bc50668b8aad067318b445ccdc4fcb9d,ccc1002577e950545f551f79bd3cf01c,1,,"Comprei um produto e ele não era o mesmo da foto. E, por não ser o mesmo, ele não funciona. Estou tentando entrar em contato mas nunca consigo. Praticamente impossível. ",2017-02-19 00:00:00,2017-02-22 11:07:46
00d4e73b0853cf1ebb24f2eb816edec7,22aa0b4e8c7855fd8d534a7692579a36,3,,o manual de instruçoes veio em lingua estrangeira. ,2017-01-31 00:00:00,2017-02-04 15:31:39
f7cfeb0edd64c19c3e908cdb8f679b16,10ac3b593f06e0dd6b38a53821c1d497,5,,Ótimo,2017-02-16 00:00:00,2017-02-18 22:19:57
d9149c744874a658481cbbede49319b3,d3b59b9a0767514f777439a668f564b8,4,,,2017-02-25 00:00:00,2017-03-04 22:34:14
4a1a3cda2ec06fd3b32e28b11dc71f47,aba7884f1a6e6e52b774eb7654651325,1,,"Infelizmente as lannister junto com a targaryen, não entregaram meu pedido, foram me avisar mais de 40 dias depois que o pedido tinha dado um problema...
",2017-03-16 00:00:00,2017-03-16 17:30:08
337c829743187bf8fd25c12c4c585076,e3b7896b6e5a82264c8e99a140843793,5,,Tudo como combinado.,2017-02-22 00:00:00,2017-02-25 14:55:28
171efcba1ab32c5ebbd893abc885fed6,0f475d7e08b52d8abf7e8c6141286c27,4,,Recomendo,2017-01-29 00:00:00,2017-01-31 17:39:57
8000b4fd92f310baf7fee7f2cb4665de,aa4f1c4318226e2f86adeb5578d8726b,5,,,2017-02-10 00:00:00,2017-02-11 16:19:26
9f9ef7d02c79fec59ec5f62189c25499,20127339dd8d9c579830783e565b4fd8,5,,,2017-02-10 00:00:00,2017-02-13 09:41:20
2d8b83f5db81a54ef475d8d7aa78204b,1973095f2596945f9dcc773608d8cad2,5,,super recomendo ,2017-02-14 00:00:00,2017-02-14 22:53:55
47309399544fe343cb9659baa452538a,d2c0ceb948cf7025d520cbd2c88ba435,3,,,2017-02-15 00:00:00,2017-02-17 22:28:28
b2d5d8db2a841d27a72e4c06c6212368,9aa3197e4887919fde0307fc23601d7a,4,,Só chegou uma parte do pedido ate agora..,2016-10-15 00:00:00,2016-10-17 21:02:49
faabeaa7aee834d778cbfce9aef4fc64,f125b6371382cc34b5bcdd6405152d86,5,,,2017-02-12 00:00:00,2017-02-13 17:01:11
a41e2f00c75748a0796ed5cb3de765a6,71d1d659a3fc76b377ac21af193fae99,5,,,2017-02-10 00:00:00,2017-02-13 20:38:34
99f0cd19d2e95d13d75de28da5a1d90c,f47f217e6978ad1f6991ec7d9444b0eb,5,,,2017-02-09 00:00:00,2017-02-09 18:24:31
5f45d6aa32336fa26cbc254721c81880,ec7a019261fce44180373d45b442d78f,5,,Adorei o produto! Super recomendo o lojista. Recebi muito antes prazo e tudo veio conforme o esperado. Realmente adorei e recomendo para todos no stark.,2017-01-12 00:00:00,2017-01-13 20:22:46
cc5b098bceb9337883eb6ce40e7d08b2,d5cf2633d9ecb6dba748bca164760855,5,,,2017-02-09 00:00:00,2017-02-09 15:28:22
4b1e75aefd4858e4900d8eb137e5ddd2,f5ffe8d91be29c41069321b0704e1a06,3,,"Como é cobrada a entrega e nos meus dados está que é apartamento, e foi entregue durante horário comercial, deveriam entregar no apto e não na portaria.",2017-02-15 00:00:00,2017-02-15 13:04:44
34dd203e003c764c0555194bb65fe72b,1ebeec1bb9ce388ee2e00d401058ca8b,5,,,2016-12-07 00:00:00,2016-12-11 13:22:58
ef468ee6d6910150dc4ea20c19ad116d,9021fdebb45ac827a6033d6969d5c2e3,4,,"Pensava que era maior, mas tbm não tinha noção de 20 cm. Fora isso lindinha amei , tudo perfeitinho , estava pra chegar dia 09/02 mas veio dia 13/01 que bom pq eu queria pra 27/01 níver de minha filha",2017-01-14 00:00:00,2017-01-16 00:02:47
19ea286c998549d60b2a7f9d51e96138,8b6d201fff0b1b32e59f7cbdc6beaf54,5,,,2017-02-07 00:00:00,2017-02-09 22:30:14
7ae464061185ed6b318165f0d353d86c,e04d9eacedc0dca9d83c14fcb0d7276c,5,,,2017-02-09 00:00:00,2017-02-10 20:27:39
9bea28503e4287035f1faba4605b57cb,8f1a2a26d4f0ed5608a8857e0e88b7ad,2,,gostaria de receber o meu produto que ate gora não,2017-03-23 00:00:00,2017-03-25 15:06:57
4d4819ae075cf68cb4e47474833b4ac5,6ca2b1dbcac1751cab45df5faa1b892e,5,,,2017-02-02 00:00:00,2017-02-06 10:52:47
f24e1946d658c13928818f1a73b6d899,c4f710df20f7d1500da1aef81a993f65,5,,"Excelente produto.
Obrigada",2016-10-27 00:00:00,2016-10-28 12:21:53
6ae2f4403d64910933b2fae18430a35f,d6e32818428593eefe8ffd7e15acb83e,4,,"A loja fez a sua parte qto ao prazo de entrega e entrega do produto, so acho q deveria avaliar a eficácia do produto antes de por a venda ...NÃO RECOMENDO O PRODUTO, não realiza o q é proposto.",2016-10-26 00:00:00,2016-10-27 18:44:02
e5e416ef74d4af97afcdb6c765a36367,77e102ecf08e057581ef2ce55c80c6c0,5,,"Entrega rápida, ótimo preço loja muito boa.",2017-01-27 00:00:00,2017-01-28 00:09:20
804c9ec4cb9a402f2c49fdb30c5456ab,7c0ff60ea08a0885a1404c299f7ed4f2,5,,,2017-02-04 00:00:00,2017-02-07 17:27:15
f8c4f85ddd377fb998b9d25039c0a66b,543929b980aa17fb9d324f934440d131,5,,,2017-02-16 00:00:00,2017-02-17 10:59:44
ef470825ac59774ebaddb12dfecdbd6b,1c4deb98d216d2fda120204a5fcfb57d,4,,"estranhei porque comprei varios produtos e recebi em varios dias, todos picados, acho que devíamos ser informado disso",2016-11-01 00:00:00,2016-11-03 23:51:41
272060d3180c7d3fdd1bb59d8cbddd04,a92ac2f2738d0a4b0add8fe65157d5f5,5,,,2017-02-23 00:00:00,2017-02-24 13:19:10
643a6ec9e568c9427739abd83fa4f794,ef923bbb28876cc2a8e00a7ebc1a52f8,5,,,2017-02-17 00:00:00,2017-02-17 16:39:11
854610ac4867fc1c1463e1af35bc630f,188e8c3184383f5eee9e40255048191b,4,,Bem útil. ,2017-02-14 00:00:00,2017-02-15 12:21:56
1b34d525ae2b5d7a765ce91a04e95ea9,fc72d25952f5957a412411253f5804a7,5,,O produto foi entregue no prazo e em excelente condições,2017-02-24 00:00:00,2017-02-24 10:49:13
2d58bd45313914e9987fe8f98841f63c,e1df61c61699c690427a33fc1b6b540c,5,,,2017-02-21 00:00:00,2017-02-25 10:52:54
d212b6c583f36dafb3f70ce3b9127d76,0c5d85fbd4b20a1d9d5fc6a29e739f36,5,,"Meu produto chegou no prazo certo, e eu adorei, estou muito satisfeita.",2017-02-04 00:00:00,2017-02-06 22:55:35
fae76806cdb052d20c72da714ae8d89c,b44d71edad65f41824d2e177470ef8f6,4,,"Muito satisfeito com a compra que fiz neste site, tudo ocorreu como combinado. Recomendo.",2016-10-26 00:00:00,2016-10-26 20:43:03
52ffad0c3ef77a4f368dbe61152d84d9,35d8c6d5e060ad24271ffda186312ef8,5,,,2016-10-26 00:00:00,2017-01-26 23:20:30
990631ecc7a8ad024493c6bbace6b33d,329799621fa31033287e1294f418de06,5,,,2017-02-21 00:00:00,2017-02-24 01:21:40
6f6f67bf9001fd504af727529b15ecbc,058afe6c6322b4773393a66003934493,4,,,2017-01-25 00:00:00,2017-01-28 16:24:33
ed704537b44a3586eede2c0edfc707a3,6335afd8e6b7eb0ebc8bb71ea0008f6f,4,,otimo,2016-12-02 00:00:00,2016-12-05 03:17:45
693f18ad0dec798d100e7c56df7e991d,d2266b035a47467c40d174c6f55cf4dd,3,,,2016-10-25 00:00:00,2016-11-12 21:48:48
9fd6ec4c21c33301196f99de9883fe76,3a8fa2133fb96a04512604d9c32dc7c3,5,,EFICIENTISSIMO .,2017-02-23 00:00:00,2017-02-24 09:19:09
e42daf1b535fdeab6d8276b68ff8ea40,818bd73c0b6b0ad178a73807245dc58e,2,,Após efetuar duas compras de um mesmo produto recebi informações que não procediam.,2017-02-12 00:00:00,2017-02-15 02:20:02
fbe97ffa0cc3fd60bb01c24d5ed6befd,5ffc7455c07cb79260d36024277e417a,5,,Adoro comprar nas lannister ,2017-02-22 00:00:00,2017-02-23 00:49:02
f37d5a15c992c2917846697f9103851f,717d28ee12c7c0ef8b384ff1b62b33c7,3,,,2017-02-07 00:00:00,2017-02-13 14:27:51
36eaec9c10a61e089d0a62ded8cdbf78,9ee53d821aec1c97d5b1514199c74c27,4,,,2017-02-14 00:00:00,2017-02-15 15:14:03
4885f49de11f4d4436d53678d88d7cf8,676157c2d1075c88ea0009f8d7d2d389,4,,,2016-11-10 00:00:00,2016-11-21 12:36:11
0b5dada9ff4f4dc4430d49e86dc5aa80,ed2df92b95519613e72472fc57654e32,3,,,2017-02-19 00:00:00,2017-02-20 00:11:17
3cc24daf88bb7a78eb0e15c8209edea8,11769750147cf0a49a396b01ca004300,4,,,2017-03-04 00:00:00,2017-03-05 15:38:00
6b963b1150c616b27485bc5c900cbae8,8f359a870a6206af39d54ab82c99619d,4,,,2017-02-04 00:00:00,2017-02-07 16:19:52
595211dfc3502997ba5ced9d81086ec6,bbf0608a4772666602f2fe57fe81742e,5,,,2017-02-08 00:00:00,2017-02-10 17:24:39
346ca6005b12a55084407b070213d8e3,b3c8fc1049e54f4c7ab9340db821a4b9,5,,,2017-02-16 00:00:00,2017-02-17 04:07:08
3137d3cac215132bc4816044bac3ee23,b9b3a57801f2cb36617b727e256b4089,5,,"Produto muito bom chegou antés do prazo
",2017-02-16 00:00:00,2017-02-17 09:05:41
b39093a4bf4d82622b75d966864f1d04,3e9334d33c1e64167920675211fb1aee,3,,"Boa, porém Spotify não funciona, mostra opção de facebook e não entra. É um pouco lenta também!! ",2016-10-28 00:00:00,2016-10-30 20:57:26
a9cebabe354701b2e631af3bff702514,6f6b636fb54260d97e6124e137986824,4,,,2017-02-09 00:00:00,2017-02-09 10:44:10
c1c88925faec2ded8121e46c2ec98ec7,6c82197bc099415d9919ccb609a9c072,5,,,2017-01-19 00:00:00,2017-01-20 00:58:49
53e616f83058b7f7ee042c1f3c2ec051,51ceba3ba51d4b4543e7f78e181e0ba9,1,,a loja entregou outro produto sem previa concordância,2017-01-31 00:00:00,2017-01-31 12:17:41
3fedda7e6030edecbeeeebdaa5ff3ccc,dc91dbf7defabdf37c52672a989bad1b,4,,"a cama iglu é otima, minha cachorra adorou, ela é macia e confortavel",2016-10-27 00:00:00,2016-10-28 10:22:29
e3ed0be982ca28717f4d395f0f21ba46,b582532527260a8be949eac9f4d0ccff,5,,"Fiz uma compra tranquila, recebi emails sobre o andamento do produto, não houve nenhum atraso e meu produto chegou novinho embalado e bem antes do prazo.",2016-10-24 00:00:00,2016-10-24 15:24:44
aa507f2fe9aafcedc5b2589d704844a6,10d1e90a86d2be981a52b6a927c97dc5,5,,,2016-11-08 00:00:00,2016-11-16 01:58:07
af37e86291b016d85be4b78f7782be5c,533e104c4193cf07d264603f7800fb71,1,,Nao recebi o produto,2017-03-05 00:00:00,2017-03-07 04:32:40
67b483feff73ec0d62976546fd962d9b,6225dae3fcc1416785f294cc07f2e4db,2,,"Estou com muitos problemas. A cadeira foi entregue parcialmente montada e mal embalada e com peça faltando. Parafusos e peças estavam soltos na caixa, e uma das peças foi entregue quebrada.",2017-02-14 00:00:00,2017-02-15 15:21:48
93f45bc3677448080001e4fe1a46dec2,cfba3ca25a049f8bdf836baa3b8be493,5,,,2017-02-01 00:00:00,2017-02-01 10:43:29
2e293789c5aa0b94fd3e4a1345d1b9c6,8f527e48221d505b8224a9b04749f319,5,,"Entregue antes do prazo , produto de qualidade , ótima loja !",2017-02-16 00:00:00,2017-03-24 19:33:07
ab0b54dd2bb2685c2001a3252ebeeef3,4b038a7f8dfc36755eca741381e379e3,3,,"o produto demorou MUITO PARA CHEGAro q NÃO É COMUM TRATANDO-SE DE lannister.COM já conheciaa escovae não entendo pq tem preços disparatados como os que paguei. R$ 128, R$50,00, R$55, etc+ frete.",2016-11-25 00:00:00,2016-11-26 21:22:37
09e9d3c703da2e6a685bafbd84a9639e,8c0a4c58ee098fea192d86cb195786e6,4,,Recebi bem antes do prazo previsto.,2017-01-31 00:00:00,2017-02-03 22:12:23
e723ed85e1f4b217802e4df4848c63e5,9058bc799c3791077efb3aaa8e0d5e02,4,,Foi bom tão de parabéns,2017-01-31 00:00:00,2017-02-04 23:33:58
f2e2ca88c78dfa03b5458de711b156b6,f5d54f3d6cc2c7125dc1de8888ce8975,5,,Recebi produto bem antes do prazo e em perfeito estado. ,2017-01-31 00:00:00,2017-01-31 19:37:46
43c846975cad387b7c0a36aad510f825,ad818323f40e1a353eb3a3874d138c51,1,,"comprei um aparelho para voltagem 220(sta Catarina), enviaram 110.Em contato com a Diluka Power disseram que mandariam um transforormadorque foi recebido, mas pinos não combinam,teria comprar um T",2017-01-21 00:00:00,2017-02-06 15:15:40
c444278834184f72b1484dfe47de7f97,566f53fc7d36fa366f7e221468121877,5,,,2017-02-08 00:00:00,2017-02-14 13:58:48
19704c3e508bdc4933c5fd3f4d6604fc,8fe36dfd03ccfe3ed3d492c146705b9d,5,,,2016-10-19 00:00:00,2016-10-19 23:59:49
c127ce2c669514e8cd05197d58ebfc1c,47378b461210a310c95e17323f7dd726,5,,Otimo,2017-02-08 00:00:00,2017-02-10 12:01:28
c4abcb90df17c2f908f7d30d560878dd,8ffd24fbf822586b2712a4becc7217dc,5,,A baratheon é muito comprometida com seus clientes pois produto chegou perfeitamente em minha residencia e dentro do prazo.,2017-02-08 00:00:00,2017-02-09 01:36:33
6596c9416036f3d96315ca534f5a0d34,bd0f032970584aa4a5b78947cb63e455,5,,Estou muito satisfeita com o produto recebido ,2017-02-21 00:00:00,2017-02-22 17:52:33
3a9f71e5e757228317549f6eb982042d,849eace12a4c38cc5d4647af9f942eff,5,,,2017-02-20 00:00:00,2017-02-20 09:14:25
65fba10ef4086df6bc4d1630cb48adef,92fca7ed7b7df4695007bd7f227e3333,1,,Produto não entregue = consumidor insatisfeito. Preciso de retorno do stark se o produto ainda será entregue ou não.,2017-03-05 00:00:00,2017-03-05 15:32:04
5593bc03e3f0c2d27afc424b991898b7,6dfdc1eefc7a125d1bb81feb04a6c2e6,4,,,2017-02-19 00:00:00,2017-02-19 19:17:51
8ca24c837b2aaf8ba849cf6d8901674b,6c273b11e7a7b4b410ea29fac9769fac,3,,,2017-01-31 00:00:00,2017-02-01 22:35:19
2ef529bd11c9d1316dd8c6866ff05396,278b6dc641ac6cf9abcfb8b2aa95a0d0,4,,,2017-02-14 00:00:00,2017-02-19 17:40:55
8f051411ebe431a0ef4bce88e0c74c08,d0fc18b01244d3a08b0fd12deede8201,4,,,2016-11-01 00:00:00,2017-01-17 09:06:37
4acf8f889619e683c767c2c5568e246c,ae917963181c56c14f8d0e873b1588ac,5,,Antes da data prevista,2017-01-28 00:00:00,2017-01-29 14:02:21
517623f52b801129ac4b4c560d70635b,262118ce178bb3e4590a3adcf6d62e6b,1,,Não recebi o produto e até o momento não obtivemos retorno em relação a devolução da fatura e pagamento,2016-11-18 00:00:00,2016-12-19 11:24:05
a5e231d9bc16f03552eeda175ac7797e,668ee4108169a1d58c55b20ddc3fa3c9,5,,,2017-02-16 00:00:00,2017-02-16 23:21:27
ba419feba136bb54911db351ca12b9a5,5b1ff9c294ce6149733c6912262c60f9,5,,Produto ótimo ,2017-02-24 00:00:00,2017-02-25 01:41:54
fd074266c7f2732a851d8d76f762acd3,46c22ce0488991c798933effd2b57574,5,,,2017-02-22 00:00:00,2017-02-22 10:04:24
86c422a92d72c42a9cf9e727eab88709,3aa9ae345c5bf7396e8b237717c470cf,4,,,2017-02-02 00:00:00,2017-02-03 02:52:35
0b4e781eb80776c8327618e765681c3f,6248b0a9b547366913fb67922a7a2b77,4,,,2017-02-07 00:00:00,2017-02-07 20:38:34
ca331a5285a268dd9ccd20447acaeb25,9a3956da42c0f49603a35e901b6e1fab,4,,,2017-02-17 00:00:00,2017-03-02 15:53:46
2fa9d396503653d160fc21093476ee3b,03679d41c590caa3f9f56dfad35bff0a,4,,,2017-03-10 00:00:00,2017-03-13 10:36:40
02de1b32a4cf06fe9fc0dca6c49fbfcc,ca5a215980675471f0cf8199c041909a,5,,Recomendo a loja! Produto entregue dentro do prazo e de ótima qualidade. Exatamente como esperava.,2017-01-18 00:00:00,2017-01-18 11:56:57
1fa2f12657d0ab15d3b5b63108a6206b,3f913d30288c117e41ffe5cc74743dc9,3,,,2016-11-23 00:00:00,2016-12-01 17:16:13
66ab6cbaf62623a99462ab51af58814c,5dcaecab15d20be174a67f4f5392cd84,3,,O produto foi entregue no prazo porém veio incorreto. Entrei em contato e eles vão providenciar a troca.,2017-02-24 00:00:00,2017-02-24 19:24:47
0164813279fca168f16dc2fce414850b,17f70d10c2acd50864b5dae4885894b5,3,,produto muito bom custo e benefício.,2017-02-15 00:00:00,2017-02-18 16:04:08
978a84a39919cad361bea4e6fc835197,42a5f0ddbf1e377e7d31ef5957b62c0a,5,,,2017-02-12 00:00:00,2017-02-13 10:32:36
5bb70f8c3ba56c5f34c7ecbf3cadd0ee,4130a3c17d5018e8877e1dc104b55fec,1,,"Nunca mais eu compro nessa loja e vou no PROCON, estou esperando a meses e não chegou ainda, péssimo, quero o produto ou outra coisa na troca.",2017-03-23 00:00:00,2017-03-23 09:57:47
70e939b50c20baf9414ce1d5c83cfccc,28f5847427849401fb017537fd20da41,3,,Entregue com sucesso! ,2017-02-18 00:00:00,2017-02-21 12:34:59
6a91e35dd43fa13587108e698937cef8,bfd31c6f76ff82a41e7beb05565aec4d,1,,"Não sei quem foi a responsável pelo transtorno, mas mendiguei atenção sobre esse pedido. Tentei cancelá-lo inúmeras vezes. Espero a fatura do mês que vem para saber se realmente o cancelaram.",2016-12-16 00:00:00,2016-12-18 07:41:22
587c24daa3ed645b3da6379069834741,29985fe387407ff7f6904b294fb89028,3,,,2017-03-04 00:00:00,2017-03-05 19:45:44
24a60a24e0fd528dc4386386310a90cb,46936461f0c4e3c80b9289ce5fc1682a,1,,Acho que se pago frente tenho que recebero produto na minha residência ,2017-02-16 00:00:00,2017-02-18 16:42:13
8b5afd726cc86efde6b416387b9d3ef4,0571cdb407bf04b419c94ffd7acbd874,1,,"o película que recebi apesar de vir identificada a ""caneta"" como sendo para um CELULAR LG K10 - é inadequada para o modelo por ser pequena, não a instalei pois ficaria rídicula.",2017-01-31 00:00:00,2017-02-03 08:52:23
d1e61ae9738170413b814d636d5e380c,60e2fe3a23e71c24f3ab0f648ebd6a8f,5,,,2017-02-12 00:00:00,2017-02-14 12:51:25
7972c00ce0edff62288227aec638330f,10990e23642104aa4b9308fbf816611b,5,,Antes do previsto chegou o produto,2017-02-11 00:00:00,2017-02-19 06:36:58
43a8434857dbf1118c88adfd7773f67b,0675116b5556a78cf0413f70aa9f235e,5,,,2017-01-27 00:00:00,2017-02-01 18:20:11
b8673dff4ba9a2c5aeeb95132ac2c290,d87efaa8a13d7d43b3464f49c528c787,5,,A capa chegou antes do prazo e estava como no anúncio. Super recomendo a loja! ,2017-03-05 00:00:00,2017-03-05 20:25:50
5ee6b039f72469780c9757fadf52f896,e08f76fed43c999d57979d1879871ce1,5,,,2017-02-10 00:00:00,2017-02-10 12:58:09
71fe0ded5eeb615aac1d300304e864a1,496e779d0a36724d70beaf6ea94d7d9d,4,,,2017-03-02 00:00:00,2017-03-04 23:31:24
7d11a1c5fd7b536288d74c4ea62d9128,03b218d39c422c250f389120c531b61f,5,,"Eu recomendo muito o produto, além de tudo a entrega foi muito rápida.",2017-01-19 00:00:00,2017-01-22 02:11:20
97812c9e2b4bb86049195df257f9fa44,2511cdf205337513507a1863f0098d39,4,,,2017-01-28 00:00:00,2017-01-29 21:34:16
2e33927523fc955215bff05187cea86b,c72727d29cde4cf870d569bf65edabfd,5,,,2017-02-15 00:00:00,2017-02-16 09:58:46
d05a436bdc88d550f356f43b1a6ada8a,acf83f0e8fb878cb25197344426ed10b,4,,Uma entrega antes do prazo e bem sucedida. ,2016-10-26 00:00:00,2016-10-27 11:01:03
11634329ffb9649820b5b6c7da4b2aab,b53a9de5d97ba2bdb4053685fb09446a,2,,"Fiz a compra de dois produtos, um foi entregue imediatamente mas o outro demorou demais. A compra foi entregue separado com duas datas de entrega. Não gostei.",2017-03-03 00:00:00,2017-03-06 09:20:17
0afea9b709bfe366c8ce8614f8cd7f82,cfec3311b95bf95d0d8d30e4ede143c8,5,,PRODUTO ENTREGUE ANTES DO PRAZO ESTIPULADO MUITO BOM GOSTEI E RECOMENDO,2017-02-22 00:00:00,2017-02-23 12:05:06
b8920d2ae9a56e0610907b5e9be152ec,798ad597febc1c2ece313c04fc33d6de,5,,,2017-02-17 00:00:00,2017-02-20 00:43:57
817066399bb83b19e8231d3b5e16903e,9a3966c23190dbdbaabed08e8429c006,5,,,2017-02-10 00:00:00,2017-02-11 21:15:52
82a9742acefb78082b8403b58eaae93c,c7da1b57f7d2251252370bc7d94168fe,5,,,2017-02-10 00:00:00,2017-02-13 10:27:09
2961357aed5485e126a05fc91fa8e9f3,90bd4466c2905d7b5b56370149e62bcc,4,,Recomendo este vendedor.,2016-10-22 00:00:00,2016-10-22 21:10:00
7d7817ab11aa94765653a32f10abdfe5,c5e754f77f6f127371e929ccb707fce3,4,,Muito bom!!,2017-02-25 00:00:00,2017-02-27 23:19:59
1cd141610c5f0120f82ebf5d2f2900f8,09d557bf440b6c3b40cacfbb24fd5e28,5,,,2017-01-20 00:00:00,2017-01-29 04:16:36
c2a956b620f13253d6ca604f81a8160c,acc3d4031cbd2f28ac6b5b71427a054c,5,,,2017-02-09 00:00:00,2017-02-11 16:55:24
76f30c898c21ba40d0ee1d7790ac458e,e46c1a835d11d387ba01a130d8aa7c12,5,,"Entrega ocorreu antes do prazo previsto.
Produto de alta qualidade, o mouse é um pouco grande mas atende as minhas expectativas, o fone é confortável e veda bem sons externos.",2017-02-18 00:00:00,2017-02-18 12:45:24
91f30fe56a84d369d913e7bf6d1d85a5,e9555dc20eba7e4e62210df1f438ea00,1,,"Eu realizei a compra de 4 unidades e só chegaram 2 unidades na minha residência, porém, no meu cartão foi cobrado o valor referente as 4 unidades, ninguém resolve o problema. NÃO RECOMENDO!
",2016-10-27 00:00:00,2016-11-05 23:44:06
f9399cda3d633b0dc630956a2dbb1437,d8b5366d0c46b7a7f33831b486b0af9b,3,,A loja poderia especificar que a entrega seria feita pelos correios e nao pela própria loja. Pois o frete esta caro e o tempo de entrega é longa.,2017-02-16 00:00:00,2017-02-17 06:46:45
a0baa36a377fcbdfef035add348b602e,e19721a12bc1caeb2095db14d8d6fc4e,5,,,2017-02-15 00:00:00,2017-02-17 23:36:15
f22e7f57520b82c097d04d60ebc9f1f5,ea6a496329b06f8ef26ff21eb61998f9,3,,,2017-02-14 00:00:00,2017-02-15 10:45:05
3f793c533cf5b3e21425b1ab73568350,df8c077268f7f3baaac0892eb3143642,3,,Gostaria de saber sobre o meu produto pois já passou prazo e eu não recebe o produto ainda e já estou pagando a segunda parcela sem sei estar com produto !!,2017-03-12 00:00:00,2017-03-14 11:08:50
8e4207488174b7e97ca5d69a2a429b8f,99d3df1714b20b9eb9734e731927379a,5,,"O pedido (como sempre acontece quando compro no stark) chegou antes do prazo final, produto bem embalado.
Gostei muito ",2016-10-20 00:00:00,2016-10-20 17:23:54
a1a2350861d72e603e125d9b3433b782,72c6b41818d5e645f455986b59b7a964,5,,"O produto chegou perfeitamente certo e antes do prazo previsto.o produto que comprei veio do mesmo jeitinho que vi no site,tudo certo!",2017-02-21 00:00:00,2017-02-21 23:36:05
3a76b78fb885a107f69ea1e913e82791,9d70de973b8b083b57fc62f12634f914,1,,"Ja fiz outras compras e sempre elogiei. Dessa vez ,ao comprar o produto não fui notificada de que teria que buscar no correio de outro municipio. Se soubesse não teria comprado. ",2017-02-22 00:00:00,2017-02-22 23:24:16
3ffea130bf52842d59d1b6feff14fc73,4ba4f54f9d165d6e980bdfdf8b4c4d11,5,,,2017-02-14 00:00:00,2017-02-17 08:47:17
ddb72c772950180c7e57b49560dcf310,8964e929ea610b2c2b98e3c4d1bb86d8,5,,,2017-02-24 00:00:00,2017-03-02 14:04:55
e02bff6f1a322faaf040a54b31c63358,d2945e686c883978378a10e49be7fb24,5,,,2016-10-19 00:00:00,2016-10-22 00:25:28
f2f2efe42d041f741b6a6aa06e9002bd,e88708b0f6c58eaba5b9b3f850f212cc,4,,,2017-02-11 00:00:00,2017-02-14 21:30:02
2ee2b576d576d98fb1402a4dd36784d9,b033a34245ae159e80dd599b3c5cb92f,5,,Otima compra e entrega. ,2017-02-14 00:00:00,2017-02-20 19:20:12
d0426ebd83e70c1222b50b18d4aed651,5965b589a33443dd1f820eb7df39762a,5,,"Chegou antes do esperado, produto é lindo e perfeito.",2017-01-17 00:00:00,2017-01-17 12:47:37
5be87dd76534b02b066b72ed8e98edac,4b67dcd830305032861498d405f10123,5,,,2017-03-14 00:00:00,2017-03-15 18:48:22
4d038732e45b5c55a5d0f5c7b7ddd9b2,255d951095fc26f86cc7a08b822b714a,1,,Só quero que a lannister resolva esse problema para mim,2017-03-03 00:00:00,2017-03-06 23:15:59
f031de0a788f05df369652516de2a228,3d668965eb89ea475911ce3364f73b07,5,,Recomendo. A mercadoria chegou muito antes do previsto. ,2017-02-15 00:00:00,2017-02-23 07:52:25
b4f7dbd5cf374ed25494424fc4ef12b5,cb4980b31efc7af3ee819aa60582c31b,5,,,2017-01-26 00:00:00,2017-01-26 19:18:07
78d34a698553de7e7c2e9a0bad66dd7a,22bf3dde4d90667a74118fad0041bfd5,2,,entregue corretamente,2017-02-14 00:00:00,2017-02-14 10:00:51
61e8c8014ccc7dc7450e602b8247293f,94a71bedec852e752e86d530d03d6061,1,,,2017-02-22 00:00:00,2017-02-23 14:59:27
c8a84bd448f61ebddc630e33e30ed692,0ca768c507d1fc3c61bd950bb1c5231a,5,,"chegou antes do periodo combinado, produto otima qualidade",2016-11-08 00:00:00,2017-02-21 00:34:09
8f3209e579889265c3d7784603455325,2195712688ef03e20c8053de61c82493,5,,,2017-02-02 00:00:00,2017-02-07 17:08:13
7df5ae5de34b9676dad86a507260e12b,7004296aa0256632eaddc171edaf727f,5,,,2017-01-17 00:00:00,2017-01-17 12:45:00
a458ac401ec9adffc29a1ecc04175adc,020c01e41104519842f8a15605af646c,5,,,2017-02-15 00:00:00,2017-02-18 14:48:57
86dd2326ed7da613a99b98c5042fc1f3,bb448c2c512a6883aa2a26cb57b6cf4a,5,,"Tá de parabéns essa loja.
Entrega rápida e produto de qualidade. ",2017-01-28 00:00:00,2017-01-29 05:02:41
a2d50684bf3cb99950de86d496403e48,40cd91f7288925344c6b40edd0836c3f,5,,,2017-02-26 00:00:00,2017-02-27 17:38:21
c70b7850c17898d7d4caaf240f6e4591,75de6a99721eba5ffbb4c4bd2fa0ee07,5,,,2017-02-14 00:00:00,2017-02-15 09:51:45
7ea6dae07c44247687052c51a3e58cb9,2631dba338efbcea9c3ace77ce210c01,5,,,2016-12-16 00:00:00,2016-12-19 08:37:43
794c2e0bbcc3179ac44dc4634c3e3be6,a73a38a5eeac4ab94ef2bcbd90f92e43,5,,,2017-02-09 00:00:00,2017-02-10 08:56:24
2265b77a3c84eb24099b0cad640bdfc2,9eddcb9c8cbfd8719bbc6b147ef32735,5,,Atendido,2017-02-21 00:00:00,2017-02-22 12:00:47
5f8884f89aa21b0c12a0ce6c48ec7bd1,76279ee78a4924f44a3a83ef23b169b8,1,,"consta do histórico de rastreamento da entrega que eu recusei receber o produto.
Como assim ??!!
ABSURDO !!! O PRODUTO NÃO CHEGOU !!!",2017-03-19 00:00:00,2017-03-19 11:32:46
006bcd01f85609bdf065fd6a2ca1b78c,9e1b7a7d17aa42da16ee605b5fee2e0a,5,,,2017-02-04 00:00:00,2017-02-06 19:26:18
7cc3d78254a965b81c30140b85649d66,b3a60e4531d82485b6ed7c49ba266c66,1,,Não atendeu ao prazo limite de entrega.,2017-03-19 00:00:00,2017-03-19 13:48:15
325ae2c7d796de8bfa68e2c14aa4c15c,3d7e8f32f5b59e005ccfc1076b4040b5,5,,"Ótima compra, o produto chegou no prazo e em bom estado.",2016-10-25 00:00:00,2016-10-26 01:30:00
958b4f230723a622d63f21b874200461,4a484c46ae5f093eca638e3c55d3dbc2,4,,Recebi o produto conforme descrito no anuncio. Tudo em ordem.,2017-02-24 00:00:00,2017-02-25 10:47:38
81a2e2003437307732495db92cd38332,27c7c6aa7b6f3de99d2a3a64674d296f,5,,,2016-10-19 00:00:00,2016-10-21 01:08:26
44cff23dc6c95bcfa3e8d23c0ef07c95,c870ef6a8e1d8eec841d79b42a6a20e4,3,,Produto vazando. ,2017-02-01 00:00:00,2017-02-01 02:08:29
d80e530d6b215ee288bc467df2b5baf6,f04479bb4e07ce7b8ac1d2287b528541,2,,Recebi o produto com a cor errada. No anúncio dizia que a cortina era lilás com palha e veio lilás com branco.,2017-02-21 00:00:00,2017-02-23 12:09:10
c69ccccc6e949a7625b4ede0eb08c8fe,c0e7ba8e4333d68153dfe2fbc8f613f7,5,,,2017-02-21 00:00:00,2017-02-24 12:04:49
022d64e74da67861361ae7da92faa4b2,08432abcf785878edf1221a0611960ea,5,,,2017-02-09 00:00:00,2017-02-10 07:45:15
a47999256f8cbb48324dced2bc04a468,94b35c9542f07ad80b3367f9051b63af,5,,,2017-02-08 00:00:00,2017-02-08 22:39:59
d907d8efa369884f251224667fca2d28,99c0817d6ecd5fe55d21540917f1f5f9,1,,O produto veio errado ,2017-02-02 00:00:00,2017-02-03 23:24:37
75900a6eed193fccdd48b49880ba52ca,e488cc26536e9d4857ff7e4605f3220d,5,,Recomendo a todos produto ótimo chegou antes do prazo ,2017-02-22 00:00:00,2017-02-25 10:56:30
fa1475b7a08503ff28c0484c61ce0bb4,c6eb5dced200e49271f44b142658b6bb,5,,,2017-02-09 00:00:00,2017-02-10 00:12:07
2281591899d4947e8d37d9e2997ad4e3,d4421539677ce8da70f3abf867adf15c,5,,,2017-01-29 00:00:00,2017-01-30 15:07:04
24f83e3e2c75b58888eec93ab93f2cca,7002a78c79c519ac54022d4f8a65e6e8,2,,"Não gostei. O material não é tão bom. A cor dos desenhos está fraca, não como demonstrado na foto.",2017-02-07 00:00:00,2017-02-10 10:20:44
5d76a01a07627d6eab445af668ac3aef,67418605ab8f9414a2e238bbcdde1312,5,,"Muito TOP o produto. Lampadas de ótima qualidade, que iluminam muito bem e consomem quase nada.",2016-10-18 00:00:00,2016-12-26 15:24:14
6e5a3f92c612d553580c0d45429731d1,95e01270fcbae9863423400103359279,2,,Chegou no prazo estipulado. Porém veio faltando umas peças pequenas que dá o Acabamento. A cadeira o material percebo näo ser muito resistente.,2016-11-05 00:00:00,2016-11-08 08:22:49
ca3199bb0d98c494fd25dbf79e50e661,3ce4038922670fead496aeae61a8a393,5,,Uahlll! Recebi minha compra 30 dias antes do prazo definido! Adorei comprar da targaryen! ,2017-01-17 00:00:00,2017-01-17 12:50:12
9fe0f66724df77fd63fcc0c94a323978,3b697a20d9e427646d92567910af6d57,4,,Facilidade em manusear o aparelho.,2016-10-26 00:00:00,2016-10-30 21:32:15
bad8343ed8e69ffedba9ff0c08b2f182,726714fe5c6124b8501feb36c5b89896,5,,tudo 100%,2017-02-11 00:00:00,2017-02-13 01:56:16
f840567fa4067126c9a228b44e1441e2,9c40a111cc4f36ac3f23328139901312,4,,,2017-03-03 00:00:00,2017-03-05 23:34:04
9e6b49679769d18c3586112818627c07,17fed53ba6dfef9b594ee2268642e2aa,5,,Super recomendo essa loja! Recebi bem antes do prazo informado e o produto é exatamente o que eu esperava! ,2017-01-17 00:00:00,2017-01-17 12:48:11
35f7bdb1baa9ec3533036530d6fc6124,84e37af08e63ea7261d22a0af81e73cd,4,,,2017-02-26 00:00:00,2017-03-01 01:27:55
742f3bdfaab32b26db7ff6dec8361223,330a8410950e2c8bd89631999a37b2c9,5,,,2017-02-11 00:00:00,2017-02-12 10:49:46
3daedac0c2854a160fa0b4ee8dbb5002,f06876678e6f65feb46836d048f45a85,5,,,2017-02-11 00:00:00,2017-02-12 10:20:06
a350f2410659a684e6611458aaa7f77f,4c701da56bc7e10f17d06fcbe6d1d070,4,,,2017-03-02 00:00:00,2017-03-05 14:14:03
0c91d67dd339677690466c85554829ac,ef1cba939b3e4639c534c42c2617fa9c,4,,,2017-02-14 00:00:00,2017-02-14 23:34:32
bf7021a47d14ad8371c32422fda69a36,061a6c0d2222c7c9f49a21e108579b49,5,,Tudo ok ,2017-02-24 00:00:00,2017-02-25 16:13:14
667cc1f1dfa9db89dd8cb9ca86fb677b,c79fcf430e3532739c1344bdc0a021db,4,,,2017-02-18 00:00:00,2017-02-19 12:25:50
7e0c87e8ff306146ef6dc005938cd146,552e0a8dae101e32155120202f427b71,1,,"Parceria péssima prazo para entrega com + de 2 meses, acabei cancelando o produto, felizmente me devolveram o produto.",2016-12-14 00:00:00,2016-12-14 15:30:14
f77aaa981164122e616629eecab18504,09f86b7099faeb6a9d85623c5dba9665,4,,,2017-03-09 00:00:00,2017-03-11 18:38:47
3975c41f053382c0889eb57ec120ecae,3c2a7cc75899d6a06e8735da9b7fa302,5,,,2017-02-21 00:00:00,2017-02-23 11:54:41
75e30cfa65a59982289d30c125619c74,fc79bdcefc8fbd9f44f8cf9633793359,4,,"Entregaram dentro do prazo, mas meu protetor veio em parte descosturado, pena que veio com esse defeito de fabricação.",2017-02-04 00:00:00,2017-02-06 01:20:46
e6d268fe017db96dec33292dc3415ff2,7cc5f7da21653de1b71a6f4ad590e5a1,4,,"Prestar mais atenção na solicitação do pedido dos seus clientes, para não haver transtornos! ",2017-02-14 00:00:00,2017-02-22 01:56:45
85c08c1da6ade649c3e5547cadb2fa83,0c7fc95baa5e16992ed412ccea7f28b3,4,,"Recomendo. leve, versátil.",2016-10-26 00:00:00,2017-05-11 16:42:59
d87e40756f6d80b47016dd15eb8c9fd3,6b95cbf782c29411b0d5feca16490ceb,5,,,2017-02-18 00:00:00,2017-02-20 01:36:51
d26120d9971ed6aefccc2440a5d28db5,22474d84064cd7eb4a907ba3fd8a6398,5,,,2017-02-03 00:00:00,2017-02-04 23:14:14
78fec6121d6f0d54bcbb5369004a09ab,033a79557b0d234035b38da3be948574,5,,,2017-02-19 00:00:00,2017-02-20 22:28:38
58a3b0c6edfc9b86bcd7f6fbe40cd5e4,c82d05a27c07ba92d333b046a6042d32,1,,Mandei email não respondi. Produto disse que está entregue. Mas estou pedindo assinatura pra mim ver se alguem pode ter recebido em meu lugar email não é respondido,2017-02-23 00:00:00,2017-03-01 15:42:04
c0ffa7eb30ef0434b39a1a557f80a733,cfd5e54c14f22b62683cea7ed91caa24,1,,"Estou insatisfeita, porque não venho recebendo informações sobre o produto comprado e até o momento o produto não chegou!!",2017-03-11 00:00:00,2017-03-11 21:39:34
aa92c88736dc78513691bd54f4194728,d2292ff2201e74c5db154d1b7ae68cbb,5,,Gostei muito do produto ..de boa qualidade eu recomendo. .muito obrigada ao fornecedor e o aniversário shoptaime. .,2016-11-04 00:00:00,2016-11-07 22:10:45
e9a917ef5451a4ece4f44bd595ef245b,b4700fc91bb3fbc155bfc04ae821ba04,4,,N/D,2017-02-23 00:00:00,2017-02-23 23:17:26
4ff87f1806551fc96b37dd39fb26703a,200f4d883fcc701355e46b8c6035743f,3,,almofadas lindas porem meu pedido paguei por 6 almofadas e foram entregues 5,2017-01-28 00:00:00,2017-01-30 00:39:37
332077fdc7db7c59c0590a4c4b37815f,5c3bb82274055ac07677d2c80c6b3a7a,1,,,2017-02-18 00:00:00,2017-02-20 20:05:58
6e8c6d988f06f7fde8005864914c4499,cac247cece621e1bc64748d44331d22d,5,,EXCELENTE EM TUDO. PARABÉNS! O PRODUTO FOI ENTREGUE ANTES DO PRAZO E DE CONFORMIDADE COM O PEDIDO.,2016-11-05 00:00:00,2016-11-07 11:50:28
25766dbcf21d72eaa9300e8d0d49cde8,bf88003f2580db7589007ec44bc85695,5,,,2017-02-07 00:00:00,2017-02-10 11:07:12
48904f4cf78e68acf01daa9d403272b0,469e8e6e5a8946a3ba0e0835ae771e6b,5,,Otimo,2017-02-17 00:00:00,2017-02-20 12:01:40
7a2aee933c922e020937f52b77379331,a9fc3ae13c740ad46532fd50b61c69d5,5,,,2016-10-19 00:00:00,2016-10-19 20:38:50
78de075f3011d2d9d4400ffbca81dc43,bfd53bc941fd49984cc67168afbbd531,5,,,2017-02-14 00:00:00,2017-02-15 20:47:10
f10091d2bafe4692cf53011c880b0491,17028de7d02a1fca7c1d08221b859b77,5,,"Produto de qualidade, entrega no prazo. Recomendo!",2017-03-09 00:00:00,2017-03-16 10:39:11
500edd538d10f36354066a7640bdcd43,cf6264c37c96bc0cf63ebd0f9fba45da,3,,,2017-02-24 00:00:00,2017-02-24 08:12:22
af309bb1fc7c44e25cce0399a7da25f1,494c2e94dcd29167f5fe359a45aa879d,5,,,2017-02-02 00:00:00,2017-02-03 05:15:19
48df825d3e1d18c88951706e5860692f,64ba433f9d86e1df4e9cb86b1a3884d1,4,,"Recebemos quase 1 mês antes da previsão , produto muito em conta! !! Recomendo!!!",2017-02-08 00:00:00,2017-02-09 11:09:19
b3867d1e906f220e886f3c8c9ced8d30,f4ed6d734bd3faba403a2dfdf49400b0,1,,Acho que vcs tinha que manda o que ta no anunçio .,2017-02-14 00:00:00,2017-02-15 10:19:21
d0b5c85bf38cd673eee2647e561f6983,c523f76b5fb8a02c2022378c58a597e2,5,,bom recomendo 👍👍,2017-02-18 00:00:00,2017-02-21 04:27:57
6bd763b0a18bc7c57cf36289e4946548,157ec3dc3f38cdbd2706bd216edfe8fb,5,,Comprei 2 produtos no mesmo pedido com os srs 1 chegou falta mais 1 .Fiquei surpreso em ver à nota fiscal com um único produto já que jogar pedido tem 2 .,2017-01-14 00:00:00,2017-01-14 19:55:44
49180505e856dbdac671d368b5135201,e1fe072ef14b519af1f0a8ed997c1301,5,,"Loja recomendada, produto era como anunciado e a entrega foi bem rápida.",2017-01-13 00:00:00,2017-01-13 22:36:29
335d5ecdd8c7cfc9f1aa14670861fabe,b1d88d1e4179448cac98b8d433e23316,5,,,2016-10-28 00:00:00,2016-10-31 11:32:57
ae5578546a4149b8f401dbbedba8a8af,6d2cb1a61d735811e501bb71b6dd9c35,5,,,2017-02-21 00:00:00,2017-02-22 16:58:18
72187ca3e933c51b9a6fe64698d51351,642b02cc49a41f1a1edfcad2d7222c3c,5,,,2017-02-13 00:00:00,2017-02-14 09:32:30
d4be1b414b710c5622c4fd8176b4f031,83812118bb682267a9880ea1b261ac4b,4,,"Quase tudo perfeito..
Apesar de entregue no prazo, o prazo dado poderia ser mais curto.",2016-11-01 00:00:00,2016-11-03 06:21:50
4f7aec562b99678b6acb3749805bf3e8,deb08269080b64b8e69bcd06b808889a,5,,"Perfeita a entrega.
Comprarei mais vezes.",2016-10-19 00:00:00,2016-10-19 19:35:47
ec213a856f34bb82fe629a8bd4ed9581,11a6ea18f3646c6e6dcbadbd0207b35d,1,,Produto ainda não foi entregue,2017-02-09 00:00:00,2017-02-12 02:07:23
64df61273601814d28fdcafdec843b46,17bac873da4c588c3111d7399f91673e,5,,Top,2017-02-18 00:00:00,2017-02-18 18:20:39
4fca9f114acce40540cad66b81729b3d,c7e64567d07503e82847c129519ea90c,4,,,2017-02-22 00:00:00,2017-02-23 03:31:33
975c3e4e6c1542eac8dd79b5d0e7d150,1297e99de06a5ee4ea9c4b403fa8831b,5,,,2017-02-21 00:00:00,2017-02-22 10:24:41
548286c7b2eba7af77bc1862de8a17a9,85fb2afed45145db40381a894fed8d1b,5,,,2017-02-22 00:00:00,2017-02-22 23:27:02
faeda271ac0422948a70e0dd3df69553,1aecadf4362edaca7fa033e882076c8d,2,,,2016-11-26 00:00:00,2016-11-28 17:37:44
dfa9314f87d474c7ebff6a13fafc6452,9edaabce3c4beef5432b6327ade4109b,5,,Recebi o produto muito antes da data prevista para entrega. produto em perfeitas condições. ,2017-02-15 00:00:00,2017-02-16 10:52:29
f11d923810d99428191fb1fb6fe37cb6,41d9fff5e0bfa8712b28b761fa2f6bee,5,,super rápido !!!,2017-02-14 00:00:00,2017-02-15 15:03:39
69b212349e4e4681e4cd639cce93cd91,464de32dc84484c1d26df3e8e38e708b,5,,,2017-01-18 00:00:00,2017-01-18 11:56:08
f3cece7583fe7b6fb5a1ac93d3ea2a26,f53f689b6008c22da247ed23e3c0b685,4,,"Produto bonito conforme vi no site, chegou antes do tempo, apenas as tampas que não fecham direito (elas ficam folgadas, acredito que seja essa a proposta) no mais o conjunto é lindo
Recom. a compra",2017-02-17 00:00:00,2017-02-20 12:55:41
459d0b27d6be17f93c37a5694b5e58a2,1982a20c2a9d116da964e488d59eebe7,1,,PRODUTO NÃO CHEGOU DENTRO DO PRAZO INFORMADO,2017-03-12 00:00:00,2017-03-17 12:44:18
2bab987c99f468ddb9d692ac3f27525f,62260701eb6b51252ed47c4967b1a48d,3,,,2017-01-21 00:00:00,2017-01-22 21:08:48
ada6de9fe5fb27897481b0b9a9881836,e95949c45d8dc1a2537b40b90346108e,5,,,2017-02-10 00:00:00,2017-02-13 16:24:30
be9a200280b9391660028c659857af3d,bd4b5585c4d7c16db3fe69d062fcafb0,3,,"O produto recebido não correspondeu às informações de descrições do mesmo quando do ato da pesquisa antes da compra.
Produto ruim.",2017-02-22 00:00:00,2017-02-24 22:38:01
a56b52cc0b487a9e59138ecfb06bb4ed,be087f2e4d527446e82a0e44d5f95d34,5,,,2017-02-11 00:00:00,2017-02-12 21:55:40
138eb76f28aa88a0322a4aa2c4406550,7e6b55f6388682bf51a05d8f13c2d466,1,,"Muito ruim, depois de quase um mês esperando o produto o pedido foi cancelado automaticamente, tendo inclusive a agencia bancaria aprovado o pagamento da primeira parcela. Aguardo reembolso! ",2017-03-04 00:00:00,2017-03-05 22:30:11
211a898069d011f6808df2b210d9940c,1ff217aa612f6cd7c4255c9bfe931c8b,5,,,2016-10-26 00:00:00,2016-11-21 11:01:44
de6cd81609b14cfbd41e42068a9b8fc2,f4ffbf5a60f1fafa7ed118b999b34ff2,5,,,2017-02-17 00:00:00,2017-02-17 14:14:40
3058caa14cbdac741c17eb300fdb96e1,ce500b2ca0d960f937fb4d24282d3291,1,,Preciso de informaçãoes sobre o pedido que não chegou ainda,2017-02-16 00:00:00,2017-02-16 16:42:35
4582e639e5abd14047073ea79ce62688,4a65f44b9d88b8af9f97037e89366abe,5,,"eu gostei do produto, atendeu ao que o vendedor dizia",2017-02-08 00:00:00,2017-02-09 11:54:39
e51616707c455111510a037de120f61c,5a9f106e9db0c818cee0c5c4a5efb352,1,,"O PRODUTO VEIO COM DEFEITO, FALTANDO O CABO",2017-02-19 00:00:00,2017-02-20 12:52:59
486d7e64e0d9a69a923b675d5285f62a,083c3a567b005b0f7261c9c0c76fe151,4,,,2017-03-18 00:00:00,2017-03-18 22:51:39
7031f4fdf9c78f09287aeeb95751a762,49b40d0575b7f9b42d51d5faa0aab91a,5,,A entrega foi muito rápida ,2017-02-17 00:00:00,2017-02-18 16:12:34
772affc149471b7e82f7ae04cda54711,7219b463820695c30f441c2c3e33a393,4,,,2017-02-20 00:00:00,2017-02-22 05:36:16
bb512f36e7ceef407a6e84466cbb8a70,ee12a50463df80c62439cca9feb9f971,5,,,2017-02-08 00:00:00,2017-02-09 10:31:18
ca39044553da64167a2990b0ae1b16dc,5ffbbd67f14392efe8fd533d38cd1338,5,,,2017-02-07 00:00:00,2017-02-09 22:18:28
30338e286de08428aebd0afbc9e7cbb7,5933483834803a0e8e9fcd26cdb3774d,3,,Exatamente o q esperava ,2017-02-11 00:00:00,2017-02-12 17:14:14
0608339a6799710d6c3001d582726fc2,0633c2f778161bd80bf27cb619d6437c,5,,Parabéns ,2017-02-22 00:00:00,2017-02-28 07:25:12
981290e12579d10fcfffb15a51bacd69,d1ccec3180d63d8bfd37f65d34f07da5,5,,,2017-02-21 00:00:00,2017-02-22 10:28:47
f3d0350960174c3565d9fe28ce4917e1,74748a8ba7d523ab46fe3354996609f6,5,,,2017-02-15 00:00:00,2017-02-16 02:49:19
c1e04536dd9ca9ded2a1b2e30231d932,8c0819345572d0da947e64bfdf38e3d2,5,,"Produto foi entrege antes do prazo, tudo em ótimo estado. Fui bem atendido quando precisei tirar dúvidas.",2017-02-21 00:00:00,2017-02-22 00:48:06
b977b767d10b380552343a815b19a490,3379d980824f0aa5dab057f2530759bb,5,,Excelente,2016-10-25 00:00:00,2016-10-26 00:31:56
069a1e0d18e39510f3c357ae1952902c,b34d8ec665f905d3c7583b291f54b605,2,,produto entregue normalmente.,2017-02-08 00:00:00,2017-02-10 10:13:01
06d10302a3bff4b13b1aa153dbb9be95,855729ceef5841ce6e1c564027caf14d,4,,,2017-02-14 00:00:00,2017-02-15 02:20:30
08b5796a634d55da0d1a76ed9a400ec2,5f834cc4ee109c58dff88c60b8ba5ecf,5,,"Entrega em tempo hábil.
Recomendo.",2016-10-27 00:00:00,2016-10-27 19:30:05
191a393c7480786060e3097900b5f11b,0ec04706b50b8bc69a14dff0d6a26f13,5,,,2017-02-03 00:00:00,2017-02-03 22:28:53
b5c66480c76e304e904cf9c16a883113,91750e4d3d89e619cd557a6da400be06,5,,,2017-01-31 00:00:00,2017-02-01 10:04:17
da7af392ea6bbfcf12c72831f9a700a2,7764be5b6bee0dd95410f25abc0ecd6e,3,,,2017-02-22 00:00:00,2017-02-28 15:36:36
ddd22938ecb9294db5cb713a5974e089,d98f635a12ded39ef1002ffefe2c80f6,4,,,2017-02-19 00:00:00,2017-02-22 12:13:15
be05b98d05c7662457bcfb4ef74ba625,aac01d5ce6fab5aa0e191d71aedbaa3c,5,,Bom Produto,2017-02-10 00:00:00,2017-02-10 22:59:43
ce0fdb50c06ad4826d17d19844361b8f,57c0b0276ce0eaf721a4424bf077ce8b,3,,"EU FIZ A COMPRA DE 3 CORTINA, RECEBI APENAS DUAS, O QUE ACONTECEU COM A TERCEIRA CORTINA?",2016-11-10 00:00:00,2016-11-16 20:16:14
31b3f0045fa9d6badf6fc42d09a12259,5f2e44ea1fc61083103e1a75f61d2bdf,5,,Muito bom,2017-02-17 00:00:00,2017-02-17 10:32:15
9b01a4cdfc0093fbfe8f1c878f3ebd4e,c9677a4babf96837ee697317b7963a92,5,,"O produto veio intacto, funcionando bem e o frete antes do prazo",2017-02-15 00:00:00,2017-02-15 22:30:44
ea8f8b9ce8525a6a90ae8153fc682953,4bdbe1f2d1b360c34d90175e10ec090b,2,,Minha casa fica a 100 metros dos correios.Disseram que a casa estava fechada ma não me ligaram apesar de ter meus números.,2017-03-17 00:00:00,2017-03-18 08:21:45
d9451f0ed6da03ff0319a2fb91d341d6,22c2b8497506479028918303045751dd,5,,,2017-01-20 00:00:00,2017-01-20 22:52:57
d058dca0fce39b0bf287bd8729f7c08c,e09dd765041e9934d762d51ccb26adee,1,,"a loja enviou outro produto no lugar, sem previa autorização",2017-01-31 00:00:00,2017-01-31 12:16:03
b5c66480c76e304e904cf9c16a883113,9c54a1816e487456bb7eb5082b9823ff,5,,,2017-01-31 00:00:00,2017-02-01 10:04:17
9f1d9a5aaedfe8ac4ccc267e43a40a2b,21dfb91aa3e9fa351ae6f12da1c53fb9,1,,"Embora o produto tenha vindo correto, passou 10 dias do prazo máximo de entrega. Como a entrega foi feita pelos correios, poderiam ter encaminhado mais cedo, para que não houvesse esse transtorno",2017-03-05 00:00:00,2017-03-13 12:00:20
f7441b14a73c5538fd411d97806f205d,33ef079ec39c1b46e6e552e038e67c5b,5,,,2017-01-21 00:00:00,2017-01-24 09:30:53
3ba7e7c893fac1a1b8b0bad7491c2e62,721e8bafa01037b2af767f8de9617d97,5,,Sempre dentro do prazo! Recomendo!,2017-02-10 00:00:00,2017-02-22 22:41:18
6144f512ed1742ca2343a6669aa84835,6ab63ddaa43a0adec6b62f06e9128af2,4,,,2017-02-17 00:00:00,2017-02-19 03:20:29
4e9bc73d2795d85dc2e8b7dbb99e304c,b95a0a8bd30aece4e94e81f0591249d8,5,,"Adorei o produto, condiz com as imagens, a entrega foi no tempo recorde.",2017-01-18 00:00:00,2017-01-18 10:56:46
cb7533018dc117bee1c0b3006aa82da6,32339685fefe9062d33175a4bc12d555,5,,,2017-01-29 00:00:00,2017-01-30 14:13:22
33a67e99de7baa0bb6ebf4fc0fb0c397,5629fdbbd11b9755743ba8b8f517f8cc,1,,ja tem mais de um mes que efetuei a compra e ainda nao recebi o quadro ;.,2017-03-10 00:00:00,2017-03-10 14:55:32
f447e3685523d08cd22795cb21da2d44,356b492aba2d1a7da886e54e0b6212b7,5,,,2016-11-01 00:00:00,2016-11-01 20:00:28
70ac04d3ba564e628cfae96770759e06,be0321747be0efc1c7241a5e985dd299,5,,,2017-02-14 00:00:00,2017-02-15 00:31:32
51e497392500009c63dc9ea29e28609a,0d319cdad03395ebc9942c66fb16b7a9,5,,,2017-02-19 00:00:00,2017-02-22 00:10:37
7148fdb01b8d4afcc798bde201a3092f,8141520643442c50aa531801cbc79e46,5,,,2017-02-04 00:00:00,2017-02-04 08:46:28
73d5969cf1851ccdce3250fc24e857dc,aef214f769de82d355c5d2ab49e15891,5,,,2016-12-04 00:00:00,2016-12-07 13:18:44
c7719d43e09fd6435b51b0bcfea5a83b,48a2b1dc26bd77deaee98e646fbc31cc,1,,não recomendo comprar nesse site.,2017-03-16 00:00:00,2017-03-17 13:52:04
9e628acdf082a5eeea001b1ded5d94a1,54d744a4410b1edccc36c6d1f1c7e097,1,,Eu preciso que vocês resolvam meu plobrema eu estou pagando uma máquina que não recebi já paguei duas parcelas.por favor mim de uma solução.,2017-02-01 00:00:00,2017-03-15 02:47:37
1ba831c7a22e87cf239b22dbe024d2d3,d6229aca790acb92366c9888f1e0c181,5,,Entrega antes do prazo,2017-02-18 00:00:00,2017-02-20 13:45:34
72d9ace542c8f5d68d5985db26e2c249,3d58fd1ee438a43f2a826dda6b013519,5,,Recomendo sempre para todos. Foi tudo ótimo.,2016-10-26 00:00:00,2016-10-27 19:15:09
3ab438be1d464d84f06a803eca504d08,a6cd683d4bd3b9b1f0aa37b27f8116d3,4,,,2017-02-12 00:00:00,2017-02-14 15:28:56
386e3d3663fb7743c23d1287c1aaec67,e1000df659259b29cb73a4798ccd7454,5,,,2017-02-10 00:00:00,2017-02-11 21:05:11
0624d0ec20d86b39b8f4936da80afff7,7142b298b22a79a285d2ce792dc533a2,5,,Não dão a menor satisfação para o cliente a entrega estava prevista para 13/03/17 e foi a única comunicação que tive enviei email e não fui atendida no dia 10/03 me avisaram q. O pedido seria cancelad,2017-03-15 00:00:00,2017-03-15 10:40:56
05942b6005e6e76a38e74047e66d67b7,a9121d9a1f7b2530fd9d2d6dc01647cd,4,,,2017-02-08 00:00:00,2017-02-08 19:19:22
d1aafc09d5e9b64aa72c25744a3f01ad,7fd3cf60e6c81a64f2adc0e09d2dfdac,4,,,2017-02-14 00:00:00,2017-02-15 12:07:21
511d2c729235aec9b13c1b459427edde,e4774d4c3b28de27487f1caa9de5a6f5,5,,,2017-02-12 00:00:00,2017-02-14 20:22:27
940144190dcba6351888cafa43f3a3a5,00042b26cf59d7ce69dfabb4e55b4fd9,5,,Gostei pois veio no prazo determinado .,2017-03-02 00:00:00,2017-03-03 10:54:59
00ad88f1cbd3ae4cfcca09d79b0ba355,e3433a7caf6767057e8df08f1ac6d457,1,,,2017-02-13 00:00:00,2017-02-15 21:55:02
fab3587ace3a5370f22ba29be6d46cd9,8cb07e7e810ad9e5f33062cb4735d488,5,,chegou antes do prazo,2017-02-09 00:00:00,2017-02-10 01:07:06
72f685566b4731422d9472c4fdbaf2e3,1306d7999cdd320272eeea20f5768b77,5,,,2017-02-07 00:00:00,2017-02-10 08:25:26
eda18aae8aeed53aed5624b2d9726f24,270d816a580cef9525ac73d6c4b87255,5,,Eu recomendo ,2017-01-27 00:00:00,2017-01-28 09:24:00
6666aab2828ce4e5bdaf5509b6e347a4,1726692d7d3bf55b3bf72214ed9e6f7e,4,,,2017-02-09 00:00:00,2017-02-10 02:38:29
4766b7d48f10c7163ef6142796ba0ce1,66721fc1b7506481ff0d62fefe0aaa6c,5,,"Ocorreu tudo dentro do prazo previsto, muito bom",2017-02-17 00:00:00,2017-02-20 10:39:00
5f1d07a12bfab5d583fa39514cc6dc39,f647bd085f1616eb4a272bda4d3f8045,5,,,2017-02-16 00:00:00,2017-02-19 18:32:53
eb267afd97f421408a28a57797e8238e,84fbd5c07d190419428197464cdba60a,5,,,2017-02-16 00:00:00,2017-02-16 22:23:02
51dfec2468b97c6b91fc5e871bd88e9f,c78634fb21ecbb54b2b2498a660082ac,5,,,2016-10-27 00:00:00,2016-10-28 18:04:55
245d316770c8e8ada158c0fc56794854,194a9f43598155086b091e0c827ad480,1,,Não recebi meu produto! No site diz que está nós Correios pra retirada desde do dia 22/02 Mas quando vou ao correio para retirar o produto não há nenhum produto nos correios,2017-03-16 00:00:00,2017-03-16 11:03:17
301d75e89a62f8fa780c681768dd455f,c37d452db8a3abfa3d99c322e92ef0ef,5,,,2017-02-04 00:00:00,2017-02-06 14:11:29
0949e7aa2eafa8aada7aa8af6a3ad9af,a00f891df81b2ee87c6c5eb73c81c571,1,,O cabo não tem 3.5 metros. No máximo 1.5 metros!!!!,2017-02-15 00:00:00,2017-02-15 22:32:11
81410d45435bc2b4d2a23ec856f210a3,08e617c0a81895c4d5f6ab1e4a20fad0,5,,,2017-02-03 00:00:00,2017-02-04 12:18:25
431f6cde4960f0cd07ca171a34417012,56a726fa0f40d3678696e62aaed9690d,5,,,2017-02-02 00:00:00,2017-02-02 23:04:13
6a760d6d7c876b76f77353f24d9c14fa,88130f20a472f28fcca9dd5d50358820,5,,"O produto chegou antes do prazo de entrega,em ótimo estado.Estou muito satisfeita com a compra ",2016-10-19 00:00:00,2016-11-04 09:08:50
95d4ef3039dae51f9defb1c81e5452fb,35aade410488cc865a183d6a7fa637eb,5,,Veio antes da data prevista e o produto e de otima qualidade,2017-02-17 00:00:00,2017-04-28 14:34:47
818eb952d6799afb8a9654b1740713f0,2deb17060fc1ce18a85eba953ddcdeaf,5,,,2017-02-16 00:00:00,2017-02-21 23:31:50
b78ffbba38f07d0efbb7f7647f3a7097,fcafab7fc942d51e9f45bfeeb5bb684d,1,,,2017-03-04 00:00:00,2017-03-06 15:47:26
37825762b4125e62b54e0c8f65595de6,660c604f50fc9edcf854689682d1560e,4,,O produto chegou bem antes da data prevista! Fiquei mt satisfeita!,2017-01-21 00:00:00,2017-01-24 01:01:11
ee61f735caf6cd607feab01fba618cc0,376cc9a8f827d17966ea7c4b182f4426,5,,,2016-10-25 00:00:00,2016-10-26 14:45:40
75e097d2a1839b15abec3756e225df94,4fea2d9b1556c6f36a21a75b5ba71246,5,,,2017-02-17 00:00:00,2017-02-18 01:40:47
a0ba97ce98f76cf57bb2c5530513be70,7033745709b7cf1bac7d2533663592de,3,,dentro do anunciado.,2016-10-25 00:00:00,2016-10-26 23:52:15
943bb65c3c5c4cd65b23c261ae7d8ad4,98beb6d036255a151fd6d5000ad66da8,5,,O produto chegou bem antes do prazo!!,2016-10-25 00:00:00,2016-10-26 16:15:59
98de2ed46bf9a8835089f29126a41a13,bcbc0973414b1dd97555e6f8e9713cfa,5,,"Todo conforme o planejado, amei os produtos superou a minha expectativa!",2016-10-26 00:00:00,2016-10-27 15:58:28
dbf317275e49a9234861da2bc2655af5,8a2baaa71c6646dbb9ba2e94d7cd0ba1,4,,,2017-02-11 00:00:00,2017-02-12 00:01:35
2aa24b6dd5ef72ddf8031fbd971e7324,279976cba5252901895ff5af44890cca,4,,,2017-02-18 00:00:00,2017-02-19 12:59:38
8c35437da7b5936942db2c9a4675e71f,625b3ac41fea45dbd5aaa02d0941ee59,4,,,2017-02-14 00:00:00,2017-02-17 08:49:15
d840dc5cb4178a602a558b05891c3d91,090e9f5faaeef6a858eb1663e67c0838,5,,Muito bom,2017-02-15 00:00:00,2017-02-16 15:55:51
1f9c949b8152e4c0aec0d74271d564a7,bb4f0c21ae6014e40ef007ff6fbcbeb9,5,,,2017-03-02 00:00:00,2017-03-06 19:57:48
ca26a97baa1580f8acbc755587616eb3,80e9acbfd99b46609bded7263945fe15,5,,,2017-02-10 00:00:00,2017-02-11 12:54:54
8f757e6ba841f6c409a4d968a9b29a74,c8258090bca7cc6a62c1e15d7fd995d4,5,,,2016-11-09 00:00:00,2016-11-15 23:42:46
39cd1a5a64851d6e1623c3ec91ab5010,b9b51e569a2e79970555eb81107eb369,5,,Ótima loja realmente recomendo ,2017-01-31 00:00:00,2017-02-01 17:41:18
225b6952d36e8d5d5c46f0faae4c9827,012973f4cb6743d00d7e2644ddc8804c,5,,,2017-02-07 00:00:00,2017-02-10 03:47:02
9da6f73dde10ac7108db7686a03174c5,8b388d845a3e8700444b971fa2bef902,4,,Avaliação positiva,2016-11-09 00:00:00,2016-11-12 09:52:41
d2c192300177f09e9a6d79e78304110e,bfa74f7450cf978b57226b70a6a8936f,5,,,2017-02-06 00:00:00,2017-02-06 09:07:23
7fc9322b4aa0f81bbb91030fb2a81d03,e6ba7ef3fa398a176291132b06cd519e,5,,Produto entregue 1 dia após a emissão da nota fiscal.,2017-02-11 00:00:00,2017-02-14 10:39:13
73bdfc91957f3597d9e6259e60ba5e24,1460b7b8fd63551dc68bfdffdc31edec,5,,,2017-02-03 00:00:00,2017-02-07 09:03:22
e424567c193df873bda8a4bdfc2357f0,e2d092db21e901d04985350bf0e748ac,4,,,2017-01-28 00:00:00,2017-01-29 02:16:03
6938008852faf2ef8e5c1b0463bb919c,882c1e2076610adab15e5a68430d2180,5,,,2017-01-29 00:00:00,2017-01-29 18:16:26
5e44012e226e22f48ebba45444c0277d,48ae7afdc684e9aff52a26bb84bce016,3,,Até o momento estou satifeito com esse site . ,2017-02-01 00:00:00,2017-02-02 01:11:44
e7715465be12ee707d95da18fee4a583,37420f333a6877b6e54ea0a728af2542,5,,,2017-02-14 00:00:00,2017-02-17 10:10:11
9ef82d6c1b8ac9bb2b9de0e100d91d57,e73c4ecd46f3549fd9ebcdfab800cd28,5,,,2017-02-23 00:00:00,2017-02-25 19:43:11
b0a1dababee5d092221979ebbe0a51ff,21aa5570514b188b031255172b1e04bd,5,,,2017-01-29 00:00:00,2017-01-31 14:20:04
1ec3715f5f611369641b260c9650bc93,4d7a365119241cbd17c7afb5b39bb9a0,5,,,2017-02-03 00:00:00,2017-02-04 09:07:11
599670563f06e690abeb83c6d80c0450,603e15b90edc4dbafc68def34a24d4a7,4,,,2017-02-24 00:00:00,2017-02-26 23:25:25
5a4f0fe15c7a914e40cabe9a06d81513,e04f1da1f48bf2bbffcf57b9824f76e1,1,,"Até agora não recebi o produto, e já foi descontado 2 prestações no meu cartão, estou esperando solução do stark para não tomar medidas mais drásticas.",2016-12-01 00:00:00,2016-12-03 11:24:52
1f13da30e937fb82ac15ca7cc20e4537,2f8f31eb2f7b6572836d662a6625c8e4,5,,,2017-02-15 00:00:00,2017-02-16 15:22:45
a1a692f23e2db235790c99b28ac26fd8,d568f094af70874d55d22a89e093fe18,1,,"O produto foi entregue, porém veio faltando os acessórios dois fones de ouvidos com fio e dois suportes de ouvidos",2017-02-03 00:00:00,2017-02-06 14:38:24
329a83c4f6c144ae50e937927fcc21ad,34ac523be174284d7b9df8e47bce2040,5,,,2017-01-21 00:00:00,2017-01-23 22:49:07
0ebfb0a2eb733eb9e82b91abd0a751c8,35123d3f1c7606f81eb9b60272f907df,5,,,2017-02-14 00:00:00,2017-02-16 22:31:13
d3837f62b19763da296fd04b92a96ae0,8b267a755ea7f8e11012c8d4cb85e7b3,5,,Cadeira conforme descrita no site. Tudo certo.,2017-03-22 00:00:00,2017-03-22 21:43:45
00e927398b7a872a23c8990b38b7026a,021d08e4057e5b6414c8d2f69f4f72a0,1,,Comprei o produto chave canivete para Logan. Mas o produto que me enviaram foi a chave comum. Não vou solicitar a troca por o produto vai me atender. Mas faltou a atenção no ato de enviar o produto.,2016-10-31 00:00:00,2016-11-02 12:04:41
9d518864c77b6e0eccf8b0abfecae540,67d0c933fefa1c4ff65e800b8c8bf804,4,,Foi me entregue 1 produto sendo que eu comprei 2 produtos do mesmo . Ainda esperando a entrega se não ocorrerá ida a justiça.,2017-02-07 00:00:00,2017-02-10 02:20:26
1a35992dca7b906158ea4b5cd05b9291,b8a4cbf978ddb7ef0264c480a122329f,5,,Chegou tudo certo e correto ,2017-02-01 00:00:00,2017-02-01 19:08:13
a5679a7b17b8f8856ed79483f2a55de7,b3e176098b9f9f6122d37fa3cb06279b,5,,"Chegou muito antes do prazo. Prático, fácil de limpar. Excelente produto.",2017-02-15 00:00:00,2017-02-16 11:18:19
65e813b2e06b853c3270fd71f44bbc87,19f97beaab0d2b8ba54f9a458629f5d6,5,,,2017-02-15 00:00:00,2017-02-17 01:42:21
34b0f2c191cefae77a0805d4c54e5410,ff54c442f3e9f50941a09dcf4e061e6f,5,,"É uma empresa confiavel ,",2017-02-26 00:00:00,2017-02-27 23:22:56
cdc5bff197aa8e01aa155f2064549230,99ef3bde6a28c3a831215a21596b0d85,4,,,2017-02-21 00:00:00,2017-02-22 20:38:11
eef96f2aeca73e472d8fdc7e56e2d6fd,4d1f73fde643f7a1d08d400816850265,1,,,2017-02-08 00:00:00,2017-02-09 10:21:44
da520c13fbd4886bc0c1207df180106c,d3a84031db6c5de813d5a3a3489712ca,5,,,2016-10-18 00:00:00,2016-10-19 21:21:25
16fb8d46e948a7cfe0e47aa500fd84f2,c022b7da8ab7a4a04bd561c8f765a14a,5,,,2017-01-26 00:00:00,2017-01-27 00:13:31
d966cc03b3a42b5d7b9a3a951ae97b76,b6659c7944e48c1be78a188b4d51dbeb,1,,,2017-03-16 00:00:00,2017-03-16 09:20:51
852c5de4da9f35558037dd39c9249800,a2c7b8f8a4fe1bc4a8f4e30a5311861d,5,,Ótimo serviço ,2017-02-09 00:00:00,2017-02-09 15:17:17
3b850443ee703ff8381534dc0349847d,ed83f6065ae47112c8cfbd22e231b6d8,1,,Atendimento péssimo. Vendem um produto que não possuem. Jamais voltarei a comprar nesse site. Nenhuma estrela. Só foi uma porque fui obrigado a marcar para enviar a resposta. Zero p stark.,2016-12-02 00:00:00,2016-12-06 14:47:09
c1644211f1fe90951c81499cbd08f7b3,ae0913baa54f18027667d8049c36fde2,1,,A barraca veio com falhas na costura. Dei uma estrela porque não envia se não der nenhuma,2016-11-01 00:00:00,2016-11-01 23:50:30
9c8009f137e9b0e34dc23f6aa6e73d2a,5de59551c282b892ae9ff238fd557145,1,,Até o momento não recebi meu produto ,2017-02-26 00:00:00,2017-02-26 21:04:54
f47c31d5e0536df533aa1abcd5696c39,0516c22655fe1e1f0b3390f4ee3fc5f6,5,,,2017-02-11 00:00:00,2017-02-14 16:37:08
f7489c5c8a98beb5d3d129c9e2ebead1,142c8688b5b13e21ac5a448a1688b9d7,4,,,2017-02-24 00:00:00,2017-02-26 23:15:19
a284e94a3799422c7a686c9c2928dc28,632ba34265b5449d1f742d24cacf1208,5,,,2017-02-03 00:00:00,2017-02-06 09:43:07
7b606b0d57b078384f0b58eac1d41d78,2deb17060fc1ce18a85eba953ddcdeaf,5,,,2017-02-15 00:00:00,2017-02-21 23:30:22
9f4b94c3e28acd186ac9fd8f0bcb33ea,903c880841c9b1af32d6d086b9763133,3,,A entrega deve ser mais rápida,2017-01-31 00:00:00,2017-01-31 19:48:58
6ad41775ad5fd3e58af0ab1e32a01ade,7ef1da1730f64df72be4189c5ea58c66,5,,muito bom e seguro comprar aqui!,2017-02-04 00:00:00,2017-02-06 23:14:27
c16e56b93a73482b1961e460b1a9fcd6,d5558a097766363b8e76b38c43332e8a,2,,dos produtos acima citados so recebi o champoo a touca termica ate hoje estou aguardando...,2017-02-11 00:00:00,2017-02-15 16:07:10
941c5a58411c49f7ff04653795631fb0,5a06ec99090e75d00d2b33b0efdce2f4,5,,"Recebi o produto e ainda um brinde maravilhoso!
Isso é surpreender ao cliente.",2017-02-16 00:00:00,2017-02-16 14:26:53
5267cb37fed0f8b606ba9cd0ff6d0a60,5d97051b2fbe2d850d8c195e054735b4,5,, Meu pai gostou do resultado está dormindo melhor.,2017-02-07 00:00:00,2017-02-11 00:31:53
cd22f814f273cc67e4bf232aff02ac38,2410734c3fc6d36010cf6b1b36c2974d,5,,,2017-02-18 00:00:00,2017-02-18 10:44:04
bd4456a60c6bcf1cda23da1a5ddf65c3,73558fe683b9ce228381cf2ca678d322,5,,,2017-02-10 00:00:00,2017-02-13 09:43:37
b6d4624478977868a24df510031a0a19,5bda3e4d7080c484cd646a53165a7892,5,,adorei o produto! otima qualidade !,2016-11-18 00:00:00,2016-11-20 11:23:13
e9fccb4e28738f14afccd362a434ac8f,eabfb81cf01d772d65405ff27c793ddb,5,,,2017-02-04 00:00:00,2017-02-06 20:56:14
c1f27ee3bfc87dee6858a13d3aa013dc,8846a9571a893b22eb57d4732b978bbb,5,,,2017-02-04 00:00:00,2017-02-06 22:15:44
915385577eaf9b7f239992efcb1bdb62,b4d81b7ba0a5e97d9b77104dc0f3b82d,2,,"O processo ocorreu direito, mas durante todo o período da compra aparecia uma valor de frete promocional de 18,00 reais e quando eu fechei a compra o valor subiu para 56,00. ",2017-02-08 00:00:00,2017-02-13 12:52:17
743d98b1a4782f0646898fc915ef002a,e2144124f98f3bf46939bc5183104041,4,,,2016-10-15 00:00:00,2016-10-16 03:20:17
3795f2dcfd5602b3ecaf418962ed7d96,f30663edef2c5ccbd8ac1901275ecf64,5,,,2017-01-31 00:00:00,2017-02-03 11:57:20
7d41f8269eb532a7f86290e33669b667,b174fa32929e4af3622213e835cfa84a,1,,faltando peça!,2017-01-19 00:00:00,2017-01-20 10:25:14
2c275b34017a0d8684ea1cc9a020c8a5,6ad644c08b98d152d28f183097633d41,5,,Bom produto ,2016-10-21 00:00:00,2016-10-30 12:49:59
4b3eee59f0db0e4e86fe46150f536e15,f63be24880200ae32aa24f5b458a3dc3,2,,Estoque do parceiro zerado.,2017-03-18 00:00:00,2017-03-19 11:07:33
80a44adebca41c95a1e55b3da6ac72a9,0891b66cbcc48cf64f31ae9cae3d08d8,4,,O produto chegou antes do prazo ! Muito satisfeito ,2016-10-28 00:00:00,2016-10-31 10:22:02
6bade5d69be67c19936ee92838b09dd2,1869017c844a8734ceb468c7da13a88e,5,,Realmente o relógio supera as expectativas. Design lindo e super resistente. Para quem gosta mesmo de relógios é um exemplar maravilhoso.,2017-02-19 00:00:00,2017-02-19 23:00:32
25eba20ea016ac9eb8d658c75724ad83,4e3d811dd3b8ca1f39b4ce47ee24b368,4,,,2017-02-22 00:00:00,2017-02-26 23:01:44
160850927a5f16f903dc83a05e0a5826,d3c8851a6651eeff2f73b0e011ac45d0,1,,,2016-12-11 00:00:00,2016-12-13 10:17:32
7b606b0d57b078384f0b58eac1d41d78,2f8f31eb2f7b6572836d662a6625c8e4,5,,,2017-02-15 00:00:00,2017-02-21 23:30:22
deab3ad3f78fd4ef275d9788978b92c9,4dd47e84e6b8ff4a63d0b8425e6d788e,1,,Em 2 meses de espera não recebi o produto. Dividi em duas vezes paguei as duas vezes e não recebi o produto. UMA VERGONHA! Estou indo no procon pois o baratheon não atende telefone. VERGONHA.,2016-11-27 00:00:00,2016-11-28 12:01:22
0b5c8a5de69548f277a793e3a65fbaa9,013bc5ce14f856d31efc8bebdc3a278f,5,,,2017-02-15 00:00:00,2017-02-17 19:00:52
8700ee4697caa82c85404a623003814c,61597f05faaa90aa4bdc03d88668ae6a,5,,,2017-02-19 00:00:00,2017-02-22 18:15:18
f72d3e52c7d2fc8bac0e39716425aa70,d6322bbb41a10c3fe6721b45537106c8,2,,Varias vezes ja comprei e todas tenho que ir buscar nos correios eles não tentao fazer as entregas das lannister obs (so lannister) outra qualquer ou mercado livre chega mais com as lannister não ,2017-03-03 00:00:00,2017-03-04 01:42:34
f8e1efd927b9f7db95198e55bdebfb29,8aa9f9fb8d016c8abd90a65dcd7f2ab6,5,,,2017-01-31 00:00:00,2017-01-31 23:22:36
506f32953da5ad22161ae4995b5873d1,24523db64c1af3f40f27cb4416fa5ea6,5,,Entrega rápida,2016-10-20 00:00:00,2016-10-21 21:46:11
a4d43b3ddd82da881119fbd80ce22bb1,8f72f1ad07895bd823ba96b580936a1f,1,,"Fiz a compra de 3 peças. Como um produto era vendido em 2 unid, ao receber apenas duas caixas achei que estaria 2 produtos em 1 caixa e o outro na outra. Porém a bandeja na cor branca não foi entregue",2017-02-17 00:00:00,2017-02-20 03:27:23
de4bf6b43e5a98bc4be48bc501464792,329465dad46fffab333860e92e7ac984,1,,,2017-02-15 00:00:00,2017-02-15 23:47:17
b8963caf68726c8fdb78430efda76d47,a503ed3639b58426f15f719d61bfe408,5,,,2017-02-16 00:00:00,2017-02-17 01:29:17
cad4fcdd1443293c98b7b941915f37c9,f2b69dbd4bd28b5f76698636258902f2,5,,,2017-02-10 00:00:00,2017-02-13 08:55:47
16ca7fb9a20bc453147f77b6d863eb20,10221b5ef57cb66fe37a3b1e594918d1,5,,,2017-01-20 00:00:00,2017-01-24 18:24:24
55c2b2c2f6f680a49e79ee57e4aef7c3,4cad943ab8ba8479347dd102125fa87b,3,,"O lojista entrou em contato, dizendo que não havia o produto escolhido e nos mostrou o que tinha, ai conseguimos entrar em acordo.
",2017-03-08 00:00:00,2017-03-08 23:32:11
95e54ea26b7cec36482ac23019b134f2,22929eca5fe4738503a332952b9bfbab,5,,"O produto é muito bom e a entrega foi rápida,eu recomendo.",2017-02-11 00:00:00,2017-02-12 02:29:01
25687d21387f459c27caf0f0892c86be,ef445757c25db3525a25a2b9641ef288,5,,,2017-01-26 00:00:00,2017-01-27 09:40:10
667f3499d2c63fc4077fb3a191886b1a,27b7289530871ba2c68509ec562b1544,1,,Loja péssima mandou buscar o tapete na china ,2017-03-12 00:00:00,2017-03-12 07:50:32
9eb4d4e722bdc4f8456f22284a488d1f,d1b32a0715fa2abd2ff4f3ec5e751964,2,,"RECOMENDO O PRODUTO, MAS TENHO UMA RECLAMAÇÃO A FAZER REFENTE A LOJA QUE ME ENVIOU OS PRODUTOS, POIS ME MANDARAM O SHAMPOO E AS AMPOLAS COM DATA DE VENCIMENTO MUITO PRÓXIMA, VENCENDO JÁ EM 10/2017.",2017-02-07 00:00:00,2017-02-10 20:59:19
4efea8a9c1bc5e0598c5e9517773dd1c,50013835d7b14aefb452825864d3e414,5,,Chegou tudo direitinho e antes do prazo. ,2016-10-26 00:00:00,2016-10-27 02:11:55
a837d422e9fabd6e9a7c6eeb85855772,35fbd0c1666a2c04e7d111da0bcf1683,5,,,2017-02-16 00:00:00,2017-02-17 12:45:28
4b5cbe545279c1b613a0498b627c8658,20960ecf3d6ac0b19f3818f15c8e3fc5,5,,,2017-01-25 00:00:00,2017-01-27 17:11:13
d7d2417f61e09a9f7e26a6f74b89569a,a957bd5128480b4ec4c8762e9bcf3a13,5,,Muito rápido e seguro !! Produto bem embalado rastreado ... muito bom !!,2017-02-08 00:00:00,2017-02-09 01:02:20
d8c7bd905f4be8112a724a1cb1137dd5,b04215f2cbc4e1fdd167427e657c7d16,1,,,2017-03-11 00:00:00,2017-03-13 13:31:30
ea0ec3e46b6c593eed867333b40c5a4c,33f85a7c0485cf4a504f78608c5d57c7,5,,,2017-02-14 00:00:00,2017-02-17 11:55:01
6b1f7a69f8e75ea4845665d7c581d5c1,1207b88243115c9eafb9931bc2d0b59d,4,,Bom produto.,2017-02-17 00:00:00,2017-02-20 04:02:03
44f3e54834d23c5570c1d010824d4d59,df56136b8031ecd28e200bb18e6ddb2e,5,,,2017-02-09 00:00:00,2017-02-09 09:07:28
b1087c9530bba1f1aca49b91ee06af6a,fa6d3eb110ceb1c2b98c7d158c6d1671,5,,"Recebi o produto perfeitamente e até antes do prazo esperado, eu recomendo.",2017-02-14 00:00:00,2017-03-02 14:08:56
7c46b82b29a9caaeb06d6c03bbcecab4,9c54a1816e487456bb7eb5082b9823ff,4,,,2017-02-09 00:00:00,2017-02-10 09:36:39
fc4af8aea8ec3f1a3cd181d3d0cadbd5,76c6e866289321a7c93b82b54852dc33,1,,,2017-02-03 00:00:00,2017-02-05 01:58:35
26f3fc35e6483d077690d5c5c3f2d1bb,3f1cef1dad28d66ac73d711f75a8ade6,3,,,2017-02-25 00:00:00,2017-03-01 12:24:41
15ccee870f868c1fc330d3822243cf78,0aaf52291c13507e7fe4f565f079ad9a,5,,,2017-02-01 00:00:00,2017-02-01 08:47:58
e026e5e449e602e62dfddc5ce2e059a1,a83c50dc6af9424ae926506ebac55807,5,,,2017-02-22 00:00:00,2017-02-23 01:48:58
81b21965b2bf4d88cc8c17cdf9778539,682e90d16332af76ecbdaee2e0c74bf6,5,,,2017-03-04 00:00:00,2017-03-05 22:49:29
b9869039a961040d56b1a87942bc896f,f8156c3c902b5ae88ac59a6c7b28f72a,3,,,2017-01-25 00:00:00,2017-01-25 22:14:36
cec1a6e47c108f2344abd8a25e7b02cd,e9977cc6d0f97447ef0f4fcc2e082fc8,4,,,2017-02-22 00:00:00,2017-02-25 04:19:33
135df63f4871bf893d89ca67df0f921c,0943d27820129d9446a32ca20cf9bee1,3,,,2017-02-16 00:00:00,2017-02-17 08:53:37
d6057688274ddb3b9f7d9fcf7ec9b286,e439ced3d48f1a77f6ecc029cc946a6f,3,,"produto artesanal, eu mesmo deveria ter feito. nao era o mesmo da foto no site",2016-10-26 00:00:00,2016-10-31 13:13:56
e9b41f2adca86f48ce2b9e75698d288c,26ba0c1bad97bbfdcc4419e3ca40d9a8,5,,,2017-02-08 00:00:00,2017-02-10 22:29:30
13eff5faa3978a8ce971ae19a9747862,cfdc6f2061897ed3b3f1a9ac3437c6f9,3,,"Preço muito bom, porém o prazo de entrega é muito extenso. ",2016-11-30 00:00:00,2016-12-02 12:19:04
a89b8c0fa8b3809965a104ab7d31cb53,fcb5c3253dca0627badc4dc2d5a9c988,5,,,2017-02-17 00:00:00,2017-02-20 13:21:10
ad6fa21058052286ebdb6bbd5891d2ff,801bda1bc87e8484430a1ad75f51f128,1,,,2017-03-11 00:00:00,2017-03-13 12:49:04
0a55a99c93ca3fa4119c5fed56081806,dd845e1cdb19f08d029a727adc9a5a77,1,,Ainda nao recebi o oculos,2016-12-08 00:00:00,2016-12-08 09:49:46
9107ed569c1aa8bc13406e59145e15f7,0fa927b252421189a0e0d5725fb3832d,5,,Amei a minha pipoqueira. ,2017-03-07 00:00:00,2017-03-08 09:43:09
b19afce57c3a86afbe3327b68de2a13f,f9b03f7a6e5788ffb6cb6b4cd0d01892,4,,Bom produto. Boa empresa: entregou no prazo combinado e sem problemas. Compraria novamente.,2016-11-17 00:00:00,2016-11-21 09:28:42
7a8c9a1c9b72d8109f35dacbea4cb225,c52edad050bea3d2f56fbc6be373c44f,5,,"Recomendo o site, bem como o produto. Chegou antes do prazo previsto e muito bem embalado. ",2017-02-15 00:00:00,2017-02-16 15:14:18
e786d256770119cc6fe699c8e3daf042,2d53b54fb747893711031caffe615f9c,5,,,2017-02-10 00:00:00,2017-02-11 14:04:30
7b893b28580fec7c9ddaf9cc00ebd566,7ead6c8726098bd70de2b16cac42df74,3,,,2017-02-10 00:00:00,2017-02-11 11:57:56
dab1e72505306d328f472e0c5415080f,2eed473a355a3965e5a3fbcea0ffa40d,5,,foi muito boa a entrega chegou antes do prazo ,2017-02-17 00:00:00,2017-02-20 14:51:50
143c167862a04420e64b957f1f5bbac8,cd63595a31d3717ff7ea9a0b041104a9,4,,"Nâo recebi meu produto até o momento, porém, fui informado de todos os detalhes do motivo.",2017-03-04 00:00:00,2017-03-10 11:35:16
647671cabbc5545c07e931ca277a0f65,b9ed1cade4a77bad15fa7a3ced4585a4,4,,,2017-02-18 00:00:00,2017-02-21 18:06:56
cf5b0d8dcdce9652cbeec203d09e1c0d,cee2ddf4087d91aaf4874fc1436f9901,5,,,2017-02-04 00:00:00,2017-02-12 02:03:04
8015573ba82173505c4bae2be60ae7d3,683076b91bcaf79259334f6aa80d41a3,4,,,2017-02-14 00:00:00,2017-02-17 02:53:24
a3d6519626c8494fda5a364a5dc06556,3352b51dbcaf8074b24f0efab4772dde,5,,,2017-02-23 00:00:00,2017-02-24 10:52:10
9e4cb7bd7e563f0a95b5d78262eaa810,58c851c107a9a3e21e03a9e2a1951d12,5,,Chegou rapidinho ,2017-02-02 00:00:00,2017-02-03 07:07:53
ad0b21f9e9968657a6cfa590ec78eb23,5fe46d14177744ae2180101ce19bb414,5,,Produto de excelente qualidade. Entrega rápida. ,2016-11-02 00:00:00,2016-11-02 21:12:20
e9b21b34be2c8ee04b531996af8dae03,1bacdc28aad23d1396a3fd39fdaa6c4f,5,,Recebi o produto antes do prazo combinado..o produto era o que eu esperava.,2017-02-10 00:00:00,2017-02-11 13:33:09
408a519dc131484d6599b07f022761fb,9fe67982918cf778dbf3cd0b582aff80,3,,"Poderia cobrar apenas um frete de vários pedidos ao mesmo tempo, comprei apenas duas pulseiras e paguei quase 30 reais de frete para os dois",2017-02-18 00:00:00,2017-02-18 13:54:18
16a5dee3a2f338258ce6bd1dcc1a40c9,c356d4dbafd1289aa49e2b0ed1d2fce9,5,,otimo,2017-02-15 00:00:00,2017-02-19 01:28:51
7386b68489e00081752ae75cf5007c48,cf47ad2fb60cae3f74b943646f685c94,5,,"Totalmente responsáveis, produto entregue, informação dada ao cliente, preocupação com o cliente. Recomendo.",2016-10-25 00:00:00,2016-10-28 08:46:42
459bb088b9e0869d028dad6afed8c94c,11afac295480894b1dcdf9cf95815731,1,,,2017-02-15 00:00:00,2017-02-15 22:20:52
50381122ccbd38b82a817fbdc59c66b2,c3084098ea4ba59510ba1278d3cee2d2,5,,,2017-02-17 00:00:00,2017-02-18 10:25:00
d8f2cadbbf11544d2f0152b4ab65bd7e,31cb8821ab778cd23ebb6ce6f9e2bce0,3,,,2017-02-11 00:00:00,2017-02-15 00:36:41
8644f53b52d6363b2711cc1bd1c79baf,67543007812c990098e0ac6c6fcb3093,5,,recomendo nunca faltou nada q eu encomendei muito confiavel e competente,2017-02-22 00:00:00,2017-02-23 16:33:46
f9e2353d6f10caee9c2dbbb8bd95c835,4d55408f3a98afa1d4f3087d4a24005d,5,,,2017-02-11 00:00:00,2017-02-12 00:34:33
306626c42bbfc473b136025f40c691b6,7e61a4c6d93d6ad8a4ca4a8d00094339,5,,,2017-02-10 00:00:00,2017-02-12 19:18:04
74f5b4fc518d612fa146edec86a20865,27b01bbc397d9282e115008e0d914f2c,3,,"O papel que queria deveria ser compativel para RG, PASSAPORT e outros documento oficias, . por isso a insatisfação. ",2017-02-20 00:00:00,2017-02-21 10:59:34
291af346a29b471154e2fe81e207cb55,3630513f30286ed696e4a2e36c79ae3c,4,,"O aço da lâmina é bom, mas os cabos parecem ser frágeis e arranham facilmente.A entrega foi rápida, muito antes do prazo estipulado. As facas são lindas e para o uso doméstico atendem as necessidades.",2017-02-09 00:00:00,2017-02-09 22:28:51
2be38141c7e81db0001d2708980fe34e,7559c51df991c6861e6a8be5fb1e3751,3,,Muito bom... Empresa séria,2016-10-27 00:00:00,2016-10-27 21:26:22
04dc6f0206527becd728a84884b0d65e,597bd074d7874048131c67581f0556d4,5,,,2017-02-10 00:00:00,2017-02-10 12:30:39
d084917cade2aa09b9ad936b0a2a8d58,587a39d6ab7297ee16b3d5ebdaa0f776,1,,,2017-02-23 00:00:00,2017-02-23 15:00:06
41deaffcf6deae0e5bda248b70048469,3b2ca3293a7ce539ea2379d704fa37ce,5,,"O produto chegou no prazo e conforme,produto de ótima qualidade",2016-11-18 00:00:00,2016-11-21 11:01:11
21ebc05400c5c1b345483638ecfed9c0,c6da623560d211f315e175c9af4c8727,4,,A colcha é muito romântica devido ao fato do babado ser de voal transparente com detalhes em fios de cetim no mesmo. O tecido do corpo da colcha é mais fino do que parece no site.,2017-02-24 00:00:00,2017-03-01 14:50:08
3a6db60b14d6d7d728581a75269ab35c,e819c0a367da758c5e60ddaee6890dc0,4,,"Produto de qualidade, loja confiável e entrega super rápida. Recomendo.",2017-02-15 00:00:00,2017-02-17 13:30:59
a36dc170e6f493949b96e11c7acf1dd7,a3032220da3f83acf7fa0db99dc28804,1,,,2017-03-12 00:00:00,2017-03-13 19:30:25
24cbd04b6991907ad0b1be2419e8a6cf,6146a7dc414dd1510ac54aa29c2311ed,4,,,2017-02-21 00:00:00,2017-02-24 20:22:54
e0aeb7bb269bbb0bc10895be26d0ad51,610a60d9a69cdfd91aa5dd5a26d4ce95,5,,,2017-02-18 00:00:00,2017-02-19 23:33:53
f781ec78f3a16ffb5768936e5ad4cec6,b784702b3377c4b93c2159512fbf937e,5,,Ótima. ,2017-02-21 00:00:00,2017-02-22 00:53:26
245f8fbfd09d9d2263353db032f53e9e,c9a54f6ed83e951ec2cbec315d2333cd,3,,"Puf veio com os parafusos soltos , da tampa do bau.",2017-03-03 00:00:00,2017-03-04 15:34:27
6b2bee3c8b5eab994014e56b2601a3a6,c504b1d68ad8d98a627dadca7ca53673,4,,obrigada,2017-02-02 00:00:00,2017-02-03 11:15:33
fb5941fc0ac29d742ecff6fdfd22b099,b95df3cef5297e79ef709ba256518f6f,5,,,2017-02-07 00:00:00,2017-02-09 00:37:37
e02204812527a62b06d3cb7b845f9863,5582d9b46edf97ccc2f3b993c39ace3e,4,,,2017-02-01 00:00:00,2017-02-02 21:30:36
ea6b61bd3a7a9721897bd347ff35bbd6,34605af753e44da907f983de0082faaf,1,,Não recebi mercadoria,2017-03-18 00:00:00,2017-03-18 23:36:02
ff55fd814d383dc42cb2a49a479014e9,ff42eee9423ebc7d468a3709e1cbefb7,5,,Recebi antes dá data combinada.,2017-01-27 00:00:00,2017-01-30 10:43:49
359db63856a2bd3a4a0531eb4f446b30,a50d16f8c24acdc0c3d2fe0af2cd5c87,3,,,2017-02-21 00:00:00,2017-02-21 09:45:29
419ad0bca36f52cf9b91262de3394564,bc0e0c28cbe995798d3afb7c7c75d269,5,,"Excelente compra, vendedor excelente, entrega dentro do prazo. Estou muito satisfeito e recomendo.",2016-10-18 00:00:00,2016-10-24 13:43:09
a71338154c9d26f71af841e078abcee1,dc5f6cd4492bbffe5bcda9b87856c9a5,4,,,2016-10-28 00:00:00,2017-01-08 15:09:32
0cda80dc52d272d454b285e032c97920,1972a123466d40a62224630f7d0de530,5,,Recomendo para outros,2017-02-19 00:00:00,2017-02-20 22:27:56
dec446be74c5c9dd2a1c6e3042f7ef92,215235517f0e156724a0ac20bc1076a5,5,,Recebi o produto no prazo e o material de qualidade ficou muito bonita na cozinha eu recomendo para outros clientes !,2017-02-10 00:00:00,2017-02-11 10:34:33
fd4d02347063ac2cf3090162b6a98633,4e36d0170c671378f49f701a810360ae,5,,,2017-01-19 00:00:00,2017-01-21 11:38:28
97d89803cea751238c636f6bc955f890,ab29316ca52a6f49c3e55b77c1d6e4bb,5,,"A loja enviou o produto corretamente. A agilidade também foi uma ótima característica.
Podem comprar com a targaryen sem receio.",2017-02-15 00:00:00,2017-02-16 12:15:04
6950a5ba6194062bafa4927ebb38db84,96e60a8b7fe4d9cd4f5ef7f3399a502b,1,,Eu comprei 3 unidades mas só recebi 2!,2017-02-11 00:00:00,2017-02-14 19:39:04
137017067fc9f52d270f23bd9c9374b5,f9d5369378902ad40733614f75fdc908,5,,,2017-02-12 00:00:00,2017-02-12 19:03:44
52eb0fa81f8f576fd9e224034bf0dd5f,66f1a7baf73c12eb3af95058da54b6f8,5,,linda. quentinha,2017-01-29 00:00:00,2017-01-31 22:01:19
5a7721d6e1524c0d1b3dd3f08e2f63c0,6bc3c200db7e637a78b05d8984dcf66f,5,,,2017-02-14 00:00:00,2017-02-20 14:45:49
5cc07956bd0c9fe0671cf44b866837ba,7ac6f4778cd283c6b76c66fe1e0d4431,4,,"Produto chegou como combinado em perfeitas condiçoes, recomendo.",2016-10-19 00:00:00,2016-10-20 09:43:06
25eddf8dc03be2e15aec8ac8a32f1923,df537c849af44beef86a7ef7de12126a,1,,Essa capa não encaixa direito. Não consigo trocar. ,2017-01-31 00:00:00,2017-02-01 01:04:39
d0a0c4a2b24b11ea46a73d27e6b244f9,2e2e88c4bb691287b71a9e1ee8a193a4,5,,excelente atendimento,2017-01-27 00:00:00,2017-01-28 00:17:57
319cb3c58d82d2e2b9ae220b9e8ee82c,578e93018456eabf67495ce86d6e6315,2,,"Boa tarde, foi antes do prazo ",2017-02-22 00:00:00,2017-02-22 19:33:31
ecf4b5b8f37cf9690b94abf256ccdea2,e85c92ee6a3ba1ef47e41c23286314d9,4,,Faltou a nota fiscal,2017-02-23 00:00:00,2017-02-24 12:08:26
93c9cc94aea61f30706124a673695bb0,ee793c80c58a6de488444dbb4e63374f,5,,,2017-02-23 00:00:00,2017-02-25 09:38:50
5717b8d63e534bfa900ed428e3626ab1,64cad05fe3f34277719621c70f416ad2,5,,Pessoal super atenciosos.,2017-02-15 00:00:00,2017-02-15 09:56:31
c5075a206ee6306f4d08cf95670de225,34c718970b33419ed6d537a90366231b,1,,,2016-11-01 00:00:00,2016-11-16 14:54:08
bc9c9dec984c7e053cbf991171d12835,230c830e0ace11bcabaf63deebbee836,3,,,2017-02-10 00:00:00,2017-02-13 18:44:10
19a752b683040a8f949d2b3d10c8dbd0,e6b3a4b18f4aa0958228e833f2927c30,3,,"O stark sempre foi muito confiável, porém desta vez recebi o produto sem nenhuma especificação. Não sabemos para até quantos watt's pode ser usado. Propaganda duvidosa.",2017-02-11 00:00:00,2017-02-14 12:22:52
2e3a6e4930334530774ac3a6f6b62388,9ef13efd6949e4573a18964dd1bbe7f5,5,,,2017-02-15 00:00:00,2017-02-16 17:14:41
ffc6c05766096205bc56ab219ad1f811,f87af4a276a00d935b34c0d42c3fcfc3,5,,,2017-02-20 00:00:00,2017-02-20 11:25:19
0b929352c3e66ed0a6e9cd1ba1b1b346,fcf3478bc90a1b2e214d529d0455dc1e,1,,Pois a tela do encosto da cadeira estava rasgada.,2017-03-03 00:00:00,2017-03-04 00:02:09
eeb94b15f672afaf38e8d74b6ddb25f8,a8a2941e92152e0edc39bb862cd6b6e2,5,,,2017-02-14 00:00:00,2018-07-11 15:47:37
b6200ef467de85ddb64f76b8ce5036f1,6d04ee9620b18893b53a68b7522f2fcd,5,,,2017-02-09 00:00:00,2017-02-22 19:36:21
4fb938decddbde0657cb0a03ce23fd2a,6bc4d884c713e5a93fae26d2e3defe0f,5,,,2017-02-11 00:00:00,2017-02-13 16:29:53
12899f8e2596718ab76c8abf46d9ae5b,5a1b8ce8aee70bd3445109304936c826,5,,O produto e bom.. ,2017-01-27 00:00:00,2017-01-29 19:59:16
dc0a8627ae4d70ddb46f09f60fa3fa5e,d7adae346e57bdec9293128a1130a183,5,,Muito bom,2017-03-03 00:00:00,2017-03-04 12:47:53
5fc1aa72af605f201858c768316cb01f,c8ea1ac95f4f994f94fb57e99dcca985,5,,"Amei o produto, material bom. Ótimo vendedor, atencioso e esclarecido. Recomendo com certeza!",2017-01-28 00:00:00,2017-01-30 22:40:28
4d0f5135f9a2024943166671431bd897,6ed4f19dc97f2a4b5d0f15651247dbca,1,,"Péssimo atendimento! Comprei o produto no início de janeiro e somente ontem 01/03, me avisaram que não tinham para entregar, pois o fornecedor vendeu o que não tinha. Não compro mais nada neste site",2017-03-02 00:00:00,2017-03-02 15:33:00
4fb086c542bb7e4ec510a3463c1657b7,8c78d01de3a9009e23d6877a7cc9be20,3,,"Ainda faltam me entrega um produto ,quando chega eu avilo melhor .",2016-10-22 00:00:00,2016-10-22 20:04:45
883fcb156e2dff9f4d51a7516b7a865e,a13e70df735fff3fc1285803f494777b,5,,,2017-02-19 00:00:00,2017-02-20 15:38:58
42906e540cbc95c7a5bb4ae3563631da,51b79a492b5e53504ce70340ce111374,5,,Adorei o meu produto,2017-01-21 00:00:00,2017-01-26 01:22:14
0ce1968027d5ac1433f192d910d093e3,76774c936de5cb5a431120fde98e40da,5,,Ótimo produto e rápida a entrega.,2017-01-20 00:00:00,2017-01-22 15:31:51
055238970385d3db87009da9c205e86b,2363f4be725c1746c141cfe7e8432910,5,,,2017-02-04 00:00:00,2017-02-07 11:31:08
92716e4896a74905eea97e64dd3d7d41,84d49379a00e593760307d4eaf2733da,5,,,2017-02-23 00:00:00,2017-02-23 21:16:42
99ab4427eb58f5b364d288a374ccbf2f,721c90253d3c1f625f71e2faf53a6b57,5,,"Produtos corretos, prazo de entrega antecipado.
",2017-02-04 00:00:00,2017-02-06 10:27:04
f3a0b5dca7b61a78a814f93fd2f16641,46f05e5ae3a2b822e2f4148d99f69ca4,5,,,2017-01-28 00:00:00,2017-01-29 21:10:01
41cfb3737b4d3a3790f4f56f95dd6cc4,de05dd73ee1b5a964eaa56f814c49851,5,,,2017-01-27 00:00:00,2017-01-30 06:57:57
07d6cf1b077ab6a26d1155c6007b8b6b,bca58807bbe0c11fa3099e2328f62647,5,,,2017-03-10 00:00:00,2017-03-13 01:28:18
9932dc646141c91f786d6a94e7c7c3c7,73aca43a4a4709c819920271b2743341,5,,,2017-02-22 00:00:00,2017-02-22 19:25:31
6b683416a0746f5d11bf49cd16193e4f,90d2bbc31356e711e2fe7b0b78181687,3,,,2017-01-26 00:00:00,2017-01-30 12:17:55
9d1eb9becd0831bc797562f303f2b477,f92641ff0446a0e1c57195ebfe76e16a,5,,"Amei o brinco, é lindo...",2017-01-18 00:00:00,2017-01-18 11:55:01
549363855db689fed881e4bb5ddfd1b1,3bcf5ba4eec8b84af7663e2e261957cc,5,,,2017-02-03 00:00:00,2017-02-06 13:23:58
31dfcf227b041e35a2c80101f1096c9e,d322025aff44e8bead04f4e81023ede8,5,,,2017-01-27 00:00:00,2017-01-30 02:54:57
623f89dabbe21686854fa13f139fb88e,43a5d40681ed4ffe2ed88d6fb2639545,4,,Produto conforme solicitado,2017-02-04 00:00:00,2017-02-06 22:29:12
b2d5431ac7acdac769552d2728047232,0a2d541ba7c40984543d72b5eb0abcba,5,,"Ótimo produto, chegou antes do prazo! ",2017-01-31 00:00:00,2017-02-02 18:33:36
0ebfe8313806bd1ea58091e73fbc3e3a,c96867b4091191ba74279fc255656525,5,,Recomendo a loja e o produto ,2017-01-21 00:00:00,2017-01-22 05:51:16
b3f79b50cb871014e033dfd4c5d7952a,09dd83f72b2516179cd46b81121fad23,4,,"O Produto Chegou de acordo com a descrição e imagem , mas demorou muito Quase 2 Mês ",2016-11-29 00:00:00,2016-11-29 21:50:03
14def4bb1685097bf69ce8c6f790a49a,5d389775a013b9eb8fcdab4cdc1eae1d,3,,,2017-02-11 00:00:00,2017-02-12 15:11:01
2eb15e736be44a8a8cc65ef7fd2a545a,b782d486ebb05fdf0ba6ec05652f704f,5,,,2017-02-07 00:00:00,2017-02-10 02:19:47
d84f4ac1b2610b3366fc69940f2985f3,bcd03a007dcad04bc88701f563b985b7,5,,,2017-03-14 00:00:00,2017-03-14 23:25:27
307884f31a50e7ada8ecc4b83754f0e5,0e4ac54a7cda0d985d64f8cba6f963ba,5,,Mercadoria recebida em perfeita ordem e antes do prazo previsto.,2017-02-16 00:00:00,2017-02-17 17:56:40
1f42379aacc415ee194f3eff210dd3bc,65fd2f07bc74b8df1728cc3ee9e19ebb,5,,,2017-02-01 00:00:00,2017-02-01 22:47:06
d3a7597e6283e545eb480ebb7c7fc4bd,66c597806a0a0fceb57c8acf9a89a842,5,,,2017-02-21 00:00:00,2017-02-22 14:38:18
f6f50c5578bb3f2dc0adf2383f4d31a3,aef21aeac3544cbf31a1b0c4db759e44,3,,,2017-02-19 00:00:00,2017-02-20 22:26:09
00577b347f98b48d28ce87c4a35cddc0,1409fa8d66178147ed431573330397c0,5,,Recebido dentro do prazo e em perfeito estado.,2017-02-23 00:00:00,2017-02-27 13:55:16
df7974255a6abc32e2d452b5aac60ba5,a47c6e02b84d8dea0ec21748a611293e,5,,,2017-02-04 00:00:00,2017-02-05 00:37:33
e146e108db2520d865889322dba96355,eb45ce36240dbf895bef98be0d1a85d3,1,,,2016-12-11 00:00:00,2016-12-12 17:10:54
6d9e026755d4aec54a2334e9b6d35b08,d16f9a68b1aa5e1e872a86a474930835,1,,Ainda não recebi o cinto.,2017-03-09 00:00:00,2017-03-09 09:54:48
cf6b053415a0f2a687c76af3f69156d7,7489466aa2aad065d81a6b70e516a562,5,,,2017-02-16 00:00:00,2017-02-17 10:08:44
37e997267cf911f765204bbd5fa7aed3,e90f9a57c17a06b37c5830a2ab1bd209,5,,"Excelente, entrega dentro prazo. ",2016-10-20 00:00:00,2016-10-21 10:44:44
0812cecf40eb8aca96b4b144784508e4,9d7737b250ca12ae1e89ef38f2e5d213,5,,,2017-02-18 00:00:00,2017-02-18 10:22:13
624af81e4bae04a0f7a9d1440ecf0c4a,a2e4c44360b4a57bdff22f3a4630c173,1,,,2017-03-03 00:00:00,2017-03-13 22:27:45
16edaa6649b6f557c049b7c140d56a17,29d99fdabd0cb6b4e9d82f2f38c04a5a,5,,,2017-01-31 00:00:00,2017-02-02 09:38:11
87d38823c8e926b57ec61e64f5466cfd,001dbc16dc51075e987543d23a0507c7,5,,,2017-02-14 00:00:00,2017-02-20 17:07:46
6fa6f2963c6b1c9fc98db47d01a3a99b,1e6377b497624e8fa908ee4a87e3687d,5,,SUPER RECOMENDO!!!,2017-02-14 00:00:00,2017-02-15 09:39:46
ad836ae4176835013fbb45ff3718e0ce,d53709cd2507666542fcf8f6120b99f0,5,,,2017-03-03 00:00:00,2017-03-03 19:36:08
85a3530979d9fadf46580b766612e815,b49998737b7359ebe1b64b0b7ffb20f6,4,,,2017-01-27 00:00:00,2017-01-28 19:15:41
70a0c8f3270770e05bba829811617576,6fccc57f4270cc3628193bd168efc780,5,,Produto chegou bem antes do previsto ,2017-02-17 00:00:00,2017-02-18 18:08:31
bacb3e4253f65fea2c88b6ae7c46b02c,a24fa323cfbec085a10c18369c980b1e,5,,"Foi tudo muito bem, entregaram antecipado veio tudo bem. Obrigado eu recomendo.",2017-02-17 00:00:00,2017-02-18 12:58:44
38280f4b324b006565580ba4aaf39ece,35837feff69c830a990c5ecae625bab5,5,,,2017-02-16 00:00:00,2017-02-16 22:30:07
73edaf1721e09a886dc35f885caa254a,7974289bffc998c320825e123de8ee7d,5,,Entrega de prazo ,2017-02-10 00:00:00,2017-02-11 01:26:28
3785f7620dedcdd534e1bbbfcb263e58,db4d2ecc1c1a157d6250c84dd86eb838,5,,,2017-01-28 00:00:00,2017-01-29 04:52:46
a9d8d154b0906d8948d7256e59a4ede1,835bf4777ad72891587719f1098e3528,4,,"muito bom
",2016-10-25 00:00:00,2016-10-31 11:36:47
7b78af9d27c7a9095b7e0057d983c831,5e24cd2a73451af2660215702f8abc57,5,,,2017-02-15 00:00:00,2017-02-15 22:28:48
c40a6116b2c320e6386218678cd2ba14,0cafd6a7576a6aae0f891008a87f1546,1,,Após a compra a loja informa que por um erro de comunicação interna o produto não está em estoque mais e o pedido será cancelado e o valor estornado. ,2017-02-24 00:00:00,2017-02-24 08:41:49
c595cabf2e317622e83595caf0890a9a,7090c88db4158f89d839c794cdd73272,4,,,2017-02-08 00:00:00,2017-02-08 22:19:53
d8239ad9dd86b2bfe2e3be7774109136,54b3dff57c665f797e9738df1014f9a0,5,,"Entrega no prazo, todos os produtos lacrados! Excelente como eu esperava!",2017-02-16 00:00:00,2017-02-17 13:57:14
fe3ed8f254ea9a65667c8351ac4fdb81,cd6f777c4734b77c8f01725d6a3500c0,5,,10 Estrelas,2017-01-28 00:00:00,2017-01-31 11:26:40
0c2de0b2e21a2457cab7aa27f21cefd7,fc0973ba8c96e67e0cfb458c1bac3a6a,5,,"Amei o produto a entrega, chegou conforme o anuncio, cumpre o prometido.",2017-03-09 00:00:00,2017-03-17 13:30:25
75d3ac6cca332cde332d1fabbc89b789,2bcf5ca88957e31faab027f2325cfd63,5,,,2017-02-08 00:00:00,2017-02-13 16:17:17
e31380f2d58ac5c7e6f098bc2e8707a4,9b42f8813f6bfa620e0c91a4e132f2c0,5,,,2017-02-04 00:00:00,2017-02-04 19:36:29
fbdadae41846f59e6c459b68c36dc3aa,de6743691fe06b0d7ed439f7cea17278,5,,,2017-02-18 00:00:00,2017-02-20 12:07:42
c2207b69c65711a326924e522ae08f9e,6ef172eee30cfbfa01516ce2eb2ee68f,5,,,2016-12-02 00:00:00,2017-03-02 22:32:26
f4d25dd6529f8faabd82701ace1b9b18,c52497bdac8af9917fe744d605bdc43b,4,,"Foi entregue o produto errado, entrei em contato e vão enviar o correto. Estou no aguardo. ",2017-02-04 00:00:00,2017-02-06 20:17:05
f8d01f9569a48074a6c5dc3e08ff69f7,1bfa3dbef549cf9ba5c5661ef1b63168,5,,,2017-02-14 00:00:00,2017-02-15 11:57:55
010038fadf80b7f60e993609e3f845c0,984d046c833232079162e22c7ef8c15d,4,,eu recebi a chopeira na quinta feira na sexta feira testei ela .a torneira está vazando e estufou a madeira embaixo .como faço? ,2017-01-27 00:00:00,2017-01-29 23:28:00
758890600eb0ae17609443c1df04df60,3c6f2c25e0bc1279d17395ec365ea14c,5,,MUITO SATISFEITO COM QUALIDADE DE INFORMAÇÕES PASSO A PASSO ATÉ O RECEBIMENTO DO PRODUTO.,2017-02-03 00:00:00,2017-02-06 09:52:09
2631f3521b15aa29f26bb954d19e2d6f,90aea7c4e52538a18cb9bbfd16f09185,5,,"demorou um pouco a postagem, mais foi entregue dentro do prazo.",2016-11-18 00:00:00,2016-11-21 16:30:19
57ee3911f87ba20a2fb8d6993336bcd1,4ed01120b6d2cbb2a2fe37897f9611f4,3,,"Respondi que não recebi o produto correto por que eu comprei um produto BiVolt ( 110 e 220v ) e me entregaram um produto 110v.
Como fica isso ?",2017-02-12 00:00:00,2017-02-15 01:21:56
a6d164208be6d489e2034c85bdaa03f4,90b27d5506a9be4b5fb162ac5857d2b7,5,,,2017-02-04 00:00:00,2017-02-06 20:09:32
e7967970562927abd19c9896ff10eaa6,0df040f84e5295f7894177ffe53850b8,5,,,2017-02-15 00:00:00,2017-02-17 01:15:19
6503d3a860c491de8f1bc29d1b9bf3f3,3b8a3138cb95908731feea1a6e456ecc,5,,,2017-02-17 00:00:00,2017-02-18 14:45:12
6589f2ab0e2f9d5a3b35ee173fe69ac4,fe9ff842f65047f5a82c48905a18cc98,5,,,2017-02-07 00:00:00,2017-02-10 10:27:10
c490e7f7e34185db41df5bf5ce660ca6,205d7052a6505124d200f6fea6b423bc,5,,,2017-01-19 00:00:00,2017-01-23 10:51:27
bfe717904be6ed435223174b21d73178,96caf486ad384c707d860dbb4e519794,5,,,2016-10-21 00:00:00,2016-10-24 11:45:13
58337c9336596e914a2b8068d4e704ee,dcefbcc0abf928c96a94c20fdae4e85d,5,,"Leve, pequeno, encaixa bem na orelha, pareia com facilidade, possui um bom som, ótimo alcance (aproximadamente 10 metros). Ainda não posso falar sobre a duração da bateria e a resistência a água.",2017-02-22 00:00:00,2017-02-23 14:52:00
c92bc08c3d7ad52714bd1155c62d2ddb,a68667474430fadbcfc1bfbb9e2adc0b,1,,Passou do prazo e eu não recebi o produto.,2017-03-10 00:00:00,2017-03-10 17:11:54
80d08026b1b037706fc74ea92ea7b680,f06e135f2a783426a58b29014f2346b3,4,,,2017-03-03 00:00:00,2017-03-03 23:41:04
d6de9b9a11c919860b73e5b421d1ec46,d868cf92a5a1305fc7277c60062e81ac,4,,Recebi o produto na data programada. É fácil de montar e muito prático para pendurar roupas e sapatos. Só que aguenta uma quantidade pequena de roupas. ,2016-10-26 00:00:00,2016-10-28 21:42:42
b69a526339095ea5cf948cbb0cbdb7ff,584841703aaa81e11a1fb3bfac2056ea,5,,"Foi entregue antes do prazo, ficamos muito satisfeitos pela qualidade do produto
obrigada",2017-02-17 00:00:00,2017-02-17 10:51:01
e9edee76ccdd9eb5f663600476a54eb4,4c379ba0590506b26a68dc00e29ba8ba,5,,,2017-02-09 00:00:00,2017-02-11 15:21:24
c446690d9f1c29bddfc3557669c19615,5dccad03ac8016afdcdb7cc0227ec9d7,5,,,2017-01-31 00:00:00,2017-01-31 22:20:58
7cd435ed70487dc408bd2ef6570a6680,84e17e421d31fb16afd5c58db7c40265,5,,,2017-02-21 00:00:00,2017-02-23 23:29:48
537af341b003976eae54d043d0fa121d,811eadaef225935d84d4d3fdcca7ee85,1,,Vou entrar em contato com a loja .Acho que a maquina veio com defeito.Pois ela não tem pressão alguma pode ate mesmo jogar água na pele que não faz diferença.,2017-01-17 00:00:00,2017-01-18 16:10:28
91662fa21e1a782e29687b274facafac,d5d777fdf41da773664443c2fd9acc23,5,,,2017-02-07 00:00:00,2017-02-10 11:50:58
cf179e2948d6c43b0258fe110368d8e5,1612081119e8f23745698ad3367cc14b,1,,"Nunca comprem pela targaryen, comprei uma pelúcia e nunca chegou, anunciaram e não tinha o produto em estoque, uma vergonha. Incompetentes!!",2016-11-19 00:00:00,2016-11-21 03:41:03
8abb8dd1b12844a0af1a09b7b270a00b,1c4cafd25254eee31c8c9b8c141fb10a,5,,,2016-10-28 00:00:00,2016-10-31 16:06:12
55b2d875b50539eeb6939579828e5d2e,0c1f5fca68708d9a22f8a9fe30b5c588,5,,,2017-02-01 00:00:00,2017-02-01 13:13:46
9181e8d50d690fe71a7190cfe96341ce,9f26d6e7d343f91817f608ab2cb56cdd,5,,,2017-03-03 00:00:00,2017-03-07 01:54:54
123ac38199a760bd830bac89986b5d0c,5b1376fe61863fe3508011db309e35fe,5,,,2016-10-18 00:00:00,2016-10-19 11:53:10
534eb825c1ac66ec8fe5e7a7e0cc6e01,7fd4b0e047195ca197c3660772a8d8c0,1,,A loja me avisou quase no final do prazo que o produt comprado não estava disponível e não seria entregue.,2016-11-20 00:00:00,2016-11-30 17:23:18
2ac3614a7d07ccf0012980ecf1b1365d,b1c29680cbde517fcf3393e77aac6ffe,5,,Ótimo 👍🏼 ,2017-02-25 00:00:00,2017-02-28 19:19:36
420b3885501d289357566ccb88418fb7,26fb6c984069988017b2d12b79849865,3,,"O tecido é grossinho, bom para usar por baixo , mas é muito pequena. Comprei a GG para minha mãe, mas não serviu. O tamanho é como se fosse M.",2017-02-10 00:00:00,2017-02-12 09:38:10
b85476ba79cb6e9994f1d86a60d645f8,9725a1c59138f30c5dba936ca3a2de34,5,,,2017-02-09 00:00:00,2017-02-12 10:02:29
6ac9995954fe04381af93a85fb0d2db9,43d29c6fc78c31c80080d85e5260a9fb,5,,Dentro do prazo e produto super delicado. :),2017-01-17 00:00:00,2017-01-17 15:48:49
1b5ff500ef25043744753d7916419c64,d263c89354a73314488491185858af42,5,,"Produto muito, só um contra versia que o aparelho é muito pequeno mas de resto ele é muito bom",2016-10-20 00:00:00,2016-10-20 21:33:16
61e8c8014ccc7dc7450e602b8247293f,7f14c64f7f48c0243c290e47dd51cfeb,1,,,2017-02-22 00:00:00,2017-02-23 14:59:27
a6c62fe92a2fbe9405572c81ffc02cfc,ed79f88a78631eade029d1edbbe02881,4,,,2017-02-09 00:00:00,2017-02-10 12:18:34
7134e98a9474123ffbe4c7e5f01ba85d,73c8476a5145125bb535e946a6192bb1,5,,,2017-02-17 00:00:00,2017-02-20 02:29:17
061418b58ab495c8cc9e7f4fa1b46110,5a7ae4ca802c14fdff19558a4fee8727,5,,Tive dificuldades de manusear o produto mas fui bem orientada pela assistência técnica da HP.,2016-12-10 00:00:00,2016-12-10 10:07:58
53a6e60a59b77d967a5c1507ae59e32f,0a59027d2270c523a10d1c29e6c53a71,4,,,2017-02-22 00:00:00,2017-02-23 12:12:59
5fe461780a0caacfd287e633b5c5d017,8ce80fc6b88ff67ab9506b08ba95f300,5,,,2017-02-25 00:00:00,2017-02-26 22:27:46
69ac6a27fde9855ebeaaecac0f78058b,809a282bbd5dbcabb6f2f724fca862ec,1,,MEU PEDIDO NÃO FOI ENTREGUE E NÃO FOI DADA NENHUMA SATISTAÇÃO,2016-10-02 00:00:00,2016-10-26 12:31:00
71e4d1880e8a806adaf0c28a0700b378,87d1cfb06abb3632d70f55d8b2f2735d,5,,Muito bom comprar com vcs,2017-02-09 00:00:00,2017-02-09 19:07:44
e5d48386325f21f0360c77b19c77feb1,747996a66f5aa711deb8ae58f5ae46a0,5,,Recebi bem antes do prazo informado e o produto é de qualidade. Veio devidamente embalado e com nota fiscal.,2017-01-17 00:00:00,2017-01-17 12:54:52
61f132a30f1568d0bea3a72ac27dc456,314c025c229f30a1b32658c7555269b8,5,,,2017-02-17 00:00:00,2017-02-21 18:42:54
87159a093663b2a1bb847dbb84879c41,b19169c7cb8391fb8561e094d61c531a,5,,"Excelente produto.
Vendedor nota 1000",2016-10-29 00:00:00,2016-10-31 20:00:13
a1eab70154ecd3ebaa71be1d799a1dce,b5d124183f47ec6adf54b1cfc3e445f8,4,,,2017-02-01 00:00:00,2017-02-01 18:37:03
6628914b152029fba77654057071eeac,ad0d46c22c5a9dd2699f5142b1882f5f,3,,,2017-02-11 00:00:00,2017-02-13 18:25:11
2cac0f6c4ca90b9d3d27f03c64ef2a8f,338cd98c972c8d9b015759974ca7446c,5,,,2017-02-03 00:00:00,2017-02-04 07:17:26
bc869991a9188af673480c222cad8987,3005c05dbcb19ff903a28b5d654bb1cf,5,,"Entregue antes do prazo prometido, muito bom! Parabéns ",2017-02-03 00:00:00,2017-02-04 12:47:15
4c396561a6b04ef47e7825189e1ca75e,2d5ec2229b5850cfe5032ee2b0e073ec,3,,"gostei do prazo de entrega, do atendimento e do produto. nota 10",2017-03-07 00:00:00,2017-03-09 10:34:28
ec7002e46681849e046eaad9d8a402ff,444ba35537c4a2b24c3bf2e576ee98ac,5,,,2017-02-08 00:00:00,2017-02-14 21:10:19
85e45333f39f7676d0aa5caa21f8cf68,86df4a2f1f5cd47ee3f5bf1781240d1a,5,,,2016-10-27 00:00:00,2016-10-27 17:20:31
c40b886753f7498a20ada0b6e9a3985f,d9a08faa201940dd3302f06944b5c739,4,,"Produto veio ok, mas na descrição diz vir fonte e não vem. Só não funcionou o ps3, não sei se a fonte faz a diferença para isso, mas o resto, PC, Xbox, blu-ray funcionaram normalmente, então esta ok.",2017-02-01 00:00:00,2017-02-03 22:25:18
d10c67a24f4506d9aed50cb4cf9d7953,c4e980a1d822db426982878b3cfdda6e,1,,"Jamais imaginei ter que esperar mais de 60 dias por um produto, pagar por esse produto é o mesmo não chegar.",2016-12-14 00:00:00,2016-12-14 10:19:23
28fe0f58c54652a1ccb43a23a1bbb2ea,4fcecf52518a5e74c2431d5eb2dbc8bc,4,,,2017-02-17 00:00:00,2017-02-17 12:17:35
5f9bb3090978168675eb25ebf582c61d,0daff24b7abb3accd3e2638a0d5be0a0,5,,"adorei o produto ,entega foi td como combinado,eu recomendo esta loja",2017-01-21 00:00:00,2017-01-29 01:13:14
bdc3146d8701cd5e0c5f0aa3f8aaedbe,f237e8ddc05a21386ec9441d40f8e09e,4,,,2017-02-20 00:00:00,2017-02-23 21:09:00
9809cbb3bb380d33f4a19eecc13a78b7,a59fd1b51d1198a8845cfb665209ea4d,5,,,2017-02-12 00:00:00,2017-02-13 10:44:30
e9278ca2b4139c45f741e9679b5ed837,a8c3f65a43b2e956cbfca10db4300853,5,,,2016-10-21 00:00:00,2016-10-22 00:04:48
845e2bc6ae8e8a91c1c84cf2aaee9880,711b9be9c346d9ecdb9d38a5e1e7e39b,1,,O controle está com problemas e fiz a devolução do mesmo e estou sem reposta a duas semanas ,2016-11-26 00:00:00,2016-11-28 13:43:00
1767f5fd06f582f0f4b4f0fb9d8a07e9,9d34d5659dfa39b38d29bfcf0c85ead9,4,,"A única coisa que achei desnecessária é que comprei duas toucas e elas vieram em duas embalagens, com entregas em dias diferentes. ",2017-02-10 00:00:00,2017-02-10 20:53:26
6f0c0d3066f8d90538e2196905654162,2574da49ef376d653823449846a42733,3,,,2017-02-15 00:00:00,2017-02-15 23:46:16
28112c56c882286e0b235173e84c5370,dabf2b0e35b423f94618bf965fcb7514,5,,Compraria novamente pq cumprem com o prazo de entrega e os produtos vem super embalados ,2016-10-19 00:00:00,2016-10-19 20:43:13
48d1f2a1dbb0cac3e9f04e7b962c86e7,4fa07e91d7b4f8b191e3a6ab40f14f54,1,,Não recebi o produto ,2017-03-03 00:00:00,2017-03-03 10:33:08
90cc8018a1974a3ef7d4f49b164c3090,204afbf2adcafc867358369a658ea7aa,4,,,2017-02-26 00:00:00,2017-03-01 16:46:25
819ceace859086bdc9a396a3abd960f1,7b177fcb9ffb753496f019d4ca317479,5,," Muito bonito , acabamento excelente. Deu um toque de classe à minha cozinha.",2017-03-08 00:00:00,2017-03-10 03:36:57
f364867da8b0ef1838f0098dcc2fa6d8,faa1515e28c5d45a5bb6fa57bffcfb0b,5,,Tudo ok,2017-02-08 00:00:00,2017-02-15 17:56:35
141e625514063d7a6df6b1254f735c0c,59fa27082bb77c5dbd8a6568f3b34380,4,,"gostei do preço, e um produto com selo do Inmetro pra criança 1 á 4 anos. ",2016-11-02 00:00:00,2016-11-03 16:26:46
3ba0c5fdb91ea740f198afbea6c63d2c,18eb75d1fa1fc1168de2bb0c4aa6dfd6,5,,oproduto chegou rapido ebom e bonito e barato vou recomendar este produto aus meus amigo okei,2017-02-24 00:00:00,2017-02-25 17:11:27
1cbf43bf9e572672bf4ad084738bcb19,78a1a87882880114ee891ccdcbd1ccde,5,,"Produto entregue conforme comprado, dentro do prazo, até antes.
Recomendo, com certeza",2017-02-04 00:00:00,2017-02-05 10:17:23
3b99e92643c371e395c584373010e479,09f58c00f941827ab206de7796785e44,5,,Eu recomendo muito a targaryen,2017-01-17 00:00:00,2017-01-19 18:03:43
feb33d87aa1c0c23a04c40e28a802e41,4aa95ac048b026918957d83319f5eca6,5,,,2017-02-17 00:00:00,2017-02-18 11:43:02
d6c368b77a772223a89fce373e0c103c,5a4cc097e0e591ab3f150524b83d81af,5,,"Respeito com cliente.
Entrga no prazo!",2017-02-02 00:00:00,2017-02-02 14:35:12
653cf303c0efe9ec2a36f3e79362400a,ae86389756e9af7f5f5f64aa266a439a,5,,,2017-02-17 00:00:00,2017-02-18 14:18:05
94f34833d5c8f291cf0dfecd1ebff791,620b0acb9258b51defbc51804c5298d5,1,,"NÃO ENVIARAM O PRODUTO E NINGUÉM ME DEU JUSTIFICATIVA, NEM PREVISÃO E NO SITE DO stark ESTAVA CONSTANDO COMO ENVIADO. HOUVE FALHA DO stark NISSO",2016-12-09 00:00:00,2016-12-09 14:18:38
7f7e2add7cf5fb7f20774551101a5904,91735aed391322fa8924dbce615566b8,5,,,2017-02-14 00:00:00,2017-02-16 00:23:45
911489d0bc7092faa2e845b5300acde7,5cc475c7c03290048eb2e742cd64cb5e,1,,"Comprei um toner samsung, paguei em 04/10/2016 e até hoje não recebi.",2016-11-27 00:00:00,2016-11-29 21:57:20
1a1420bf150e4754a01749c7d10ac4e5,693264d23ad645c479b42deea5eceec0,5,,ÓTIMO VENDEDOR!!! RECOMENDO!!!,2017-02-19 00:00:00,2017-02-19 20:30:12
ba0843d482ab6f028c674e59ff507429,165bda414fc1fd79eb721e1938ff198a,4,,,2017-02-16 00:00:00,2017-02-19 09:12:43
3396ffee57f117be6cd96b8a74211aee,cc0a676b66d4a6615ad8125548b44d12,1,,Impossível usalo,2017-02-22 00:00:00,2017-02-23 10:39:54
e8aa2e2c779e43ddd4229c64614cd6e3,1c72f6c4fb7c7f004287761dd7fa32aa,5,,,2017-02-17 00:00:00,2017-02-19 14:43:11
4bab591ef7c7eb3a3a5bc866f214237f,fd4787fa8be4afcbd8ba795e775cab51,1,,o produto não foi entregue,2017-02-07 00:00:00,2017-02-10 11:47:48
9605093c39b470d71ae1ae25076b9cd5,d2e9aead95751dd6bd0ce80e7d506c53,5,,"Produto entregue antes do prazo estipulado, em perfeitas condições. Recomendo. Satisfeito. 
P.S. Preço bom, também.",2017-01-28 00:00:00,2017-01-28 23:04:01
3d085e2e91bfea3927ef38697bb1346e,bc7bc14f585b1879f63e89cb0e4cfa17,5,,excelente,2017-02-04 00:00:00,2017-02-07 10:50:17
cab3926ad81c54dfc15b89d3f25957d4,4381fa4ba1b423dcee980233d6b29d76,3,,Nunca tive nenhum problema quanto as entregas,2017-02-22 00:00:00,2017-02-23 08:24:50
d5dec92f40dc7932d6381696402028ad,4e44d7b0462e32a51de74a16eac6534e,4,,,2017-02-11 00:00:00,2017-02-11 23:58:38
0e78e53b34bbdb054bc13e8c1a4bfc77,dbbbc904081f8e928028432e2e3d7686,1,,"Comprei o produto e depois de 45 dias, a loja americana enviou e-mail dizendo: Devido a uma divergência no sistema de controle de estoque do parceiro , não será possível efetuar a entrega do produto",2016-12-16 00:00:00,2016-12-16 10:41:22
046c1eb7c2a7664ce099e3c300432377,fcfe1ea18aae8ae4a08253fd4060a763,1,,,2017-03-15 00:00:00,2017-03-15 06:59:27
e32e3c6c1279c424af1a40e7bffd24d3,b05922c45fc699ae9049a2c5add3e02a,5,,,2017-02-18 00:00:00,2017-02-21 05:08:20
18e22c8baae1fd251e1af911f1c1dcaa,01ba72e24cf883d74c5479c0a626c740,5,,,2017-01-26 00:00:00,2017-01-26 22:30:30
016f9e36942a6c358e497569647af6ba,eb7aac057d7c17adb860b770451ae250,2,,"Efetuei a compra de suas estantes, no entanto, apesar da rapidez na entrega, somente recebi uma delas. 
Requeiro pelo presente a entrega do segundo produto. ",2017-02-16 00:00:00,2017-02-18 20:05:51
1447bdd1202184fcbff044f7dd71984b,b08dfa6db006194a07108b6ff6330313,5,,,2017-01-31 00:00:00,2017-02-03 13:07:41
885270dce2f69f9dc41ed8919c86a6cd,b11356165e2d19ac9c425e2f38b770e3,3,,,2017-02-23 00:00:00,2017-03-01 13:55:37
094cf20123c693fc21585c34886ef2c5,4b7c1bc59d4ec725d8530c19ec09b06f,4,,,2017-02-08 00:00:00,2017-02-09 09:14:27
46907c9ba781125502596f09b62ff4dd,b95b454428554b28f33786b07e41edc4,4,,,2017-02-14 00:00:00,2017-02-15 04:09:24
2ca54d6456c9c285c0a4b463f038ce69,521a470b601d24e156ef0afeefdb7f92,4,,,2017-02-14 00:00:00,2017-02-14 11:50:11
40539aeb639ac485cafd6ae2c1fa8800,f85e82f7a3b6d26dc7d16b7c2c39b31a,5,,s,2017-02-09 00:00:00,2017-02-09 18:23:55
84bb383693f50a42171636e99ca8d4ce,6a94666b47f6006dda56e5edc10968a3,5,,,2017-02-07 00:00:00,2017-02-10 02:43:06
43a3e41fcd56004fd765e87f55828ee8,0650ef96422834cca0cc7799efbf6307,4,,,2017-02-16 00:00:00,2017-02-16 21:56:52
883551f603e4a434e733c274cdc625b6,6feae1bd5cdc1727594445028310015f,1,,Enviar um produto similar e que nem funciona.,2017-02-17 00:00:00,2017-02-19 11:40:02
318fda127789f06057ffce308d66124d,897702f9f3fe72f18863ffc09e7ddef3,5,,"produto bom dentro do esperado, entrega rápida, pena que algumas emissoras não libera o sinal digital via satélite, como globo,record, gazeta,",2017-01-31 00:00:00,2017-02-01 19:50:25
6a6d47eaea5802fde29dad23aca026b0,3c3ca08854ca922fe8e9cedfd6841c8a,1,,a empresa deixou disponível a venda como se tivesse em estoque depois de 25 dias me falaram que não tinha a camisa.,2016-12-02 00:00:00,2017-08-09 20:38:05
a5634967a206af7025bfb7de98b47b41,a0d8e0c491e4b25ae11e8bb875935c18,5,,,2017-02-03 00:00:00,2017-02-06 15:38:07
6f97d8b5afaf78f8658cfc0634840b40,cbbb524a0e1646aa6cf7a3c0bbe517ad,1,,"produto entregue diferente do que foi comprado,não recomendo o vendedor.",2016-10-21 00:00:00,2016-10-22 10:10:28
b0cdc20de74776a1d8acf903b558eee9,b51edc2e9375a9cc6fd96daf82dcfab8,5,,,2017-02-16 00:00:00,2017-02-17 09:13:15
c1801e0ef7f4d832c4fbb3b075d9abd1,82779777675c9ae6f1e10c9385572ca6,5,,,2017-02-09 00:00:00,2017-02-10 18:23:34
c38005de26d704440650eadcaaf34d60,272bcd7b520b3a4628acadb461400675,4,,,2017-02-22 00:00:00,2017-02-23 13:11:08
a19debc1c895ed0758420ce5657a9785,0b2942062fff77e603cf4837c421e9a5,5,,VOU SEMPRE COMPRAR NA baratheon,2017-02-15 00:00:00,2017-02-16 18:10:13
c557f1f8cc26c5d4acc80a7d850c1305,2e22dc2fce65e5b9d73a11d717f41724,4,,"Ótimo produto
",2017-02-10 00:00:00,2017-02-13 11:59:56
af73e2ba5098ca6c02e8079aa82bfa78,e660da13091dbe48784500c1c3e2fb75,2,,Pedi uma colcha 100% algodão e veio 100% poliester.,2017-02-14 00:00:00,2017-02-15 16:47:38
15f531911d87a86cc97ffd1f8f94a8e5,ab78c0e74f7486a3c47185c0f5cfbb89,4,,,2017-03-02 00:00:00,2017-03-04 18:03:26
8600c6c8b100296750e056f4d4f04f08,f77dc5ef53142abf2e1734622d81f664,5,,,2017-01-29 00:00:00,2017-01-29 23:23:17
878192013fb1e9c451c6874243c9b90e,9170aebe7b37a53bea1f29d91488b0fc,5,,Na descrição do site tinha mais especificações do produto do que na embalagem.,2017-02-25 00:00:00,2017-02-25 17:29:41
b399a4b417fc794a814ef957423bd67a,a68ce1686d536ca72bd2dadc4b8671e5,1,,Comprei o produto dia 06/10/2016 hj é 15/12/2016 SENDO QUE ERA 38 DIAS DE ENTREGA JÁ FAZEM MAIS DE 60 DIAS E NADA NÃO RECEBI O PRODUTO NÃO CONSIGO LIGAÇÃO PRAS AS lannister SÓ DA OCUPADO ,2016-12-07 00:00:00,2016-12-15 19:57:06
cef1ee03ded4d6272894a2eead6e1328,2e7a8482f6fb09756ca50c10d7bfc047,1,,1 mes de atraso na entrega !!! ultima compra q faço,2016-10-22 00:00:00,2016-11-15 16:00:34
4ebc298a393e45e9622da046dc3e43c7,0ec61157a488963fe217233f74c52760,4,,,2016-11-01 00:00:00,2016-11-07 15:02:44
f62a205db78c3eb12f2c94315e1a0dc6,f781dacd75aa73166785a35929546894,5,,otimo,2016-11-09 00:00:00,2016-11-10 15:57:56
f4d3b3c0a74b98548a9bba0132dbbc4c,aa799c67bfe59b0de24f6db1dc1b776e,5,,Vcs estao de parabens,2017-02-03 00:00:00,2017-02-04 15:13:12
3ded629a98eb82708fd4d3f4e4b5af32,44aa6cb9b49cd7412acad36a95e32212,5,,,2017-03-11 00:00:00,2017-03-12 13:07:04
1ab737c1cf6acf1f509a9444ff916afe,354ca44327bb555017ef42fd921ada11,5,,Vocês estão de parabéns!,2017-02-02 00:00:00,2017-02-02 22:26:03
f4dbea31b56b8755ecc688463804219c,96e5187ccb9753392e2dcd3beff8f85f,5,,,2017-02-18 00:00:00,2017-02-18 23:38:33
f6c6ecd674869546d6a64256b5d04331,164bcbb466afa4e7b9eec1760f0d7096,4,,,2017-01-31 00:00:00,2017-02-01 11:19:01
be0b598a7016d7044a85d674d27ed345,032bc75236a1cbaf410bb596a509e774,4,,,2017-02-01 00:00:00,2017-02-01 08:59:28
8d69964ee5a55afe3156d8f178a46dd2,dba1b6fd34a7fd5961e829fa902ca702,5,,,2017-02-03 00:00:00,2017-02-03 23:42:45
87a00bc97f8a46999165a16c419ba81f,6abb2dd22e301e03c68d0b4e55cf5560,5,,,2017-02-15 00:00:00,2017-02-16 12:36:43
297c5dc16498e6492bc40768083227cd,09c103240d66c0e0d945071a9518d6ee,5,,,2017-02-16 00:00:00,2017-02-17 11:31:06
5a5721c8993fa56ed7a1f13347b617c0,c13e334a4d2b0b11e6422e69d009de0c,5,,,2017-02-19 00:00:00,2017-02-20 09:39:10
dce9bc6a400b76c67e40a79adf969471,c95faff6a7398b926ba8b0f23c9b2ea9,2,,"Ainda não recebi o produto e por esse motivo não posso avaliar o serviço por completo. 
Estou aguardando o produto. ",2017-02-14 00:00:00,2017-02-15 18:33:15
344f357394de6a300fa5a865db21c668,042e247be09aeae88a74e35766aa03ca,3,,O produto não está entre os melhores pois o preço ainda vai mais comprei dois produtos iguais pelo msm é tive que pagar dois fretes sendo que chegaram juntos absurdo,2017-02-15 00:00:00,2017-03-11 01:25:56
6f9d98d08a8977df4055360a8d73828b,9a3e437ab219133c20a7033be9087edf,5,,Muito bom ,2017-01-18 00:00:00,2017-01-18 23:44:14
47df995e54f9d8e1071c59ef1ad439ed,a91e25d9e242b0545cddf83a2bb46954,1,,"Produto se quer saiu para ser entregue, tive que comprar em outro lugar.",2017-03-16 00:00:00,2017-03-16 12:06:52
ed163f379df9857bc6c3b5032be3745b,a6194f2c90f8905dcf4e5fe2b8c5358b,2,,produto muito diferente do divulgado. super frágil. ,2017-02-14 00:00:00,2017-05-25 01:35:13
380881b0b6def4a4ccae702c724c2a68,fae508e3ea9697ecb70c66eca76f4b63,5,,Chegou muito antes do prazo. O produto é bem compatível com o preço.,2017-02-16 00:00:00,2017-02-17 16:04:10
f44590c6bbab61882aa6e4221a42d377,4a571f5e71e16ce232386c80d485db65,4,,,2017-02-02 00:00:00,2017-02-03 11:27:08
87159a093663b2a1bb847dbb84879c41,c4f710df20f7d1500da1aef81a993f65,5,,"Excelente produto.
Vendedor nota 1000",2016-10-29 00:00:00,2016-10-31 20:00:13
921049da2de940d19c9948ea7eee6155,edb2a55c055efbb898171ec9fd840ab9,1,,"Usei o secador uma vez só , na segunda o fio da tomada pegou fogo.",2016-11-30 00:00:00,2016-12-06 11:18:25
8f6af2431a3fa8cbfcb39654ff072b21,44e57ef48e2045411c809567c0db5628,4,,,2017-02-18 00:00:00,2017-02-26 14:22:51
6808a89093907ba64d560347e1bf94cc,c4b41c36dd589e901f6879f25a74ec1d,5,,,2016-11-10 00:00:00,2016-11-12 23:49:36
37fc14572f1d1d5ee4ebe981827b3137,7e7d02281bcb8b908e7e347469114ba8,5,,Recomendo. Chegou rápido e amei o rádio! ,2017-02-07 00:00:00,2017-02-10 13:54:11
f23f447888d495a473a8e569ccd5b114,bf44408de1d05eef70fb026ba64a90ea,5,,,2017-01-13 00:00:00,2017-01-13 21:07:09
82f52b40b12ff177fcfdfd06d7b26a26,7a094f321857b6925fee399192bb5ebd,1,,,2017-02-11 00:00:00,2017-02-11 18:04:18
ca776597ae37c14b9c81b69aa6b4977d,e40815dcb739e03cb2c06547ef7c3092,5,,,2017-02-12 00:00:00,2017-02-12 10:32:00
f4e4b1fc48e60d47e672e304e5c878fe,9786c52ca3e1ed1ef3ba5c65941627f0,5,,,2017-02-10 00:00:00,2017-02-13 11:40:04
279c33cc0d753a19d591963e055c09e5,6d649c890e34db80ede180e9497aeb6a,3,,,2017-02-22 00:00:00,2017-02-22 10:25:44
b4f2d709b05fca861b166882414fab18,d6d06ebdeab0297fe7460931b29b4422,5,,Produto chegou certinho e antes do prazo.,2017-02-09 00:00:00,2017-02-11 22:10:38
d75249f42af1dec42b2aa9159b017723,9980a5ade25fc8add3023440935ef36d,5,,Produto maravilhoso. Entrega antes do prometido. Recomendo.,2017-02-14 00:00:00,2017-02-15 02:27:21
a917ba27181f6c34aafeefdaaa0e1bd8,0e556f5eafbf3eb399290101b183b10e,2,,Veio uma corrente repetida ,2016-10-25 00:00:00,2016-11-01 22:36:40
3bf681d0fbb024a3a720747277f8ad38,4493ce8729200aed0eca9d3ae8bcc57c,1,,Mais de 40 dias e o produto não foi entregue ainda.,2017-03-15 00:00:00,2017-03-20 13:38:48
d552e263c8870c4730cbc6fd8873986b,e81600d4371046078150ab84d31175d3,4,,Muito bom ,2017-03-02 00:00:00,2017-03-03 09:44:51
38f9f9743272c4b173ee593295ed2b01,d5ab426a149bfee66ff88db9c6a8836a,2,,,2017-03-16 00:00:00,2017-03-16 11:44:45
eb922ebe9fc4f89799921c50a438bdc0,c004caad90ab5b86dcc0e253eee4491b,5,,Gostei muito do serviço prestado... recomendo ,2017-02-14 00:00:00,2017-02-15 11:54:58
3a7341696fc5c9ba5aa62136bf3368e8,8a027244dea2edca1449d9150e74eb45,1,,,2017-03-09 00:00:00,2017-03-11 10:19:03
f460cb3a243456a2512832b4eb41b624,ea5f30a182b04fd1296273605983b9a4,1,,Comprei duas faixas e somente enviaram uma.,2017-02-03 00:00:00,2017-02-06 19:24:07
7f406cb5f0cc1490292e9983a73fc94d,ee7f4e0a5223e51719a98941129bbc24,5,,Muito bom.,2017-02-15 00:00:00,2017-02-17 10:11:09
153ef790db4a65fb8acb9f66e7f32299,6b3ee7697a02619a0ace2b3f0aa46bde,1,,"comprei paguei o frete, e tive que buscar no correio, como posso esta satisfeito, e pior abri uma reclamação e estou até hoje esperando uma resposta do MarketPlace.",2016-11-26 00:00:00,2016-11-26 11:27:33
87ebe5b0be5cfeda54e9e1964733da1d,bf9d705db9fe15b5bd6a0a35c3e3365f,5,,,2017-01-22 00:00:00,2017-01-23 13:40:01
47f27f4eb37f314733e7afb331692b95,f313be47c42e07616027ad6d6ac3034c,4,,Obrigada,2017-01-27 00:00:00,2017-01-28 02:05:05
3f7b2236d855588e5a74bd3784798639,0c3a7b14aa5e70ef5991122f6bb552de,5,,"Rádio aparentemente bom, bem compacto, ainda não testei mas parece ser bom. Vem com carregador e acessórios.",2017-02-10 00:00:00,2017-02-10 10:40:30
f858ee18beb8660a491d9a9e23442448,d006112ce36cbbb57fec00ebce1de147,1,,,2017-03-08 00:00:00,2017-03-09 10:45:08
8a9b6051c18979a6a150af4069cd7935,2f371d97b4ea52be4c04ef49bb4f31ff,5,,,2017-01-31 00:00:00,2017-02-03 13:14:03
e57d3c1c75e45e647d736b2231df32cd,bda31774eda0320ee68c33da94027e4d,2,,"Entregaram somente a furadeira, está faltando a maleta como estava descrito na hora de compra. Fiquei muito chateado e fiz uma reclamação.",2017-02-07 00:00:00,2017-02-07 14:33:26
0ed1c37e14b02ac87a7b69d88eaeeeb8,b626a11507dbce56f74a5b1b1a6af615,5,,,2017-01-28 00:00:00,2017-01-31 01:55:20
39b2b0ffd71eadda357559ce2b6b1f1f,1bf6db71e147c950fe9925e0be89ec4b,5,,,2017-02-09 00:00:00,2017-02-10 13:55:00
e457fa5ac7d52f7fa5300ff0b9e94890,c3c35f2d43a0d5fd996de1f3b77ffa0d,5,,"Produto chegou conforme combinado, tudo certo, recomendo",2017-02-22 00:00:00,2017-02-24 13:58:11
8e86ab7cbf5267022f7a79c7d8f829fe,cd068e0974cffc5007e3b5dcb416da26,5,,,2017-01-31 00:00:00,2017-02-01 00:27:10
bb4c3b8d838951366cb5c9ecca2e80ca,ec72b3cb886591a30fe474f7474720c8,3,,,2017-02-18 00:00:00,2017-02-21 12:32:49
c54943a9716449b11df69b39fadee968,983ca2708d1c50ac99ed54a30ae38d0f,4,,,2017-02-14 00:00:00,2017-02-14 23:01:35
a7c399522c1a67529ce44c70fc3c3804,eb17935134e6fdd210b40a3d4f8235b2,5,,,2017-02-05 00:00:00,2017-02-05 22:45:37
444d04d7ca0131b3b40619f81d0facd5,d207cc272675637bfed0062edffd0818,1,,"Boa tarde o produto veio correto, porem a entrega é pessima precisei buscar em outra cidade.
Acho absurdo se comprei pele internet e paguei o frete nao entendi porque nao entregar em minha residencia",2016-11-01 00:00:00,2016-11-02 16:52:00
46bb6a7a341a3130f746c49df9885399,f349e78f52cb2d25cffd4cc44f168413,5,,,2017-02-12 00:00:00,2017-02-14 14:53:20
126a70ba8052762fd33387f966bd406f,792295382332f1170f1edc45dfade051,4,,Recebi o produto do prazo. Mas não testei ainda.,2017-02-15 00:00:00,2017-02-15 22:41:48
860417673b5b42c224c2176abc9256d9,db7576b1fe440f4c0a808855aacf0948,5,,"Entrega rapida, produto com qualidade e otimo preço.",2017-01-17 00:00:00,2017-01-18 12:05:16
bd5f000abf7dde72565cbd8a1e95fded,02605c218285d02df75a255f13396f1e,5,,Cumpre o prometido produto d qualidade,2017-02-15 00:00:00,2017-02-16 00:33:33
636c80cb7af3d49a62b1ad2bc02ba302,e1a9b6caca1fad8c2b2ac22a649605b3,4,,Produto cumpre o prometido. Mas poderia ser mais potente.,2017-02-11 00:00:00,2017-02-12 22:54:20
fcf9c55e9a00dae53ff0aaa764f888ad,fb239dec6971179d84f8ad7b5f5308d8,4,,"Material super resistente acolchoada por fora. Com divisórias, pra mim tamanho ideal. O que eu buscava. O, produto chegou antes da data prevista pelo lannister. Parabéns pelo serviço. Amei ",2017-02-17 00:00:00,2017-02-21 01:08:34
6c2cb2424637c7ed6cb8cfd30b5dc593,e9df4254faf2fe70bfbff4c0abe4fb7c,4,,,2017-02-08 00:00:00,2017-02-09 14:15:20
98df8bc1d11b1c7e6342361bfa9e815a,5dc269b7c4dce1624653e914a1b739f5,3,,Tive que retirar o produto no correio e mesmo assim paguei o frete.,2017-01-28 00:00:00,2017-01-28 23:04:07
9739de15bcfa2914d68d55703ff1e97e,6e68d4f670783e41ced4e82d14debce9,5,,Chegou antes do prazo,2017-02-12 00:00:00,2017-02-12 14:25:16
f0762e9b375f11f4e357c91b817c9ee4,d51543bdc3d7f733b7637ebf031f6565,1,,,2017-02-17 00:00:00,2017-02-19 18:17:09
2476b223f83ab20f6eb2de4cb33bbe47,cc585bf1df31232b1654bde95ef0730e,5,,Entrega Ntes do prazo recomemdo!!,2017-02-09 00:00:00,2017-02-10 13:33:00
c69c853aad70fc53111ad34042f34cd7,b5b103fe531168050d785d5b8de74174,4,,,2017-02-22 00:00:00,2017-02-23 20:07:02
fc99ee7ba987afb31151c127989ed8af,ab8e5f9b860cd703f5f647200c2c7b58,4,,"O produto é bom, atendeu às minhas expectativas, contudo o prazo de entrega deixa a desejar. Foram cerca de 25 dias após a compra. Dentro do prazo de 38 dias, achei demais a espera.",2016-11-01 00:00:00,2016-11-05 21:22:43
071eae9e0e3e25c48c8f9a3e666711c7,8025c3b296960e0bc0070fa50b546dbe,5,,ótimo.,2017-02-19 00:00:00,2017-02-21 11:26:43
13481e6069e7b8d09f46763ee9b3ecb3,d01c0baa4630bdd8a5d0266931837209,1,,Fiz a compra de 2produtos sendo um o sanitário ecopatio entregue no dia 04/02/17 podem o segundo produto que é o bebedouro não foi entregue como ficará está falta aguardo retorno !!,2017-02-05 00:00:00,2017-02-05 23:39:55
936a3ad0e79c6191eafebf056d864bfd,eccfa497ce3b3c48e8ccb2a629ea5fe8,5,,PRECISO RECEBER O PRODUTO OU ESTORNO NO CARTÃO,2017-03-22 00:00:00,2017-03-22 12:31:49
675ab02b3a6d79af0854e59fcc6d7883,6fb578cd2a36797ae65521816a678c1c,5,,Ótimo produto!,2017-02-22 00:00:00,2017-02-23 18:42:37
3dfd7987a8ae6f4106543b474587034c,cb2b577a4ebd84bf84ff3990084d490f,4,,,2016-11-01 00:00:00,2016-11-02 23:08:57
9139140a625ae1ac8a019f7e1ba9f631,3a1756d7060a993e85f1614b43da0c03,5,,,2017-02-03 00:00:00,2017-02-06 21:34:09
d80e6132380b0b06c79fd7daa327012f,e6db6e9529fecbe14cd05dd349816656,4,,A entrega foi super rápida e o produto de ótima qualidade. ,2017-01-14 00:00:00,2017-01-17 13:18:41
d5a7808d68bddaad2b90b03c0bdf9164,1468556ad5a95f57ef848cf278d8c6dc,5,,,2017-02-17 00:00:00,2017-02-17 21:42:33
285b75d9148dc5a604d1c42541224f09,b017dafe7c59c8aaf92ab3fa1ca54d78,2,,O produto ainda não foi entregue e o prazo já está vencido desde o dia 06/03! Gostaria de uma atualização de vocês sobre está situação! Obrigado!,2017-03-04 00:00:00,2017-03-09 15:31:55
15436c56be531a408895da484c46f49d,8d25f73f2fe9c225dff2232fd1e7c89b,1,,,2017-02-16 00:00:00,2017-02-19 11:19:14
c99a4b57e816d8512107ba7e22595cc7,984b006a1482a4e7916421a663b1e800,4,,Chegou antes do prazo. O piso é muito prático e de fácil montagem.,2017-02-09 00:00:00,2017-02-13 21:44:59
5e42e512f2d8e0c372026b118ecf82a9,49b9d47f2bb04361f15cf1537390dd60,3,,"Eu não estou muito satisfeito com o meu produto pois pela pouca quantia de ilustrações eu pensei que era um produto diferente e quando o recebi não éra o quê eu esperava, coloquem mais ilustrações.",2017-02-25 00:00:00,2017-02-26 00:28:33
ef5a41c50217f8e2b9296db3ba78f11e,8220769da5e88eb4288d26cc8f694b41,1,,Recebi o porta controles com o mdf danificado,2017-02-15 00:00:00,2017-02-16 11:41:24
6824079f792ddaa9399c4fcb34c6c69a,119d2d80c921d5b4806a1b19b4e8c531,4,,,2016-10-20 00:00:00,2016-10-20 23:57:05
fea8ff7505c24afd8e0ed7d0cd7d18ec,1d5182e38de4f122947727324f2870be,1,,,2017-02-23 00:00:00,2017-02-26 03:21:20
158de16a40fe460fe9a94cbd5aaef415,e6a9a4963c309a68db1f1a515e700764,5,,chegou muito antes do prazo. em menos de uma semana,2017-02-08 00:00:00,2017-02-09 11:35:03
770d484fd1d09282c87f3a0d79711601,a3d1ef2562cf71542edfed06c1a7b6c8,5,,,2017-02-14 00:00:00,2017-02-28 11:51:16
9a93e9066cdac702a0b120d0fc7bc518,925076985315dd0cc772d4156564d009,5,,Sempre compro nas lannister,2017-02-21 00:00:00,2017-02-24 22:39:52
0046add16861e2e1de91245db7cdd508,5d8e9c0a711b826b72298f9abeb269cd,3,,,2017-02-14 00:00:00,2017-02-15 03:13:03
43a8434857dbf1118c88adfd7773f67b,6e4a67f3a94e46e6cc5af48093d14127,5,,,2017-01-27 00:00:00,2017-02-01 18:20:11
a8353da830468c234d99152e0b714fed,c1d4211b3dae76144deccd6c74144a88,4,,Bom custo x benefício pra proteger o crânio da criançada,2017-02-01 00:00:00,2017-02-03 11:18:15
c60a1435d9076b0d60eeba3bf8452988,43f8e020752c67130ddf027e0297291a,4,,,2017-02-24 00:00:00,2017-02-26 11:58:53
b42fa33f0e0e6a6a6cc04a373005229d,07d13d352c85dfbfa60dc56dea818335,1,,,2017-02-02 00:00:00,2017-02-04 21:24:30
4f8ea0349cd1f442793770aa236d85a4,a1031a3fcd990edb954ba03274a2c39d,4,,,2017-02-14 00:00:00,2017-02-15 10:11:39
3cbb8b594197dfc89e52ad1ca06e2c23,e7bbb39c507d08caa0aee263d3d6ca55,5,,,2017-01-27 00:00:00,2017-01-27 22:50:25
ee6779df0912966e7abd04a5d851daca,2a3d67c0d2045bf67abb3d8f320ac29f,5,,,2017-01-31 00:00:00,2017-02-01 11:13:57
d460691138e2da8d2130b53e9e357861,a019866aa872221f740c30ecd607c231,5,,,2017-02-15 00:00:00,2017-02-16 01:19:06
5ae6f9a07119483fae41d2aa1d29e79b,6681acf07c66eff9fee173f15b893de3,5,,,2017-02-19 00:00:00,2017-02-20 13:15:54
d0e5d23a50f8f2c0e071644f1b04dc6f,0e660617f70b9a3f6bfd3919b49450ab,5,,Amo esse site! Maravilhoso!,2017-01-27 00:00:00,2017-01-31 18:04:10
a47fb1655a2f142746f19d2535b5f565,062f0992a050330334749ffa530fa796,5,,,2017-02-12 00:00:00,2017-02-13 14:04:07
3cb4a3b03d270fe3b412cab6313552cb,5b6bb420d4d6d53ae28c948c9a6b900a,5,,"tudo ok, super dentro do prazo, em perfeito estado.",2017-02-11 00:00:00,2017-02-14 18:18:37
1e6b3cd230a5a1bf664264e5271d8a40,f88aa9b677553d2e3f0e77b495066619,4,,,2017-02-09 00:00:00,2017-02-09 22:29:15
b9119ddf63091940a34d32a9ac5bfd3e,d44df0d4c71052d8b2a3bd5c50bd42b5,4,,,2017-02-09 00:00:00,2017-02-10 03:40:30
ffcf259643ebd47312c8a774e3392aec,c3d9e402b6a0fbe2a5f7fc5b41117c38,5,,,2016-11-08 00:00:00,2016-11-09 14:05:17
2566a56dc510f952fef8bf75f1728617,ea8dfcfa112dd9df068022a643e58a22,4,,obrigado,2017-02-19 00:00:00,2017-02-20 23:17:28
df8f028f952fe8593a154d5cf5cdb9c0,571b3d06ddb5bba38fac92f4da0778e7,5,,"Produtos de qualidade,ótimos prazos de entrega!",2017-02-09 00:00:00,2017-02-10 21:29:19
61fcfc9aad23649e8a5b653d539a2d19,45ec58d30f2023e4dac16d956a657ddd,1,,deveria informar o tamanho e também apaga quando coloca ela no bafo portanto não recomendo o vendedor,2016-10-27 00:00:00,2016-11-03 12:02:36
1a40698670914fde862c434b08969930,9570b858d92d0c29cd331a7326b84ac6,4,,,2017-02-16 00:00:00,2017-02-17 13:25:24
f6ace549c60a1ecd332148a3d4ec5bcd,bf4931e6025b2bdd77ffa4264659c9e6,5,,,2017-02-07 00:00:00,2017-02-10 14:06:44
a450b65b40eef4bd63aed18e935770b6,7e2dddf174cc4d2768bf39c43ab2bd7a,1,,Meu produto veio com defeitoem uma das peças . Não tem como montar e não estou conseguindo a devolução.,2016-11-11 00:00:00,2016-11-12 09:59:18
55a52ad965b425809cbcb87fe4f5d2f1,102b790156f60813474ed025355a59d5,5,,Excelente produto.,2017-02-09 00:00:00,2017-02-09 18:18:29
1d9be76dbc5d9d2fe9aa084b28c66d2a,3498a243e9fe88c9c4ce97bf7fa4617c,4,,NÃO VEIO A NOTA FISCAL,2017-02-02 00:00:00,2017-02-03 13:46:21
450a8f6aa5906fc2909630428ce028c6,18ef2a64141eab548a2c46df2545b1ee,5,,Ótimo produto ,2017-02-21 00:00:00,2017-02-26 00:14:44
b96313b4421dfbaccca82f12b5e184a7,1056d9c713cf16970b44a1994cbdebb3,4,,,2017-02-18 00:00:00,2017-02-20 12:10:45
4f0f66126c962e92d1e99fe5d84a772a,fd4b04818375a4ba579a80c8d37f1b24,5,,,2016-10-19 00:00:00,2016-10-19 23:30:43
bbcb79c4f684edfe7fb963583d9e3ca7,c5b1a5d21958f98a0c66114d622bc0ed,5,,,2017-02-03 00:00:00,2017-02-05 01:08:10
fbce772a8108ac292d95c0713b82c96f,1d47900c5d7d5277e6961367603f8925,5,,,2017-02-12 00:00:00,2017-02-15 16:32:58
88251ad01031d23cbad88095908f52af,dc70f94b8e8d37fbd4fbc0e31a008175,5,,Produto conforme anunciado. Entrega super rápida! ,2017-02-19 00:00:00,2017-02-20 22:38:40
dbce73ea1457f88026faba51fee9142a,ef7e4d318e5714c1e8e07e97c981ce36,5,,"Não tenho do que reclamar, só gostaria que ligassem antes para avisar que estaria vindo entregar o produto, pois chegou bem na hora que eu estava saindo de casa. ",2017-02-15 00:00:00,2017-02-18 02:21:16
1dac724ee88e3c267ab6b1d27beaa980,804f733828d8587c734a1d8fc5634e06,3,,,2017-02-22 00:00:00,2017-02-25 01:06:25
002fbdbf4b1671be0127c601abb17f11,f53b39c6c91ce86717c15d8e4e5da0c2,5,,O produto chegou com bastante antescedencia e fiquei muito feliz por isso. Obrigada,2017-01-13 00:00:00,2017-01-14 11:20:25
36a611aa3d66a3bce49941a88c5bcce7,b5eeec1b045b05d3e3010ef57120a8dc,5,,,2017-02-04 00:00:00,2017-02-04 18:59:50
ca9853979ac3a2d2aee5dd9f8e570927,ec63c198f700051fb0a74c40a757af0e,1,,Outro produto foi entregue no lugar,2017-02-02 00:00:00,2017-02-02 14:24:56
b9b5db21b26621e1a3930b865d994ea9,78eff39e81cd88a03dc278396f3cee15,5,,,2017-02-16 00:00:00,2017-02-17 00:03:32
ea13d2e11e844f685e926c0cf9630df0,2140d49aa405c7c344212e78351fef98,5,,,2017-02-21 00:00:00,2017-02-24 04:56:29
abeeab7db29524ad6fff9b3c1a0c88d0,855a174fc0471c4ddf1a01a131c9cf6d,5,,Otimo,2017-02-15 00:00:00,2017-02-16 00:21:02
135eeba022a7e48d93255f3eb87477fb,a4fa33c4486ff17afcc146d9a2b0aec6,5,,,2017-02-16 00:00:00,2017-02-17 11:43:16
fe431acef2f3b418c8ca197bc862104c,19feb5627c41ea1b36a8e50a469b3644,5,,,2016-10-22 00:00:00,2016-10-25 12:53:32
76a05a18309209104d2ce7e4ef05e362,b78d95a93c70ace32ceafee76789a2f1,1,,"O produto veio repleto de avarias e as peças não se encaixam devidamente, o que foi constatado por montador profissional. A qualidade também não é a indicada. Lastimável!",2017-03-04 00:00:00,2017-03-04 19:21:56
47810286e081f2855bfb0cc41447e4ad,4eca6c2d172953276c75dd0e1bedce25,5,,"Foi entregue antes do previsto, gerando ainda mais a minha satisfação.
Não tive problema ou dano algum com a entrega.

Recomendo! ",2016-10-20 00:00:00,2016-10-21 12:02:00
6e97423635790db1bf4d3f2311d0ec59,d3aa5667ad65af7fa58a5481d0aff07a,1,,Não recebi meu produto ainda,2017-03-10 00:00:00,2017-03-17 20:44:16
9596591a5463e26d4c334f10c644914b,72af4684a55d706d5e011f13870c0648,5,,,2017-02-12 00:00:00,2017-02-14 18:18:43
ccec5c1272dfdbc7d9cf55e3a0961d17,3e01e667dc4b025af8c5eb4f606cc7a1,1,,"Estou aguardando o envio do ""Manual"" do produto comprado.",2017-02-13 00:00:00,2017-02-14 20:18:50
b05a52a4185173fc1b05d93448943c6e,d8a40a1358d3b2dca231abdaa566b054,3,,,2017-03-18 00:00:00,2017-03-18 09:31:59
f82219b1428ecf05a8fe7e8b21b2a6b4,35aa6b03b34d8d0a5c1eaae2bb5fcf76,4,,somente demorou muito,2017-02-21 00:00:00,2017-02-24 16:03:27
1bddc8a76a185e9a912afe207cd0ceb7,a01cc79e3afbac4a52ce1d528080e438,5,,,2017-01-19 00:00:00,2017-01-20 09:28:37
4e76adc4a5ef5f2cd6e0e5cc50113b28,1f5d62970c5b3cfedc1b2a8d15ffe40d,2,,"Recomendaria o produto porém o tempo de entrega demorou demais, mesmo estando dentro do prazo. ",2017-02-14 00:00:00,2017-02-15 11:06:28
e8162c435cc934213c57c53816811940,7d0eb8de17d494f4151e4470cd1b0605,4,,,2016-10-18 00:00:00,2016-12-07 02:59:50
b4a7d741933b2deeb2a04a3893589b7f,520ec98515a0d6965012dfffa92f9e27,5,,,2017-02-16 00:00:00,2017-02-21 20:27:53
427303d77f3ea34eba6eb4addf31472f,4374c08bd3d2b8f7639e0704d80c0407,4,,,2017-02-15 00:00:00,2017-02-19 01:35:18
34bf3d03f9cbfadb1027ad3fa986931e,b3aa45b7ba0f950a1b163a9f85f613de,4,,,2016-10-20 00:00:00,2016-10-31 15:24:04
135e5d955a1420b964a8b9a5e6ddd881,063b573b88fc80e516aba87df524f809,1,,Não chego meu pedido,2016-12-03 00:00:00,2016-12-04 03:06:12
62b939ba12876c032a3be7a2fa32cb97,90207c312f193fbd229671833bf08d47,1,,"Não recebi o produto, enviei vários e-mails questionando e não fui respondido. Tenho tudo documentado e vou entrar com um processo contra o stark no PROCON e na Justiça Comum. ",2017-04-09 00:00:00,2017-04-10 19:16:39
64e6a562d6c1d9f685e01ad3644bcfea,e9be4a779b9911ae4f412b78093d2921,5,,,2017-02-25 00:00:00,2017-03-01 14:27:00
55b1db344b4ee827bf03ebce622d8bc6,6a4c99d30fea593a981e1ab8e2605313,5,,ótimo vendedor recomendo a todos,2017-02-11 00:00:00,2017-02-14 22:34:13
7fe0c5be84083b9bb204f335d625bfa4,21357c1f6313b781c9807522f57746cd,5,,,2017-02-08 00:00:00,2017-02-12 19:00:41
1a3ff5bbae12fb51f7107a0a9cafd649,2b9781917af4a7321519dd1db68cb72b,4,,,2017-02-09 00:00:00,2017-02-12 11:28:36
79aa3fea34b76a0ddcc5927c23a1fa90,a32e794aa3f7df03d1a3848213b24346,5,,Gostei .,2017-02-25 00:00:00,2017-02-25 19:21:31
de6dbbb72bca806a79c8d31ca5e1b8d0,01cb6d702e5233235f4125309d184bf4,3,,"Eles demoraram muito para entregar meu produto, o prazo era até dia 13/03/17, mas até hoje nunca recebi. Creio que essa loja deve melhorar sua pontualidade, porque estava precisando muito do produto.",2017-03-15 00:00:00,2017-03-15 20:52:02
cd72c5b396769d6793241f7c631b95c4,67a02a73466642c42627bf50de7bea92,5,,"dentro do prazo, otimo custo benefecio
",2017-02-10 00:00:00,2017-02-13 02:21:20
c741742b55621f96a1f03e6aad7c46b8,2e84d66424ec0ddb081078d1411fb1db,3,,Realmente é uma cortina blackout. Desde a data do pagamento ate o recebimento deu menos de 5 dias uteis. ,2017-01-29 00:00:00,2017-01-30 15:39:02
cf16a47944e0e64c699604c76cd75a1c,2a9d70160f5851dffc39e01a5486fb62,5,,,2017-02-15 00:00:00,2017-02-16 13:38:03
22b25d1dc589a91876a6052e73043462,46046adea0e222a29259bad3d922fee8,5,,ok,2016-10-27 00:00:00,2016-10-28 18:01:55
37206734968d19363addecb878b50f46,9fb6e7ca3a34e0500eb810d98b00b81d,3,,O botão liga o aparelho porém não desliga. Tem que tirar da tomada para desligar. Ou seja veio com defeito.,2017-02-07 00:00:00,2017-02-10 10:19:25
ac864f9837c1b5ef81056b927454fd94,97df4160390cf20ee63b032b5a93d0e2,5,,,2017-02-02 00:00:00,2017-02-05 03:15:56
92ed9bea12e43363333b56c9e331a9ae,05c7d88e9c05e1fa1428f1ff2dcc29da,5,,,2016-11-04 00:00:00,2016-11-04 13:27:16
71ef07e5f0edbfcbe1be6b43e6f6e712,ae8a60e4b03c5a4ba9ca0672c164b181,5,,"muito bom chegou antes do prazo, super recomento.",2016-11-04 00:00:00,2017-01-30 17:17:50
cb786081145ded2ec104714e38385361,330f4c4ce3d46e9f892b06e6f0bc9aad,4,,"Com exceção do preço do produto e do frete, foi satisfatório o atendimento.",2017-02-10 00:00:00,2017-02-11 11:40:53
728ac0d4cff971d3128c19608c4e030c,519b875e24ac4f5060eda1fa6cd6b3bd,5,,"Entrega rápida,meu filho gostou do produto.",2017-02-12 00:00:00,2017-02-12 20:26:15
75b77c0c9a1ea37e95a8b70092675d6a,0fd3cee523a106ac501c4cf18f56a4de,4,,entregue antes do prazo.. e produto de qualidade,2017-01-31 00:00:00,2017-02-01 10:53:53
0d5886256e41c682dcf138af317ff3a0,7ab9c55c59eaeea579d047e2d8aaed81,5,,,2017-02-02 00:00:00,2017-02-02 22:31:06
167e1d0cfc502b72e4c38d5ea71fc390,0ed46f17da8a1c3bd0ed5fdfc50decc4,5,,"ótimo produto da forma que esperávamos, boa qualidade, vendedor rápido muito bom",2017-01-24 00:00:00,2017-01-28 01:04:08
969478bfa3f047a76e4c50adf26d6705,99a4238f13a11d486a5eabe5c8b1a1ab,5,,excelente. ,2017-02-02 00:00:00,2017-02-05 08:32:56
04ce027edb933bd29faeabee6bd19d8e,ffb5af8b918083c3291c62b20fa89319,5,,,2017-03-11 00:00:00,2017-03-15 00:50:55
560630b759bebc99ef9b0a77d15a5067,b330d4bdde86ff11a726ee57dd2a7d75,4,,"Entrega rápida, bem embalado,produto muito bom,só achei que fosse um pouquinho maior, mas é lindo mesmo assim",2016-10-18 00:00:00,2016-10-19 00:49:06
b9709aa3b99c04d4607ab7d1104d12f9,3ab4eea6776259ae8dfbabaeffece352,4,,valor acessível.... ,2017-01-25 00:00:00,2017-01-26 23:35:44
3077d6f3d13e9d3324a1f1ab3ce3e0f3,616f1f539d7add607844e0199fed7ea6,4,,,2017-02-01 00:00:00,2017-02-02 16:37:46
57ca18bcc163df65294f77b57658537d,c383ab7c64e3ee1503e3574b22e37dab,4,,Site super confiável.,2017-02-21 00:00:00,2017-02-22 22:09:42
78f39bc6cf546fb1d950539af7de5fea,e48db3b231e0ad61656e81b4c9311dad,5,,,2017-02-15 00:00:00,2017-02-18 02:50:10
6d504d2e91acbe41dcb9b57ad7834c00,8d99000d8edc9aa445a270e29e85fb05,1,,"O fone não e a versão original da samsung, e a qualidade do mesmo é péssima. ",2017-02-16 00:00:00,2017-03-10 10:59:53
b0de128fe26a68c701cd922607f84f5d,1dddc8e72eede911b9b36ff702a8f198,4,,,2017-02-15 00:00:00,2017-02-16 16:41:40
278f626b7d6ed8ed416911518c3cca36,3a9731efdd545919f0c6c36c8633b7fd,3,,,2017-02-11 00:00:00,2017-02-12 01:51:35
83aed4d0e8e9080495da629a37dda41f,ab624383f19eac12ba7d277b58378c7c,5,,"excelente produto, entrega rápida!",2017-02-19 00:00:00,2017-04-04 11:34:26
135de523fd70686f482946315278bea6,67e2b3a30d665abe59b95f2d60676138,5,,,2017-02-11 00:00:00,2017-02-14 09:24:28
6b67d22b0d51e1b2d11a99fa4277d44e,aa830d74d3e7d4a392cb7eac51a9c719,4,,Entrega rápida antes do prazo previsto e produto correto e parece de boa qualidade. É o que procuramos hoje. Com essa falta de tempo para cuidar das coisas da casa. E pretendo comprar mais uma colchas,2017-01-26 00:00:00,2017-01-27 10:44:41
f3216bee234da94d702781636d0dafdc,f97ce00d14a023fd79a2db6216c031db,5,,,2017-02-23 00:00:00,2017-02-24 12:18:56
14ebbf02445a7002f16ac37eec124a6a,14b01335f19b97fce1437168032ae388,2,,"faltou a almofada cocozinho, na nota consta o produto, mas o produto NÃO foi entregue",2016-10-22 00:00:00,2016-10-22 09:25:13
b3473e55bf265676b56aefa9b43c3c7b,23a5902b0758898d64701a3c89af36f2,4,,,2017-02-18 00:00:00,2017-02-18 09:55:34
328ce2c55f8f66912e3aaabb2dcacb94,dcb296c70aeeb58ba29143cc4f336e9e,3,,"Embora o produto foi entregue dentro do prazo, demorou muito para ser entregue.",2017-02-20 00:00:00,2017-03-01 15:21:05
e51f7033d396aeea9374fd60ca39a2d0,ca7d7c95b0f170aae8a2ee59e2f24f66,1,,Meu produto está em atraso era pra ter sido entregue no dia 10/03,2017-03-12 00:00:00,2017-03-12 12:06:40
8e9479fd3d906092b67a55db321d1271,e1f19495005161ca887eeb4b7cf3332d,4,,,2017-03-25 00:00:00,2017-03-31 05:35:46
92989548070583acc4b0e1d944bb02b0,f0eaef1006347966bb8d9df149b7fb69,4,,Duvida acho que havia pedido uma bolsa preta e me enviaram duas bolsinhas coloridas o pedido veio certo?,2017-03-04 00:00:00,2017-03-07 19:07:58
47510322d02f12c518b7f2d5f059ba5f,25e4af6ebff2dfb6213c8cc7e36ecbed,5,,,2017-03-04 00:00:00,2017-03-05 13:02:29
210ba2f8a47a0a78f02bc6f73cb58f68,1be5aa7ace982878dd1d68b4ed258127,5,,Ok,2017-02-07 00:00:00,2017-02-10 08:58:40
7b4742c2fba1288e923be7ebabfd7866,469f0b908881368c45917f1bed8240ce,5,,,2017-02-10 00:00:00,2017-02-10 14:19:26
7f5a52fc6e43c4aee14d4cdadb85530d,e4b5eb77d6eca2730a7ed8e9abaf4db2,5,,"Chegou antes do prazo, produto de ótima qualidade, linda colcha, bordado muito lindo na região preta . Perfeita combinou demais com minha cama e meu quarto",2017-02-15 00:00:00,2017-02-16 19:03:36
2c4281ac7ceb7ab48ef383e4e1433cd3,2815a8d7291facb79cc8c78f144836b3,5,,Produto entregue antes do prazo e perfeito,2017-02-17 00:00:00,2017-02-19 19:30:43
9566238008197f539da881e32ba160dc,1f66f9bfd244a5383aeb00a84ad12a66,1,,"Não recebi nenhum respáudo da targaryen a cerca do produto, apenas a stark me informou sobre o mesmo. Não sei como será a questão do meu cartão e o estorno do valor. ",2016-12-10 00:00:00,2016-12-10 15:04:35
975bcb36b6aa12602cdb67350c4e2423,749c1e78ae991da38b61c92f926ab6e7,5,,Satisfeito.,2017-02-19 00:00:00,2017-02-20 16:41:01
fc5dd4e8b72d4693a5ad73cb6d8d0fee,e0e8bc6045cfe08b087197d81196e339,4,,,2017-02-24 00:00:00,2017-02-25 11:06:32
b3885eb6f3fcea1dfd0471db6a4921f9,8c7202d3273d8e64094815668d97a374,5,,,2017-02-21 00:00:00,2017-02-21 23:33:11
a731dfc41acd0a7f6eb3641f53784588,8bac7fabc9ec56a6a0a9b74619dd30b7,5,,,2017-03-02 00:00:00,2017-03-05 14:27:46
abce2a0c7c6d150744c209184436e0ab,ba410d3716d84da98d4c313d16b13bf4,3,,O produto não se parece sem um pouco com o da foto mas pra evitar aborrecimento resolvi ficar com esse mesmo ,2017-02-16 00:00:00,2017-02-19 10:16:54
8db5aa5418091793659079e9e2973355,68d26fb6265ab404953d918e97319c5c,3,,"PRODUTO FOI ENTREGUE MAS DEMOROU MUITO, SE PRECISAR DO PRODUTO, PEÇA MUITO ANTES... ",2017-03-02 00:00:00,2017-03-02 18:10:27
8e4fccb3d13c3b7ee257a816b496835d,84044525fdc38c357145cbe9681e387e,1,,Ainda estou esperando a entrega! ,2017-02-21 00:00:00,2017-02-22 16:30:02
2dd07d8603cde1fc5c17f25807727b19,033bac5f45a9d0cf7be5e47f03ed1e44,5,,,2017-02-17 00:00:00,2017-02-20 11:20:39
3c3402a9ef16fc69004eb19f4ee16415,399775d0638168dfd529422f995fcc41,5,,,2017-02-09 00:00:00,2017-02-12 11:53:29
e65e7ca9a4a1853e3905866e02e7e702,555761ab2426364f42e9e018047df4e0,5,,,2016-11-01 00:00:00,2016-11-02 14:05:00
480be3df50f75c291f67f1f9cff52fc1,70120a058bcfa89a603e2f27aa5881ab,5,,,2017-02-14 00:00:00,2017-02-17 08:37:36
f58640f66f973104d3dfb7afff467003,fa479c8466485b9cb8b97b916885cd56,5,,Tudo ok.,2017-02-25 00:00:00,2017-03-02 11:13:34
694180d9b211d4e401af63e007dde5f6,d39b2823c7beda9e56a1783db04df596,5,,,2017-02-15 00:00:00,2017-02-15 19:59:22
0d10871e728d2c7034d8396a6fc65ed3,f31853a4f30d4851c847e4494663e749,2,,,2016-10-25 00:00:00,2016-10-26 11:34:06
b37c18666340411d11f06023f128206f,4bee560781d45bb4b18efd58fef1901e,3,,"Os correios falaram que o pedido foi devolvido dia 2, mas no site, dia 3.
Dia 1 foi feriado, então o prazo de entrega não foi atendido",2017-02-20 00:00:00,2017-03-09 15:32:28
fedc26f006f9bf1ec8649c1deed6e504,89484162f10c48a5cbccb77221419395,5,,,2017-02-14 00:00:00,2017-02-19 20:55:12
46d0fea129684c5dc13a3c26e07a4ac9,e20d0dab2f9762731d15cfc3d85f82ea,5,,"Entrega realizada com sucesso e antes do prazo, super indico!!!",2017-02-21 00:00:00,2017-02-23 12:28:05
84eb5394d1da80f48f553b5b49cdb096,df6e0cd0f23b4735b02cb6d9279bb310,5,,,2017-01-26 00:00:00,2017-01-26 23:54:47
df3239ca9b508576557331d5863f6f5f,f97e435076c45487417ce991028f5445,5,,,2017-03-14 00:00:00,2017-03-15 13:09:09
ff8944a526d085af291bd55e86aabfb9,c8aea852a760205e92591d5053231e07,3,,,2017-02-10 00:00:00,2017-02-12 23:15:41
0ae08f5e71cb57be76c64f5b99df5d3e,350f47d61d589f6218bff053db95fe62,3,,Frete muito caro. ,2017-02-10 00:00:00,2017-02-11 02:29:36
f2216e721836279057e5819e6a489fc4,f400946403a78fdd034cf522d3f85512,5,,muito bom,2017-02-08 00:00:00,2017-02-14 23:22:33
754792e326268538aa7056bcf21af363,3a6cac3e6717e6a7ee4cb28aaa149a91,5,,Foi a primeira vez que comprei deste vendedor. Tudo correu conforme o combinado. Bem embalado.,2017-01-29 00:00:00,2017-01-29 18:50:22
7d64a00c10851c9f17db4c2aed478724,51f2bc977a4fb1086e3521f501645ddc,5,,,2017-02-23 00:00:00,2017-02-23 22:20:26
638b701242c109ae59fff3fd2772eb8b,775eb0ae1891c8dd8f12c2f8c6850006,4,,,2017-02-08 00:00:00,2017-02-09 03:16:46
f6b6c285955f5ec9f307c5205fcbeaca,fad93ddceb5b210f71589b1e9258a110,1,,,2017-03-03 00:00:00,2017-03-04 03:29:52
db27636ea82d449a9e0d1bea6b419465,a9a93c428c6103f2151bb63a1d32a520,1,,MINHA COMPRA NAO CHEGOU!!,2017-02-01 00:00:00,2017-02-01 11:12:46
9e139e4938b03f35f89a01ee31da91bc,4e8ccb7e52d788ba5787160a8bf84b60,5,,,2017-02-25 00:00:00,2017-03-04 12:34:08
8600c6c8b100296750e056f4d4f04f08,b6e5aa946acc4e29e7069510f28a0bce,5,,,2017-01-29 00:00:00,2017-01-29 23:23:17
c6b4a4cae9b07536c1c9cc6ec57b8371,7a36fa82d4bcff7d936c10be470b9c8e,5,,"Produto bom, prático e fácil manuseio . Recomendo a todos a comprarem. ",2016-10-20 00:00:00,2016-10-21 00:45:28
d3d274f2b8bcd8162f08b254d9505b3c,b4eb90d259a894fde9db24f991797b6b,4,,Recebi os produtos conforme o combinado.,2017-03-02 00:00:00,2017-03-05 13:18:04
bf53a0a9f185ac5a6d3987f653085dc1,0c8675dc2e52ab52977a76d810e45303,5,,,2017-02-02 00:00:00,2017-02-03 06:21:53
0fa10d41c6cf521b26329abcee0e776b,31b0dd6152d2e471443debf037ae171d,5,,,2016-10-20 00:00:00,2017-05-22 16:38:09
e4b7f762fdc2c71adf8f9681a5466fe0,0eaa4845a6182d6b72de720fb976abd4,4,,,2017-01-28 00:00:00,2017-02-01 02:17:40
5772931f010034c3a18f55e6cde76a28,2d9e3c3c7f0f3ba8a8fa3db2f1211ceb,5,,"A princípio fiquei preocupado com o longo prazo de entrega em dias úteis, porém ele chegou um pouco antes.",2016-11-08 00:00:00,2016-11-11 19:13:58
9bb7a019e607a73e27518fc5121c7999,cdf7a96f7174972cf5aea7f6225ff799,5,,"Chegou antes do previsto,parabens pelos responsáveis pela logística da entrega.",2017-02-15 00:00:00,2017-02-20 12:57:11
d565a7363d2e9836a02775db90e54f3d,5cd498954e2b37d71b315166809b4bd7,1,,"Estou aguardando o restante da entrega, comprei e paguei 3 perfumes blackcaviar feminino e recebi 1 perfume, preciso de um retorno da empresa para recuperar o prejuízo .",2016-10-27 00:00:00,2016-10-27 10:41:59
c4baf95d8031270b3cc288594f21fbe4,9dc6746a8f29fafaa637f2239a9f3d28,5,,,2017-02-02 00:00:00,2017-02-03 10:17:42
8b21f0d412e8891c1e374abfcdf13a8f,21de78ac0578363ecb087f82755e6593,5,,Exelente compra,2017-02-21 00:00:00,2017-02-22 00:43:18
b64125bfb0e07f0100faed0558b66ffc,1ef09d75953043a71a73428e15bc2f5c,3,,,2017-01-26 00:00:00,2017-02-04 11:00:19
0ef03d58e2f75c024fdcaf768418a366,9ee391a01004a9f330f16ebf9f7f0966,1,,"O produto e a ótima qualidade, porém veio na cor errada.",2017-02-08 00:00:00,2017-02-09 10:12:40
b289c8f6043506014b0a24e53438a2ec,d53f7d65577d2f334537bf228afb6116,5,,Eu paguei por dois pacotes o segundo está sendo enviado? ,2017-02-11 00:00:00,2017-02-13 09:40:04
22239ec6ed05153314ab13016418c19a,e88bd342db73022d67847798929c4519,5,,,2017-02-14 00:00:00,2017-02-14 14:31:16
f6d8ed35059a840e9e211585bb6ef4bb,8fce31c913563c7a93802d8c2cf758b2,5,,"Gostei muito do produto, entregue bem embalado, antes da data prevista!",2017-02-15 00:00:00,2017-02-16 13:32:24
bf5cebfa349e16a594a498352bad2b70,5ae7a6fa175ab7b180b6c0142e5466e9,1,,ja se passou o prazo de entrega e nao recebi o produto estou no aguardo e ja ate paguei uma parcela,2017-03-16 00:00:00,2017-03-17 01:26:55
28cd00f4956ea3486b933f2ce623ced0,08edff712f0cd04883215bdb5b0d7c7f,5,,Entregue antes do prazo...,2016-10-26 00:00:00,2016-10-26 21:17:24
734ab2e28ab19699bfbf8dfa200e0f81,cf3089965e7fe7e02e86563c98a01ff4,3,,,2017-02-14 00:00:00,2017-02-17 09:28:58
6ed2530dfa1e0debe749bffecd940d53,2a3f0a5fbf1d28387b5aea5308d6fd4e,5,,,2017-02-17 00:00:00,2017-02-18 15:27:36
8775f243d6ef066004334ad8e8e26896,fbbc9a4fa88f1ccd651790df665b3e57,4,,É um pouco difícil de mexer pois é inglês o papel de explicação e não é original também demora muito esquentar ,2016-10-29 00:00:00,2016-11-01 08:45:27
b81aebffa783e17260a58bec1c1ab74d,9d00e5dd1d0a6dc258a09e9c90854357,5,,"Recomendo seguramente a loja para todos. Produto chegou bem antes do prazo esperado, super bem embalado e com nota fiscal. Com certeza voltarei a comprar dessa loja. ",2017-01-17 00:00:00,2017-01-17 12:09:39
3da1047b6fc7c0fa63ae23b1777488fd,bec25025b8d0b7db00c510720053761e,3,,"Chegou junto com o pedido principal, mesmo sendo de outra loja, porém o celular chegou com lacre da embalagem violado.",2017-01-31 00:00:00,2017-02-01 12:44:14
769db2600a5e4ebcd21cd9a76210e6da,dceb6ab566e0d15ffaba53ef637afa3c,5,,"Só não tinha o produto que eu queria mas recebi meu dinheiro de volta.
",2017-02-23 00:00:00,2017-02-25 09:43:47
33a409ef2044ad96ef5db741b7419a4a,c45c354aed442407610326035c6c44d6,5,,,2017-02-14 00:00:00,2017-02-16 22:33:28
8039cea2f7b092b68c15bc6c148b83da,481f2db41ea6571226192db2b584fa6e,5,,"produto excelente cumpre o que promete cheirinho delicioso,amei,amei,amei!
",2017-02-14 00:00:00,2017-02-22 21:49:50
081bc3c0140900bafa1ec75ae27a2a24,d84b3fdfbb838b26178304662ff635e1,5,,Recebi em 5 dias e achei a cortina bem bonita. Recomendo. ,2017-02-11 00:00:00,2017-02-12 13:25:16
eb85bd52d6e9a29cc3021c64ae5110cd,8300640f8328abe9ac6691e4caf3c2bf,1,,O produto não foi entregue sendo que o prazo foi mais de 1 mês ,2017-03-16 00:00:00,2017-03-16 11:31:31
e7be63411bfdadd3072267c7c76a3553,ffd5efbd46bbf72ad374862a05ef4c72,5,,,2017-02-16 00:00:00,2017-02-22 22:11:22
f313267e6368957f98b5b01b7759f67f,091ac0791556275533697b36e2b00ff4,5,,Excelente compra e atendimento! Recomendo!,2017-02-07 00:00:00,2017-02-10 16:16:27
2c79b3ef0cd6fc7791d59dba5a7415a8,4ac0414dab9b48f0b168bb305b85df12,5,,,2017-02-24 00:00:00,2017-02-24 19:30:08
a38486de2bb39222c0c9f1bea5dff5ac,7c28cd51bc7b7b5b8e81ae0bb7f17340,5,,Satisfeito,2017-01-28 00:00:00,2017-01-30 11:05:11
c035952ab08e78be9cae6cdaf0a8256e,b063bf13bfec7c847d7a6bdb54554c00,4,,,2017-01-26 00:00:00,2017-01-27 18:26:43
8981201afadac095bf972f581c6c3883,a89e14734d926ba4f06da4c653abf873,5,,boa compra,2017-02-21 00:00:00,2017-02-22 16:42:16
16b71bb2ff8808b32e9cdec60db9cbfe,a7b6b0d33a2814dff897167e737b22c8,5,,Produto entregue antes do prazo previsto. Excelente site.,2017-02-21 00:00:00,2017-02-22 00:28:23
dbe87a582b91c048b7756ea925e44093,b46902d53ee0054d077220fefa87e7d5,5,,,2017-02-15 00:00:00,2017-02-17 23:50:15
9b5e1f71deb23a691a6fed9be65eb7b8,45bff70fb7b99a5a33bc8ccb3786e170,5,,,2016-10-25 00:00:00,2016-10-28 19:23:10
072099c80444e605f4cb4bbf9e258d5d,395630df55589c28c5dbf91e72f7ca90,4,,,2017-02-10 00:00:00,2017-02-12 22:34:36
4062b881e2dd16a2ea180333dcfbe5ca,8213bc96304fc0881189c4525f3002f7,5,,,2016-10-20 00:00:00,2016-10-21 15:58:28
ca9f56b7298eb6b17e4ba2150a88df4d,d809ddde66fee6223df16b11231491f9,1,,"PRODUTO NAO ENTREGUE, COMPREI DOIS E VEIO SOMENTE UM. ",2017-01-26 00:00:00,2017-01-26 22:21:28
fd6a7fcd3fb862a384c472e2470a46a3,60762802b48bb6d256d55b013d115013,5,,"excelente vendedor , recomendo ",2016-11-01 00:00:00,2016-11-04 11:19:28
fab6992d63612fdefd98f06b7de6f1fb,6199bf17a85a73b61d5e43a596b95b5b,4,,Comprei uma cadeira de escritório e está chegou no tempo previsto e é de muito boa qualidade,2017-02-09 00:00:00,2017-02-11 00:05:06
7fe91ad40f92cb35463e702e2c16e693,b4c24344dd0972f479220d8479be6d34,5,,,2017-02-10 00:00:00,2017-02-13 10:52:48
d4f2c5e3ac0c8bcab6b4ca869942c538,4deb2316dadf42f0daa6b8965d384ba8,5,,,2017-02-07 00:00:00,2017-02-10 02:46:35
d71ef4156db87bceb15335b25d80eed1,5b9714d8a4016e5add108c3ebb3c21a5,4,,"Produto entregue no prazo e material muito bom.
Vale a pena!",2017-02-22 00:00:00,2017-02-22 10:35:37
b183ca2b1f44f10ddee5aa899d80ffcf,ee6c9efbbd90c63c4f1a545b9332032b,5,,,2017-02-23 00:00:00,2017-02-23 15:39:59
1747b2640e626aeaf7928e802bf3bb54,7c933084ae34df732cfb3b47968b1666,1,,,2017-02-24 00:00:00,2017-03-04 09:26:30
cd101d21b91c2944d5f1fa5d91965b02,30f7c25897bac24c9d57f04e7cd8903d,5,,Entrega realizada antes do prazo previsto. Produto atendeu minhas expectativas. Super indico a loja.,2017-02-22 00:00:00,2017-02-23 01:41:58
7b971126bea7af83a3081b19adace965,f454701e5160f7518990fcac29a81932,5,,Comprei duas unidades. E vieram em fretes diferentes. Mas chegaram sem problemas,2017-02-19 00:00:00,2017-02-19 20:59:10
eda1c642a265c4fc22d278ebcf26140e,c46b48abd599551232324a6e9077bf19,5,,Produto entregue antes do prazo. ..,2016-10-22 00:00:00,2016-10-22 20:08:16
6f3ae5a43a1ce5f0c23a640be902525c,b866af202be0692766081310cd4085e1,4,,"A entrega foi rápida, porém a tampa de uma panela veio cortada. Preciso que façam a troca.",2017-02-04 00:00:00,2017-02-06 13:28:49
6c18e3c58b61715fb5768ca15153c4e4,f8ff98a36706c66da3a3f060a0ec3141,4,,Recomendo ,2017-02-24 00:00:00,2017-02-27 02:50:02
ba855727078770fc3a1b5a63ae92edb1,146bfe4003096bc16316672e59c6fb2e,5,,,2017-02-02 00:00:00,2017-02-02 22:37:00
5c17f3503aef95ae9e5f1dc36af47f99,9656510a0f73952b9c305fe0bd264056,4,,,2017-02-16 00:00:00,2017-02-16 18:59:06
5e8603fd234cd31f0480afff94a7595f,a8c012ba7d95bd2d15f666681f19c146,4,,,2017-02-14 00:00:00,2017-02-15 06:58:55
30438651b2a9f883ff03c86129aed070,1970f2fb4b83ff962a75b064abc37f4c,5,,,2016-10-29 00:00:00,2016-10-31 11:33:50
6818bc8538e3198c19966c60573f67e8,71f86189760ff1dec6805f4fc7c6f52f,5,,,2017-02-01 00:00:00,2017-02-05 11:19:14
e9e09c311d83918a20bd3676a9fec753,2867faaa7a912bbc2bf8d8e40d7a0354,1,,,2017-03-04 00:00:00,2017-03-04 07:53:23
d3e5068ec121db49bc6e607b9f401adc,616c234744893b4411f6e056de1b0699,5,,,2017-02-21 00:00:00,2017-02-21 23:41:42
b15ef5c5c9e0b7b07b42a5d1642d2351,0d1bbf582326272fa550ed829bd2e1d4,5,,,2017-02-10 00:00:00,2017-02-11 14:10:54
9261605c60c0c5805e166aed6a663820,41bf1169cb9e21c201df1aedbcdb6b1f,5,,Me surpreendi com a rapidez. Estou bastante satisfeito. Parabéns,2017-02-16 00:00:00,2017-02-16 23:40:14
c17c24a29e256106ba66ecd90526c042,4b019b8fe8e95fc64a3cf3793b35b852,5,,,2017-03-03 00:00:00,2017-03-05 10:10:13
8d03e1faa219aeef66324aec8f7f9e50,5e1c835de943927d56469fa225bca0fe,5,,,2017-02-10 00:00:00,2017-02-11 15:55:39
2c9eac63112b72ae2dd2102b056bf942,e2eaf909eb6ba881117aa407992a5ffb,1,,sem comentario,2016-11-15 00:00:00,2016-11-16 16:43:47
7b9340c06c3228a82e5a44fb5c54fdcf,f2e15e1de54cd372765716e6bbd61fa5,5,,,2017-02-11 00:00:00,2017-02-11 11:01:13
7b6cf1c09041a79e596a1f1793790c13,f69ae31bce06a78d626762b53067c7e0,1,,Gostaria de receber meu produto,2016-12-04 00:00:00,2016-12-06 16:45:35
3c8601619803c217f7798f98e10b6704,fd71c77a71b5d5d3107284571ec2e894,5,,,2017-02-21 00:00:00,2017-02-22 00:20:24
2c6abee7c7fb142d1e911a04b4efbc96,3aa779fc4b813797c16ac4f02fe808ec,5,,,2017-01-27 00:00:00,2017-01-28 01:35:56
ffb4dabe331c9305796df591c5c3d04c,c98b0fbac2717f072d5089e8af088304,5,,"Já sou cliente do stark há vários anos e, por esta razão, tenho o cartão stark e sou atendida com presteza e correção, inclusive no cuidado com a embalagem. Super recomendo.",2016-12-02 00:00:00,2016-12-02 09:45:29
98d46adf4af42b9f840923efacd5adae,4079df924e51e553825e62f9f8995d59,5,,,2017-01-31 00:00:00,2017-01-31 22:35:01
104519e559f3afae85f371f7d879b306,989788f1c17a087572e29eb4fc130983,5,,,2017-02-14 00:00:00,2017-02-23 23:59:18
cb44c661da8d40b4af9f8ef4b2de292e,4442d1fdf454197e9e141f0d83a9031e,5,,"muito boa a informação pós compra, para saber como esta o andamento da entrega programada.",2017-03-02 00:00:00,2017-03-03 11:26:49
fcec9402a8a4b288d3d3a8b93cf331bb,fe8fb13770857cd6d22fda24ce5bd4a6,5,,"Ótima comprá, produto bonito, resistente e muito agradável ao toque, valeu a pena. ",2017-02-23 00:00:00,2017-02-23 19:37:55
b5f4bca1dd2976aeb590dfe5d52c06f7,18dad78c0f87f4c45ef196daeaa3ffbb,5,,Tudo dentro do combinado,2016-10-18 00:00:00,2016-10-18 18:07:44
aab1fb025099af36b2d7555747ff10bf,4421f094ff828b78aba6d18db005821d,5,,"Produto chegou antes do prazo, de boa qualidade, e essa é uma loja que eu recomendaria aos amigos. E tenho certeza que muitas outras compras virão, não só pelo bom atendimento, como pela facilidade.OK",2016-11-02 00:00:00,2016-11-08 11:35:53
5c0e0341b2115336ec6b975f5c8abfe8,d1eb8e4e276a4eea13a5c462c0765e60,5,,Recomendo ,2016-10-20 00:00:00,2016-10-21 01:13:00
8ef201bad59423746de7045042640379,48275cf565f4ea4f291da07bbbc7d330,4,,Entrega bem rápida achei muito bom o atendimento também ,2017-02-22 00:00:00,2017-02-23 11:18:56
3112afb21d6937fe445e151be731f9bd,57f7bb7d658b442616fce795fcc30146,4,,,2017-02-08 00:00:00,2017-02-09 07:19:06
c70262198c8d0ce6b8d7bde7e3992caa,aa3e939d90791cb80173b38e4faf79a1,1,,"Foram compradas duas cadeiras, uma azul e outra verde. Foi entregue apenas a cadeira verde.",2017-02-24 00:00:00,2017-03-03 21:24:22
54b8a270796ea170b5d7af617c61859c,9bd5312d12f48b04a460f702baff3d8c,1,,"O Pedido e pagamento foram efetuados dia 06/10/2016,com entrega em 26 dias,dia 09/11/2016(33 dias após a compra)recebo um Email cancelando por falta no estoque,Um absurdo vender e não ter para entrega",2016-11-18 00:00:00,2016-11-19 18:32:36
50c851bd79dc0b19f3d9c523ca747df8,54bb06e1ca86bd99ee2a8d6288bf4ede,1,,"Produto não entregue, demoraram mais de um mês para me comunicar que não havia mais em estoque e que fariam o estorno no cartão de crédito. Frete muito caro.",2016-12-14 00:00:00,2016-12-16 09:34:47
d3864eb9b3ade6685b99daaa0d316932,d6d7c431275f0029dcc3538850930046,4,,,2017-02-02 00:00:00,2017-02-03 04:48:09
f266639fce13f7907e557a7be131277f,323dad8c483c7f8b818a825d257f4aa0,5,,,2016-10-19 00:00:00,2017-04-11 22:05:15
d7c914d0d58cbc3f06887ba1e9ef6544,3be9883ba4ef261dc194228abc739d0c,5,,otimo produto entregue muito antes do prazo,2017-02-04 00:00:00,2017-02-06 02:50:49
81d07fc705e46c47522fd0c00283d877,b07a6274640ebe112c2180a18ea07b3c,5,,,2017-02-21 00:00:00,2017-02-23 15:43:14
5f7b06f58134e3aabde6b25b71c2331a,6bc6b07e448bae52d248c4df401d6157,5,,,2017-01-27 00:00:00,2017-01-28 11:10:19
39bfef38ccb8adc74a316d367a1aba11,4269e9f98b1e74f0732bc93de6aaca6f,5,,entrega rápida parabéns! ,2017-01-31 00:00:00,2017-02-07 19:09:53
79a71f6a226149acf81c3e81cc47dfd1,90480b682af5c1a9c00cbbbc7ef9bda7,4,,,2017-02-17 00:00:00,2017-02-18 00:33:55
73be1652607f0ebd33b9ecd57bb0a888,63902aae1ab37f12ba6aa2b6d21a0634,5,,Super recomendo a loja e o produto. Produto 100% autêntico (original). Ótima qualidade e fragrância. ,2017-02-21 00:00:00,2017-02-23 19:30:28
2de33bca03461d659a42d892fa7fc36a,63f4ff5d2266b242ba0ce7c3ad390029,4,,,2017-01-29 00:00:00,2017-01-30 00:54:52
ea2cc07c6fbdcf7ce85d5377fc4dfe93,acb3a4ba3d4d4b0c57cd93736fa61558,1,,"não recebi meus produtos e nem o ressarcimento dos mesmos.
no aguardo",2017-03-22 00:00:00,2017-05-05 14:06:43
4356095f6085d92818c30192adbe2af3,6bf0953ea2856ef95e31030263eacc2e,4,,,2017-02-18 00:00:00,2017-02-20 16:32:55
43f75df0de79b5080a2b188aaef628d6,c7b2b75e4013ba825f8617a06936a014,5,,"A mercadoria veio muito bem embalada, por se tratar de um filtro de barrro. Parabéns pelo bom trabalho. E pela rapidez da entrega. ",2017-02-21 00:00:00,2017-02-22 00:45:38
a7ca43954a4abd9a400d2c57a26e48cf,2526d08a2985e1b276a405915c2d8be9,2,,BOM,2017-02-15 00:00:00,2017-02-16 00:59:06
07988533c380bcc8dc8f990a4ac814b2,dbd4885aa71d304f95eb40c67bfbec35,5,,,2017-02-09 00:00:00,2017-02-12 14:29:43
28bb84807e5d04722b31e9e758e4faca,7976a5c0f4cf314a66586cf02f7aa596,5,,,2017-02-24 00:00:00,2017-02-25 17:53:05
db848ccc3e7f893c8eb4a04a861a0ac4,ed8c7b1b3eb256c70ce0c74231e1da88,1,,o Escorredor nao e de INOX esta enferrujando ,2016-11-19 00:00:00,2017-04-27 21:52:21
33a4dfb18e78b711de26237112a2d503,bf79d036f5374ea92a94c50341ada3da,2,,O produto não tem boa qualidade.,2017-02-08 00:00:00,2017-02-11 02:39:16
c1a99837599f1377f2f167e88c8ccad3,5d5b8c94e2bc6b963da5af8a4b02bf08,5,,"muito bom, veio certinho",2017-02-09 00:00:00,2017-02-09 20:49:02
429856d721b6d33c24c79f7c319c177d,2e8e21db96a8ab922e51cd297678c6b2,3,,O único problema foi que um dos potes veio com o vidro riscado. Como se tivessem esfregado algo. Acho que deveria ser melhor embalado para transporte. Mas tirando isso ok. Obrigada. ,2016-10-29 00:00:00,2016-10-30 12:13:33
7d7a40160ccc9676b82f8f5bc35ba293,03ffce741877a000ca0fb3520673d4c4,5,,"Chegou bem antes do prazo, estou super feliz!",2016-10-26 00:00:00,2016-10-26 12:50:15
70b921b5545ee120f0f5dd86988f736a,8f49d00fac6d25b1dbdb0685ef43af10,5,,,2017-02-22 00:00:00,2017-03-02 13:37:15
c1f7f4ce21a3a99e689cffc2ae9dc724,6c8b41df796056dfa59f256768d11654,4,,,2017-02-15 00:00:00,2017-02-16 13:24:30
3d4ecce9d0ddd48f76c449d38277b95f,e833d2324ca8e55d593c0d9d8806c227,5,,,2017-02-16 00:00:00,2017-02-16 23:26:45
75f6ff69ce8b427b7b3d6a5e643eb2f3,50f357099566f1be7abfaf8d9dc5b004,5,,,2016-10-22 00:00:00,2016-10-25 00:44:30
fb7754a572dc6779cd15cd6a1c7aad75,5a5f3655d1d2c0a31d9ad1eee421ce81,3,,"Sou cliente e essa é a primeira vez que houve problemas, até o momento não recebi a mercadoria.
Aguardo retorno urgente!!",2017-03-25 00:00:00,2017-03-25 16:20:31
fa310d7119049166cf8c75c1bbafefc8,46081612169925ef8882b3bbf1c5011d,4,,,2017-01-28 00:00:00,2017-01-31 14:58:30
d72b7118d74e41926311a934968357a5,f5c948dcc066017d10fd2dd3d01cea6d,5,,,2017-02-21 00:00:00,2017-02-22 02:20:27
7c550b9bf9cd966aaf4d713682fe63da,9315757eaf0e782619bed131508dbddb,1,,"O produto veio com as peças trocadas e não consegui montar. 
Quero providências !",2016-11-08 00:00:00,2016-11-15 19:55:20
a2698b0a465207be657d2138d6755bd1,b4924647a0523d99010023d68b76c18d,4,,,2017-02-08 00:00:00,2017-02-09 14:55:11
c68ab10732712c84ea727750535b2596,7b4fb0197b18a0fd0e75f9e44b3fc757,1,,A cinta térmica quando ligou na tomada começou a derreter e começou a queimar a pessoa que usou ,2017-01-31 00:00:00,2017-01-31 22:28:58
8e1c2e233790000fdc533b9ed1b063e9,2d2bd0487565c23b4bcc0b29a41da55a,5,,Tudo perfeito entrega rápida ,2017-02-09 00:00:00,2017-02-17 18:29:28
3da21443e782f216e4ec61b84c8f5b69,ce9840efc17fbec501472f7c784be1bf,4,,,2016-10-25 00:00:00,2017-01-08 03:25:35
192bead3e18d277bd91a840df47155cd,38c5c2886f2aab75bb1ae3f79a3f300d,5,,Vendedor muito bom. Recomendo. Nota 10.,2016-10-27 00:00:00,2016-10-27 17:42:46
5bec0620e043423a063641e9a2900028,1cb796218c383fc54a6a4541420201d8,1,,"Recebi uma nota fiscal com valor totalmente divergente. Me causou um enorme problema na empresa onde trabalho e até agora não foi resolvido. 
Eu não compro mais nada no stark!",2017-02-01 00:00:00,2017-02-13 11:43:59
f6534fe600678fb13eba89b24553735e,47cb859a7f526319e3da0015c15c3b1f,4,,,2017-02-26 00:00:00,2017-02-28 22:35:36
45725fd02407124db6d9061bbb419f46,e5ecfcbdbc07f8edf7ec0df1504a74a6,5,,Perfeito,2017-02-07 00:00:00,2017-03-03 15:03:53
51df8a28fbbd51be23f247130f4ed1a5,d3a49dd2f9c21558b7a82c8f076f6c1d,1,,"Perguntei se era entregue pelos correios ou transportadora, disseram que era transportadora por isso comprei. Porém não foi, tive que ir buscar em um correio super longe da minha residência. ",2017-02-24 00:00:00,2017-02-26 10:34:48
226ba46ae4b953bb6423960120aa9900,77c34615b2963e4bf4b48d59da0eb5e1,5,,"Produto sem detalhes. Muito bom e bonito. Alem de que a entrega foi muito rapida. Estava prevista para o dia 17 e foi entregue dia 01...
Produto resistente e bem aderente.",2017-02-01 00:00:00,2017-02-04 09:20:08
37e4b611cbbc1fdaabd4a494828a2d7a,4047217c6029782c1996e3cec14ef005,5,,,2017-02-07 00:00:00,2017-02-16 00:12:50
3b6d0e8eb6bbf274824d2318cffcffc2,3c655487f0c8e34cde2c7b67de8f08cc,2,,,2017-03-07 00:00:00,2017-03-08 00:28:54
0ad96c67dc8ccf8de6bca3bb97c5a153,586992f50ed97898737b07970376d19c,5,,,2017-02-04 00:00:00,2017-02-04 22:54:06
e8bcd953cd4de4f220c48dfdb9e88b0b,340be9cc41d50a5233f4849d93d8d2f1,5,,,2017-02-03 00:00:00,2017-02-05 22:17:03
0e3fd11e8f2adb22148d9282e25f7d40,705bc68dd9abcfe7d39ecf21e897a250,5,,"Comecei a comprar do baratheon através de outras pessoas, aí resolvi a me cadastrar e foi muito bom. Hoje além de comprar indico pra outras pessoas, é seguro e rápido pra chegar.",2017-02-17 00:00:00,2017-02-20 16:29:03
4d26e9266f1c77fec7f20bc7b9bc72dd,b642a3e08bfd10119c9b7e948c936e93,1,,"Efetuei o pagamento do boleto, mas o objeto não foi postado. Tentei contatar com eles no site, mas o envio do formulário deu erro. Enviei um e-mail, até agora sem resposta. Não recomendo essa loja.",2017-03-10 00:00:00,2017-03-10 15:43:42
31b17f5883fc417e29395c250b856a27,e224d9d6fa66b26b8b86e73d2852136c,2,,,2017-03-19 00:00:00,2017-03-21 09:49:54
e04c5b55d009fa34754fe9d38c76d181,92b44b87f1f7670b8911c5f0e642435e,5,,,2016-10-22 00:00:00,2016-10-24 19:24:58
ec35c18563b9df2890f895ec8f2c2dc3,2994f64a88d65527ae04561a83ed11fe,5,,,2017-02-16 00:00:00,2017-02-16 23:42:16
6207c8c1b3c782f6b5e1218c4df6b87a,4152a677b7acfa7fdab8dc8e1dd436eb,1,,,2017-02-03 00:00:00,2017-02-04 01:16:45
705169b3ab206e2568b6c575792bf2f8,ca254c5904f6a9a9063eef5239c54197,4,,,2017-02-18 00:00:00,2017-02-18 22:52:08
c6628cf3e95553e7c41a4a08514329e3,a37d74c80da3b0cbd44c246918d31ea8,5,,,2017-02-17 00:00:00,2017-02-18 13:26:57
37061f8087c91034a22542e10ebcb9a0,652138adffce146ad78592e6d17b2552,4,,,2017-02-15 00:00:00,2017-02-15 18:52:34
e48def6468ee7a31da5dc7249487304c,38bcb524e1c38c2c1b60600a80fc8999,5,,"Loja entregou no prazo sem qualquer problema. Produto me surpreendeu, embalagem impecável.",2017-01-17 00:00:00,2017-01-18 11:51:43
c75eccd75977e027d620f9167e7860fa,14946316e496ee502d12d8fae8ef7d75,5,,,2017-02-14 00:00:00,2017-02-15 00:03:28
815e1b04599377590d462178d524b69a,b2f92b2f7047cd8b35580d629d7b3bfb,1,,"Comprei uma Escova na cor DOURADA e mandaram na cor rosa, e ainda colocaram a caixa da escova dentro de outra caixa da Marca Laka toda rasgada, um descaso com o consumidor.",2016-11-18 00:00:00,2016-11-28 12:30:30
7eabad6a9f68bc736952667adfb09236,94bde44a48f191d7175f67eb93b9ed67,1,,"Considero como alegação infundada informando que o produto estava esgotado. Na época a quantidade anunciada foi de 2(dois), apenas dois produtos. ",2017-03-22 00:00:00,2017-03-22 12:34:30
6325e3de0fa0cd0876b596eec4f234d9,8d053738b817a245da596c4aac057923,4,,,2017-02-25 00:00:00,2017-02-26 13:12:15
1b3dde62d7ffcf14e5228ce148ade0ab,44579d02e209aa42e391a4af78ec74fe,5,,,2017-02-24 00:00:00,2017-02-25 03:21:53
a2399d0f046a1d4f173dee5d0418edd1,1064f13c0d4e68e4ef47a2a99cca15f3,1,,"Boa tarde,
quero a troca do meu produto imediatamente",2017-02-18 00:00:00,2017-02-19 20:16:54
8c3be0bacaeab2821e6223249724ff77,ca674a7cd949c98c9e02bc4c5922836d,4,,,2017-03-04 00:00:00,2017-03-06 02:51:23
cb9100043fc9bd72050f60bc27e5b256,0ddc3630cc5cb4fe371db7a299839ec6,5,,,2017-02-14 00:00:00,2017-02-14 19:18:36
c0464796c74a109d88ea64a38c64fff9,be46fc2896fdd32b6e696f7fe8fe8482,5,,,2017-02-18 00:00:00,2017-02-18 20:01:07
d966cc03b3a42b5d7b9a3a951ae97b76,87f48ad03a575830fd30137520ef411b,1,,,2017-03-16 00:00:00,2017-03-16 09:20:51
499bbf4c80a2bfb703f60df742c3cb92,509a52223ecac6d67fb765b3b37c6974,5,,"Recebi o produto no prazo, em perfeitas condições. ",2016-10-27 00:00:00,2016-10-28 17:46:59
715d3f3f7ef4c0d9dc0e8fc2b7d64d3c,a909c24a30d5a05204ecb7ef3f11e321,5,,"Com relação à compra e entrega, só tenho a elogiar.
Muito obrigada!",2016-10-26 00:00:00,2016-10-26 21:56:49
c433b22629bcca816295cfc1cd446c7b,016dee69b3de35a39bfccee5309307c3,5,,,2017-01-27 00:00:00,2017-01-30 09:53:37
e8b972f181d67eae0e8a87cde1ca72ca,1282867904225d219a5ec3f1251a5fce,4,,"Gostei bastante da agilidade, porém não recebi a nota fiscal do mesmo. 
Aguardo retorno. 
Obrigada! ",2017-02-21 00:00:00,2017-02-22 08:59:11
525140af26db0f66313291ef73dd7087,13f68da1f137146006b4c0c34b6824e8,1,,"Todo meu pedido foi cancelado, então não recebi meu headset e o estorno já foi realizado. Isto posto, não posso avaliar de maneira digna a loja supracitada.",2017-03-09 00:00:00,2017-03-11 01:20:03
b28309e8253951a954123e039d3242f7,8beb59392e21af5eb9547ae1a9938d06,1,,Produto não foi entregue. Não foi enviada nota fiscal. Telefone para reclamação não funciona.,2016-10-20 00:00:00,2016-10-24 17:18:09
31141dfed2926370722234f0f344ac70,96867881a8d245ffae18dd2f1c4898d2,5,,"Chegou em perfeitas condições e dentro do prazo estabelecido, produto simplismente maravilhoso.",2017-02-09 00:00:00,2017-02-23 17:55:53
288bd61534facdd810541db01aee02af,b03fd938df9e8a597888994c096914f4,5,,,2017-02-22 00:00:00,2017-02-24 23:58:56
f7fa525752dfdb0ddd1664010ddb08ef,944f618b790d6d01c2c78750fc0f700a,5,,,2017-02-03 00:00:00,2017-02-06 11:21:20
ea1901a62ba482b22efaff0dc44a175d,18493260806e807d314bd6fcfc32e2b8,5,,,2017-02-08 00:00:00,2017-02-08 23:10:08
d703a568969a689c12451dfd43bcb59e,da225d51cdb2a615ac38734cfdaebab4,5,,,2017-02-24 00:00:00,2017-02-24 19:54:36
9249dbcae1db6ede3dcbe41e17e54967,2fbb05b3ee700e1897b9fa501e416005,5,,Produto entregue dentro do prazo . Gostei muito.,2016-10-26 00:00:00,2016-10-27 12:55:27
5090899e38cd55729c9783745f2706f5,1b76802b72eb5517c97481ee2f7b7037,1,,"Mais uma vez compro com parceiros da ""lannister.com"" e não recebo o produto , já é o TERCEIRO parceiro seguido .
Descaso da lannister e dos parceiros.
No ""mercado livre"" isso não acontece!!
",2017-03-12 00:00:00,2017-03-12 11:38:03
11465cf4b8e985fde6625c294f34f2c9,1b4f84742c7c3d03f7c6d519212514ab,4,,Chegou rápido e tudo em ordem!,2017-02-15 00:00:00,2017-02-15 18:42:37
661091b285a3cda2b76212ecaf4dcd99,1308f542d82d3b18c50659be0f12a323,5,,Bons preços e produtos e entrega dentro do prazo.,2017-02-21 00:00:00,2017-02-23 12:37:01
fc1254241df5c4bf3daf18a4dcc64d31,1dd1d53c1ea5df0ef093bf150807315f,4,,O produto foi entregue no prazo. Estou satisfeito com a entrega. ,2016-11-01 00:00:00,2016-11-05 19:59:17
995078d41d15670e7f1ef9df1c009ac6,01ad4f241a16bff724de081b558f0f4d,3,,Ok,2017-02-25 00:00:00,2017-03-01 12:07:45
1d2783cf7a04a2b804081fdf2729db11,abbbf52551bc34cd52a7851c06dfca90,1,,,2017-03-18 00:00:00,2017-03-19 18:02:42
699722a351b3d8f1258c56ef09f7fa1f,86cf7f20f784187597f7a3f34ea1403d,4,,,2017-03-15 00:00:00,2017-03-17 16:42:11
16ab37c50c57d6f54f06a0bd3401035a,825df75b7a4b5c436b9d2443f653cab2,5,,,2017-02-17 00:00:00,2017-02-18 02:55:19
3d1c401252d929018b57bfdc9f59a463,697705c05da5ef945de721dd31bf23c6,1,,Serviço péssimo.,2017-03-30 00:00:00,2017-03-30 11:18:52
4cf34dc829ec80f501a9d0ab4824c543,efc734aa0895a5973f3e783a742f1119,5,,,2017-02-14 00:00:00,2017-02-16 18:50:21
5890715efc5cb6a83dbfc28ebce55f4b,284039cca9a61886953286f5dae55fdf,5,,Ótima loja e ótimo produto,2017-02-09 00:00:00,2017-02-11 20:00:14
e6932f56d5d8065227b92201988ba3f7,b7d340862fa4167bf17497298bf8d84b,5,,,2017-02-19 00:00:00,2017-02-20 22:47:18
34967a8110897a8cb59dbb8d0095bb3f,92ab8a19c1116e567a86ebdefeaa96af,5,,,2017-02-18 00:00:00,2017-02-19 02:36:58
72e3c64ab10976877eac371141d08c71,20550ea4a86fb3f3cc065b2598ebb01c,5,,,2017-02-09 00:00:00,2017-02-13 22:15:38
7078799822a6ebed2d48773d567c4235,c13f61a17915a48e0741b02a6b7a3fe8,1,,"Entregador dos Correios foi grosseiro, ficou berrando na porta de casa, me disse pessoalmente q não estava nem aí pq ele era concursado e, por fim, o produto chegou detonado. Nunca mais compro targaryen.",2017-02-03 00:00:00,2017-02-05 23:18:20
524b32c45c6e03c198984e38522f559f,f2dd5f15184c73c0d45c02941c7c23d1,3,,,2017-01-14 00:00:00,2017-01-15 12:48:49
a0770c7851c2e39d59b2a378164979a0,6ece326e25f193d084e3dc092bbdd93b,4,,eu vejo como positivo esse vendedor bom produto e entrga no tempo combinado por este motivo simplesmente recomendo,2016-10-27 00:00:00,2016-10-27 23:57:32
022b209ce091ff053289d95aa42735ce,59f26737bbeea8142a7e982cfce13e7a,5,,"Excelente eficácia na venda. O produto chegou em segurança, bem protegido e muito antes do prazo de entrega.",2016-12-16 00:00:00,2016-12-16 11:07:22
1884d1b1a6a592dbea2e48635f06a552,b89d3f466656d80cfaa4bf9698218c83,5,,Aquecedor muito bom rápido e bem preciso... bem embalado o prazo era 30 dias mais veio em 4 super recomendo ,2017-02-09 00:00:00,2017-02-12 01:54:36
234c40c3552569764f42c55f34f90f27,30945faa37e8264ea2815f7bf799adf0,1,,Já fiz outras compras e foi tudo certo . porém esta nada ,2017-03-04 00:00:00,2017-03-04 13:40:28
d4923511144d2fb7fc83653505284e24,2276cb38c742033aac3f4a4d67b57ab3,5,,Indico.. chegou td certinho!,2016-11-01 00:00:00,2016-11-01 23:48:56
3081ca9987017fedd2f57e554aed8fd4,5f4c8250b9e6ee47971e0b19da4aa0f2,3,,Entregaram antes do prazo. Estou satisfeita com a loja.,2016-11-19 00:00:00,2016-11-20 08:20:51
98a56dbf0d1a0abfd6da7b3be8099ac8,d708b88543d7c2b7c9eb0b31864c8ca1,4,,"O produto chegou bem antes do prazo, porém uma das cadeiras estava com a embalagem aberta e dois parafusos haviam se perdido.",2017-02-17 00:00:00,2017-02-20 09:34:19
1c60eb4b261f5cbb28840c19bdddb6d3,d94b232e72e4c7c22f765be9ee391b3f,3,,muito bom,2017-03-09 00:00:00,2017-03-11 23:23:39
114d240675519728b3a80be407c0a9fa,e77f09ad0e02176a15af6981ee2d8ea0,5,,,2017-03-08 00:00:00,2017-03-08 23:45:56
70e9eb87efb28b69823efc9caa9abef5,6f334a2e1303fe798ae16f4c33269e82,5,,Entregou bem antes do prazo. Tudo certinho.,2017-02-13 00:00:00,2017-02-16 18:14:56
c35bcb5bcbff6e6cabbf99a4489122b2,2a3d1cc4337b1cc9157560f6b1ca5802,5,,"Produto chegou antes do prazo previsto, muito bem embalado, sem nenhum problema!!",2017-02-11 00:00:00,2017-02-12 12:38:54
732d5a1c973ec3bdd8141d39ad6b2cc0,c9d0365e799572906dd4a83e17d1b6e5,5,,"Achei ótimo, era para demorar até 20 dias, chegou 4 dias depois que meu pedido foi aprovado. 
Ainda não testei, mas pelo que dizem ele é maravilhoso!",2017-02-08 00:00:00,2017-02-09 14:57:42
432a7e726da7f7996fb98fef33a3d5d3,51fc12a7908ea200b269a6ecfb3e7740,4,,,2017-02-21 00:00:00,2017-02-22 00:55:54
a550516cf299801f549ba3d8a0c0aa07,b23dfa1c97d08f8d2017e85dbdc5b1aa,5,,,2017-02-18 00:00:00,2017-02-18 13:27:27
29dabeb58406ab32d7d1d6723c6a9742,a6dfab363a9e239287c4b1e3c275fb93,5,,"Adorei minha compra, estou muito satisafeita.",2017-02-15 00:00:00,2017-02-16 11:26:31
8c96613dc3f72333d96c51ea2901b29f,77c75c0f9b0b1c5417b62c696c4734e5,5,,,2017-01-25 00:00:00,2017-01-28 02:13:40
b3b5262dcf8b0f4e6cae7d030971f523,b85614e04ee9ee71f2632faf63ff3ac9,5,,,2017-02-15 00:00:00,2017-02-16 18:58:34
e19f9824bd7c140c8ef2ab5ab6b39217,052523fd2c735b15cb107afc0a413bc2,5,,,2017-02-07 00:00:00,2017-02-09 17:02:23
f20b46557caa7ac2cfa0792fead88f9c,b79559dba6909e4d8ac0ddf501a99f14,4,,,2017-01-31 00:00:00,2017-02-02 18:27:24
745f52e93da1820f7dec1068b1101c8f,39a82394b2cec13982585114e7f6838f,4,,,2017-02-18 00:00:00,2017-02-21 04:02:14
56a697a6c18ae87216ae4db18b32577b,35d3a51724a47ef1d0b89911e39cc4ff,5,,Excelente!Fui atendida antes do prazo estipulado e pude acompanhar pela internet por onde estava o produto e recebi embalado em perfeito estado.,2016-10-27 00:00:00,2016-10-28 12:04:18
5acfbbecbf341e4de6d0c301afdbb080,76bd9ce8aa3ce93bd913f3ec17f66790,5,,Produto de excelente qualidade e entrega bem antes do prazo estipulado.,2017-02-19 00:00:00,2017-02-21 16:48:48
0df5c447c4691b0bd5252c29f2cbfa27,894edb990c70b85e810f6a5869ed3075,5,,,2017-02-21 00:00:00,2017-02-21 20:35:41
a9815ff889a8e9c67023e892f642edf5,b7026ba7432929d99880463305b8ce98,1,,nunca fiz uma compra pra receber com tanta demora,2016-11-11 00:00:00,2016-11-14 18:00:30
9fcdf1e8168da5b8924fd3b8930d28a1,a3e6136894621db402a772c6bc72a12a,5,,Produto veio antes do prazo informado. Muito obrigado pela agilidade! ,2017-02-07 00:00:00,2017-02-10 12:18:53
f7c4ece51a1f0f3ebf9a67db7df64036,56eb381fff8db8d35134693062514084,1,,Nenhum dos produtos que comprei desta loja vieram! E um ainda não recebi o dinheiro de volta!,2017-01-04 00:00:00,2017-01-04 09:09:23
e9651b370d483da0e3997896680ac286,95d31d53ccc53bca2c13fcd535d67526,5,,Veio antes do prazo que era de 38 dias veio em 7 dias e eu to amando ,2016-10-18 00:00:00,2016-10-21 05:00:10
84735efbd0c461e91fc4104413db4904,cedfe51bd6a794860c83382885f2328c,5,,Sempre compro nesta loja ...entrega rápida só o frete que está caro....antes era melhor,2017-02-10 00:00:00,2017-02-10 22:21:53
a7941ed6544a15e24dbf3e546f20fd30,678b28f078641e74d50be86b4ecaec7e,5,,,2017-02-02 00:00:00,2017-02-06 12:35:09
3a1612bb62cdb8608a7029f83e45f776,e909df6bbac7fafee9713f25cd6913cf,1,,,2017-03-24 00:00:00,2017-03-29 12:34:40
9d4ec31b6834f93bc94610dbd0e12424,53cd36155a7bf507095985b2f26368a5,5,,,2017-01-19 00:00:00,2017-01-21 22:31:58
a3b2d91dece16faec08d4a058c9ed9c5,f559ac2258ea5dd75bf9ba503e7bc6e3,5,,muito satisfeito recebi o produto com 22 dias de antecedencia ,2017-02-23 00:00:00,2017-02-24 17:04:13
0c2b39c06caaee66f8cd9b4d937d49fa,95fd5e469d8ce5093adeace50b5a4389,5,,,2017-01-25 00:00:00,2017-01-28 02:40:59
a34e9a2d8b6e0e2ccdb7ea06c2c2c2d4,addf1e910072af631c49adca7b07fbdd,3,,,2017-02-12 00:00:00,2017-02-14 07:29:59
a0c63ab67e501925657f5260f094fc70,c818ed0d99c7998f73659bd934936177,5,,Muito bom,2017-02-14 00:00:00,2017-02-15 02:47:15
c4f839d01cffa0ee89d827f28c0c2fae,719628a909505f12f342015fd53a8d43,5,,,2016-10-19 00:00:00,2016-10-20 11:56:57
faf9ce3802b882a10bcd548f421ea9ff,5204d67853f827d1ee32810bf8f2d6c2,5,,"O produto chegou beeeeemmmm antes do prazo combinado.
Muito bom, estou super satisfeita!!!",2016-10-18 00:00:00,2016-10-19 19:15:49
abe571ae5dbad6eac118ab45dd1dfbf2,73e934755292def8b6519b03f2230723,4,,,2017-02-08 00:00:00,2017-02-11 11:01:36
e274c213a2ee72ee6f04e12837f79051,add98bb9caa9f37e7d0702845c3a5db5,5,,,2017-02-14 00:00:00,2017-02-14 23:18:27
2cdef97cca6695718b2ca28362ae7767,fe51db9ff7a67edc7468c14e0a2e9aa1,5,,"O produto anunciado era café e recebi preto, porém eu queria a preta mesmo.",2017-02-25 00:00:00,2017-03-01 15:27:43
9e762eac70dbcc98d3f6dd63eb988079,8d9a9808c4a5546adb15d524d6ab2e91,1,,Prazo de entrega muito longo,2017-02-22 00:00:00,2017-02-23 00:56:46
0f8903d79962cb8120c702d47a3f16f6,6b07198fae1bb61de16e845a92fc876f,5,,,2017-02-18 00:00:00,2017-02-20 19:32:54
46e746815b9560ce0b1df90666dca37e,62246c16a32a0866943f17d7b42db940,1,,"O frete é caro e ainda se quiser tem q buscar no correio.Muito ruim.Ainda quer elogios,odiei.",2016-11-01 00:00:00,2016-11-03 23:19:32
34902918080f72a063c2b5f578d76d22,8ca35ef9366e216446621215448b381a,5,,,2017-02-17 00:00:00,2017-02-18 01:34:03
9b152f254170283b627d339015b7d773,5a37429384be05ca14780e4989543688,1,,"Comprei um produto como original da Samsung e ao receber, imediatamente pela caixa percebi que se tratava de um produto não original. A qualidade é ruim, alcance fraco, som baixo, ""falas"" em Chinês.",2017-02-07 00:00:00,2017-02-10 16:35:10
f64d05f14c88bf6c67aee6079d053f9a,ae162713f33901220faa2a22c2bdba45,5,,Cadeiras ótimas. Excelente material.,2017-02-15 00:00:00,2017-04-27 14:09:03
fd0cf5c069a2da217b7fe5da6307e908,66cd3a1c2edd13d9da86b50aca9e3d32,1,,,2017-03-15 00:00:00,2017-03-15 16:21:42
b730a8019be04fb7e7ecebfccb98aeb9,ac00d3859c095d282f6bef69e0ed1b38,5,,Chegou antes do prazo e em perfeitas condições.,2016-10-25 00:00:00,2016-10-26 00:12:55
6c1a13ee9e65be0829c3a32889dd6e50,916f5a97fd2a0dea046534fac1fbbd88,3,,,2017-03-02 00:00:00,2017-03-07 16:46:33
a4ee1890b0d8204714b26549f75e5482,2b98d5c9b1969095e65f74308ae2e861,5,,muito bom o produto ,2017-02-07 00:00:00,2017-02-10 17:20:43
c444278834184f72b1484dfe47de7f97,8557dabbdacec1a9e250f5e70afe1eab,5,,,2017-02-08 00:00:00,2017-02-14 13:58:48
5b3e6a4905490b42830a938b0943ee88,1b3d11cf9f92c0f7baf627ab059621f8,5,,,2017-01-18 00:00:00,2017-01-19 18:59:33
e4721a4b5ea9dc349c7220c8320481ed,34bf4feda1e203af64692d97c6950c39,5,,"Recomendo o produto e o vendedor. 
Certamente comprarei novamente no futuro.",2017-01-17 00:00:00,2017-01-17 12:24:12
cb1c7b6d8af5169574dcc9607af1f795,abc371fa4448846ac98855c256ab235f,1,,,2017-03-12 00:00:00,2017-03-12 16:10:45
737bae6e2a5055ce424bb592cea0fc7c,319ccdc182a8c5d60b228310a6432460,5,,so achei que a entrega seria rápida como a entrega do stark mas chegou no prazo previsto pela loja não tenho com que reclamar chegou tudo perfeito obrigada,2017-02-02 00:00:00,2017-02-05 18:19:22
a4feb6650b4769e52b7534e69ba38114,a89b268d1a28bab0770e650f25232b06,5,,,2017-02-02 00:00:00,2017-02-05 23:56:43
d522ce89534860fb92c10bf9f6aaaa99,f878206572adfa47110fed4947806589,5,,Muito bom a entrega foi muito antes do dia marcado.,2017-01-27 00:00:00,2017-01-27 20:05:22
2cf9e6725bd381e3f980474d6c797fe1,fc28aed78cb8bcd22a7dbd82cb778946,5,,"A UNICA RECLAMAÇÃO COM baratheon É DE QUE CADA PRODUTO É COBRADO FRETE INDIVIDUAL, COMPREI 4 PRODUTO NA MESMA COMPRA, PAGUEI 4 FRETE, ISSO NÃO É BOM.",2017-01-22 00:00:00,2017-01-24 19:36:06
19d4d3598ce092f36a955b72a90597d1,d3f7c0e804b501782903f7af749eb797,5,,,2016-10-19 00:00:00,2016-10-20 17:09:08
1b61dddec23df36fe515caf13c9f9f22,59db0cf65fd439e6e76ec105e3aa421c,4,,Ol,2017-02-21 00:00:00,2017-02-23 23:50:05
402b7d6f4a3d202f63b7aacb9e56b0af,761d27773b89e0a86484468a0079a7d5,5,,,2017-02-21 00:00:00,2017-02-21 23:35:35
1b8f5d1e38be4d33686056a434b0fa65,6eb51c1c9c69f78ea9fd4665fb98b7d2,4,,,2016-10-20 00:00:00,2016-10-23 01:25:24
6e1b345432be1258a2bdaa0a2b95b896,d469b51abffc6d74299c8a0a56db5314,5,,,2017-02-08 00:00:00,2017-02-11 17:13:13
4c7b898f4ce61e4cbdec092de5b162c5,500e2838d85214e92e2c15b2fd5303b7,5,,"Gostei do produto, a entrega foi rápida ",2017-02-09 00:00:00,2017-02-11 19:12:24
c1b984637182727734bb8919301856e4,fbd05af8c1751b972fc6e19b1190990e,5,,Comprei pq confio no site do stark,2017-02-22 00:00:00,2017-02-28 03:33:37
e0453d32bd464f0755d3f498c34a1e96,94b9fdffc1d9b49273c91598fc0dc5e6,5,,,2017-02-16 00:00:00,2017-02-16 22:27:11
1e90e853bc88ad9caca6311a2e497399,0a0837a5eee9e7a9ce2b1fa831944d27,5,,,2016-10-25 00:00:00,2016-10-25 15:58:47
05e52c40ef5a6e2485331f8837e2466f,d5c48cad732a71a573e038e81d428c18,4,,,2017-02-24 00:00:00,2017-02-25 15:05:56
3ec60dec755e23c788b026be90faa337,fb5114c39f632a52598cf770c6076620,1,,"Comprei uma capa para um tablet e a que foi entregue não foi a que escolhi no site da lannister.
Não emitiram a nota fiscal do produto.
Nunca mais compro nada desses parceiros da lannister.",2016-10-20 00:00:00,2016-10-20 22:37:13
a87c19be40ccbb6551217e26332a1bbc,123e27a1a4d0b2481d8618ac3dff7d4e,1,,Fiquei extremamente desapontada. Comprei 2 bonecos pelo site e duas semanas depois a compra cancelada por falta do produto. Perdi a oportunidade de comprar em outra loja e o produto se esgotou.,2016-11-20 00:00:00,2016-11-20 11:35:00
b5db92e4cce815ba464fb5fe3733cde8,76458889992169d3135b264dc13aec67,5,,,2016-10-22 00:00:00,2016-10-25 11:53:07
1d05fc92b63e46f67761f2a33053fb64,b533dea24ada4dc5c1a9041d25d7c812,5,,"Abriram, sumiram com a nota, mas não era droga! Veio em caixa de Maggi. ",2016-10-29 00:00:00,2016-10-31 21:53:36
03c90f6a926363bace65551e6cb4324f,c038b4c610ae79ae8e3d191f7293fbae,1,,,2017-03-04 00:00:00,2017-03-06 11:09:00
7cffa6c21590bc567eaf08b0d4c1d9eb,d029b3091a68a8ab2e4ed9cf13c5a1c7,5,,,2017-03-02 00:00:00,2017-03-03 10:13:22
67f97574c4979ca18a708ea8db66744d,3d24c492f9555a79d4d6fd3a22fbee1f,5,,"Produto de qualidade! A entrega ocorreu antes do prazo, porém acho que o frete deveria ser mais em barato.",2017-02-14 00:00:00,2017-02-17 09:03:09
ac1067952b748876b4e57eb2379a0926,eee77f4b54ff5aeb0312aa795fb9914c,5,,Produto entregue conforme anunciado.,2017-02-19 00:00:00,2017-02-20 18:15:32
d09c2d827fd33c91cff5307f371b0a0c,ffdc5e3279114c523a09296f8fd28331,4,,,2017-03-04 00:00:00,2017-03-07 10:41:00
179eb58d89cacb452762401af33c7a42,c549f0d88f33bfe43351b893f1fb55ac,1,,Depois de mais de 30 dias da compra efetuada recebo um e-mail informando que o produto que comprei não estava mais disponível. Simplesmente um descaso com o consumidor e um atendimento lamentável.,2016-11-18 00:00:00,2016-11-22 10:04:59
3172422d3755a31e4d93e05fa6c22c30,af71d2ac9926b3c080b892c4882849c2,5,,,2017-02-15 00:00:00,2017-02-17 20:05:06
b50b479cf97c8998967015fac6825c58,c5dd7d8ff84739ecc6526d97ee22f784,3,,,2017-02-15 00:00:00,2017-02-15 07:57:48
9e44facffa4133c681f86fae56a50a6a,e8d766b30a09fa62922aec00c6fecc85,1,,"Achei um absurdo a demora , sendo que o produto já foi pago e mesmo assim levar 1 mês para entrega . E até agora não recebi .",2017-03-09 00:00:00,2017-03-09 12:01:22
74417d82b7dbd9f32d296e11cfb187f7,61986df3dc483509b39f7fda7a82c10c,5,,,2017-02-09 00:00:00,2017-02-12 13:08:05
bfb83fc405e9e52bb5332f8b703e0511,fa22247626749c6b54ee3b6a97cb8018,4,,,2017-03-02 00:00:00,2017-03-04 15:19:19
f12f4cc928a887b391dd1f74bde2adfd,c19f01711a28636df6bb57d440865c76,5,,,2017-02-15 00:00:00,2017-02-17 23:12:37
f640f6b13aa48409963e67e2f5381e7c,02a0eb7c22b0616c767a45954a2a28f6,5,,,2016-12-14 00:00:00,2016-12-14 03:46:43
55babc7be4dff4613d50f9a707cc8db0,49268496ecf8148bd16540c2a23c6c70,5,,Adorei o produto. Parabéns baratheon.,2017-02-02 00:00:00,2017-02-03 11:50:23
120a3d1fbd5b81d06e42fb4c4c64adbd,103a6df3372464e08e529f7d888a48f6,5,,,2017-02-19 00:00:00,2017-02-20 23:55:21
c89636f979b85970bdbcc6528bf82e7d,e3f7a673dd1981e0d7b330c8a7220220,5,,,2017-02-07 00:00:00,2017-02-08 20:49:58
7ccc653869f0667cc2d6eb64c0056097,3237c01ca83d6c17feee532d5b7e6b72,2,,"Recomendo a loja, porém devem tomar cuidado ao fazer a postagem de líquidos, pois meu produto veio solto na caixa e vazou um pouco.",2017-02-18 00:00:00,2017-02-19 04:07:05
9f1dc4cfc300e7a4f4c5fadf05b12e9f,f9fc6b37b2a3a42ef88b609566e731c0,5,,"Todos produtos chegaram muito antes do combinado, super índico.",2017-03-02 00:00:00,2017-03-03 11:30:19
2e355b2f4d8664aba56d65d9e14854f2,c9cf685a5970016a369f50c8f42e87b9,3,,"cortina boa, de longe parece um tecido, mais ela é de plastico, só não pode ficar perto do fogão ou de algo que esquente muito.recomendo",2017-02-16 00:00:00,2017-02-16 23:56:26
86e9daecdd745e074b9babe4443aefec,a6e307f50d1a494a1ad373af7a748e1d,4,,"olá , meu produto foi entregue , muito antes do prazo . minha queixa é apenas pelo produto não ter sido aquilo que eu esperava. ",2017-02-03 00:00:00,2017-02-06 10:45:42
df0253a9f731a5f20e19d6d4d628f200,3bb674c130836b55a540f493a9dde774,5,,VENDEDOR CONFIÁVEL,2017-02-21 00:00:00,2017-02-21 11:52:24
984ab9fb9c9785407beb46bc068974e2,2825848807f070485f0f0ef3829758f4,5,,"Entrega antes do prazo, adorei meu produto,perfeito..",2016-10-19 00:00:00,2016-10-20 01:46:12
8fcb0a663ef7e66f2b3183386d129e47,0f8cf123486438ffdee527bf82ec87d4,4,,Atendeu todas as expectativas,2017-02-18 00:00:00,2017-02-20 22:46:27
aecf1a479e2a76c88950295f02c88ea9,cea4a13d87d71c7fc5ed35c588ce28b8,5,,,2017-02-15 00:00:00,2017-02-15 19:02:03
7138a2bb91d07189dd4976c9bbf518d6,d9515cd3ca09c7b9b751f077d2adfc84,5,,produto bom,2017-02-21 00:00:00,2017-02-22 12:53:56
a21f0586328bd19a0c01e2b22944c29a,e4f669bb9b79875231a2cf27ab8dd229,2,,Bom,2017-02-04 00:00:00,2017-02-09 12:43:05
b8b1e3d3475e57893affe9798daad68d,d743f434cc2921729af830ce00d474b3,3,,"É bem bonita e bem acabada mais pena q veio a almofadinha d uma cor e a casinha de outra 😢
Por esse motivo nao vou enche de estrelas 😭",2016-10-25 00:00:00,2016-10-28 00:50:19
42919ce363e85bb94de60e0529fe3204,16976f8e43d0c9ee6079e3ed9eaa4fed,5,,,2017-02-10 00:00:00,2017-02-10 08:12:32
340b6614d5bdc518ed8f5dc5e97b7289,d0a4948ce19a51837d5e24c26ab83d76,5,,Boa cortina,2017-02-01 00:00:00,2017-02-01 18:21:15
aabed7345c4682dbee8656d1806da0bc,1489856fc5e3169af6b06edbc1aeb1b1,5,,,2017-02-10 00:00:00,2017-02-10 22:23:53
be21f19d57a4c2fb63546d8b7dc3a3c5,d184a50b5e40af5b04c71ea71a0f6637,5,,,2017-02-23 00:00:00,2017-02-24 11:34:45
df7efb8408259b08cbcd57d8dbd24df4,7853cfd26dee49109295b3e604567180,5,,,2017-02-04 00:00:00,2017-02-05 16:47:12
dc62f1e20d7f280e54066b6a92841086,be5bc2f0da14d8071e2d45451ad119d9,4,,Tudo certo...,2016-10-28 00:00:00,2016-10-29 11:29:53
17a9733d3a9d95de6110e03ebb1ca0ac,ac0b40db773fed894ef5646453a38544,5,,,2017-02-14 00:00:00,2017-02-15 02:35:26
ed6b240aa7ce2019fbb65188193916f8,0cb316841c24af560f6af0e3fb36137a,1,,"Fiz a aquisição de duas unidades, no entanto, recebi somente uma. Encaminhei e-mail ao stark relatando o fato e até o momento ainda não recebi qualquer tipo de esclarecimento. Continuo no aguardo.",2017-02-10 00:00:00,2017-02-12 00:07:00
57e85aa636ce2ed97ce12b721dd8de1e,2dedcbba76be1566c5b983e07348d75f,4,,,2017-02-09 00:00:00,2017-02-10 02:58:12
f8c0d1b3652378ced5b08a5e3647a1ec,8b93f79b1a4d6b3388dab2356493c0b3,5,,Produto muito bom!,2017-02-08 00:00:00,2017-02-09 02:26:09
123381026f13c723cb967b14b1bc673a,06f4be78b76ba6a42605efa4ce7544d7,5,,"Adorei a cadeira, bonita, confortável e fácil de montar. Eu mesma montei.
Obrigada!",2017-02-25 00:00:00,2017-02-26 00:44:08
d7d3f6d427e0119daf702bdd58d08a34,bbcec25aefec973dfa1b9499147fdf76,4,,,2017-01-28 00:00:00,2017-01-30 18:48:20
1d9e8c03a67a1ce420ba69600964a51c,8c98ea8f168f55d7c590b90e0e3ae53a,5,,,2017-02-14 00:00:00,2017-02-16 03:09:18
ecda151fca6c4703cfe66d0c96b3e6d0,c5d58ec8e7e7184d9a9d42b75ffa002d,5,,"Loja melhor só na Irineu, vc não sabe nem eu",2017-02-21 00:00:00,2017-02-22 01:43:41
b40ae02f2a4cb64ba171841971c3e0dc,74e641936ca794c33828b911b8907257,5,,,2017-02-22 00:00:00,2017-02-23 03:55:45
4543c0d73bad742d9a0a7392b90f6924,6f7626222f2b324b580e36eb22d8bb8e,5,,,2017-02-07 00:00:00,2017-02-07 18:17:25
e1bc9e2f33c3fa1cb40845c285f0c02b,dd359d3c294458c6d642b2eea9212bf5,2,,"Já comprei várias vezes no site ""lannister"";mas
desta última vez,fiz uma compra de um TONER no
04.10.16 e só prometeram p/ 25.11.16 e ainda não
recebi o produto.",2016-11-27 00:00:00,2016-11-29 14:19:59
2ba0e39ea1f450e280e1dd700eb248e3,3f72d2b757e725cd48a4726f831c7789,3,,,2016-10-26 00:00:00,2016-10-27 23:05:25
2d63075ea39da3d2772ac263935cbcea,ec95bda03fcd25491f6e0142ef318ee8,4,,Produto de muito boa qualidade!,2017-02-23 00:00:00,2017-02-24 13:55:07
