order_id,payment_sequential,payment_type,payment_installments,payment_value
3ab4eea6776259ae8dfbabaeffece352,1,credit_card,8,387.80
a8c012ba7d95bd2d15f666681f19c146,1,credit_card,1,41.42
3b697a20d9e427646d92567910af6d57,1,boleto,1,45.46
07d13d352c85dfbfa60dc56dea818335,1,boleto,1,32.62
94a71bedec852e752e86d530d03d6061,1,boleto,1,31.86
c776863a93dc0740c6e7d78104b21413,1,credit_card,3,264.08
c8ea1ac95f4f994f94fb57e99dcca985,1,credit_card,4,49.01
ed90ba41c41da31da8e891ff43a584d1,1,credit_card,7,156.22
af045d3e5d7082db57d5b5dde3c0c97b,1,credit_card,1,41.42
5d5b8c94e2bc6b963da5af8a4b02bf08,1,boleto,1,80.55
dc70f94b8e8d37fbd4fbc0e31a008175,1,credit_card,4,106.32
0fa927b252421189a0e0d5725fb3832d,2,voucher,1,103.79
bd0f032970584aa4a5b78947cb63e455,1,credit_card,8,181.10
9c54a1816e487456bb7eb5082b9823ff,1,credit_card,1,2.01
3ac963599c50b9beedbcebb47eb33af9,1,credit_card,2,123.04
c9677a4babf96837ee697317b7963a92,1,boleto,1,32.77
69ab7fdbd887d055b05826a8cc5591d7,1,boleto,1,28.62
2bdd95b017c58f97f4e735116e778d28,1,boleto,1,250.04
1207b88243115c9eafb9931bc2d0b59d,1,credit_card,2,133.05
a8a2941e92152e0edc39bb862cd6b6e2,1,boleto,1,50.86
ba3d713d46b9dadf35bf0ab911b06408,1,credit_card,1,85.60
c504b1d68ad8d98a627dadca7ca53673,1,boleto,1,38.42
d3f7c0e804b501782903f7af749eb797,1,credit_card,10,784.80
e54493dea108e0cb48f3571e1249d418,1,credit_card,1,111.98
c8258090bca7cc6a62c1e15d7fd995d4,1,credit_card,2,150.99
e0e8bc6045cfe08b087197d81196e339,1,boleto,1,164.53
ccf15697e8a9c460dd3bab4f04270c9b,1,credit_card,4,241.61
56a726fa0f40d3678696e62aaed9690d,2,voucher,1,33.05
6706f390222e7bc202b12f387ecd6e29,1,boleto,1,60.65
058afe6c6322b4773393a66003934493,1,credit_card,4,245.29
7249fd69ae42373a6a357567e41ecc57,1,credit_card,1,110.70
ccc1002577e950545f551f79bd3cf01c,1,credit_card,1,40.86
08432abcf785878edf1221a0611960ea,1,boleto,1,47.18
fcfe1ea18aae8ae4a08253fd4060a763,1,boleto,1,82.97
fad93ddceb5b210f71589b1e9258a110,1,boleto,1,102.78
d1ccec3180d63d8bfd37f65d34f07da5,1,credit_card,2,27.67
a41c8759fbe7aab36ea07e038b2d4465,1,boleto,1,53.73
0cafd6a7576a6aae0f891008a87f1546,1,credit_card,1,10.90
b3e176098b9f9f6122d37fa3cb06279b,1,credit_card,1,66.65
27c7c6aa7b6f3de99d2a3a64674d296f,1,credit_card,5,123.20
b6659c7944e48c1be78a188b4d51dbeb,1,credit_card,1,40.05
775eb0ae1891c8dd8f12c2f8c6850006,1,credit_card,8,1326.79
329799621fa31033287e1294f418de06,1,boleto,1,141.47
989788f1c17a087572e29eb4fc130983,1,credit_card,10,103.11
9a4ae4d5c3a3dabdf42e5d7ec4203ed2,1,credit_card,10,197.91
9a3956da42c0f49603a35e901b6e1fab,1,boleto,1,31.66
b88cd65e1d90bf6e185bf9b6f0b614cd,1,credit_card,4,40.86
de8f4a82099fe4fa6bcb8952ca51420f,1,credit_card,6,64.83
35444785eacb17aeda6810ebd8dd188e,1,voucher,1,67.96
a8f7a1d76c02dc4a7c5177aee8c2b02c,1,credit_card,10,236.90
8141520643442c50aa531801cbc79e46,1,credit_card,8,147.90
969a2e70a6aea318567b09b1b165a52a,1,credit_card,2,188.89
e9cd104dfc8837e084c067292c013b0a,1,credit_card,4,47.71
973f596fdd2295f00754dd37ab7eb684,1,credit_card,2,98.79
adf684f287283640cb375a2e8ada8c82,1,credit_card,4,294.42
c1c7631c24af4189464f9bc75189fb55,1,credit_card,1,76.06
676157c2d1075c88ea0009f8d7d2d389,1,credit_card,6,76.60
22bf3dde4d90667a74118fad0041bfd5,1,credit_card,1,64.42
1dd1d53c1ea5df0ef093bf150807315f,1,boleto,1,87.53
b64ac23ab101c7a751f630414df68790,1,credit_card,5,667.88
f3f12fc90564a9b036680a887cd64668,1,credit_card,3,144.94
73e934755292def8b6519b03f2230723,1,credit_card,2,49.06
b04bd4e0a1a21fef81b1f24f6fb81c08,1,boleto,1,143.78
04bc36cd51141e11c2cbbd188b6e47ca,1,credit_card,1,58.41
d6f83d3377bbf1697831ea355301fb87,2,voucher,1,113.18
09e6dfb3a40d9c2e75458a76ff06e2d5,1,credit_card,2,45.86
b063bf13bfec7c847d7a6bdb54554c00,1,credit_card,10,104.79
85b58bb30d219374cf9cfdebbc5fbb69,1,boleto,1,71.71
7004296aa0256632eaddc171edaf727f,1,boleto,1,19.62
e72b2b30d599a41bea8514270f6b8930,1,credit_card,3,141.23
5965bbd72c3ca0d9634419437ca53897,1,credit_card,10,147.99
6d17df1418ac08da686036d2a0359f5d,1,boleto,1,85.60
966f96af9d189dc428ff04ebbca821b8,1,credit_card,3,142.34
fdc45e6c7555e6cb3cc0daca2557dbe1,1,credit_card,1,112.46
bd4b5585c4d7c16db3fe69d062fcafb0,1,credit_card,1,49.74
204afbf2adcafc867358369a658ea7aa,1,credit_card,3,121.34
8a027244dea2edca1449d9150e74eb45,1,credit_card,1,119.52
b60e330e00299aeeafa976b885447190,2,voucher,1,100.00
f9d5369378902ad40733614f75fdc908,1,credit_card,1,41.90
b11356165e2d19ac9c425e2f38b770e3,1,credit_card,5,327.77
25f680bf746bec3df11d48318ff015de,2,voucher,1,12.19
71d85c2db870a3606e1ef292aec2d5b0,1,credit_card,2,74.74
ef8c0e8009daa5ba8b92359799980139,1,boleto,1,102.23
2c173fae740c25aaf8668bc3eeda0114,1,credit_card,1,35.96
188e8c3184383f5eee9e40255048191b,1,credit_card,1,120.84
0650ef96422834cca0cc7799efbf6307,1,credit_card,2,118.88
1b3d11cf9f92c0f7baf627ab059621f8,1,credit_card,1,16.71
55090b3dd39aed5a2019b57cce6b174d,1,boleto,1,125.09
9a3966c23190dbdbaabed08e8429c006,1,credit_card,5,4042.74
3630513f30286ed696e4a2e36c79ae3c,1,credit_card,5,105.74
0e4ac54a7cda0d985d64f8cba6f963ba,1,credit_card,5,206.44
5965b589a33443dd1f820eb7df39762a,1,boleto,1,19.62
012973f4cb6743d00d7e2644ddc8804c,1,credit_card,1,33.32
bfbf87cc2829df6adac299ab0cc012bc,1,credit_card,3,251.82
c6eb5dced200e49271f44b142658b6bb,1,credit_card,2,41.93
88f2acef90e7ca305b8b5db51dd0be27,1,credit_card,1,85.15
5102eb8dd13b0cc9991a7686a229e96f,1,voucher,1,35.96
7142b298b22a79a285d2ce792dc533a2,1,credit_card,8,621.21
6d649c890e34db80ede180e9497aeb6a,1,boleto,1,145.92
c4b41c36dd589e901f6879f25a74ec1d,1,credit_card,1,18.62
47cb859a7f526319e3da0015c15c3b1f,1,credit_card,12,362.63
5c1da208717de55192c6556da7d1f0c1,1,credit_card,1,69.04
54bb06e1ca86bd99ee2a8d6288bf4ede,1,credit_card,1,90.23
75fb23d26903b71ce3dd550ae22d2cc1,1,credit_card,1,61.02
76774c936de5cb5a431120fde98e40da,1,credit_card,1,141.37
033a79557b0d234035b38da3be948574,1,credit_card,5,59.35
ed6878f64d1bb00f07e210dfaaf9e4d3,1,credit_card,2,75.73
7d09e4056c3bfda6715955ee27a98e5d,1,credit_card,1,3.22
0f3827e8b786c3d934c0863c1690603d,1,credit_card,1,117.34
b9763fc50599a4ba2c2405513546d844,1,credit_card,5,54.42
f9fc6b37b2a3a42ef88b609566e731c0,1,boleto,1,131.44
b42efbd88abf3882f91928b08cf74d6f,1,boleto,1,113.86
76279ee78a4924f44a3a83ef23b169b8,1,credit_card,4,207.58
571b3d06ddb5bba38fac92f4da0778e7,1,credit_card,8,176.76
db7d019ce87ceb1539bd37353ab408ba,2,voucher,1,100.00
73e0c0e9d14c86750d2df4a0d74eff29,1,credit_card,4,49.42
22474d84064cd7eb4a907ba3fd8a6398,1,credit_card,4,296.78
beeff7037aa708c19973290382629a4c,1,credit_card,3,222.85
0fa927b252421189a0e0d5725fb3832d,3,voucher,1,18.73
6ed4f19dc97f2a4b5d0f15651247dbca,1,credit_card,1,98.31
87d1cfb06abb3632d70f55d8b2f2735d,1,credit_card,2,111.21
aae373a2cc64ed2d1f262aa56e70b7e8,1,credit_card,1,37.96
54b74eb9e20b816d9cc07605650b592c,1,credit_card,1,95.27
cedfe51bd6a794860c83382885f2328c,1,boleto,1,41.93
6225dae3fcc1416785f294cc07f2e4db,1,credit_card,8,278.07
ed2df92b95519613e72472fc57654e32,1,credit_card,8,81.97
d44df0d4c71052d8b2a3bd5c50bd42b5,1,boleto,1,84.99
4ba4f54f9d165d6e980bdfdf8b4c4d11,1,credit_card,1,79.62
1b3d11cf9f92c0f7baf627ab059621f8,2,voucher,1,200.00
c6e85bb83d4a4831b79ccd25b2b98cd8,1,credit_card,2,59.46
337788b92e1812c7665aca6fd8b611e8,1,credit_card,5,51.16
015fb6b5f739788434fa690540f90f19,1,boleto,1,475.96
9a3e437ab219133c20a7033be9087edf,1,credit_card,3,164.21
2b9781917af4a7321519dd1db68cb72b,1,credit_card,3,36.62
ae917963181c56c14f8d0e873b1588ac,1,boleto,1,406.14
719628a909505f12f342015fd53a8d43,1,credit_card,4,40.86
1460b7b8fd63551dc68bfdffdc31edec,1,credit_card,4,103.91
43a5d40681ed4ffe2ed88d6fb2639545,1,credit_card,3,81.78
77e102ecf08e057581ef2ce55c80c6c0,1,credit_card,4,43.62
647cd1d569c405ed9c09cbd6cf0813f9,1,credit_card,1,51.71
ed5c53daefe487fab95ccd2afaf61bb0,1,credit_card,6,76.74
8b93f79b1a4d6b3388dab2356493c0b3,1,credit_card,10,159.94
84d49379a00e593760307d4eaf2733da,1,boleto,1,64.32
d01c0baa4630bdd8a5d0266931837209,1,voucher,1,197.49
2b2b7a9693cc4ebba06693c88e6989d4,1,boleto,1,181.98
e48db3b231e0ad61656e81b4c9311dad,1,credit_card,4,80.77
35b8e54d765e6b217e2dc5ab34f6b323,1,boleto,1,218.87
7090c88db4158f89d839c794cdd73272,1,boleto,1,82.90
d9264b7ce5f860c5b8d439f2e77bbc40,1,credit_card,3,152.35
77857b5f4745e31dcc0626a9326f6543,1,credit_card,3,210.11
76c6e866289321a7c93b82b54852dc33,1,boleto,1,35.95
8c0819345572d0da947e64bfdf38e3d2,1,credit_card,4,57.09
610a60d9a69cdfd91aa5dd5a26d4ce95,1,credit_card,1,63.52
a08d1f4b300c3d7ec52f5f9a74234eca,1,credit_card,1,57.06
9656510a0f73952b9c305fe0bd264056,1,credit_card,10,136.04
12ca240539e7029e0328f0a410c12ad1,1,credit_card,10,297.91
3b2ca3293a7ce539ea2379d704fa37ce,1,credit_card,5,184.87
4724d70419b2219c68e4ae60a03738f7,1,credit_card,2,135.73
bd7585a77f0aa76b3775bb68fb293356,1,boleto,1,30.81
6c7481b5566c6a3821a91a05b0f9f7c8,1,credit_card,3,74.49
2deb17060fc1ce18a85eba953ddcdeaf,1,credit_card,1,35.86
f7a4be4d6edb66bd0e62e91e1bbc9061,1,credit_card,1,66.99
d3c8851a6651eeff2f73b0e011ac45d0,1,credit_card,1,299.84
47676a246458b42506986a0c5b9dc94c,1,boleto,1,127.50
f40f7c7b33563806cf705cb088c2cbd3,1,credit_card,5,118.03
d35303da51fb552fc8fff1ff2757e44b,1,boleto,1,33.42
792295382332f1170f1edc45dfade051,1,credit_card,1,219.58
1064f13c0d4e68e4ef47a2a99cca15f3,1,boleto,1,145.57
63638a6806d67773f3adba8534553fff,5,voucher,1,34.19
625b3ac41fea45dbd5aaa02d0941ee59,1,credit_card,3,114.77
d34e369fbc5cb753012079961b615121,1,boleto,1,39.42
8846a9571a893b22eb57d4732b978bbb,1,credit_card,8,425.02
22929eca5fe4738503a332952b9bfbab,1,credit_card,8,185.88
2f8f31eb2f7b6572836d662a6625c8e4,1,credit_card,1,127.58
84d8cb80e8228cbea6d970499c3ce3c3,1,credit_card,2,313.72
5ffc7455c07cb79260d36024277e417a,1,credit_card,4,49.04
f53f689b6008c22da247ed23e3c0b685,1,credit_card,10,208.59
4cad943ab8ba8479347dd102125fa87b,1,boleto,1,118.90
f4e27ab53e927651894a4f69500baf5b,1,boleto,1,106.20
f4e88b3ce1eb899d388467aa702fdf93,1,credit_card,1,20.71
be09f109e6aa72ccad1f72f521f8d525,1,credit_card,1,128.00
0b3407e419ef6be66392971885acce73,1,credit_card,2,577.60
3d24c492f9555a79d4d6fd3a22fbee1f,4,voucher,1,10.49
464de32dc84484c1d26df3e8e38e708b,1,boleto,1,15.62
06d7e8a85f5cfef576c5303ed7d7f2e5,1,credit_card,7,72.02
58a4317c14bcba43d0cf161f17e9db2b,2,voucher,1,12.95
3a8fa2133fb96a04512604d9c32dc7c3,1,credit_card,1,134.60
500e2838d85214e92e2c15b2fd5303b7,1,credit_card,1,60.00
aa799c67bfe59b0de24f6db1dc1b776e,1,credit_card,8,240.40
882c1e2076610adab15e5a68430d2180,1,credit_card,2,276.84
f97e435076c45487417ce991028f5445,1,credit_card,1,50.70
b1d88d1e4179448cac98b8d433e23316,1,boleto,1,107.37
48275cf565f4ea4f291da07bbbc7d330,1,boleto,1,101.28
98beb6d036255a151fd6d5000ad66da8,1,boleto,1,72.60
44e57ef48e2045411c809567c0db5628,1,credit_card,1,34.86
27863884193fa88ed79c356f4f568fe7,1,boleto,1,78.99
df6e0cd0f23b4735b02cb6d9279bb310,1,credit_card,7,372.64
683076b91bcaf79259334f6aa80d41a3,1,boleto,1,43.05
5629fdbbd11b9755743ba8b8f517f8cc,1,credit_card,11,113.46
09f58c00f941827ab206de7796785e44,1,boleto,1,17.62
56ef80c564f6fd57cc662adee0379746,1,credit_card,4,49.42
40599d3d28b75746952ded75566637b9,1,boleto,1,20.62
84e37af08e63ea7261d22a0af81e73cd,1,boleto,1,87.51
4079df924e51e553825e62f9f8995d59,1,credit_card,8,239.90
53d01d5ea7c4979fe175f37286263091,1,credit_card,1,84.16
f63be24880200ae32aa24f5b458a3dc3,1,credit_card,1,147.99
76bd9ce8aa3ce93bd913f3ec17f66790,1,boleto,1,87.37
588454faf6ae4ce8b0f387e19b7115a2,1,boleto,1,88.29
4269e9f98b1e74f0732bc93de6aaca6f,1,credit_card,8,331.21
749fcca936a6d6cf6373d2b6f7d72530,1,boleto,1,39.77
2a9d70160f5851dffc39e01a5486fb62,1,credit_card,1,66.73
23a5902b0758898d64701a3c89af36f2,1,boleto,1,163.75
b8a4cbf978ddb7ef0264c480a122329f,1,credit_card,1,15.71
3d7e8f32f5b59e005ccfc1076b4040b5,1,boleto,1,85.08
171398a0cd843c65ac78aee9e05a1f49,1,credit_card,5,378.61
9c1ef8552f9a1af4860b014689f6be79,1,boleto,1,28.64
7a125641d07db9def010cf07e54913fe,1,credit_card,8,139.89
ab27a99818cdb3007d7a107f62ab4aea,1,credit_card,3,34.55
d2d67121a09535b3a7b6a000e58d8625,1,credit_card,1,65.46
b4a600b2f7cc0efe40a086465eca8799,1,credit_card,8,709.93
afa17ebff8d7e00d7c9e04860c7ddcea,1,credit_card,7,79.61
fc72d25952f5957a412411253f5804a7,1,boleto,1,64.51
6d646ecd1e4497544257783077e9ce14,1,credit_card,8,81.69
3d7d60b10ba4b43cf6f6d5df2e933f67,2,voucher,1,3.47
042e247be09aeae88a74e35766aa03ca,1,credit_card,5,153.32
6bc3c200db7e637a78b05d8984dcf66f,1,credit_card,1,13.99
ce678bd6591f2487c9b4f5af45b4619f,1,credit_card,1,419.06
dcb296c70aeeb58ba29143cc4f336e9e,1,boleto,1,74.49
055eb7e5645d86bd278fc4f419622e8d,1,credit_card,3,156.08
9980c5519e01cc5a1c1c35bd247bb499,1,credit_card,10,216.60
343d749914bab05f8c752813a075ef36,1,credit_card,2,141.23
2511cdf205337513507a1863f0098d39,1,voucher,1,107.58
9b91ddcbd6cbceb83d4fd2462ca1f95e,1,boleto,1,19.62
aef214f769de82d355c5d2ab49e15891,1,credit_card,2,47.54
b626a11507dbce56f74a5b1b1a6af615,1,credit_card,3,37.95
475f773f6c0d909e49b758adb2401e3a,1,credit_card,1,57.90
e90f9a57c17a06b37c5830a2ab1bd209,1,boleto,1,611.56
7ead6c8726098bd70de2b16cac42df74,1,boleto,1,69.94
43d29c6fc78c31c80080d85e5260a9fb,1,boleto,1,19.62
8fe36dfd03ccfe3ed3d492c146705b9d,1,credit_card,3,111.22
7a094f321857b6925fee399192bb5ebd,1,credit_card,1,41.93
f0704d8911f0469d5abbaf6096052409,1,boleto,1,199.44
e1000df659259b29cb73a4798ccd7454,1,credit_card,1,84.59
f21167a5141522821d54a766a2a54ce4,1,credit_card,1,55.95
51725d3e4bdfc97e28b40543310da8a3,1,credit_card,7,149.54
b07a6274640ebe112c2180a18ea07b3c,1,boleto,1,69.70
61597f05faaa90aa4bdc03d88668ae6a,1,credit_card,5,226.25
aa4f1c4318226e2f86adeb5578d8726b,1,debit_card,1,138.49
090e9f5faaeef6a858eb1663e67c0838,1,credit_card,10,195.43
0bda8164c1a12b6a388ebec8559ee287,1,boleto,1,15.62
3a3c98aede7994faf4c5a37cf27877d4,2,voucher,1,299.89
d573a47c29466bb2e4e46aef0ff04f23,1,credit_card,9,984.26
e068276f5e75a66212f75b84ebfeaccf,1,credit_card,1,56.86
cb2b577a4ebd84bf84ff3990084d490f,1,credit_card,2,149.91
072e34b42ad90d7472e9a798f19a6bdb,1,credit_card,8,85.60
f2e15e1de54cd372765716e6bbd61fa5,1,credit_card,1,118.28
b4c24344dd0972f479220d8479be6d34,1,credit_card,1,91.85
b92e445b2b63be72a4cd1001e20826bd,1,credit_card,10,176.76
d62c14881563a74903e7d10f685406aa,1,credit_card,6,87.83
3e9334d33c1e64167920675211fb1aee,1,credit_card,1,65.11
63638a6806d67773f3adba8534553fff,4,voucher,1,10.56
f7310018040436b01ab03f81b301b5de,1,credit_card,10,363.39
3e01e667dc4b025af8c5eb4f606cc7a1,1,credit_card,2,416.49
3578f604ba267d1491f68d8f929dbf28,1,boleto,1,49.42
3aa0a75931f649d9e3e83aaa9d6a95e7,1,credit_card,1,268.53
11db6666e1dbeee776c8e15fd0792c4b,1,credit_card,5,55.98
abfb34ed11820c7247adfb30fe5bb7ae,1,credit_card,4,371.05
00b4a910f64f24dbcac04fe54088a443,2,voucher,1,48.05
616f1f539d7add607844e0199fed7ea6,1,credit_card,1,61.42
3eceaafe1639eb6b25f3cd604891c218,1,credit_card,1,45.52
3b64ff25a4610fb5599e4fd09f907501,1,voucher,1,162.10
47378b461210a310c95e17323f7dd726,1,boleto,1,144.14
682e90d16332af76ecbdaee2e0c74bf6,1,boleto,1,637.81
9abb2627b40ff1591e62553894e6b312,1,credit_card,3,127.41
d53f7d65577d2f334537bf228afb6116,1,boleto,1,257.58
5a1b8ce8aee70bd3445109304936c826,1,credit_card,3,305.44
59695116e3986b9eb1eb35d5d74e728b,1,credit_card,4,47.20
f8ff98a36706c66da3a3f060a0ec3141,1,credit_card,8,464.29
75de6a99721eba5ffbb4c4bd2fa0ee07,1,credit_card,1,117.82
ed2ea4498bcd56d90d461a23fa47ac56,1,credit_card,4,40.86
3d7d60b10ba4b43cf6f6d5df2e933f67,1,voucher,1,3.02
203f106e5b8bad1587426f019709014a,1,credit_card,5,89.56
9c54a1816e487456bb7eb5082b9823ff,5,voucher,1,9.37
640aef9709beda161ca0b5af58ac437c,1,boleto,1,286.55
3ce4038922670fead496aeae61a8a393,1,boleto,1,19.62
01ad4f241a16bff724de081b558f0f4d,1,credit_card,1,327.28
f39e2e45839475f6c0afc38589749f69,1,credit_card,1,408.99
e9977cc6d0f97447ef0f4fcc2e082fc8,1,credit_card,1,85.15
5dc269b7c4dce1624653e914a1b739f5,1,credit_card,2,88.23
72af4684a55d706d5e011f13870c0648,1,credit_card,1,46.86
942cb81b8e0a2f33510159729f69d8b1,1,boleto,1,167.32
8cb07e7e810ad9e5f33062cb4735d488,1,boleto,1,38.42
74748a8ba7d523ab46fe3354996609f6,1,boleto,1,257.02
17fed53ba6dfef9b594ee2268642e2aa,1,boleto,1,18.62
27cbba95b3a45285af049060be4d4d10,1,credit_card,1,352.29
dff20979c5b8b4378f7e769aa413390e,1,credit_card,6,87.27
6eb51c1c9c69f78ea9fd4665fb98b7d2,1,credit_card,2,74.76
6561b237241a2fbd514d45440cd1b349,1,boleto,1,118.88
99e3f90c535337b45eace6f8a8a9400f,1,credit_card,4,95.00
250d181fa1c603024562b93a8f8d5fe0,1,credit_card,4,303.72
b7026ba7432929d99880463305b8ce98,1,credit_card,5,162.60
8bac7fabc9ec56a6a0a9b74619dd30b7,1,boleto,1,73.13
5497655681652e7e1306139bb5d04a14,1,credit_card,1,44.42
de1404a068c6c8c909897886a314bad7,1,credit_card,7,87.57
edb2a55c055efbb898171ec9fd840ab9,1,credit_card,3,61.64
6ab63ddaa43a0adec6b62f06e9128af2,1,credit_card,1,38.42
b843f3e786e91ebc527779dc682f5487,1,credit_card,3,37.86
7a18a504c1a4b32d883e68de2e1a7db0,1,boleto,1,16.62
a3e6136894621db402a772c6bc72a12a,1,credit_card,10,256.90
0a1ad2c293c3baacc6b2c2d442c71acd,1,credit_card,4,44.42
0b6d11d4a289a1574e8888f2558dd548,1,credit_card,1,75.53
8c10b4712b6c450e49bcfb6b1e48449f,1,boleto,1,41.90
b4d81b7ba0a5e97d9b77104dc0f3b82d,1,credit_card,1,169.99
d5c48cad732a71a573e038e81d428c18,1,credit_card,3,164.44
06f5f6139b33f53defc64643f1252d53,1,credit_card,6,60.46
9021fdebb45ac827a6033d6969d5c2e3,1,boleto,1,50.95
062f0992a050330334749ffa530fa796,1,credit_card,2,147.99
d7adae346e57bdec9293128a1130a183,1,boleto,1,143.82
c96209cd1d43d071d3bdf48d299b7aa5,1,boleto,1,20.62
31b0dd6152d2e471443debf037ae171d,2,credit_card,1,10.50
9843c2a66fe0afda6509bc4274f743de,2,voucher,1,88.92
34445bc5a6255519c1d230b2231eeb63,1,credit_card,1,193.02
95e4477d8423c69a93c55d840e02d9ba,1,credit_card,6,66.90
1b122a7be89622f672bb41380a83b69f,1,credit_card,6,86.92
bf44408de1d05eef70fb026ba64a90ea,1,boleto,1,21.45
4c379ba0590506b26a68dc00e29ba8ba,1,credit_card,2,122.99
5204d67853f827d1ee32810bf8f2d6c2,2,voucher,1,74.65
800527a0973637e539fec69236ce5938,1,credit_card,1,25.85
1ef09d75953043a71a73428e15bc2f5c,1,boleto,1,176.75
64682ca1db0a46065072f31a87b390f8,1,credit_card,5,132.38
a1284e7f7544a4215fb48331c04fd83a,1,debit_card,1,50.96
7e6b55f6388682bf51a05d8f13c2d466,1,credit_card,5,740.62
2c4ada2e75c2ad41dd93cebb5df5f023,1,credit_card,1,209.06
a2db088616f079ceb7a0e856f8a741ca,1,boleto,1,30.86
60856ac7677a70cd87ad25d9b34d051b,1,credit_card,1,25.96
894edb990c70b85e810f6a5869ed3075,1,credit_card,1,60.42
0bde826daa0bd10393e958cf5d69dd26,1,boleto,1,29.96
e19a1b398beea6784e6dc219eb0a6a89,1,credit_card,1,35.42
d3aa5667ad65af7fa58a5481d0aff07a,1,credit_card,1,87.90
b7624f6b70f7b79ea2b092b6f1be678c,1,credit_card,4,112.99
f31853a4f30d4851c847e4494663e749,1,debit_card,1,176.23
319ccdc182a8c5d60b228310a6432460,1,credit_card,10,709.93
a8305d2dfd60042d6000b3de3bc533a3,1,credit_card,1,74.18
8179e1a142b156c4c24a824d0bf0af86,1,credit_card,1,30.94
f69ae31bce06a78d626762b53067c7e0,1,credit_card,3,173.77
35aade410488cc865a183d6a7fa637eb,1,boleto,1,84.52
79c2ffc2f003219f466be98942ec35ae,1,credit_card,7,83.60
1b3d11cf9f92c0f7baf627ab059621f8,3,voucher,1,200.00
1fb19f4cd7486d32cfc488577cc28235,1,credit_card,6,370.29
668ee4108169a1d58c55b20ddc3fa3c9,1,credit_card,10,118.03
ec7a019261fce44180373d45b442d78f,1,credit_card,1,19.62
1ff217aa612f6cd7c4255c9bfe931c8b,1,credit_card,2,44.23
6feae1bd5cdc1727594445028310015f,1,credit_card,2,53.51
a68667474430fadbcfc1bfbb9e2adc0b,1,boleto,1,32.77
b9581bf1b646f4fc021b131e1ca4d034,1,credit_card,1,77.54
e19721a12bc1caeb2095db14d8d6fc4e,1,debit_card,1,87.90
de81104d0d1d1a5d4dd09e89a7ea4cd1,1,credit_card,2,136.04
e9740abcb66dbd659a343d7fbf2af04f,1,credit_card,1,56.18
49b40d0575b7f9b42d51d5faa0aab91a,1,credit_card,10,742.88
f001655c8c646cd1b5185bbc2e7534f3,1,credit_card,2,60.60
8dc67de08c1738a90e70f62f2920b432,1,credit_card,10,369.78
dceb6ab566e0d15ffaba53ef637afa3c,1,boleto,1,80.33
a83c50dc6af9424ae926506ebac55807,1,credit_card,1,93.85
6f7626222f2b324b580e36eb22d8bb8e,1,boleto,1,182.89
f451f32b7c863ec284d824a449a407e9,1,credit_card,2,118.88
ee12a50463df80c62439cca9feb9f971,1,credit_card,1,3.14
3c6f2c25e0bc1279d17395ec365ea14c,1,boleto,1,60.95
fe9ff842f65047f5a82c48905a18cc98,1,credit_card,1,18.22
76458889992169d3135b264dc13aec67,1,credit_card,2,85.58
423557ab2406aca36516f1d1b9765ae7,1,credit_card,1,119.80
d7449e15f5045562074cc57796341cf7,1,credit_card,1,222.27
ab0c90a5da04e0132ea07c113bedec0d,1,credit_card,3,77.52
c9f7bcb4ff5c6c8e661cb6cd7fd0974b,1,credit_card,2,77.99
c5d58ec8e7e7184d9a9d42b75ffa002d,1,credit_card,1,66.05
c933809ecd707fa9bee6a810c2999471,1,credit_card,1,179.01
b95df3cef5297e79ef709ba256518f6f,1,boleto,1,363.74
4aa95ac048b026918957d83319f5eca6,1,credit_card,2,118.88
0c3a7b14aa5e70ef5991122f6bb552de,1,credit_card,10,154.66
a7b6b0d33a2814dff897167e737b22c8,1,credit_card,1,113.86
1973095f2596945f9dcc773608d8cad2,1,credit_card,2,69.04
23b051786ba773bb672b5c49456b8511,1,credit_card,1,74.49
a59fd1b51d1198a8845cfb665209ea4d,1,credit_card,2,151.37
a01cc79e3afbac4a52ce1d528080e438,1,boleto,1,28.46
cfe9a2c324eefb180663116644e4f171,1,credit_card,3,605.70
2f78768fa4786d3f20e9b6f95d73207a,1,boleto,1,154.54
8fb030b413de395dcbb7cb1a3c9b256e,1,credit_card,1,214.09
df8c077268f7f3baaac0892eb3143642,1,credit_card,4,174.54
6bf0953ea2856ef95e31030263eacc2e,1,credit_card,1,32.62
de59016b99422f0bbd7e51a301bf2578,1,credit_card,5,52.11
9315757eaf0e782619bed131508dbddb,1,credit_card,6,150.46
5c5c9fde60ffb741545cf2608e8c12ca,1,credit_card,10,613.78
2867faaa7a912bbc2bf8d8e40d7a0354,1,credit_card,1,138.35
71d1d659a3fc76b377ac21af193fae99,1,credit_card,8,527.77
35aa6b03b34d8d0a5c1eaae2bb5fcf76,1,credit_card,1,64.51
70d0dedf8c23e2cedca5915427acd101,1,credit_card,6,185.26
be46fc2896fdd32b6e696f7fe8fe8482,1,credit_card,8,169.01
765388e7b3d416ffe810ade706854872,1,boleto,1,148.25
c13e334a4d2b0b11e6422e69d009de0c,1,credit_card,1,50.01
3f913d30288c117e41ffe5cc74743dc9,1,voucher,1,50.63
ac7735eec51a3fe9e31e51210ecbad34,1,boleto,1,98.44
c7da1b57f7d2251252370bc7d94168fe,1,boleto,1,38.00
6444228a697a97d50b23bb9fd5c7ccac,1,credit_card,1,80.77
3c2a7cc75899d6a06e8735da9b7fa302,1,credit_card,1,21.70
1b4f84742c7c3d03f7c6d519212514ab,1,credit_card,1,32.96
59fa27082bb77c5dbd8a6568f3b34380,1,credit_card,1,144.94
0497899302217e8f8ea8645ac33c1882,1,credit_card,2,121.16
3385c99ff53af3e0f1115d79f6165d6f,1,credit_card,7,367.20
916f5a97fd2a0dea046534fac1fbbd88,1,boleto,1,84.56
5d97051b2fbe2d850d8c195e054735b4,1,credit_card,1,83.00
f313be47c42e07616027ad6d6ac3034c,1,credit_card,7,74.49
721e8bafa01037b2af767f8de9617d97,1,credit_card,1,30.11
f8156c3c902b5ae88ac59a6c7b28f72a,1,boleto,1,60.64
284039cca9a61886953286f5dae55fdf,1,credit_card,3,217.00
4ad8cbb7faf3db8150935f1f06b16663,1,credit_card,6,208.16
f2b69dbd4bd28b5f76698636258902f2,1,credit_card,3,166.30
200f4d883fcc701355e46b8c6035743f,1,boleto,1,169.40
79ffdd52a918bbe867895a4b183d6457,1,credit_card,10,319.00
f7a13f20a5890267b58c194a333edfe9,1,credit_card,2,75.96
1308f542d82d3b18c50659be0f12a323,1,credit_card,3,95.10
28763f36038db84d7ab6ff7b3ef9774d,1,credit_card,1,81.00
abef8b5d0f7fa066c7473db7d650c870,1,credit_card,1,452.72
1a2b0033f0b7a3116f00594ec5524344,1,credit_card,3,87.57
3c5edc9665595ab8ab9bdd6c5c4a961a,1,boleto,1,1317.36
aa58df9711205e09b4ef6d704db7871e,1,credit_card,10,619.46
215235517f0e156724a0ac20bc1076a5,1,credit_card,2,132.13
5dcaecab15d20be174a67f4f5392cd84,2,voucher,1,215.66
91735aed391322fa8924dbce615566b8,1,credit_card,1,56.86
e660da13091dbe48784500c1c3e2fb75,1,credit_card,4,256.06
24523db64c1af3f40f27cb4416fa5ea6,1,credit_card,3,147.08
16fe5fdb7f5aa0c9e841387dfec29821,1,credit_card,10,195.70
03128233e78ed8ade6738f2043f4cf8d,1,credit_card,1,72.51
d2dec7f70a6ba38a5391914f927ec6c9,1,boleto,1,1101.83
0aaf52291c13507e7fe4f565f079ad9a,1,credit_card,1,0.96
51eb3e42940efb2afe2e7546e8bf2f5d,1,credit_card,2,44.72
6acecf438369055d9243e121045cca74,1,boleto,1,18.62
ffd5efbd46bbf72ad374862a05ef4c72,1,boleto,1,60.42
971d58b94f7bda9a79f4847e1509a433,1,credit_card,8,83.89
a2e4c44360b4a57bdff22f3a4630c173,1,credit_card,1,61.62
94b9fdffc1d9b49273c91598fc0dc5e6,1,credit_card,1,55.87
f8cda48c65da1c85ccd132545de55a79,1,credit_card,1,46.71
cd6f777c4734b77c8f01725d6a3500c0,1,credit_card,1,55.91
9eca84d28a0c3cd0746a25f588705d30,1,credit_card,2,79.04
1306d7999cdd320272eeea20f5768b77,1,credit_card,1,41.68
b0f913cb83681e8a8563b96b641b3e1b,1,voucher,1,13.51
753aaaa715f963740a358c291bc79727,1,credit_card,1,144.07
ebb5a074406776ad07439bc2049c1fe4,1,credit_card,1,65.55
1e69dcdcbc094d39d6ba64248af906fb,1,credit_card,3,186.49
14946316e496ee502d12d8fae8ef7d75,1,credit_card,1,50.95
798ad597febc1c2ece313c04fc33d6de,1,credit_card,8,214.54
8729a8f7c27d03afe731463091711489,1,credit_card,1,152.12
91750e4d3d89e619cd557a6da400be06,4,voucher,1,10.13
f125b6371382cc34b5bcdd6405152d86,1,credit_card,1,32.86
399775d0638168dfd529422f995fcc41,1,boleto,1,259.99
f06876678e6f65feb46836d048f45a85,1,credit_card,1,113.86
4418075144d646b6ecb7228571cec59e,1,credit_card,8,109.90
63638a6806d67773f3adba8534553fff,6,voucher,1,5.28
278b6dc641ac6cf9abcfb8b2aa95a0d0,1,credit_card,8,221.84
60e2fe3a23e71c24f3ab0f648ebd6a8f,1,credit_card,2,106.52
97df4160390cf20ee63b032b5a93d0e2,1,credit_card,1,203.73
91750e4d3d89e619cd557a6da400be06,8,voucher,1,6.12
339cfa1a6bf1f4f0c50db99c5255b714,1,credit_card,2,179.30
e81600d4371046078150ab84d31175d3,1,credit_card,10,986.32
6f6b636fb54260d97e6124e137986824,1,credit_card,2,125.99
b607cddb1d5540b72adbffe3ffa05328,2,voucher,1,82.98
66721fc1b7506481ff0d62fefe0aaa6c,1,credit_card,2,616.86
983ca2708d1c50ac99ed54a30ae38d0f,1,boleto,1,176.40
c867dd64bd728f7a87d1c868c7c2c33f,1,credit_card,1,0.39
21862ad09cda6a079859cb1fb77d5da2,1,credit_card,3,176.39
61986df3dc483509b39f7fda7a82c10c,1,credit_card,6,207.99
ca6bd54a877cb432b4fb96afe8f6edff,1,debit_card,1,87.51
bb448c2c512a6883aa2a26cb57b6cf4a,1,credit_card,10,138.35
1468556ad5a95f57ef848cf278d8c6dc,2,voucher,1,50.00
10b6352081cd9c4b594e4be0c491ee62,1,credit_card,2,103.46
51eb3e42940efb2afe2e7546e8bf2f5d,3,voucher,1,7.02
bfd31c6f76ff82a41e7beb05565aec4d,1,credit_card,6,252.19
c96eb9c4da11e7df402259beeb330f15,1,credit_card,2,117.24
ad0d46c22c5a9dd2699f5142b1882f5f,1,credit_card,4,96.93
96e4e8d7578138ee620bd65cced420db,1,credit_card,2,157.94
6b0918aeb353fa97d8df7b685c19e14f,1,boleto,1,161.42
fc79bdcefc8fbd9f44f8cf9633793359,1,credit_card,2,23.86
54c158b7244a2d0fcb90916d6b65ef61,1,credit_card,1,165.78
830f207231f6336678cc44594aa941d1,1,credit_card,1,60.65
b4e9e179195a7cee910bf458c5b6e01e,1,credit_card,1,99.67
6681acf07c66eff9fee173f15b893de3,1,boleto,1,56.83
6f275c944d1814eca6bfbb2bcfa3b0ea,1,boleto,1,242.24
6d04ee9620b18893b53a68b7522f2fcd,1,credit_card,8,527.77
ebcd770a00a9b6ee03235d5db51510d8,1,credit_card,5,163.69
89f586f0cbddc6428831c41c8c333c66,1,credit_card,4,44.49
95e01270fcbae9863423400103359279,1,credit_card,5,115.22
bfa74f7450cf978b57226b70a6a8936f,1,boleto,1,71.02
f9d794ef7ae3d5df8951beb4029a7e93,1,boleto,1,128.10
37d24e9a88068283d102aebd4f765133,1,credit_card,5,107.27
84fbd5c07d190419428197464cdba60a,1,credit_card,2,125.80
6789a1de9a37be580653e51fc6458776,1,credit_card,3,75.06
0e556f5eafbf3eb399290101b183b10e,1,credit_card,5,81.90
f9b03f7a6e5788ffb6cb6b4cd0d01892,1,boleto,1,116.17
fdb3ef83ea6f7bef7d13bdd9b38da661,1,credit_card,2,122.54
faa1515e28c5d45a5bb6fa57bffcfb0b,1,credit_card,1,15.29
340be9cc41d50a5233f4849d93d8d2f1,1,credit_card,1,29.43
f85e82f7a3b6d26dc7d16b7c2c39b31a,1,credit_card,4,257.90
5b1376fe61863fe3508011db309e35fe,1,boleto,1,177.28
452b706af12e25e6c8c740b4dc493ab0,1,credit_card,4,84.59
e3b7896b6e5a82264c8e99a140843793,1,credit_card,3,35.01
fcafab7fc942d51e9f45bfeeb5bb684d,1,credit_card,6,60.10
026b41054c5e6b7a4e94a971bb94193c,1,credit_card,3,408.99
660c604f50fc9edcf854689682d1560e,1,credit_card,3,161.65
91c96626f9e13b1b71a1f3e7ed52dd7a,1,credit_card,3,102.69
5a9f106e9db0c818cee0c5c4a5efb352,1,boleto,1,65.46
0ec04706b50b8bc69a14dff0d6a26f13,1,credit_card,10,536.00
c78634fb21ecbb54b2b2498a660082ac,1,credit_card,10,224.32
c6da623560d211f315e175c9af4c8727,1,credit_card,3,76.50
a891f3efca32da79bccc94e6e69fd3e0,1,credit_card,1,16.96
bda31774eda0320ee68c33da94027e4d,1,credit_card,10,146.01
c13f61a17915a48e0741b02a6b7a3fe8,1,boleto,1,72.90
18ef2a64141eab548a2c46df2545b1ee,1,boleto,1,27.78
dcefbcc0abf928c96a94c20fdae4e85d,1,boleto,1,165.12
af71d2ac9926b3c080b892c4882849c2,1,boleto,1,56.86
0fd3cee523a106ac501c4cf18f56a4de,1,credit_card,1,96.66
77c75c0f9b0b1c5417b62c696c4734e5,1,credit_card,1,55.11
dc5f6cd4492bbffe5bcda9b87856c9a5,1,credit_card,10,108.84
dc18a044b56ed174037ca164cdf2e921,1,credit_card,10,1227.78
24e1c731364b64c76d98e985bfdbef77,1,credit_card,10,175.85
538917e9e6d39e4e2f6d7480f7c2479e,1,credit_card,2,134.77
2a3d67c0d2045bf67abb3d8f320ac29f,1,credit_card,6,93.84
e4774d4c3b28de27487f1caa9de5a6f5,1,boleto,1,387.64
9846cae21962f6c6e65ad2e77d3c2be7,1,credit_card,1,216.40
c870ef6a8e1d8eec841d79b42a6a20e4,1,boleto,1,46.02
ed8c7b1b3eb256c70ce0c74231e1da88,1,credit_card,1,114.77
84705956de681a2d1420bd90d7667472,1,credit_card,7,376.89
b330d4bdde86ff11a726ee57dd2a7d75,1,credit_card,3,266.11
20960ecf3d6ac0b19f3818f15c8e3fc5,1,credit_card,5,58.64
3005c05dbcb19ff903a28b5d654bb1cf,1,credit_card,1,71.71
4a0401b9ac45b7c8c801fe5db8855bff,1,credit_card,7,441.33
29985fe387407ff7f6904b294fb89028,1,boleto,1,63.52
f9b2c72f5d0ba6455790c6e26e4551b4,1,boleto,1,424.00
10990e23642104aa4b9308fbf816611b,1,boleto,1,59.73
fc0973ba8c96e67e0cfb458c1bac3a6a,1,credit_card,3,39.51
ecb1a8e8b5c6316fe7891f7b556fee28,1,boleto,1,86.78
db7d019ce87ceb1539bd37353ab408ba,1,credit_card,2,51.70
57f7bb7d658b442616fce795fcc30146,1,boleto,1,95.59
26ba0c1bad97bbfdcc4419e3ca40d9a8,1,credit_card,5,50.35
678b28f078641e74d50be86b4ecaec7e,1,credit_card,2,56.05
c5e754f77f6f127371e929ccb707fce3,1,credit_card,2,131.05
15b1aceab346b46189a6eea3b6f4b951,1,credit_card,6,357.74
44aa6cb9b49cd7412acad36a95e32212,1,credit_card,1,75.48
b0cfee6ce5503781be6004e0e31e4309,1,credit_card,1,116.17
4a484c46ae5f093eca638e3c55d3dbc2,1,credit_card,10,255.83
8a2c407ae60a30f282158e16de83fc2c,1,credit_card,2,114.77
80e9acbfd99b46609bded7263945fe15,1,credit_card,1,53.00
e2144124f98f3bf46939bc5183104041,1,credit_card,1,50.86
38e2829123a2bd1cbe111564824d0abb,1,credit_card,4,239.64
5525c00bfd980bae1cac46f7dcf88224,1,credit_card,3,87.27
f688669f48063536e082bb32d634cd46,1,boleto,1,111.22
591634e3db632b8d5a60099a1b81cf7a,1,credit_card,3,34.51
b582532527260a8be949eac9f4d0ccff,1,boleto,1,76.51
d8a40a1358d3b2dca231abdaa566b054,1,credit_card,1,94.12
31b0dd6152d2e471443debf037ae171d,1,credit_card,1,60.70
67418605ab8f9414a2e238bbcdde1312,1,credit_card,1,139.89
b5c037cf61074d84c0a994fa0d024064,1,credit_card,8,387.50
587d1c2d41167fd632fc7a7e6e6d03a4,1,credit_card,6,76.66
3c4f38e27c5f6f27be39c8a2932c43e1,1,credit_card,7,370.72
d184a50b5e40af5b04c71ea71a0f6637,1,credit_card,7,350.93
8c482c28bfcadc891bc37e13dc7ace34,1,credit_card,1,50.06
de05dd73ee1b5a964eaa56f814c49851,1,credit_card,3,35.95
d9515cd3ca09c7b9b751f077d2adfc84,1,boleto,1,735.00
4152a677b7acfa7fdab8dc8e1dd436eb,1,credit_card,1,216.15
1962f977f7b7b5eb73a3c2c39bbc93b5,1,boleto,1,32.62
f51cb113ad5e21bc6d8082bc824fb25e,1,credit_card,1,194.01
a89e14734d926ba4f06da4c653abf873,1,credit_card,1,98.84
ff42eee9423ebc7d468a3709e1cbefb7,1,credit_card,1,149.57
55b2e390d5d80ada31ad1b795ebeb087,1,credit_card,6,131.40
8213bc96304fc0881189c4525f3002f7,1,credit_card,1,48.55
fd4b04818375a4ba579a80c8d37f1b24,1,credit_card,1,42.42
1a9c245550ac4d57455c5e25c866cad4,1,boleto,1,124.18
2f371d97b4ea52be4c04ef49bb4f31ff,1,credit_card,4,346.38
9ee53d821aec1c97d5b1514199c74c27,1,credit_card,1,34.86
52fd8c890356febe4f78b653ef130cd2,1,boleto,1,39.96
6146a7dc414dd1510ac54aa29c2311ed,1,boleto,1,50.86
2e7a8482f6fb09756ca50c10d7bfc047,1,credit_card,1,136.23
e01e0edd184fa69973f66cfc1fde15b3,1,boleto,1,179.83
179b8db66f5362945c237b68bc358a77,1,credit_card,3,97.99
0dbfda5b69f9f25250969962f70929e9,1,credit_card,8,190.28
e224d9d6fa66b26b8b86e73d2852136c,1,credit_card,8,374.28
835bf4777ad72891587719f1098e3528,1,credit_card,1,41.93
0957ed870116e596b800540427c61497,1,credit_card,4,157.99
8c98ea8f168f55d7c590b90e0e3ae53a,1,credit_card,1,193.30
4eb2ac97a426c7f771f8bb1ef6ba5771,1,credit_card,5,111.01
f40d3749a6d621bb95be74a8ce79e06f,1,credit_card,8,1347.96
be5bc2f0da14d8071e2d45451ad119d9,1,boleto,1,39.09
38eb881851d90ec36b46d10b81792089,1,credit_card,7,72.18
27b01bbc397d9282e115008e0d914f2c,1,credit_card,1,55.99
90aea7c4e52538a18cb9bbfd16f09185,1,credit_card,10,979.91
c253cb678b5c3b8e8c9a13fc97d8e7f5,1,credit_card,2,36.94
a041155864e5141116458291313b35c2,1,credit_card,6,117.86
d94b232e72e4c7c22f765be9ee391b3f,1,boleto,1,37.86
2d53b54fb747893711031caffe615f9c,1,credit_card,4,242.99
a9b1166b05c95760685adca729c66a40,1,credit_card,1,107.27
5fe46d14177744ae2180101ce19bb414,1,credit_card,2,41.18
d568f094af70874d55d22a89e093fe18,1,credit_card,2,160.77
dd480c63548e3c0b7219520e3784ebd2,1,credit_card,4,201.47
f7b9821d83a86f942cd40560f3c06622,1,credit_card,8,419.06
c5b1a5d21958f98a0c66114d622bc0ed,1,credit_card,1,39.11
11afac295480894b1dcdf9cf95815731,1,credit_card,2,123.25
03b218d39c422c250f389120c531b61f,1,credit_card,5,58.03
99c0817d6ecd5fe55d21540917f1f5f9,1,credit_card,1,64.10
78eff39e81cd88a03dc278396f3cee15,1,credit_card,3,37.86
1069874467b6a425853288c450f68fc9,1,credit_card,4,40.95
0c5d85fbd4b20a1d9d5fc6a29e739f36,1,credit_card,1,50.80
bef761ad270a4c4eb98b46f8de712530,1,credit_card,3,38.96
f14ad4bdd2fd477e4a9cb6e6c990d79b,1,credit_card,1,71.80
3a3c98aede7994faf4c5a37cf27877d4,1,credit_card,1,77.64
5b6bb420d4d6d53ae28c948c9a6b900a,1,credit_card,1,55.43
03679d41c590caa3f9f56dfad35bff0a,1,credit_card,3,185.61
270d816a580cef9525ac73d6c4b87255,1,boleto,1,338.46
b6e5aa946acc4e29e7069510f28a0bce,1,boleto,1,169.23
963030216f9dfae3f21a1660bfed8274,1,credit_card,2,22.93
c1d4211b3dae76144deccd6c74144a88,1,boleto,1,54.51
5bda3e4d7080c484cd646a53165a7892,1,credit_card,1,165.68
164bcbb466afa4e7b9eec1760f0d7096,1,credit_card,1,86.02
a48abf79f4b815add190fb96a34c058d,1,credit_card,2,134.87
42e7795ee0acd43f7392b9f31bb39c33,1,credit_card,5,332.70
ee55010a370e987f203499f435a59847,1,credit_card,4,117.90
126da462f642d99483c0691ac474c783,2,voucher,1,83.39
e121d5d3ae614bc7cbd5eddba13b16fc,1,credit_card,5,119.80
48ae7afdc684e9aff52a26bb84bce016,1,credit_card,5,60.55
aaefff6521e66b3e5c88bb2c93b9bc72,1,credit_card,1,19.21
2f9d791088532b218b41f892cc16073b,1,boleto,1,18.62
fcb5c3253dca0627badc4dc2d5a9c988,1,credit_card,7,371.79
a1031a3fcd990edb954ba03274a2c39d,1,credit_card,4,568.61
cfba3ca25a049f8bdf836baa3b8be493,1,boleto,1,57.10
f7d546d5833e27f1f2815dc05d94b4c0,1,credit_card,1,156.58
8557dabbdacec1a9e250f5e70afe1eab,1,boleto,1,60.65
d16f9a68b1aa5e1e872a86a474930835,1,credit_card,1,29.86
d6e32818428593eefe8ffd7e15acb83e,1,boleto,1,69.02
e09dd765041e9934d762d51ccb26adee,1,credit_card,1,109.40
5cc475c7c03290048eb2e742cd64cb5e,1,boleto,1,82.69
d5ab426a149bfee66ff88db9c6a8836a,1,credit_card,5,89.19
0c4d07bcd65a6ce95cbe8e8e228a98cf,1,boleto,1,44.52
f88aa9b677553d2e3f0e77b495066619,1,boleto,1,60.41
356b492aba2d1a7da886e54e0b6212b7,1,credit_card,4,267.49
db1a3b6bc463c229abf2699244173f49,1,credit_card,1,65.46
2e22dc2fce65e5b9d73a11d717f41724,1,credit_card,3,81.63
c4669e882068cc0ade2697ed2169326e,1,credit_card,8,394.52
985db56d4cabd2577d0960194dd2cd5a,1,credit_card,8,154.29
dd11631d8b02780b78bd97ec44a1ca8c,1,credit_card,10,338.46
f611b669f06123c801cb15f4af16ac14,1,boleto,1,92.11
8e7ef380ad5ae407dffbe2f0826cae73,1,boleto,1,47.42
917ca364b9fb9460dee6ea613ee2a5ab,1,credit_card,2,491.36
fb975e889b11a08705d3b2734b626916,1,credit_card,1,47.02
893dc49276696129a9bf6f2a9fe23e57,1,credit_card,5,169.23
b05922c45fc699ae9049a2c5add3e02a,1,credit_card,7,73.48
5ae7a6fa175ab7b180b6c0142e5466e9,1,credit_card,2,105.14
24040647efd179bd506acacbbbabd838,1,boleto,1,137.50
cd068e0974cffc5007e3b5dcb416da26,2,voucher,1,50.00
a110dc76d143226dd697dedf9f513f14,1,credit_card,2,97.27
46936461f0c4e3c80b9289ce5fc1682a,1,credit_card,1,150.89
15812af232ebe0d344d123c18fde51eb,1,boleto,1,27.49
7d5a1a738b20a4220f8673e0ee63bafc,1,credit_card,2,38.64
f9427374480e37251d5c279ebc41a3ab,1,boleto,1,43.90
c5a468ae781ffb0ec6d36ae89fe512b0,1,credit_card,10,123.25
13f68da1f137146006b4c0c34b6824e8,1,credit_card,10,741.18
1972a123466d40a62224630f7d0de530,1,credit_card,3,165.43
7d7bf3ee337c36ce012762da5f28f53a,1,credit_card,1,170.30
a13e70df735fff3fc1285803f494777b,1,credit_card,1,104.02
165bda414fc1fd79eb721e1938ff198a,1,credit_card,2,210.08
ca3b8093576a51bea61c9782c7771f62,1,credit_card,6,60.95
035ab6fc3b7f9d16f714a337ee63b7be,1,credit_card,1,7.91
c4e980a1d822db426982878b3cfdda6e,1,credit_card,10,674.33
e8d766b30a09fa62922aec00c6fecc85,1,credit_card,1,99.14
de6743691fe06b0d7ed439f7cea17278,1,credit_card,1,149.02
9aa3197e4887919fde0307fc23601d7a,1,credit_card,3,34.62
44ed09232a24ad29cf2457b2780e806b,1,credit_card,10,273.62
e40815dcb739e03cb2c06547ef7c3092,1,credit_card,7,507.90
20de77e28f73070461781b0eb6228f6f,1,credit_card,1,32.62
4fa07e91d7b4f8b191e3a6ab40f14f54,1,credit_card,1,79.62
761d27773b89e0a86484468a0079a7d5,1,boleto,1,56.12
9edaabce3c4beef5432b6327ade4109b,1,credit_card,5,218.30
c9645496b715730a1a5d07eb97a6bf6b,1,boleto,1,141.48
a24fa323cfbec085a10c18369c980b1e,1,credit_card,6,674.87
f47f217e6978ad1f6991ec7d9444b0eb,1,boleto,1,138.90
d2c0ceb948cf7025d520cbd2c88ba435,1,credit_card,6,132.51
4d7a365119241cbd17c7afb5b39bb9a0,1,credit_card,10,327.90
586992f50ed97898737b07970376d19c,1,credit_card,1,3016.01
e6db6e9529fecbe14cd05dd349816656,1,credit_card,1,124.84
cc0a676b66d4a6615ad8125548b44d12,1,credit_card,7,491.68
001dbc16dc51075e987543d23a0507c7,1,credit_card,1,87.90
509a52223ecac6d67fb765b3b37c6974,1,credit_card,2,65.70
e46c1a835d11d387ba01a130d8aa7c12,1,credit_card,2,273.18
c3228fb3eec33bd6bdb6259cda52759d,1,credit_card,1,128.11
a73a38a5eeac4ab94ef2bcbd90f92e43,1,credit_card,1,29.20
26ba0c1bad97bbfdcc4419e3ca40d9a8,2,voucher,1,41.49
cd63595a31d3717ff7ea9a0b041104a9,1,credit_card,1,78.84
2140d49aa405c7c344212e78351fef98,1,credit_card,1,23.99
25e4af6ebff2dfb6213c8cc7e36ecbed,2,voucher,1,25.63
29d99fdabd0cb6b4e9d82f2f38c04a5a,1,credit_card,3,113.86
d029fdde9d52a038f0de4e9ac1f7c9ad,1,credit_card,2,135.16
9725a1c59138f30c5dba936ca3a2de34,1,credit_card,8,107.99
e1902035c4c195dff5edda08708c4050,1,credit_card,7,424.26
7cbc58346dce935abff14a7c5a0488f5,1,credit_card,6,137.67
18493260806e807d314bd6fcfc32e2b8,1,credit_card,1,63.91
1f59665af8c7408a7c633f9541644854,1,credit_card,10,152.09
9c54a1816e487456bb7eb5082b9823ff,8,voucher,1,8.57
8adafb3466daa5395694d3a906ff9d40,1,credit_card,4,218.00
ea6a496329b06f8ef26ff21eb61998f9,1,credit_card,4,120.84
44579d02e209aa42e391a4af78ec74fe,1,credit_card,4,78.60
2d9e3c3c7f0f3ba8a8fa3db2f1211ceb,1,credit_card,5,676.92
8982c5a29644a98312ad54cac13d513e,1,boleto,1,41.05
b0f913cb83681e8a8563b96b641b3e1b,4,voucher,1,32.00
71303d7e93b399f5bcd537d124c0bcfa,1,credit_card,1,109.34
10a6476d4339a6b5f323db3d2357de52,1,credit_card,4,94.73
7081dc8aacd1f126eacaf66497364578,1,boleto,1,38.86
19512a70f62306416782f963d55c8b26,1,credit_card,7,782.34
2609c6729fdff11b1686733d0852c7ed,1,credit_card,5,175.36
0efd0bc268d34da3f01f4ff25a6d4335,1,credit_card,3,64.40
661e075fa45fa4a73a79dd6972bce18b,1,credit_card,8,235.71
7fd3cf60e6c81a64f2adc0e09d2dfdac,1,credit_card,1,55.19
803b11f9f2ca75d45d2274b06fbbc71f,1,credit_card,10,130.53
ad818323f40e1a353eb3a3874d138c51,1,credit_card,2,191.40
92580e7039e427da2884d35809a95996,1,credit_card,2,105.74
68d26fb6265ab404953d918e97319c5c,1,credit_card,4,124.84
cfdc6f2061897ed3b3f1a9ac3437c6f9,1,credit_card,7,149.46
2e32dea8a4d1ae5499a67674b387bc6a,1,credit_card,1,51.94
020c01e41104519842f8a15605af646c,1,credit_card,1,51.81
2efef48118e6846607240cd8910e05d0,1,credit_card,4,239.95
7489466aa2aad065d81a6b70e516a562,1,credit_card,1,40.23
c95faff6a7398b926ba8b0f23c9b2ea9,1,credit_card,3,274.38
35d8c6d5e060ad24271ffda186312ef8,1,credit_card,3,192.56
01f216b447564f9ea791b521db577ccb,1,credit_card,2,74.49
89898719573722b59b173f76fb213501,1,credit_card,2,47.83
2d2bd0487565c23b4bcc0b29a41da55a,1,boleto,1,121.99
ca7d7c95b0f170aae8a2ee59e2f24f66,2,voucher,1,3.02
a65d4ac927fef29da1b58e60ebdbb1d7,1,boleto,1,412.12
f9a3dd7361484de6c71fedbc1d6a74ba,1,credit_card,10,124.84
4b7c1bc59d4ec725d8530c19ec09b06f,1,boleto,1,114.77
10bce195e3966122a3dd0e2aa676f761,1,credit_card,2,120.74
e5ecfcbdbc07f8edf7ec0df1504a74a6,1,debit_card,1,108.60
ec95bda03fcd25491f6e0142ef318ee8,1,credit_card,10,293.20
eb45ce36240dbf895bef98be0d1a85d3,1,boleto,1,53.30
5cb8558cbb7c0c2f00f43468579d3e3c,1,boleto,1,40.15
90d2bbc31356e711e2fe7b0b78181687,1,boleto,1,30.86
d2945e686c883978378a10e49be7fb24,1,credit_card,1,99.23
19f97beaab0d2b8ba54f9a458629f5d6,1,credit_card,1,70.93
9d00e5dd1d0a6dc258a09e9c90854357,1,boleto,1,16.62
660e589af9553d75506968867c922d91,1,credit_card,1,368.69
6a4c99d30fea593a981e1ab8e2605313,1,credit_card,10,137.48
dacf07b003ccc1ffbf3d890a402329f8,1,credit_card,1,176.39
102b790156f60813474ed025355a59d5,1,credit_card,1,96.54
4ac0414dab9b48f0b168bb305b85df12,1,credit_card,9,114.07
1e6c83f252357f4c9ae0df874887ef7e,1,credit_card,1,30.66
5685548b79358ab0ae555e21ef9cb4ea,1,credit_card,6,234.33
ef445757c25db3525a25a2b9641ef288,1,credit_card,1,50.95
a7765f04ecc5f2e0683f08a97ee8174e,1,credit_card,2,82.90
b533dea24ada4dc5c1a9041d25d7c812,1,boleto,1,30.42
80606b26965c5ed21e85a085e0667b63,1,credit_card,4,178.11
66cd3a1c2edd13d9da86b50aca9e3d32,1,boleto,1,37.93
1400d6665ba7f18ed06ea15ab083203f,1,credit_card,3,45.40
2a3d1cc4337b1cc9157560f6b1ca5802,1,credit_card,4,41.70
a47c6e02b84d8dea0ec21748a611293e,1,boleto,1,107.90
bf9d705db9fe15b5bd6a0a35c3e3365f,1,credit_card,1,131.35
45bff70fb7b99a5a33bc8ccb3786e170,1,credit_card,2,76.47
ee7f4e0a5223e51719a98941129bbc24,1,credit_card,1,35.51
e9376e0fd65f7e856a08d32426f523ef,1,credit_card,1,167.70
ca674a7cd949c98c9e02bc4c5922836d,1,credit_card,2,21.09
f97ce00d14a023fd79a2db6216c031db,1,boleto,1,76.07
8bef37e0a778afcdf32118f376beb9de,1,credit_card,1,58.74
ee0accd3922fa553a94aa7e875eba499,1,credit_card,10,132.73
e1f19495005161ca887eeb4b7cf3332d,1,boleto,1,134.66
1489856fc5e3169af6b06edbc1aeb1b1,1,credit_card,8,387.90
87d43116721d5ee0c0748fd7d393cc9d,1,credit_card,1,123.34
16976f8e43d0c9ee6079e3ed9eaa4fed,1,credit_card,4,62.70
9a535db7017bc4d84dcfdd14e9a8cfcc,1,boleto,1,43.00
67adba02e0955286954975ea56f9d17f,1,credit_card,9,98.83
f80bb64f9bb2ac4ced01632c44a67e0d,2,voucher,1,92.20
7a36fa82d4bcff7d936c10be470b9c8e,1,boleto,1,42.77
354a5b90cf468691c4b06debfd2c8115,1,credit_card,3,87.99
fb239dec6971179d84f8ad7b5f5308d8,1,credit_card,1,127.50
91750e4d3d89e619cd557a6da400be06,6,voucher,1,12.81
7ef1da1730f64df72be4189c5ea58c66,1,credit_card,6,63.52
85f8ad45e067abd694b627859fa57453,1,credit_card,10,1961.00
d6229aca790acb92366c9888f1e0c181,1,credit_card,6,327.70
3d7d60b10ba4b43cf6f6d5df2e933f67,3,voucher,1,21.37
1c47e7875c7c3bd3399467e179c5c3bf,1,boleto,1,239.64
492e8ed750e427ec9d97ca8d4d4eb69c,1,credit_card,7,75.53
22266e2f8d8084cd2b5d8488164d043a,1,credit_card,2,50.02
c4f710df20f7d1500da1aef81a993f65,1,credit_card,5,51.79
5a37429384be05ca14780e4989543688,2,voucher,1,54.01
f5c948dcc066017d10fd2dd3d01cea6d,1,credit_card,3,63.65
7489466aa2aad065d81a6b70e516a562,2,voucher,1,50.00
90480b682af5c1a9c00cbbbc7ef9bda7,1,boleto,1,209.40
e6b3a4b18f4aa0958228e833f2927c30,1,boleto,1,44.42
c0e7ba8e4333d68153dfe2fbc8f613f7,1,credit_card,10,136.57
f559ac2258ea5dd75bf9ba503e7bc6e3,1,boleto,1,173.09
1bacdc28aad23d1396a3fd39fdaa6c4f,1,credit_card,3,119.09
6e5fe7366a2e1bfbf3257dba0af1267f,1,credit_card,10,406.92
aa04ef5214580b06b10e2a378300db44,2,voucher,1,250.00
ba410d3716d84da98d4c313d16b13bf4,1,boleto,1,86.78
adebb4dfc650b98f7c7e38bb11cb0aa9,1,credit_card,1,52.90
1a4bf675df415785d3d9b3f3521988a7,1,credit_card,1,87.90
91750e4d3d89e619cd557a6da400be06,2,voucher,1,10.42
b157079a62d77688a0f66043aa1f0306,1,credit_card,1,34.91
632ba34265b5449d1f742d24cacf1208,1,credit_card,8,267.27
94bde44a48f191d7175f67eb93b9ed67,1,boleto,1,137.83
4a571f5e71e16ce232386c80d485db65,1,credit_card,1,49.72
8d053738b817a245da596c4aac057923,1,credit_card,6,64.42
0cb316841c24af560f6af0e3fb36137a,1,credit_card,7,343.88
0a2fff457eab3cadff378f87851dac15,1,credit_card,10,104.79
1612081119e8f23745698ad3367cc14b,1,credit_card,5,117.48
c96867b4091191ba74279fc255656525,1,boleto,1,425.07
8d99000d8edc9aa445a270e29e85fb05,1,credit_card,1,39.52
0fa927b252421189a0e0d5725fb3832d,1,credit_card,1,1.33
3498a243e9fe88c9c4ce97bf7fa4617c,1,credit_card,1,28.64
6aaedd714ad6929fc4df8d51bd4cfe9a,1,credit_card,2,50.12
f716dffba1232aaef7c899fb8c14db97,1,credit_card,10,354.35
6c273b11e7a7b4b410ea29fac9769fac,1,credit_card,2,26.76
53cd36155a7bf507095985b2f26368a5,1,credit_card,1,30.86
4c775eb488939cb0be0ca90004e2f37a,1,credit_card,10,264.86
09dd83f72b2516179cd46b81121fad23,1,boleto,1,79.99
56fd7f1e63ea8177e02f64f5077ee7f3,1,credit_card,4,42.42
7ac6f4778cd283c6b76c66fe1e0d4431,1,credit_card,10,455.01
3a6cac3e6717e6a7ee4cb28aaa149a91,1,credit_card,3,219.89
469e8e6e5a8946a3ba0e0835ae771e6b,1,credit_card,8,396.73
38c5c2886f2aab75bb1ae3f79a3f300d,1,credit_card,3,64.48
b5eeec1b045b05d3e3010ef57120a8dc,2,voucher,1,20.84
54802d33f22620ff142f94fd4fe18b25,1,credit_card,3,33.71
f237e8ddc05a21386ec9441d40f8e09e,2,voucher,1,30.32
9170aebe7b37a53bea1f29d91488b0fc,1,credit_card,1,44.42
01ba72e24cf883d74c5479c0a626c740,1,boleto,1,59.12
bb780b0ed67fce7c92b2772fde29bc6e,1,boleto,1,305.08
fbee80ef6891c144af8ff9dc788aaa89,1,credit_card,5,58.74
127b06830315a6224e76085943d1f565,1,boleto,1,353.51
f2dd5f15184c73c0d45c02941c7c23d1,1,credit_card,1,91.92
b782d486ebb05fdf0ba6ec05652f704f,1,boleto,1,1837.16
5a90bdab22ab69f4095415dd55451b66,1,boleto,1,60.86
7928aaa2a94ef219ecd0f7d9224cfc7b,1,boleto,1,1782.55
35123d3f1c7606f81eb9b60272f907df,1,boleto,1,40.52
3c116d50bb76160ee1d7a2e8f5791427,1,debit_card,1,54.42
49c89a2aba7f8f079681f6967d846465,1,boleto,1,39.95
b9b51e569a2e79970555eb81107eb369,1,credit_card,1,57.51
a909c24a30d5a05204ecb7ef3f11e321,1,credit_card,2,237.97
7c28cd51bc7b7b5b8e81ae0bb7f17340,1,credit_card,2,27.86
7b4fb0197b18a0fd0e75f9e44b3fc757,1,credit_card,2,121.62
ea8dfcfa112dd9df068022a643e58a22,1,boleto,1,44.42
7853cfd26dee49109295b3e604567180,1,boleto,1,125.80
3d24c492f9555a79d4d6fd3a22fbee1f,1,voucher,1,10.49
7d09e4056c3bfda6715955ee27a98e5d,2,voucher,1,37.29
13c8da80a4b1a89a063dee494d324423,1,boleto,1,81.57
9c54a1816e487456bb7eb5082b9823ff,6,voucher,1,17.95
594bad57a253656f86d8282c5365be89,1,boleto,1,192.90
103a6df3372464e08e529f7d888a48f6,1,credit_card,10,243.76
9a52b513e3ad42b2ec72f145c2ffcfeb,1,credit_card,2,141.72
d322025aff44e8bead04f4e81023ede8,1,credit_card,2,272.33
1f66f9bfd244a5383aeb00a84ad12a66,1,credit_card,6,68.39
5bda3e4d7080c484cd646a53165a7892,2,voucher,1,250.00
5dcaecab15d20be174a67f4f5392cd84,1,credit_card,1,48.95
d3a84031db6c5de813d5a3a3489712ca,1,credit_card,6,109.02
6219ece1f053a3ffa649340e87cd93d2,1,credit_card,3,370.68
ce500b2ca0d960f937fb4d24282d3291,1,boleto,1,151.53
a32e794aa3f7df03d1a3848213b24346,1,credit_card,1,34.72
1c72f6c4fb7c7f004287761dd7fa32aa,1,credit_card,1,51.42
fd0f11edd4d56e20fdb1763757220228,1,credit_card,10,753.54
d207cc272675637bfed0062edffd0818,1,credit_card,6,133.46
157ec3dc3f38cdbd2706bd216edfe8fb,1,credit_card,1,175.28
aac01d5ce6fab5aa0e191d71aedbaa3c,2,voucher,1,5.82
8220769da5e88eb4288d26cc8f694b41,1,credit_card,8,145.92
b7ae7c643ef9274727f48dcb0ba08593,1,boleto,1,64.42
aa830d74d3e7d4a392cb7eac51a9c719,1,credit_card,6,104.30
81251f18621a822ad5b09593dfee4fc9,1,credit_card,2,22.46
a92ac2f2738d0a4b0add8fe65157d5f5,1,credit_card,3,232.00
2d5ec2229b5850cfe5032ee2b0e073ec,1,credit_card,1,74.60
1282867904225d219a5ec3f1251a5fce,1,boleto,1,334.74
5c973d2b4652e1dec15353b59339f3b4,1,credit_card,10,363.51
4381fa4ba1b423dcee980233d6b29d76,1,credit_card,5,114.77
0675116b5556a78cf0413f70aa9f235e,1,credit_card,4,91.85
770d331c84e5b214bd9dc70a10b829d0,1,credit_card,2,263.93
796d29c5558898a4ee393750879fb1c5,1,credit_card,8,262.26
1aecadf4362edaca7fa033e882076c8d,1,credit_card,3,50.74
203f106e5b8bad1587426f019709014a,2,credit_card,2,65.94
05ca3bba2e4c3bc5c601b57af96cf3cf,1,boleto,1,84.99
543929b980aa17fb9d324f934440d131,1,boleto,1,49.98
ba6ef427eddcdf12922391f524c053aa,1,credit_card,1,50.86
e1fe072ef14b519af1f0a8ed997c1301,1,credit_card,1,24.42
6f7390ae95a89ea985e0d81b189e96d5,1,credit_card,10,297.99
1e5276061569fd2d678f6363fd8f0aa1,1,credit_card,2,131.44
8a784d47854e4cbc5562362393d504db,1,boleto,1,18.62
66c597806a0a0fceb57c8acf9a89a842,1,boleto,1,637.81
c5dd7d8ff84739ecc6526d97ee22f784,1,credit_card,7,71.02
59093e9d4ab91f46ff314e966e4268c1,1,credit_card,8,310.10
03ffce741877a000ca0fb3520673d4c4,1,credit_card,10,818.12
6744d76b253e71e06a89867248227b9c,1,credit_card,6,84.81
f04479bb4e07ce7b8ac1d2287b528541,1,credit_card,8,147.99
8ce80fc6b88ff67ab9506b08ba95f300,1,credit_card,4,60.52
17eef98a45132ca576588788ed401b96,1,credit_card,2,78.60
7e2dddf174cc4d2768bf39c43ab2bd7a,1,credit_card,1,159.35
dabf2b0e35b423f94618bf965fcb7514,1,credit_card,2,140.22
c8dee79811750611b390fe9501b1c543,1,credit_card,5,51.74
8beb59392e21af5eb9547ae1a9938d06,1,credit_card,5,111.22
f16599b98c62d8e9ee08de8c41bed3d1,1,boleto,1,59.01
6b3ee7697a02619a0ace2b3f0aa46bde,1,credit_card,1,65.77
705c7fd61dcb0c54b80538158eec1f4a,1,boleto,1,237.99
765e82006189100419015233bf26be8a,1,credit_card,6,59.99
0516c22655fe1e1f0b3390f4ee3fc5f6,2,voucher,1,13.63
9d664ec86be69d869bb6870294c4fdd8,1,credit_card,10,204.38
195070d2d0eb1da7d93b958bce36d1ef,1,boleto,1,30.95
1dddc8e72eede911b9b36ff702a8f198,1,credit_card,2,44.42
2574da49ef376d653823449846a42733,1,credit_card,1,97.20
b0f913cb83681e8a8563b96b641b3e1b,11,voucher,1,8.35
96f7907d370d310cc46c4875701cb40f,1,credit_card,8,539.85
fcf3478bc90a1b2e214d529d0455dc1e,1,credit_card,3,261.45
d469b51abffc6d74299c8a0a56db5314,1,boleto,1,45.86
1add1aa4c6e709fd74a4eb691a9fc6bc,1,credit_card,1,74.15
697705c05da5ef945de721dd31bf23c6,1,credit_card,1,26.12
db7576b1fe440f4c0a808855aacf0948,1,boleto,1,18.62
b60e330e00299aeeafa976b885447190,3,voucher,1,16.39
c1e2bf2b7dd3309f2f5356c6b63968fa,1,credit_card,2,326.78
5c3bb82274055ac07677d2c80c6b3a7a,1,credit_card,2,72.63
ef7e4d318e5714c1e8e07e97c981ce36,1,credit_card,1,55.44
d868cf92a5a1305fc7277c60062e81ac,1,credit_card,10,420.08
035ab6fc3b7f9d16f714a337ee63b7be,2,voucher,1,36.83
7e7d02281bcb8b908e7e347469114ba8,1,debit_card,1,44.01
e08f76fed43c999d57979d1879871ce1,1,boleto,1,104.96
c9e893d2e32f6ca9988b30669eb71e5a,1,credit_card,1,39.96
fbd05af8c1751b972fc6e19b1190990e,2,voucher,1,1.02
2363f4be725c1746c141cfe7e8432910,1,credit_card,3,154.29
b4700fc91bb3fbc155bfc04ae821ba04,1,boleto,1,122.92
b017dafe7c59c8aaf92ab3fa1ca54d78,1,credit_card,2,141.52
ea5f30a182b04fd1296273605983b9a4,1,credit_card,1,76.84
ca254c5904f6a9a9063eef5239c54197,1,credit_card,1,79.52
670e3b20191d3198a76069c8f9b12355,1,boleto,1,72.12
db0b12b763f716df3f27218724161479,1,credit_card,5,497.74
da0571dd2e59b32cca46279a02bfb40e,1,credit_card,1,72.50
43cc7c567182b58ce0ee6a1f7c2447fb,1,credit_card,10,152.47
fe1b5889171fd987d32665de60780aab,1,credit_card,6,460.22
2a940654991b7eaeb541171e5e1d497f,1,boleto,1,624.68
9843c2a66fe0afda6509bc4274f743de,1,voucher,1,90.98
b0f913cb83681e8a8563b96b641b3e1b,2,voucher,1,9.05
9c54a1816e487456bb7eb5082b9823ff,4,voucher,1,14.20
4d66b3a9d12facad48a3b23cc9fe7898,1,credit_card,1,107.41
17bac873da4c588c3111d7399f91673e,1,voucher,1,30.95
c920c9b4a0fbe334f146d3b9822f3cce,1,credit_card,1,327.77
d263c89354a73314488491185858af42,1,boleto,1,35.95
3937ff0dcfc2d3e0ccf73d9b6521611a,1,credit_card,9,96.65
fb5114c39f632a52598cf770c6076620,1,credit_card,3,51.05
10221b5ef57cb66fe37a3b1e594918d1,1,credit_card,4,229.65
65fd2f07bc74b8df1728cc3ee9e19ebb,1,credit_card,1,239.64
49b9d47f2bb04361f15cf1537390dd60,1,debit_card,1,80.75
f3028a8f41ea1ee2b461420913663f97,1,credit_card,1,42.52
e1df61c61699c690427a33fc1b6b540c,1,credit_card,1,39.28
cd3b8574c82b42fc8129f6d502690c3e,1,credit_card,4,40.95
a503ed3639b58426f15f719d61bfe408,1,credit_card,4,234.59
72bdfd404277294c8a974c65864ad82a,1,boleto,1,120.43
3d58fd1ee438a43f2a826dda6b013519,1,credit_card,3,61.06
2e2e88c4bb691287b71a9e1ee8a193a4,1,credit_card,5,399.72
f7886facb594e65f0c41cdbb0583b560,1,boleto,1,154.10
4f95977893357c1a4a9ab91107e78cf5,1,credit_card,1,66.47
f647bd085f1616eb4a272bda4d3f8045,1,boleto,1,251.28
818bd73c0b6b0ad178a73807245dc58e,1,boleto,1,71.71
47cb859a7f526319e3da0015c15c3b1f,2,voucher,1,100.00
f38755557b9876c68991673e64852af8,1,credit_card,2,107.27
b942bb8edd1c815cd011efcf4e05024e,1,boleto,1,70.93
74b9c5a1b6f7632750a25db4de597512,1,credit_card,5,53.42
3f1cef1dad28d66ac73d711f75a8ade6,1,credit_card,1,133.05
ae25aaffc9b89e8519bb9b5aa59cc8ef,1,credit_card,2,155.42
892d88aa8747d0e191d10bb0a87b9337,1,credit_card,3,104.73
e3f7a673dd1981e0d7b330c8a7220220,1,credit_card,3,328.35
cf3089965e7fe7e02e86563c98a01ff4,1,credit_card,1,256.22
c82d05a27c07ba92d333b046a6042d32,1,credit_card,2,154.54
9fb6e7ca3a34e0500eb810d98b00b81d,1,credit_card,1,476.34
cce1b8a1c5f8b1d224e19628299c8f54,1,boleto,1,19.62
142c8688b5b13e21ac5a448a1688b9d7,1,credit_card,12,327.50
033bac5f45a9d0cf7be5e47f03ed1e44,1,credit_card,1,143.65
bb0ef554fe35f069cb84d62115f885f0,1,credit_card,2,108.00
0e660617f70b9a3f6bfd3919b49450ab,1,credit_card,10,107.27
1c4cafd25254eee31c8c9b8c141fb10a,1,credit_card,4,671.31
091ac0791556275533697b36e2b00ff4,1,credit_card,1,166.29
57c0b0276ce0eaf721a4424bf077ce8b,1,credit_card,2,260.70
a9ad904bde6787e355771489eef73012,1,boleto,1,257.08
fe84ed29d87230c495cd2381857dba8e,1,boleto,1,53.51
d809ddde66fee6223df16b11231491f9,1,credit_card,10,846.52
3027797ce35841bf74917c0b0ea1a38d,1,credit_card,2,176.23
c45c354aed442407610326035c6c44d6,1,credit_card,8,893.00
acb3a4ba3d4d4b0c57cd93736fa61558,1,credit_card,10,144.00
50aab84da01ba9c794d22060d1b8abeb,1,boleto,1,39.52
73c182f8914a0064d6c64ad65e4c6942,1,credit_card,3,67.68
f1c678e4d14a34ff56f675634bce6b15,1,credit_card,1,34.86
323dad8c483c7f8b818a825d257f4aa0,1,credit_card,1,38.62
6f334a2e1303fe798ae16f4c33269e82,1,credit_card,5,107.57
90bf0d006edb962cf09943bf3e4ad217,1,debit_card,1,65.05
5836a9fd173a29689e12bf421d2d280b,1,credit_card,8,171.80
40cd91f7288925344c6b40edd0836c3f,1,credit_card,3,214.53
e73c4ecd46f3549fd9ebcdfab800cd28,1,credit_card,4,181.10
b784702b3377c4b93c2159512fbf937e,1,credit_card,4,41.86
91750e4d3d89e619cd557a6da400be06,3,voucher,1,10.42
edbcacae5cb8f20f789d86dc0cf80ade,1,credit_card,2,91.84
06f4be78b76ba6a42605efa4ce7544d7,1,credit_card,3,168.67
fa6d3eb110ceb1c2b98c7d158c6d1671,1,credit_card,1,123.34
2994f64a88d65527ae04561a83ed11fe,1,credit_card,1,50.86
35fbd0c1666a2c04e7d111da0bcf1683,1,credit_card,10,108.88
06dec2690e0cd75d327646a81fdba74d,1,credit_card,3,327.90
0b1e73fa546894ad7310916b480de067,1,credit_card,6,419.06
0d9664d8da1dc4337269071b39e19423,1,credit_card,2,267.49
e6ba7ef3fa398a176291132b06cd519e,1,credit_card,10,2023.00
df1b378ac0b21d71ef1e642971d31530,1,credit_card,1,44.01
e819c0a367da758c5e60ddaee6890dc0,1,credit_card,1,148.08
de96b93d26af6d6a5c3aa622e245b86f,1,credit_card,6,124.53
bcbc0973414b1dd97555e6f8e9713cfa,1,credit_card,3,383.24
3ff04db80f0b2c359e8e47fdb913d826,1,credit_card,10,691.00
7f97f025c45cac922275120fdee4e062,1,boleto,1,34.86
a019866aa872221f740c30ecd607c231,1,credit_card,1,110.98
1df257323bb550a9b9bb150345c42e45,1,boleto,1,36.99
9209e9a4ad05cf804c49922051fc44d9,1,boleto,1,70.28
1f9fa4b707b82f25dbf52e6695842e8c,1,boleto,1,378.61
0f475d7e08b52d8abf7e8c6141286c27,1,credit_card,1,24.82
60c75f7dd1ec49e06e204e2a86f0720a,1,credit_card,4,40.16
9a75a775d17d37cd19193fe02c3f21de,1,boleto,1,424.04
726714fe5c6124b8501feb36c5b89896,2,voucher,1,12.78
d4d52a6470ea8a7ee5d1fba74508bf15,1,credit_card,3,38.42
c52edad050bea3d2f56fbc6be373c44f,1,credit_card,3,164.10
2410734c3fc6d36010cf6b1b36c2974d,1,credit_card,3,157.00
e9be4a779b9911ae4f412b78093d2921,1,credit_card,3,44.42
01cb6d702e5233235f4125309d184bf4,1,boleto,1,94.21
af9cf6a8b011e9fea2be4c295942e58b,1,credit_card,10,104.65
08edff712f0cd04883215bdb5b0d7c7f,1,credit_card,1,82.08
87f48ad03a575830fd30137520ef411b,1,credit_card,1,114.95
dbbbc904081f8e928028432e2e3d7686,1,credit_card,10,1400.74
5d8e9c0a711b826b72298f9abeb269cd,1,boleto,1,35.86
46c22ce0488991c798933effd2b57574,1,credit_card,2,139.59
2526d08a2985e1b276a405915c2d8be9,1,credit_card,5,533.57
492e7cf9df2e0665bd893b5cbbcca6a3,1,boleto,1,118.88
b04719a0e9a9c2cb394b7ef1f0ec4b01,1,boleto,1,43.62
b0f913cb83681e8a8563b96b641b3e1b,3,voucher,1,6.82
1bf6db71e147c950fe9925e0be89ec4b,1,credit_card,8,82.88
e2d092db21e901d04985350bf0e748ac,1,credit_card,1,204.49
a6dfab363a9e239287c4b1e3c275fb93,1,boleto,1,336.56
616b813dbea8acc9de0ca0380cd89b83,1,credit_card,4,45.45
10dd6db4f61345e5fdaeebc10db28a72,1,credit_card,4,73.92
f237e8ddc05a21386ec9441d40f8e09e,5,voucher,1,16.61
0c22166d9f7e5761e397affa5af438c7,1,credit_card,4,116.89
8025c3b296960e0bc0070fa50b546dbe,1,credit_card,2,141.29
84044525fdc38c357145cbe9681e387e,1,credit_card,7,86.39
d5558a097766363b8e76b38c43332e8a,1,credit_card,3,129.11
5590b02a48dbcd875b82f7e97c4c5ddd,1,credit_card,1,124.35
25e4af6ebff2dfb6213c8cc7e36ecbed,1,credit_card,12,246.55
6abb2dd22e301e03c68d0b4e55cf5560,1,boleto,1,109.68
d98f635a12ded39ef1002ffefe2c80f6,1,credit_card,1,30.96
a6da74b3d9ae7e102985630416034486,1,credit_card,8,478.33
bec25025b8d0b7db00c510720053761e,1,boleto,1,23.93
46f05e5ae3a2b822e2f4148d99f69ca4,1,boleto,1,125.82
f349e78f52cb2d25cffd4cc44f168413,1,boleto,1,141.23
96867881a8d245ffae18dd2f1c4898d2,1,credit_card,8,255.75
27ae3ad0516a9b55f2236e24f690e01b,1,credit_card,5,270.00
6e4a67f3a94e46e6cc5af48093d14127,1,credit_card,4,167.10
ce86fa5a5108884726a2244bcae51ae6,1,boleto,1,19.62
9ef13efd6949e4573a18964dd1bbe7f5,1,credit_card,10,783.00
90bd4466c2905d7b5b56370149e62bcc,1,credit_card,1,1.05
3d24c492f9555a79d4d6fd3a22fbee1f,7,voucher,1,3.96
09f86b7099faeb6a9d85623c5dba9665,1,credit_card,1,60.05
d81dff089ae648dacea746f77643f86e,1,credit_card,10,910.60
4dd47e84e6b8ff4a63d0b8425e6d788e,1,credit_card,2,313.58
d82cef48824870df9946d57e827ed727,1,boleto,1,19.62
8d25f73f2fe9c225dff2232fd1e7c89b,1,boleto,1,145.90
21dfb91aa3e9fa351ae6f12da1c53fb9,1,credit_card,2,79.02
9c54a1816e487456bb7eb5082b9823ff,7,voucher,1,4.82
f53b39c6c91ce86717c15d8e4e5da0c2,1,boleto,1,25.10
6cf5d7a6b6eb9cad292da0b65d6c010e,1,credit_card,7,73.61
eb17935134e6fdd210b40a3d4f8235b2,1,credit_card,10,383.82
eb7aac057d7c17adb860b770451ae250,1,credit_card,6,328.82
032bc75236a1cbaf410bb596a509e774,1,credit_card,1,51.64
1c4deb98d216d2fda120204a5fcfb57d,1,credit_card,1,66.68
e6a9a4963c309a68db1f1a515e700764,1,boleto,1,33.95
b0f913cb83681e8a8563b96b641b3e1b,6,voucher,1,5.56
a91e25d9e242b0545cddf83a2bb46954,1,credit_card,4,108.38
7559c51df991c6861e6a8be5fb1e3751,1,boleto,1,69.49
d39b2823c7beda9e56a1783db04df596,1,boleto,1,361.50
21357c1f6313b781c9807522f57746cd,1,credit_card,8,177.54
b4924647a0523d99010023d68b76c18d,1,voucher,1,149.99
fac9ad2862283f6ebbb3c67abc842db6,1,credit_card,1,34.36
aa04ef5214580b06b10e2a378300db44,1,credit_card,5,139.43
f92641ff0446a0e1c57195ebfe76e16a,1,boleto,1,18.62
4e8ccb7e52d788ba5787160a8bf84b60,1,credit_card,1,187.28
1869017c844a8734ceb468c7da13a88e,1,credit_card,6,1246.42
30f3a5252d3d97a113cefc74796f9fec,1,credit_card,2,110.85
4ceb9336411700f9568db2ef11bda594,1,credit_card,4,218.08
91750e4d3d89e619cd557a6da400be06,1,credit_card,1,1.43
1d47900c5d7d5277e6961367603f8925,1,boleto,1,88.83
97e63289be97b0d9bfd3fad99000f662,1,credit_card,5,260.00
f5ffe8d91be29c41069321b0704e1a06,1,credit_card,1,69.79
8f4a99f661ae72e850cb5b49d427f53a,1,credit_card,1,169.00
96123b9ae5a9cdfd4efe5fe402a94675,1,boleto,1,149.54
e20d0dab2f9762731d15cfc3d85f82ea,1,credit_card,1,162.96
2457f30493cdc677ad02b57dd6d17285,1,credit_card,2,200.45
b642a3e08bfd10119c9b7e948c936e93,1,boleto,1,35.95
5582d9b46edf97ccc2f3b993c39ace3e,1,boleto,1,33.95
5c9d1c87014d033ba9f70a7fb96ba7e5,1,credit_card,1,55.28
38bf8e12131a605a38265416150b4888,1,credit_card,8,90.32
b607cddb1d5540b72adbffe3ffa05328,1,credit_card,1,41.99
314c025c229f30a1b32658c7555269b8,1,credit_card,1,77.06
58fc974f8e0ddd9ce549e3272d0140c0,1,credit_card,1,64.22
bc7bc14f585b1879f63e89cb0e4cfa17,1,boleto,1,139.53
5ffbbd67f14392efe8fd533d38cd1338,1,credit_card,4,226.98
b79559dba6909e4d8ac0ddf501a99f14,1,debit_card,1,44.66
58a4317c14bcba43d0cf161f17e9db2b,1,credit_card,10,118.05
a0d8e0c491e4b25ae11e8bb875935c18,1,boleto,1,55.46
60762802b48bb6d256d55b013d115013,1,credit_card,2,263.93
3a96b8ddd22b9f22c3b8a556d2003fd8,1,boleto,1,34.52
4d1f73fde643f7a1d08d400816850265,1,credit_card,10,102.15
ed83f6065ae47112c8cfbd22e231b6d8,1,credit_card,7,75.93
5f834cc4ee109c58dff88c60b8ba5ecf,1,credit_card,1,96.23
126da462f642d99483c0691ac474c783,1,credit_card,1,64.51
6199bf17a85a73b61d5e43a596b95b5b,1,credit_card,2,140.11
5f6b520cff06f23c77386b75976256e9,1,boleto,1,239.64
ac0b40db773fed894ef5646453a38544,1,credit_card,1,79.62
ddaec6fff982b13e7e048b627a11d6da,1,boleto,1,116.99
b7ef1124cfa9a18db6bb683801089f56,1,credit_card,1,76.02
b34d8ec665f905d3c7583b291f54b605,1,boleto,1,44.90
b44d71edad65f41824d2e177470ef8f6,1,credit_card,4,61.64
adbbe31eab3ec8799e71b8fd89956464,1,boleto,1,65.05
1056d9c713cf16970b44a1994cbdebb3,1,credit_card,1,95.72
9224db86cedf958891e1b1afb4ad570c,1,credit_card,10,102.67
08e617c0a81895c4d5f6ab1e4a20fad0,1,boleto,1,137.96
5f4c8250b9e6ee47971e0b19da4aa0f2,1,credit_card,10,783.22
736bd2c49bc856e7dbaf8106a23036f8,1,credit_card,10,113.81
b95b454428554b28f33786b07e41edc4,1,credit_card,1,97.90
d1eb8e4e276a4eea13a5c462c0765e60,1,boleto,1,40.79
2ce652745083fde285af6e431bc9aca6,1,boleto,1,322.17
e9beb67cf376905f8cd308ef0f02071d,1,credit_card,3,35.42
3ff488af63223ea08fce4e9db03a82dd,1,credit_card,2,75.73
a00f891df81b2ee87c6c5eb73c81c571,1,boleto,1,18.71
9fe67982918cf778dbf3cd0b582aff80,1,credit_card,1,66.72
67d0c933fefa1c4ff65e800b8c8bf804,1,credit_card,1,55.04
31f92d9eaa5c91b7eef11e2729cf09ef,1,credit_card,1,180.38
960ebed19a1d45c40c1ab0ed4dc03ebc,1,credit_card,1,79.33
1a47da1d66c70489c8e35fe2b5433ab7,1,credit_card,5,270.75
a6194f2c90f8905dcf4e5fe2b8c5358b,1,credit_card,1,94.63
29656da67c9da8377949302afdef7c69,1,credit_card,5,58.02
d6d7c431275f0029dcc3538850930046,1,credit_card,1,161.71
ed0c78512dc9e32eb0120ff13b93a8fb,1,credit_card,5,268.76
8a2baaa71c6646dbb9ba2e94d7cd0ba1,1,credit_card,2,137.26
cac247cece621e1bc64748d44331d22d,1,credit_card,10,273.77
eb9cf2c383ca81f5d9750cc9e75fef41,1,credit_card,5,75.53
f237e8ddc05a21386ec9441d40f8e09e,4,voucher,1,39.40
4fe2e8b329e56a00aba9b0136b46f00f,1,credit_card,8,82.97
91d1bf2b7745903cb0d17162d1bbd750,1,credit_card,1,76.11
ab27a99818cdb3007d7a107f62ab4aea,2,credit_card,3,34.55
36989eb07a0de2d3d3129eea35553875,1,credit_card,10,101.44
9c54a1816e487456bb7eb5082b9823ff,3,voucher,1,14.60
96caf486ad384c707d860dbb4e519794,1,credit_card,6,116.16
083c3a567b005b0f7261c9c0c76fe151,1,credit_card,1,77.06
91750e4d3d89e619cd557a6da400be06,7,voucher,1,3.44
9d364f50124ed8e149404dfd3908ac02,1,boleto,1,172.34
31cb8821ab778cd23ebb6ce6f9e2bce0,1,credit_card,1,36.51
768b4cf8bec9afe5a1f39b8e3c3e8cc0,1,credit_card,1,135.00
8f359a870a6206af39d54ab82c99619d,2,voucher,1,100.00
3a87f961376193c10c6b28d341d32db5,1,credit_card,1,58.62
b04215f2cbc4e1fdd167427e657c7d16,1,credit_card,1,38.72
facac214a771c262175219d6c5a3a439,1,credit_card,1,25.51
bbf0608a4772666602f2fe57fe81742e,1,voucher,1,64.87
98750f114ae6088d04ea0d3cfe3f137f,1,boleto,1,24.52
801bda1bc87e8484430a1ad75f51f128,1,boleto,1,192.63
5d36e8ca3ccd1262b7641467fdba0b8e,1,credit_card,1,102.90
a241bea87dcdd0160ca94ebdba5bdbb9,1,credit_card,5,297.35
255d951095fc26f86cc7a08b822b714a,1,credit_card,7,782.74
0daff24b7abb3accd3e2638a0d5be0a0,1,credit_card,10,115.71
123e27a1a4d0b2481d8618ac3dff7d4e,1,credit_card,10,221.84
809a282bbd5dbcabb6f2f724fca862ec,1,credit_card,2,40.95
c8aea852a760205e92591d5053231e07,1,boleto,1,237.99
17f70d10c2acd50864b5dae4885894b5,1,credit_card,3,45.49
315da0cfbc485bb00c12a581077cf7b2,1,credit_card,5,81.09
138ccf0b37b60dfe366b895534e55bca,1,credit_card,2,87.63
00b4a910f64f24dbcac04fe54088a443,1,credit_card,1,2.54
59f26737bbeea8142a7e982cfce13e7a,1,credit_card,4,194.85
721c90253d3c1f625f71e2faf53a6b57,1,credit_card,1,63.92
ecfdcaa1a2dacb4e5297d8251b115002,1,credit_card,8,84.52
b0f913cb83681e8a8563b96b641b3e1b,9,voucher,1,6.42
ad1aeeb1a99c9f021e38a49865bb812c,1,boleto,1,625.20
f96ae3b7b3fa4a0b2644a183d6cb620d,1,credit_card,3,184.32
f175d67589e059cbbda956f10f0702e6,1,boleto,1,18.62
14b01335f19b97fce1437168032ae388,1,credit_card,3,162.39
99ef3bde6a28c3a831215a21596b0d85,1,credit_card,1,97.36
4bdbe1f2d1b360c34d90175e10ec090b,1,credit_card,1,197.59
56a726fa0f40d3678696e62aaed9690d,1,credit_card,1,27.81
8b160e3e272dcca4665850aae31ae6fd,1,boleto,1,31.92
dac3cf54f4d52017ab99420c95845083,1,credit_card,6,139.99
c3ad507aba1f6b47354085e7e6bed0cf,1,credit_card,4,467.09
2fd1c83dd4714cf3cf796fffb6c8de62,1,credit_card,7,192.19
5a4cc097e0e591ab3f150524b83d81af,1,credit_card,1,135.85
e3e80c87ef38162cf2d0fb01c481f5df,1,boleto,1,149.99
4e1d5bf07ad851a6470d6b28cfd1f1e6,1,credit_card,5,70.90
cdf7a96f7174972cf5aea7f6225ff799,1,boleto,1,187.47
4493ce8729200aed0eca9d3ae8bcc57c,1,credit_card,10,192.77
ee793c80c58a6de488444dbb4e63374f,1,credit_card,10,1047.32
21ccfd8ee777c40d2407604c5ddd2db1,1,credit_card,4,118.88
ef1b29b591d31d57c0d7337460dd83c9,1,credit_card,3,92.27
119d2d80c921d5b4806a1b19b4e8c531,1,credit_card,3,265.95
8f72f1ad07895bd823ba96b580936a1f,1,credit_card,5,211.04
add98bb9caa9f37e7d0702845c3a5db5,1,credit_card,1,31.86
521a470b601d24e156ef0afeefdb7f92,1,credit_card,6,93.13
7ece3f32d060f91a98d50279ab15ebaf,1,credit_card,3,159.94
a74a1bb28cb0ae0a239270f8e3a85cdf,1,credit_card,1,32.47
6c8b41df796056dfa59f256768d11654,1,credit_card,3,149.90
0943d27820129d9446a32ca20cf9bee1,1,credit_card,8,145.68
d029b3091a68a8ab2e4ed9cf13c5a1c7,1,credit_card,1,75.53
0ddc3630cc5cb4fe371db7a299839ec6,1,credit_card,2,100.23
ee12a50463df80c62439cca9feb9f971,2,voucher,1,37.58
5a06ec99090e75d00d2b33b0efdce2f4,1,credit_card,2,125.53
d2e9aead95751dd6bd0ce80e7d506c53,1,credit_card,3,33.33
5897449bce69856d88610b3c0f4f63b5,1,boleto,1,199.36
b5d124183f47ec6adf54b1cfc3e445f8,1,credit_card,1,44.01
77c34615b2963e4bf4b48d59da0eb5e1,1,debit_card,1,139.59
d64aa68e4a96734f280b7ddf0852d511,1,credit_card,6,256.79
bbf0608a4772666602f2fe57fe81742e,2,voucher,1,58.61
34bf4feda1e203af64692d97c6950c39,1,boleto,1,19.62
799dc0fd216e2a8e571a2684ddb6f940,1,credit_card,3,140.99
2e84d66424ec0ddb081078d1411fb1db,1,boleto,1,76.66
b8297ee8722ce94cc9a2e9263124cd36,1,credit_card,4,45.57
a6254817fe719457b22250e3cd2eb2ad,1,credit_card,1,32.62
c98b0fbac2717f072d5089e8af088304,1,credit_card,6,256.65
48a2b1dc26bd77deaee98e646fbc31cc,1,credit_card,1,57.64
aef21aeac3544cbf31a1b0c4db759e44,1,credit_card,3,167.69
e11dead0c183b7b8da09f6b3039ea730,1,credit_card,3,175.85
b0f913cb83681e8a8563b96b641b3e1b,10,voucher,1,16.67
b85614e04ee9ee71f2632faf63ff3ac9,1,credit_card,1,128.64
e76d6d6fbbef90b49c986259f44d2c20,1,credit_card,5,118.03
9d70de973b8b083b57fc62f12634f914,1,credit_card,1,167.69
e5fa5a7210941f7d56d0208e4e071d35,1,credit_card,3,75.06
cfd5e54c14f22b62683cea7ed91caa24,1,credit_card,3,240.89
9d91a9530ea3af0213cfae03feed3be9,1,credit_card,1,48.25
1e6025fd19451c74352d0bbf6a218bf6,1,credit_card,3,367.99
b3aa45b7ba0f950a1b163a9f85f613de,1,credit_card,1,60.52
6c82197bc099415d9919ccb609a9c072,1,credit_card,4,202.71
25f680bf746bec3df11d48318ff015de,1,voucher,1,43.43
d1b32a0715fa2abd2ff4f3ec5e751964,1,credit_card,8,274.94
1726692d7d3bf55b3bf72214ed9e6f7e,1,credit_card,2,166.06
e2d9d1ca77005d8626107e6d9da6ee63,1,credit_card,8,169.86
f0eaef1006347966bb8d9df149b7fb69,1,boleto,1,42.77
36f63f07e3c52585c8eb2795c466b3fa,1,credit_card,1,37.93
693264d23ad645c479b42deea5eceec0,1,boleto,1,20.95
3c54678edd9d58abadd6af16d0bce506,1,credit_card,1,53.46
67543007812c990098e0ac6c6fcb3093,1,credit_card,2,50.95
11a6ea18f3646c6e6dcbadbd0207b35d,1,credit_card,10,135.30
02605c218285d02df75a255f13396f1e,1,credit_card,1,59.83
7a30c15d4766a1dcd8e9cb869cdb328e,1,credit_card,1,70.28
4d55408f3a98afa1d4f3087d4a24005d,1,credit_card,1,65.64
3237c01ca83d6c17feee532d5b7e6b72,1,credit_card,1,28.86
b19169c7cb8391fb8561e094d61c531a,1,credit_card,10,129.03
f77dc5ef53142abf2e1734622d81f664,1,boleto,1,169.23
10e9f4b926adf55cefc13979e6b1d62b,1,credit_card,1,192.55
fc28aed78cb8bcd22a7dbd82cb778946,1,credit_card,8,517.59
8f49d00fac6d25b1dbdb0685ef43af10,1,credit_card,1,203.42
ff54c442f3e9f50941a09dcf4e061e6f,1,boleto,1,149.00
34605af753e44da907f983de0082faaf,1,credit_card,4,47.68
b9ed1cade4a77bad15fa7a3ced4585a4,1,credit_card,1,38.41
587a39d6ab7297ee16b3d5ebdaa0f776,1,credit_card,4,180.81
3568894fa3afedc367d3a4816983dceb,1,boleto,1,339.53
bfd53bc941fd49984cc67168afbbd531,1,credit_card,4,230.78
281a4e1ef3ab9d256027ddd2db90c762,1,credit_card,8,467.99
46046adea0e222a29259bad3d922fee8,1,credit_card,7,214.98
5a7ae4ca802c14fdff19558a4fee8727,1,boleto,1,182.65
10c12ecab799c32c29b4df3a203ecaa8,1,credit_card,5,59.47
94b35c9542f07ad80b3367f9051b63af,1,boleto,1,74.11
3f913d30288c117e41ffe5cc74743dc9,2,voucher,1,47.92
5c9d1c87014d033ba9f70a7fb96ba7e5,2,credit_card,1,55.29
37420f333a6877b6e54ea0a728af2542,1,boleto,1,30.95
82779777675c9ae6f1e10c9385572ca6,1,credit_card,8,405.83
984d046c833232079162e22c7ef8c15d,1,credit_card,8,451.03
b8afeb65bbea252eef3d4a2845dfd6ab,1,credit_card,1,44.52
389815397a4bcdf3dcf64b90c25b3140,1,credit_card,4,45.49
bf79d036f5374ea92a94c50341ada3da,1,credit_card,3,176.39
6ff09113fd48861d786d40583b7f2aa3,1,credit_card,9,689.87
b0f913cb83681e8a8563b96b641b3e1b,8,voucher,1,24.55
ab8e5f9b860cd703f5f647200c2c7b58,1,credit_card,1,35.42
743cc56ca44d32e3e125c74c98044997,1,credit_card,1,117.27
d2292ff2201e74c5db154d1b7ae68cbb,1,credit_card,2,61.64
8b6d201fff0b1b32e59f7cbdc6beaf54,1,credit_card,1,448.05
f781dacd75aa73166785a35929546894,1,credit_card,10,250.69
d7d8ca5f25aac4f5efce2a0dc6133672,1,credit_card,2,195.78
39a82394b2cec13982585114e7f6838f,1,boleto,1,114.10
65357d7465edecb310d5cfd8551f87a2,1,boleto,1,164.81
aac01d5ce6fab5aa0e191d71aedbaa3c,1,credit_card,4,47.68
56b50d57e6b735968a48a170b8364893,1,boleto,1,200.36
c19f01711a28636df6bb57d440865c76,1,credit_card,1,198.26
272bcd7b520b3a4628acadb461400675,1,boleto,1,29.62
8f527e48221d505b8224a9b04749f319,1,credit_card,3,70.93
a1597cc7eca8c8d095e5de327444d9d0,1,boleto,1,63.67
387d6eb2681cc0d53bf68df6845a729a,1,credit_card,1,176.23
74e641936ca794c33828b911b8907257,1,credit_card,2,142.76
de3fbfa556cedccc424406bcb5eaac96,1,debit_card,1,416.96
b3c8fc1049e54f4c7ab9340db821a4b9,1,boleto,1,42.46
f5147f84d290b6615104539af53179fd,1,credit_card,1,38.42
9f26d6e7d343f91817f608ab2cb56cdd,1,credit_card,2,134.00
26c18b7ca7a6a870496dafd3633b3412,1,credit_card,1,97.20
7ab9c55c59eaeea579d047e2d8aaed81,1,boleto,1,22.46
b73f09200030e4970b9840b72a630e45,1,credit_card,1,38.95
41f25580214be3f00eb80620ca971032,1,credit_card,5,282.46
4d7b93709f08f674ff9d2185fd811cf9,1,credit_card,1,119.36
3c3ca08854ca922fe8e9cedfd6841c8a,1,credit_card,3,45.96
f4e88b3ce1eb899d388467aa702fdf93,3,voucher,1,18.92
35d3a51724a47ef1d0b89911e39cc4ff,1,boleto,1,62.33
95d31d53ccc53bca2c13fcd535d67526,1,credit_card,7,192.55
c52497bdac8af9917fe744d605bdc43b,1,credit_card,1,117.90
46e61fd85afa09032021c9b0b507b693,1,credit_card,1,23.96
97d2f8fe76f2f253b8291e17b5383884,1,credit_card,10,401.19
6248b0a9b547366913fb67922a7a2b77,1,credit_card,1,124.84
4b019b8fe8e95fc64a3cf3793b35b852,1,credit_card,4,213.59
20127339dd8d9c579830783e565b4fd8,1,credit_card,6,213.70
17eba629ec542978d1ea929d473d4f19,1,credit_card,10,207.51
72cb2646f4d14d8cc71780e765f531dc,1,credit_card,1,57.09
4a65f44b9d88b8af9f97037e89366abe,1,credit_card,6,309.54
e88708b0f6c58eaba5b9b3f850f212cc,1,boleto,1,51.64
75729cd39e546ea4083ab7f3859bb745,1,credit_card,9,149.98
ffb5af8b918083c3291c62b20fa89319,1,credit_card,4,177.02
494c2e94dcd29167f5fe359a45aa879d,1,credit_card,3,237.09
519b875e24ac4f5060eda1fa6cd6b3bd,1,credit_card,5,132.41
540b7d70e38348c6a2412ede9e1f1f2a,1,boleto,1,32.62
22c2b8497506479028918303045751dd,1,voucher,1,21.45
6b95cbf782c29411b0d5feca16490ceb,1,boleto,1,292.99
cb27e0d6c6f92df591073fb6ad5ef7f0,1,credit_card,2,165.80
36aa7a4fce4353a2a7f6d2aa9448900f,1,boleto,1,36.04
41d9fff5e0bfa8712b28b761fa2f6bee,1,boleto,1,30.86
bf4931e6025b2bdd77ffa4264659c9e6,1,credit_card,10,147.99
2825848807f070485f0f0ef3829758f4,1,credit_card,2,22.86
d2266b035a47467c40d174c6f55cf4dd,1,credit_card,3,34.42
0c1f5fca68708d9a22f8a9fe30b5c588,1,credit_card,1,133.09
2dedcbba76be1566c5b983e07348d75f,1,boleto,1,63.65
addf1e910072af631c49adca7b07fbdd,1,credit_card,1,70.17
7219b463820695c30f441c2c3e33a393,1,credit_card,1,87.27
2b98d5c9b1969095e65f74308ae2e861,1,credit_card,6,195.53
be087f2e4d527446e82a0e44d5f95d34,1,boleto,1,67.13
d6f83d3377bbf1697831ea355301fb87,1,credit_card,5,58.02
83812118bb682267a9880ea1b261ac4b,1,credit_card,4,277.81
2fbb05b3ee700e1897b9fa501e416005,1,credit_card,3,80.94
b65db414b568d2c8b1eb008f7ea04096,1,credit_card,2,51.42
4d21276afd29a3f70e49766a9848d19c,1,credit_card,1,286.09
7449beca42d01504e128802e11560201,1,credit_card,1,41.24
a6e307f50d1a494a1ad373af7a748e1d,1,boleto,1,119.39
64ba433f9d86e1df4e9cb86b1a3884d1,1,credit_card,5,53.28
51ceba3ba51d4b4543e7f78e181e0ba9,1,credit_card,1,104.30
620b0acb9258b51defbc51804c5298d5,1,credit_card,10,451.44
4047217c6029782c1996e3cec14ef005,1,credit_card,4,196.32
9e1b7a7d17aa42da16ee605b5fee2e0a,1,credit_card,3,239.64
b866af202be0692766081310cd4085e1,1,credit_card,8,206.65
956f15dfe9a7f2414a02c445fdbb865a,1,credit_card,1,77.06
92ab8a19c1116e567a86ebdefeaa96af,1,credit_card,3,187.83
45973912e490866800c0aea8f63099c8,1,credit_card,10,401.30
e4ccaabafa125b3b39a9331b0abced9d,1,credit_card,3,61.16
5d389775a013b9eb8fcdab4cdc1eae1d,1,credit_card,1,34.42
71f86189760ff1dec6805f4fc7c6f52f,1,credit_card,3,195.44
84e17e421d31fb16afd5c58db7c40265,1,credit_card,5,127.19
f3c95cc4d7074e5b709ac1a9c10dea1c,1,credit_card,2,25.46
f3f0bc4d599d1d5251f1b37cec7b407e,1,boleto,1,140.51
d6f8a3db5b45d8d7ca18eb34d5c902ae,1,credit_card,2,71.72
02190241f7190a1f3c7e0df95a749c6a,1,boleto,1,521.46
3352b51dbcaf8074b24f0efab4772dde,1,credit_card,5,167.63
4e36d0170c671378f49f701a810360ae,1,credit_card,10,389.43
fd4787fa8be4afcbd8ba795e775cab51,1,boleto,1,102.80
9559e0b00c67d159a266152428f85615,1,credit_card,3,165.90
5c78f2a82781176defcf7f019892d324,1,boleto,1,39.42
8b388d845a3e8700444b971fa2bef902,1,boleto,1,108.84
a112ffd9157da040b7951b8bb6bb2fba,1,boleto,1,165.21
e4f669bb9b79875231a2cf27ab8dd229,1,credit_card,3,180.81
88130f20a472f28fcca9dd5d50358820,1,credit_card,3,447.49
82bfafb84a5843f06b8c3983edb1883b,1,credit_card,5,247.90
5de59551c282b892ae9ff238fd557145,1,credit_card,1,43.86
cd383d7a5f926abfe7b2ee1b80078b45,1,credit_card,10,780.68
7fd4b0e047195ca197c3660772a8d8c0,1,credit_card,3,110.92
d170580dfcd364efdb0c94f51bac0fc3,1,credit_card,2,150.04
e9df4254faf2fe70bfbff4c0abe4fb7c,1,boleto,1,46.02
d12824c34f6e0552f57e8d8821242084,1,credit_card,7,210.08
c52a603ac74efb60aefc2f0e79d3a432,1,boleto,1,125.18
b9e69989a006047e2c8ee665b51b10db,1,credit_card,5,326.24
0571cdb407bf04b419c94ffd7acbd874,1,boleto,1,22.55
4fea2d9b1556c6f36a21a75b5ba71246,1,boleto,1,66.53
6c6e590c8ce02ecc30bef8bd3b34d82f,1,credit_card,3,147.99
cb4980b31efc7af3ee819aa60582c31b,1,credit_card,5,59.47
bb4f0c21ae6014e40ef007ff6fbcbeb9,2,voucher,1,31.06
9c54a1816e487456bb7eb5082b9823ff,2,voucher,1,14.60
d0240bcff59b720e55a2fc2c74344b6f,1,boleto,1,75.36
63f4ff5d2266b242ba0ce7c3ad390029,1,credit_card,3,50.96
cea5026b69096ddae036dee16fb94afb,1,boleto,1,27.86
64cad05fe3f34277719621c70f416ad2,1,credit_card,6,317.37
cc585bf1df31232b1654bde95ef0730e,1,credit_card,3,70.93
552e0a8dae101e32155120202f427b71,1,credit_card,4,459.14
8c46c4b2bbf318ff31368bc87309662e,1,credit_card,2,206.61
6d2cb1a61d735811e501bb71b6dd9c35,1,credit_card,1,39.11
b379b3d63e1948d3692990c4e0a5adc8,1,credit_card,1,86.03
c5e86e382215a14b35e8a51f1110f39d,1,credit_card,1,176.23
dcc5949c9548f7fb6537e65fa17dd847,1,credit_card,3,114.17
d8b5366d0c46b7a7f33831b486b0af9b,1,credit_card,3,30.95
d8d04eeca6703f5545f4c25b8ace1ee9,1,credit_card,5,54.95
7d0eb8de17d494f4151e4470cd1b0605,1,credit_card,3,91.28
19feb5627c41ea1b36a8e50a469b3644,1,credit_card,9,212.32
2272148d6abbd3d385088f3e101edec9,1,boleto,1,69.00
b5eeec1b045b05d3e3010ef57120a8dc,1,credit_card,1,15.78
4ccd8da82485c892ae90284af589153a,1,credit_card,1,123.06
64410a4fbf4904d3f9445bf58e9491b5,1,credit_card,1,56.03
ba78eeba3ae33579487bedc08dce96be,1,credit_card,3,302.58
93942353ebd22541194b59e590c0d7de,1,credit_card,8,83.11
f9c44da06151c190a9a6c9c712873d10,1,credit_card,5,92.97
50013835d7b14aefb452825864d3e414,1,credit_card,2,74.76
3312588178a16638759fca54495ef50d,1,credit_card,10,628.35
3ac2f9ede9c2c9be884248c857c75226,1,credit_card,2,151.79
f125b6371382cc34b5bcdd6405152d86,2,voucher,1,200.00
e439ced3d48f1a77f6ecc029cc946a6f,1,credit_card,8,160.44
ceb2344189044ab3b6fa590520a71881,1,credit_card,6,152.06
20550ea4a86fb3f3cc065b2598ebb01c,1,boleto,1,57.90
c46b48abd599551232324a6e9077bf19,1,credit_card,10,270.75
0c7fc95baa5e16992ed412ccea7f28b3,1,boleto,1,113.17
05bfcf9e287cad216cadb8a850f8db5c,1,credit_card,8,534.98
6e0d2539e48e84296bae6290de41058c,1,credit_card,6,982.41
c89051e4897cdf9edda25069d5414a2f,1,boleto,1,288.08
520ec98515a0d6965012dfffa92f9e27,1,credit_card,10,761.82
ef1cba939b3e4639c534c42c2617fa9c,1,credit_card,1,143.39
e5215415bb6f76fe3b7cb68103a0d1c0,1,voucher,1,61.99
2815a8d7291facb79cc8c78f144836b3,1,credit_card,2,25.51
121bf0ddd1c3d94dd344d3f0e81de607,1,boleto,1,262.10
4c701da56bc7e10f17d06fcbe6d1d070,1,boleto,1,139.59
31112043c409fb9c7429a94904d314bd,1,boleto,1,124.89
b1253279f7cb2552c9625335aa5ff684,1,credit_card,1,191.23
a6cd683d4bd3b9b1f0aa37b27f8116d3,1,credit_card,6,609.90
b7d340862fa4167bf17497298bf8d84b,1,boleto,1,34.52
a978d6eb16b0dd287c64cf99680c15e9,1,credit_card,1,235.95
bb814d61ca007ff7d14736b5f8a8d89d,1,credit_card,10,287.30
3b8a3138cb95908731feea1a6e456ecc,1,credit_card,5,57.68
42c5091238dc63339c79f5f35f8a5a6b,1,credit_card,6,338.68
dba1b6fd34a7fd5961e829fa902ca702,1,credit_card,2,60.99
4442d1fdf454197e9e141f0d83a9031e,1,boleto,1,1323.79
c9d0365e799572906dd4a83e17d1b6e5,1,credit_card,1,77.90
48c43415ea1c4af9afa92542183b6e55,2,voucher,1,21.65
3d24c492f9555a79d4d6fd3a22fbee1f,6,voucher,1,10.49
92d731517f17c26f16182d45498c4c3d,1,boleto,1,221.84
cf47ad2fb60cae3f74b943646f685c94,1,credit_card,5,661.75
cee2ddf4087d91aaf4874fc1436f9901,1,credit_card,5,170.36
63902aae1ab37f12ba6aa2b6d21a0634,1,credit_card,10,1367.23
86cf7f20f784187597f7a3f34ea1403d,1,credit_card,10,168.38
8f359a870a6206af39d54ab82c99619d,1,credit_card,3,60.42
26258cbf6d2a9914460dcb10876cfd01,1,credit_card,1,69.45
05c7d88e9c05e1fa1428f1ff2dcc29da,1,credit_card,4,144.94
8c0a4c58ee098fea192d86cb195786e6,1,credit_card,5,70.51
b95a0a8bd30aece4e94e81f0591249d8,1,boleto,1,19.62
ae8a60e4b03c5a4ba9ca0672c164b181,1,credit_card,2,154.57
8dd55d9758dbe56ba3fbad399f7eca7c,1,boleto,1,56.62
f87af4a276a00d935b34c0d42c3fcfc3,1,credit_card,3,36.73
7002a78c79c519ac54022d4f8a65e6e8,1,boleto,1,60.42
fb520e46696d1669a96549c252ed177d,1,credit_card,1,86.18
6ef172eee30cfbfa01516ce2eb2ee68f,1,boleto,1,29.86
7cb5aaf8b7b7b439174c2e4efdf4c7a3,1,credit_card,6,126.25
10ac3b593f06e0dd6b38a53821c1d497,1,credit_card,5,186.00
517e0a52c193102990befc46a5c5245a,1,credit_card,7,91.16
395630df55589c28c5dbf91e72f7ca90,1,boleto,1,54.33
8c78d01de3a9009e23d6877a7cc9be20,1,credit_card,7,249.72
584841703aaa81e11a1fb3bfac2056ea,1,boleto,1,100.91
90bd4466c2905d7b5b56370149e62bcc,2,voucher,1,50.00
4d87e2e794792a3e2fcd7f7a5b4500b1,1,boleto,1,19.71
90207c312f193fbd229671833bf08d47,1,credit_card,3,282.27
9d34d5659dfa39b38d29bfcf0c85ead9,1,credit_card,1,49.52
27b7289530871ba2c68509ec562b1544,1,boleto,1,86.78
bd50a7fe9fd97ea4b7663031a319e150,1,credit_card,1,19.62
18eb75d1fa1fc1168de2bb0c4aa6dfd6,1,credit_card,5,169.99
194a9f43598155086b091e0c827ad480,1,credit_card,6,118.88
c038b4c610ae79ae8e3d191f7293fbae,1,boleto,1,240.99
ec72b3cb886591a30fe474f7474720c8,1,credit_card,1,67.42
7254ba1421bac35de5d5da660715bf0e,1,credit_card,3,176.85
18dad78c0f87f4c45ef196daeaa3ffbb,1,credit_card,1,58.41
73c8476a5145125bb535e946a6192bb1,1,credit_card,1,59.58
c549f0d88f33bfe43351b893f1fb55ac,1,credit_card,1,110.92
ca5a215980675471f0cf8199c041909a,1,boleto,1,19.62
4374c08bd3d2b8f7639e0704d80c0407,1,credit_card,2,110.30
99d3df1714b20b9eb9734e731927379a,1,credit_card,10,319.09
749c1e78ae991da38b61c92f926ab6e7,1,voucher,1,41.35
5f2e44ea1fc61083103e1a75f61d2bdf,1,boleto,1,328.91
1bfa3dbef549cf9ba5c5661ef1b63168,1,credit_card,3,419.06
8aa9f9fb8d016c8abd90a65dcd7f2ab6,1,credit_card,1,30.96
350f47d61d589f6218bff053db95fe62,1,credit_card,1,57.96
f883e09a1fb01318052c6ab839efb34a,1,boleto,1,45.70
a9121d9a1f7b2530fd9d2d6dc01647cd,1,boleto,1,67.90
529c56bdb881d790cc51c6eea4f7b004,1,credit_card,1,162.90
944f618b790d6d01c2c78750fc0f700a,1,credit_card,7,77.84
5226f1a731e8a1215da5e1bea64e2130,1,boleto,1,113.32
1b3d11cf9f92c0f7baf627ab059621f8,5,voucher,1,50.00
b0f913cb83681e8a8563b96b641b3e1b,5,voucher,1,25.01
bb4f0c21ae6014e40ef007ff6fbcbeb9,1,credit_card,1,14.89
db4d2ecc1c1a157d6250c84dd86eb838,1,credit_card,1,200.04
4eca6c2d172953276c75dd0e1bedce25,1,credit_card,2,74.83
e01ddf23188e7eb714114d4ac5e8952b,1,boleto,1,194.46
1308f542d82d3b18c50659be0f12a323,2,voucher,1,45.24
fbbc9a4fa88f1ccd651790df665b3e57,1,boleto,1,119.43
ac2b7c522d811acba0aa270ed3e112e4,1,credit_card,10,315.24
b53a9de5d97ba2bdb4053685fb09446a,1,boleto,1,136.04
cb71bbdb68e876878e7c73346725a901,1,boleto,1,279.15
b7d6888a6d024b1e676d3156e53defb8,1,credit_card,1,53.00
fa479c8466485b9cb8b97b916885cd56,1,boleto,1,95.76
efc734aa0895a5973f3e783a742f1119,1,credit_card,3,369.78
bfb022f17ef48196bf7cda1a9a437517,1,credit_card,1,174.28
4b67dcd830305032861498d405f10123,1,credit_card,1,54.74
444ba35537c4a2b24c3bf2e576ee98ac,1,boleto,1,140.91
855a174fc0471c4ddf1a01a131c9cf6d,1,boleto,1,34.86
ee6c9efbbd90c63c4f1a545b9332032b,1,credit_card,7,151.26
5d6a02cac99fa9799762b72352be69df,1,credit_card,1,70.05
652138adffce146ad78592e6d17b2552,1,credit_card,2,211.40
63638a6806d67773f3adba8534553fff,1,voucher,1,15.10
0a5d7e24850c68bf00d39bd62a9a45ee,1,credit_card,1,80.25
91750e4d3d89e619cd557a6da400be06,5,voucher,1,6.69
67e2b3a30d665abe59b95f2d60676138,1,credit_card,1,144.91
f4e88b3ce1eb899d388467aa702fdf93,2,voucher,1,18.92
df410b19c3e348fb548ae68badd49827,1,credit_card,3,35.86
5a37429384be05ca14780e4989543688,1,credit_card,1,20.58
df537c849af44beef86a7ef7de12126a,1,credit_card,1,40.36
b49998737b7359ebe1b64b0b7ffb20f6,1,credit_card,3,36.82
c818ed0d99c7998f73659bd934936177,1,boleto,1,69.45
dc91dbf7defabdf37c52672a989bad1b,1,credit_card,2,127.86
ce9840efc17fbec501472f7c784be1bf,1,credit_card,1,33.42
abc371fa4448846ac98855c256ab235f,1,credit_card,9,112.08
59db0cf65fd439e6e76ec105e3aa421c,1,credit_card,1,42.90
90b27d5506a9be4b5fb162ac5857d2b7,1,boleto,1,177.99
56eb381fff8db8d35134693062514084,1,boleto,1,112.78
e1a9b6caca1fad8c2b2ac22a649605b3,1,credit_card,10,169.01
4421f094ff828b78aba6d18db005821d,1,credit_card,4,89.08
bcd03a007dcad04bc88701f563b985b7,1,credit_card,1,58.62
d3a3e3dd365abc6013aa6321b0c12c79,1,credit_card,1,429.19
2ce9683175cdab7d1c95bcbb3e36f478,1,boleto,1,73.04
a3d1ef2562cf71542edfed06c1a7b6c8,1,boleto,1,115.27
61782adcbc7367ccf0c14043586c9495,1,credit_card,9,125.80
9de58a725e435fc7ff5d41e6d8691788,1,credit_card,2,150.20
33f85a7c0485cf4a504f78608c5d57c7,1,credit_card,1,64.42
e95949c45d8dc1a2537b40b90346108e,1,credit_card,1,30.95
4b417a70a89a9c265f52c8279dd489d7,1,credit_card,1,47.51
711b9be9c346d9ecdb9d38a5e1e7e39b,1,credit_card,10,202.77
b01daae956b23211a3dd59e8c287ca32,1,credit_card,5,118.88
c37d452db8a3abfa3d99c322e92ef0ef,1,debit_card,1,54.51
ab78c0e74f7486a3c47185c0f5cfbb89,1,credit_card,1,51.05
da225d51cdb2a615ac38734cfdaebab4,1,credit_card,4,436.21
7d86c4aa9e59504b23f16c7ca68954a7,1,credit_card,4,90.61
059b6e617cb9675ad8bc74b7aa750e7d,1,credit_card,2,39.42
0cafd6a7576a6aae0f891008a87f1546,2,voucher,1,31.12
e909df6bbac7fafee9713f25cd6913cf,1,credit_card,1,81.09
d708b88543d7c2b7c9eb0b31864c8ca1,1,credit_card,10,303.69
a37d74c80da3b0cbd44c246918d31ea8,1,credit_card,8,186.29
c3f2036b1de806c740a50b53bc3255dd,1,credit_card,2,48.45
233c8509a65f222cf855765d0784b68f,1,credit_card,10,142.89
668a90230a093eded715f999c5c93610,1,credit_card,2,122.06
42a5f0ddbf1e377e7d31ef5957b62c0a,1,credit_card,8,251.28
330a8410950e2c8bd89631999a37b2c9,1,credit_card,12,147.55
38bcb524e1c38c2c1b60600a80fc8999,1,boleto,1,11.62
dfd954e67c5eeaa6432cdc40a6b66d73,1,credit_card,1,105.74
8c11e7320d48d441627a82aa47d9afc1,1,credit_card,4,250.20
a6475bb7a50387e3c665534e15bd40ac,1,boleto,1,659.41
e38f9946fb20db4a597eed7547c59afc,1,boleto,1,64.42
f6089c47bab18faae3d90c64cfb08481,1,credit_card,8,127.50
11837ac14fcdfb163c0b78d91be89498,1,credit_card,5,55.95
052523fd2c735b15cb107afc0a413bc2,1,credit_card,5,56.50
fbd82b1fe98967de0db29b6cf134d00a,1,credit_card,3,51.72
0891b66cbcc48cf64f31ae9cae3d08d8,1,credit_card,10,317.90
95fd5e469d8ce5093adeace50b5a4389,1,credit_card,1,60.86
a52e6fa2d7c6ecaf73ff5f7f10438339,1,credit_card,10,233.97
2c46f84b185f4aadc82a72d14d089c4d,1,credit_card,8,747.17
50f357099566f1be7abfaf8d9dc5b004,1,credit_card,1,51.80
89484162f10c48a5cbccb77221419395,1,boleto,1,273.90
a93bb13e55f292aa026428dd42bd1565,1,credit_card,3,184.38
5f2dbe00a1732133a6809ae1af554123,1,boleto,1,227.04
811eadaef225935d84d4d3fdcca7ee85,1,credit_card,8,419.06
9bd5312d12f48b04a460f702baff3d8c,1,credit_card,5,221.84
8c7202d3273d8e64094815668d97a374,1,boleto,1,119.37
566f53fc7d36fa366f7e221468121877,1,boleto,1,85.60
749a31c1093994e39ecb4aef66a7aa3a,1,credit_card,1,39.95
7c933084ae34df732cfb3b47968b1666,1,credit_card,6,77.75
d743f434cc2921729af830ce00d474b3,1,credit_card,10,116.16
0f91be4a9bf9ffd2c1ace53b9e5dd9e2,1,boleto,1,485.38
453b7a88cd66cd9e4210f05233cbf197,1,credit_card,3,187.47
03cfff56e65677083384243927b9915f,1,credit_card,3,245.68
73558fe683b9ce228381cf2ca678d322,1,credit_card,1,159.11
32339685fefe9062d33175a4bc12d555,1,credit_card,1,43.86
05cd156f0f47579a36d7a52724fc31b8,1,credit_card,1,25.51
597bd074d7874048131c67581f0556d4,1,boleto,1,74.49
7c0ff60ea08a0885a1404c299f7ed4f2,1,credit_card,1,83.03
0d319cdad03395ebc9942c66fb16b7a9,1,credit_card,1,57.10
09c103240d66c0e0d945071a9518d6ee,1,credit_card,6,124.84
eed0820e183311e6ae0d016436318b19,1,credit_card,5,200.16
96e5187ccb9753392e2dcd3beff8f85f,1,credit_card,1,57.10
2c46f84b185f4aadc82a72d14d089c4d,2,credit_card,8,206.67
3d24c492f9555a79d4d6fd3a22fbee1f,5,voucher,1,10.49
f205336be829af209878b6339cf02c7e,1,credit_card,1,74.59
7974289bffc998c320825e123de8ee7d,1,credit_card,1,256.56
016dee69b3de35a39bfccee5309307c3,1,credit_card,1,62.19
3ee8494bb94ea023beadcd0783c9d8d7,1,credit_card,8,114.42
fae508e3ea9697ecb70c66eca76f4b63,1,credit_card,2,42.42
511c9c59155679bf85e46829de6bf067,1,credit_card,3,261.82
eccfa497ce3b3c48e8ccb2a629ea5fe8,1,credit_card,2,84.65
6d212e3f7da7cdbf836ce9494d33a606,1,boleto,1,149.95
4deb2316dadf42f0daa6b8965d384ba8,1,credit_card,5,157.80
a89b268d1a28bab0770e650f25232b06,1,boleto,1,34.86
496e779d0a36724d70beaf6ea94d7d9d,1,boleto,1,161.51
d0a4948ce19a51837d5e24c26ab83d76,1,voucher,1,56.86
10d1e90a86d2be981a52b6a927c97dc5,1,credit_card,2,467.20
b46902d53ee0054d077220fefa87e7d5,1,credit_card,1,79.01
765442de6466c0bb079c22b8b20e0eab,1,credit_card,2,367.65
747996a66f5aa711deb8ae58f5ae46a0,1,boleto,1,18.62
a9506e4af5c19ca12362961efdefb20d,1,credit_card,1,34.86
e4f669bb9b79875231a2cf27ab8dd229,2,voucher,1,354.23
85841af0d94e5d0cd3a9c0e42e565b74,1,credit_card,1,38.36
ab624383f19eac12ba7d277b58378c7c,1,credit_card,1,65.55
717d28ee12c7c0ef8b384ff1b62b33c7,1,boleto,1,84.64
63638a6806d67773f3adba8534553fff,7,voucher,1,0.74
d6d06ebdeab0297fe7460931b29b4422,1,credit_card,1,41.90
556689f3e30f4662d3ec219bdc556b93,1,credit_card,7,335.00
62260701eb6b51252ed47c4967b1a48d,1,credit_card,1,19.71
1297e99de06a5ee4ea9c4b403fa8831b,1,boleto,1,218.67
f400946403a78fdd034cf522d3f85512,1,credit_card,1,65.36
de9df170e0b97a46f12f9bc8eca0e0b7,1,credit_card,1,35.42
555761ab2426364f42e9e018047df4e0,1,credit_card,2,113.17
b23dfa1c97d08f8d2017e85dbdc5b1aa,1,credit_card,10,710.00
be0321747be0efc1c7241a5e985dd299,1,boleto,1,120.82
9b2e5e7107f9b0d28873782803e01ecd,1,credit_card,3,54.06
4ac9d969022c4a7ba509b39bb0f3d36c,1,credit_card,1,42.10
59e7ca596664da0a459a145eb95cc9c5,1,credit_card,10,342.69
92e3415f60fec80f07ebca939434c3a7,1,credit_card,1,40.95
9abf2c67162c8756e2733a5f36e0ed12,1,credit_card,1,102.58
b495ec18170fb28a3610c8d3ab464442,1,credit_card,4,45.40
d006112ce36cbbb57fec00ebce1de147,1,boleto,1,148.93
0633c2f778161bd80bf27cb619d6437c,1,boleto,1,48.25
a50d16f8c24acdc0c3d2fe0af2cd5c87,1,credit_card,4,210.08
0d1bbf582326272fa550ed829bd2e1d4,1,credit_card,4,46.34
bf79e4fa55a389d494f47feb2654892c,1,boleto,1,29.42
92b44b87f1f7670b8911c5f0e642435e,1,boleto,1,161.65
195416246665b8268100ef5fde9722b4,1,credit_card,1,150.89
23ad1ae9db6999293449603e1a247803,1,credit_card,5,151.49
382447aa0ebf13393d646287fed13df7,1,credit_card,1,70.98
7cc5f7da21653de1b71a6f4ad590e5a1,1,credit_card,1,463.54
12d9fe1a3efa51a7fae337cba819adc1,1,boleto,1,39.42
6460e331ee8f69c01f1423cca48d9991,1,boleto,1,20.11
8a903d20555a91edeffd6eab45743f26,1,credit_card,1,43.89
a8b8b7289262a652bbc1c042766c97c8,1,credit_card,1,45.95
7e61a4c6d93d6ad8a4ca4a8d00094339,1,credit_card,2,313.00
9d7737b250ca12ae1e89ef38f2e5d213,1,credit_card,1,96.35
aa3e939d90791cb80173b38e4faf79a1,1,credit_card,10,505.88
c356d4dbafd1289aa49e2b0ed1d2fce9,1,boleto,1,43.31
984cdff250754f548d7c5bb77599a23b,1,credit_card,2,115.72
6bc3c200db7e637a78b05d8984dcf66f,2,voucher,1,126.29
86df4a2f1f5cd47ee3f5bf1781240d1a,1,credit_card,1,45.49
855729ceef5841ce6e1c564027caf14d,1,credit_card,4,41.42
c383ab7c64e3ee1503e3574b22e37dab,1,boleto,1,86.90
6c895a26a7b113a890c888e46f106907,1,credit_card,1,39.46
ef923bbb28876cc2a8e00a7ebc1a52f8,1,credit_card,1,161.51
e88bd342db73022d67847798929c4519,1,boleto,1,307.86
6b5e619dedba6d4297fb10dd5886912f,1,credit_card,10,207.22
e2b56835030c81195a5f1d65a17a2c1f,1,boleto,1,144.00
c79fcf430e3532739c1344bdc0a021db,1,credit_card,1,120.14
5c5177333fb1fce1f4bb65868988f204,1,credit_card,1,81.57
845f40bea2ead3894b6d95b621e108c0,1,credit_card,1,80.33
4551b488487e6cfa31f9e35073d3c5d4,1,credit_card,4,104.60
7810232f329f64a33e2238b22ea8231e,1,boleto,1,115.70
230c830e0ace11bcabaf63deebbee836,1,credit_card,1,44.95
5d6e9993ecc20a59e637ce711858d081,1,boleto,1,44.02
0df040f84e5295f7894177ffe53850b8,1,credit_card,1,93.70
6fccc57f4270cc3628193bd168efc780,1,boleto,1,108.66
a4e62639ac0ca7429854efc494c1915f,1,boleto,1,47.80
51b79a492b5e53504ce70340ce111374,1,boleto,1,64.46
0ed46f17da8a1c3bd0ed5fdfc50decc4,1,credit_card,8,82.19
8fce31c913563c7a93802d8c2cf758b2,1,credit_card,5,56.96
98974b076b01553d49ee6467905675a7,1,credit_card,6,121.13
17028de7d02a1fca7c1d08221b859b77,1,credit_card,6,213.59
35837feff69c830a990c5ecae625bab5,1,credit_card,5,307.14
cea4a13d87d71c7fc5ed35c588ce28b8,1,credit_card,1,46.71
a15df161654da3f47c2984ffd7764920,1,credit_card,5,78.00
1b01e824ff3005e8108c5112f41c219c,1,credit_card,1,105.92
b46a7e15cacce08914d49a6a7ab63270,1,credit_card,2,165.78
b60e330e00299aeeafa976b885447190,1,voucher,1,37.46
df30f88407baa98218b16abe7032899a,1,credit_card,10,361.17
8300640f8328abe9ac6691e4caf3c2bf,1,credit_card,4,66.68
9eddcb9c8cbfd8719bbc6b147ef32735,1,credit_card,2,48.25
f4ffbf5a60f1fafa7ed118b999b34ff2,1,credit_card,1,172.50
1b76802b72eb5517c97481ee2f7b7037,1,voucher,1,130.53
b03fd938df9e8a597888994c096914f4,1,credit_card,2,137.90
8ca35ef9366e216446621215448b381a,1,credit_card,3,62.83
825df75b7a4b5c436b9d2443f653cab2,1,credit_card,1,112.30
c1218dcc236c1b2e5d2e9e4313127c0b,1,credit_card,1,31.71
d4421539677ce8da70f3abf867adf15c,1,credit_card,1,45.86
e833d2324ca8e55d593c0d9d8806c227,1,credit_card,2,23.45
b4eb90d259a894fde9db24f991797b6b,1,boleto,1,56.62
5f0d307ca60a8b9329b9e6ea49a17190,1,boleto,1,217.00
5da2004d85f2828349d887c989da2adc,1,boleto,1,34.42
51f2bc977a4fb1086e3521f501645ddc,1,boleto,1,35.86
49268496ecf8148bd16540c2a23c6c70,1,credit_card,2,147.21
8efea0c3d02c48c7c99f50109fa108f6,1,credit_card,1,118.90
ac00d3859c095d282f6bef69e0ed1b38,1,credit_card,2,89.16
2e8e21db96a8ab922e51cd297678c6b2,1,credit_card,1,87.29
d730d8d0ea3149120703933fdf98b2d4,1,credit_card,4,67.86
1cb796218c383fc54a6a4541420201d8,1,credit_card,1,139.27
e819c0a367da758c5e60ddaee6890dc0,2,voucher,1,214.88
c141123e3bc9866f39f5dd9a3b3bdefd,1,credit_card,1,134.96
b5b103fe531168050d785d5b8de74174,1,credit_card,10,2217.99
4d9aeb0219e736ad9dd72af9f25b3f88,1,credit_card,1,50.86
ae86389756e9af7f5f5f64aa266a439a,1,boleto,1,131.05
f06e135f2a783426a58b29014f2346b3,1,voucher,1,24.42
6ca2b1dbcac1751cab45df5faa1b892e,1,credit_card,1,22.72
0f8cf123486438ffdee527bf82ec87d4,1,credit_card,6,118.03
87c15b8f29f9fc59405db62dcb5697c9,1,credit_card,2,81.09
7f14c64f7f48c0243c290e47dd51cfeb,1,boleto,1,31.86
d5cf2633d9ecb6dba748bca164760855,1,credit_card,10,226.88
a3032220da3f83acf7fa0db99dc28804,1,credit_card,2,179.35
2631dba338efbcea9c3ace77ce210c01,1,credit_card,1,594.46
82e4f033f60598903866557d89c9c042,1,credit_card,3,44.74
08d7ec7381dc51d41a0e4d86314b7a98,1,credit_card,10,719.76
0a2d541ba7c40984543d72b5eb0abcba,1,boleto,1,49.72
c004caad90ab5b86dcc0e253eee4491b,1,credit_card,1,137.60
d53709cd2507666542fcf8f6120b99f0,1,boleto,1,44.83
f4ed6d734bd3faba403a2dfdf49400b0,1,credit_card,1,25.51
9058bc799c3791077efb3aaa8e0d5e02,1,boleto,1,91.07
9e631c9b66b8485a8b8a42fce40ed307,1,boleto,1,61.46
a957bd5128480b4ec4c8762e9bcf3a13,1,credit_card,1,226.11
0a59027d2270c523a10d1c29e6c53a71,1,credit_card,3,72.63
3be9883ba4ef261dc194228abc739d0c,1,credit_card,1,41.32
6d234dea658ce0c00f91e931cb11f93c,1,boleto,1,64.46
73a366d399bf1947b6d62c2a4e648f27,1,credit_card,1,84.65
3379d980824f0aa5dab057f2530759bb,1,boleto,1,87.90
13a4e0efe42392b2ee22601883f47d24,1,boleto,1,303.42
54d744a4410b1edccc36c6d1f1c7e097,1,credit_card,9,146.01
0a0837a5eee9e7a9ce2b1fa831944d27,1,debit_card,1,65.50
b2f92b2f7047cd8b35580d629d7b3bfb,3,voucher,1,20.00
b3c8c0dd2b042239054fd43c6f63c8ee,1,credit_card,1,41.64
5e1c835de943927d56469fa225bca0fe,1,credit_card,8,161.12
262118ce178bb3e4590a3adcf6d62e6b,1,credit_card,5,126.12
fcda3cc8210e746326864eb933641ccf,1,credit_card,2,27.04
c9cf685a5970016a369f50c8f42e87b9,1,credit_card,2,62.65
a9a93c428c6103f2151bb63a1d32a520,1,credit_card,10,160.67
488a3468338d9c4c6caa95bb4b536b90,1,credit_card,4,177.44
1e9a53e194e98b64434abc52aeedae1e,1,credit_card,3,169.23
c6be81e3c1e9e15e5893e19d7ce49647,1,boleto,1,63.01
277427ea3d46a465d7311f4107515ba5,1,credit_card,4,89.07
67a02a73466642c42627bf50de7bea92,1,boleto,1,171.03
21aa5570514b188b031255172b1e04bd,1,credit_card,1,42.52
5933483834803a0e8e9fcd26cdb3774d,1,credit_card,7,101.92
96e60a8b7fe4d9cd4f5ef7f3399a502b,1,credit_card,2,317.00
a18cb2293847a707b8ab9ccfa6445bbd,1,credit_card,5,54.42
cd3ad05bdb70488e29c3afb5641cc178,1,boleto,1,38.01
0fa927b252421189a0e0d5725fb3832d,4,voucher,1,18.48
a2c7b8f8a4fe1bc4a8f4e30a5311861d,1,boleto,1,74.49
205d7052a6505124d200f6fea6b423bc,1,boleto,1,18.62
9889e26ac5a56d800689699664af0f82,1,boleto,1,127.50
4d2c3fb1909604d5f9474e4675971ef2,1,credit_card,2,117.96
ec63c198f700051fb0a74c40a757af0e,1,credit_card,1,33.52
0ec61157a488963fe217233f74c52760,1,credit_card,1,45.01
62246c16a32a0866943f17d7b42db940,1,credit_card,6,69.35
143f8e1be12f4d99301cec6f0d7a3834,1,credit_card,1,70.93
7033745709b7cf1bac7d2533663592de,1,credit_card,4,111.51
bd726a1bcd046edd7019cee8a66245f7,1,boleto,1,449.65
cb29497c3782a76b57327c055d58b0e0,1,credit_card,5,163.20
73aca43a4a4709c819920271b2743341,1,credit_card,6,326.24
c7e64567d07503e82847c129519ea90c,1,credit_card,3,33.10
dbd4885aa71d304f95eb40c67bfbec35,1,credit_card,10,956.27
4130a3c17d5018e8877e1dc104b55fec,1,credit_card,10,302.87
2c45c33d2f9cb8ff8b1c86cc28c11c30,1,credit_card,3,153.51
33ef079ec39c1b46e6e552e038e67c5b,1,credit_card,6,62.65
3d24c492f9555a79d4d6fd3a22fbee1f,3,voucher,1,10.49
a87f63f16c37c383775f476c6f22b635,1,credit_card,1,45.78
832e8d2354732ff820bc425bf1d7cd52,1,credit_card,3,230.84
34c718970b33419ed6d537a90366231b,1,credit_card,6,134.80
6e68d4f670783e41ced4e82d14debce9,1,credit_card,3,76.05
8ffd24fbf822586b2712a4becc7217dc,1,credit_card,2,142.00
6b686186d43eaa21c407ecf34ebb9ee6,1,voucher,1,222.55
4064338b1a0771e658af6c71d3fa2604,1,credit_card,2,144.07
02a0eb7c22b0616c767a45954a2a28f6,1,credit_card,4,144.54
804f733828d8587c734a1d8fc5634e06,1,credit_card,4,284.50
9d6f552c9b731d52bb9c9b6051ddf5a2,1,boleto,1,56.60
10271ddf4e66d7ebde86598c2447761d,1,credit_card,2,87.99
1970f2fb4b83ff962a75b064abc37f4c,1,boleto,1,653.39
8964e929ea610b2c2b98e3c4d1bb86d8,1,credit_card,2,154.14
64f5569ef96004a1e1137bdf28fd4c45,1,credit_card,3,69.63
cc008d324278200689ee451a547b97c3,1,credit_card,10,111.21
e4b5eb77d6eca2730a7ed8e9abaf4db2,1,credit_card,6,321.38
7d960d3f481b040257655876b44e79bc,1,boleto,1,463.75
3f72d2b757e725cd48a4726f831c7789,1,credit_card,10,267.49
138630e7e14855ce216a9db0cdabbe06,1,credit_card,1,145.01
67e9625c39f8c6e529f81ad4c28acc5e,1,credit_card,10,742.47
1f5d62970c5b3cfedc1b2a8d15ffe40d,1,credit_card,1,127.50
6ad644c08b98d152d28f183097633d41,1,credit_card,3,60.86
ed3d575bd3358123b063ee64cdecdef5,1,credit_card,3,30.22
1e6377b497624e8fa908ee4a87e3687d,1,boleto,1,71.80
b89d3f466656d80cfaa4bf9698218c83,1,boleto,1,102.69
ae0913baa54f18027667d8049c36fde2,1,boleto,1,173.40
616c234744893b4411f6e056de1b0699,1,boleto,1,38.42
21de78ac0578363ecb087f82755e6593,1,credit_card,2,55.46
66f5111aa3f376fd7dfa577aa7c57515,1,credit_card,8,117.00
330f4c4ce3d46e9f892b06e6f0bc9aad,1,credit_card,5,54.90
ffdc5e3279114c523a09296f8fd28331,1,credit_card,4,317.79
c523f76b5fb8a02c2022378c58a597e2,1,credit_card,1,79.62
70120a058bcfa89a603e2f27aa5881ab,1,credit_card,1,135.01
dc17c17282032d56b1ca7dfbb291cf07,1,credit_card,10,124.84
ef59d0e720795bd288acef80bd96d2cc,1,credit_card,5,197.99
65d1e226dfaeb8cdc42f665422522d14,1,credit_card,1,35.61
c9a54f6ed83e951ec2cbec315d2333cd,1,credit_card,10,230.78
f6b63a36cd2dd4fd184e6da3f911a4de,1,boleto,1,35.42
04770bff63a120fbf0eea1f62b84f8f0,1,credit_card,2,74.83
f878206572adfa47110fed4947806589,1,credit_card,3,182.64
65e96eb0ec0c05756d035e9eb8fce071,1,credit_card,1,116.43
bab0a62e41a5f0abc7f04989cdd7a6fd,1,credit_card,2,221.85
b8b9d7046c083150cb5360b83a8ebb51,1,credit_card,3,119.79
ea97616a19d3b2683ab949def1037708,1,credit_card,1,82.58
925076985315dd0cc772d4156564d009,1,boleto,1,44.30
f6b0fadc7a8c63ec71d0336d21b8c630,1,credit_card,3,66.06
9d57e7a9c3dae94772187f73e97d9854,1,credit_card,1,83.07
a68ce1686d536ca72bd2dadc4b8671e5,1,boleto,1,77.73
63638a6806d67773f3adba8534553fff,2,voucher,1,11.99
2194d1dc5f73fad748d7a90fd673291d,1,credit_card,8,85.27
9a9a016a99c004915ea810b5fe0dd5f1,1,credit_card,3,162.96
2bcf5ca88957e31faab027f2325cfd63,1,boleto,1,59.96
903c880841c9b1af32d6d086b9763133,1,credit_card,4,43.26
cba1cb073e8cf5375b9f786704de8e80,1,boleto,1,137.80
f80bb64f9bb2ac4ced01632c44a67e0d,1,credit_card,1,8.44
5204d67853f827d1ee32810bf8f2d6c2,1,credit_card,3,86.59
1d4744e42dc6d786bbc9512601f7e49c,1,credit_card,2,77.98
28f5847427849401fb017537fd20da41,1,credit_card,4,41.93
81e5043198a44ddeb226002ff55d8ad4,1,credit_card,10,108.12
9e0ca19fb3cd696e318f58f0613ee8b1,1,credit_card,2,127.90
deb08269080b64b8e69bcd06b808889a,1,credit_card,2,261.92
e488cc26536e9d4857ff7e4605f3220d,1,credit_card,8,86.09
d5d777fdf41da773664443c2fd9acc23,1,credit_card,1,38.42
0516c22655fe1e1f0b3390f4ee3fc5f6,1,voucher,1,31.92
2f9d4ee8ca77fe0951ebfe9064cad953,1,credit_card,10,105.19
30945faa37e8264ea2815f7bf799adf0,1,credit_card,1,153.21
fd930246eb1c751ee75add493e49ea34,1,credit_card,1,77.16
39d0be719247e3b3a38846ba810197ea,1,credit_card,1,121.01
9dc6746a8f29fafaa637f2239a9f3d28,1,credit_card,10,875.96
9570b858d92d0c29cd331a7326b84ac6,1,boleto,1,137.26
db986cb6dd75db5b02034f98fd00cf7d,1,credit_card,1,162.30
2e56f943f231f5fe108f43fb370b0ed6,1,credit_card,10,268.08
d51543bdc3d7f733b7637ebf031f6565,1,boleto,1,99.75
a47d0baf5bb361cf68e3f1ec57bf57e4,1,credit_card,3,195.42
3a9731efdd545919f0c6c36c8633b7fd,1,credit_card,2,52.87
1e8c2b738fde51956f03f1a59bc86003,1,credit_card,4,246.09
4baa3882a6f5d47e5ac98cd10c942c4f,1,boleto,1,231.42
6335afd8e6b7eb0ebc8bb71ea0008f6f,1,credit_card,10,971.96
4ed01120b6d2cbb2a2fe37897f9611f4,1,credit_card,7,399.99
8f1a2a26d4f0ed5608a8857e0e88b7ad,1,credit_card,3,181.00
54b3dff57c665f797e9738df1014f9a0,1,credit_card,6,656.52
09d557bf440b6c3b40cacfbb24fd5e28,1,credit_card,7,159.18
fa22247626749c6b54ee3b6a97cb8018,1,boleto,1,280.22
21cf778cbc216b501945041921a3aed5,1,credit_card,8,413.31
726714fe5c6124b8501feb36c5b89896,1,voucher,1,33.02
fe8fb13770857cd6d22fda24ce5bd4a6,1,credit_card,6,179.30
c867dd64bd728f7a87d1c868c7c2c33f,3,voucher,1,20.00
3f3e01f29d25bb2e62be81659113d44e,1,credit_card,6,317.20
bf88003f2580db7589007ec44bc85695,1,boleto,1,40.79
b60e330e00299aeeafa976b885447190,4,voucher,1,6.14
ec250576de989120ce229e49bae2e72c,1,credit_card,1,115.34
3aa9ae345c5bf7396e8b237717c470cf,1,credit_card,1,150.22
ec0fa4ef7da067eb3a57abd8fc504352,1,credit_card,3,148.98
3440f090efa1949bc4e9ebd0b89b2b6c,1,boleto,1,69.45
705bc68dd9abcfe7d39ecf21e897a250,1,boleto,1,148.33
32163a3da27e868cf12730227576ff1b,1,credit_card,6,317.20
6aaedd714ad6929fc4df8d51bd4cfe9a,2,voucher,1,12.87
8b267a755ea7f8e11012c8d4cb85e7b3,1,credit_card,10,115.11
2276cb38c742033aac3f4a4d67b57ab3,1,credit_card,3,105.39
22613579f7d11cc59c4347526fc3c79e,1,credit_card,10,398.12
9d8eb4197962f028d0a0f9caa37f0402,1,credit_card,3,72.71
d6322bbb41a10c3fe6721b45537106c8,1,boleto,1,64.51
0e659173ebf2a1d39e076be9bd0b2872,1,credit_card,5,52.78
c72727d29cde4cf870d569bf65edabfd,1,boleto,1,51.99
3461c4b04fb9c6ecc30aee1e099bd1e1,1,boleto,1,167.10
c3084098ea4ba59510ba1278d3cee2d2,1,credit_card,1,194.17
00cf47526e0f7920b381b2baf4ecf1c7,1,credit_card,1,74.49
b1c29680cbde517fcf3393e77aac6ffe,1,credit_card,3,137.14
eb87432d1b32d99db89d573d77767a01,1,debit_card,1,50.31
3bcf5ba4eec8b84af7663e2e261957cc,1,credit_card,3,39.11
7faec2979809e2590815b95ff2d7c3ca,1,credit_card,7,71.02
4bee560781d45bb4b18efd58fef1901e,1,credit_card,1,38.72
fe51db9ff7a67edc7468c14e0a2e9aa1,1,credit_card,2,125.98
48c43415ea1c4af9afa92542183b6e55,1,voucher,1,11.87
02d2287dea15cd93d945f1749f3288ed,1,boleto,1,48.59
376cc9a8f827d17966ea7c4b182f4426,1,credit_card,1,71.21
3398470b1f117c681a7dc2ead5553724,1,boleto,1,74.49
1d5182e38de4f122947727324f2870be,1,boleto,1,115.29
749c1e78ae991da38b61c92f926ab6e7,2,voucher,1,40.84
cbbb524a0e1646aa6cf7a3c0bbe517ad,1,boleto,1,95.58
abbbf52551bc34cd52a7851c06dfca90,1,boleto,1,239.48
c3d9e402b6a0fbe2a5f7fc5b41117c38,1,credit_card,4,237.45
85fb2afed45145db40381a894fed8d1b,1,credit_card,10,269.08
fe590d6e861c13a9b394a9d3775b07d7,1,credit_card,5,262.12
7a7d2c889e27d93b2005462a8788e168,1,credit_card,3,35.86
603e15b90edc4dbafc68def34a24d4a7,1,credit_card,1,76.02
cd43510a9992792a9e22f4e9f8d20f4b,1,boleto,1,383.05
897ed337ed4c3fba920924b9143c2ea0,1,credit_card,9,95.00
aba7884f1a6e6e52b774eb7654651325,1,credit_card,6,685.69
5a5f3655d1d2c0a31d9ad1eee421ce81,1,boleto,1,68.45
5b9714d8a4016e5add108c3ebb3c21a5,1,credit_card,2,69.54
b93ffbad842670470ec41f35a317ee65,1,boleto,1,83.11
882d810d98542e6512788b9a49d6d886,1,boleto,1,92.75
51eb3e42940efb2afe2e7546e8bf2f5d,2,voucher,1,25.00
ab29316ca52a6f49c3e55b77c1d6e4bb,1,boleto,1,116.43
9786c52ca3e1ed1ef3ba5c65941627f0,1,credit_card,10,169.90
8b94c85a97b61f51a419a57e451d4e3a,1,credit_card,1,26.64
69ac71086ec549aa1752b27edc954d40,1,credit_card,1,39.46
66ac12943c406c5706fea2ce7a74be9e,1,credit_card,1,84.16
2a3f0a5fbf1d28387b5aea5308d6fd4e,1,credit_card,5,255.60
7976a5c0f4cf314a66586cf02f7aa596,1,credit_card,7,213.52
d84b3fdfbb838b26178304662ff635e1,1,credit_card,1,124.53
bca58807bbe0c11fa3099e2328f62647,1,credit_card,1,45.25
4e3d811dd3b8ca1f39b4ce47ee24b368,1,credit_card,8,367.56
719b940ab2f1e351ffb14a0a02ffe3c4,1,boleto,1,97.80
89aabb395bd3e6f5778b44a5aa2ef6ff,1,credit_card,1,130.46
1468556ad5a95f57ef848cf278d8c6dc,1,credit_card,4,41.45
5b1ff9c294ce6149733c6912262c60f9,1,boleto,1,186.54
063b573b88fc80e516aba87df524f809,1,credit_card,1,87.53
354ca44327bb555017ef42fd921ada11,1,credit_card,3,367.90
7b99db4b35bb7d1b97ef1573aa3c2171,1,credit_card,2,25.10
fbd05af8c1751b972fc6e19b1190990e,1,credit_card,10,102.09
87bced03e631b959304311f077bfbe31,1,credit_card,3,130.34
bdf4423bf60eac03b6786ebd0e507cc1,1,credit_card,2,41.93
e77f09ad0e02176a15af6981ee2d8ea0,1,credit_card,5,454.80
5cd498954e2b37d71b315166809b4bd7,1,boleto,1,181.59
1d5bd99b9b20b17bd85826aba9c18994,1,boleto,1,378.09
b157079a62d77688a0f66043aa1f0306,2,voucher,1,100.00
6f748695717d537b882406da58acefec,1,credit_card,3,366.26
849eace12a4c38cc5d4647af9f942eff,1,credit_card,4,220.71
3bd5b53dee9d54938f56208bcc03d855,1,boleto,1,66.70
146bfe4003096bc16316672e59c6fb2e,1,credit_card,1,65.89
b96f5299909903eedc435d396f90f726,1,credit_card,8,1323.30
a8846701b9f3e21e64c9062ed3f4dfd7,1,credit_card,3,96.23
6bc6b07e448bae52d248c4df401d6157,1,credit_card,1,51.64
4fcecf52518a5e74c2431d5eb2dbc8bc,1,credit_card,3,340.48
4e44d7b0462e32a51de74a16eac6534e,1,credit_card,6,64.26
5dccad03ac8016afdcdb7cc0227ec9d7,1,credit_card,1,81.54
4f821ef636d5a5eb870c9ae7b7d7654f,1,credit_card,4,45.50
a8c3f65a43b2e956cbfca10db4300853,1,credit_card,9,196.27
3bb674c130836b55a540f493a9dde774,1,credit_card,3,157.26
9758e655b4d2fca01c69a4dde9d4fb5b,1,credit_card,6,134.60
1ebeec1bb9ce388ee2e00d401058ca8b,1,boleto,1,55.60
1b3d11cf9f92c0f7baf627ab059621f8,4,voucher,1,200.00
6a94666b47f6006dda56e5edc10968a3,1,boleto,1,113.00
eabfb81cf01d772d65405ff27c793ddb,1,boleto,1,374.28
22aa0b4e8c7855fd8d534a7692579a36,1,credit_card,10,751.05
ecfec80cd0ce1a66543b6bd5e278a76b,1,boleto,1,120.50
f2a5336cc1662ad56b16f4ed6e4b2de5,1,credit_card,1,429.70
acf83f0e8fb878cb25197344426ed10b,1,boleto,1,663.93
0b2942062fff77e603cf4837c421e9a5,1,credit_card,4,199.09
897702f9f3fe72f18863ffc09e7ddef3,1,credit_card,3,263.04
c3c35f2d43a0d5fd996de1f3b77ffa0d,1,boleto,1,66.05
63a4d7a71c43e2f008340552233931ed,1,credit_card,1,38.64
46081612169925ef8882b3bbf1c5011d,1,credit_card,2,146.93
d0fc18b01244d3a08b0fd12deede8201,1,boleto,1,129.16
32a7f2fa7d1b798b72a117f24095efd4,1,credit_card,3,127.42
f454701e5160f7518990fcac29a81932,1,debit_card,1,153.72
41bf1169cb9e21c201df1aedbcdb6b1f,1,credit_card,4,44.25
bc0e0c28cbe995798d3afb7c7c75d269,1,credit_card,10,1423.55
a4fa33c4486ff17afcc146d9a2b0aec6,1,credit_card,8,255.25
df56136b8031ecd28e200bb18e6ddb2e,1,boleto,1,204.72
ae162713f33901220faa2a22c2bdba45,1,boleto,1,393.15
78a1a87882880114ee891ccdcbd1ccde,1,credit_card,1,79.62
c6444f5adda5b95c297cbb3badd3a1fd,1,credit_card,5,51.42
0afbc110b84719faaef4887a5cff5a2c,1,credit_card,8,81.78
95431c05f2b32414cf7839de333dc57f,1,boleto,1,423.16
f30663edef2c5ccbd8ac1901275ecf64,1,credit_card,1,45.62
dd845e1cdb19f08d029a727adc9a5a77,1,credit_card,7,75.33
dd359d3c294458c6d642b2eea9212bf5,1,boleto,1,177.20
99a4238f13a11d486a5eabe5c8b1a1ab,1,credit_card,1,58.05
0eaa4845a6182d6b72de720fb976abd4,1,credit_card,1,367.56
a10231eb95955f12c2bbc1e34e25c950,1,credit_card,3,74.49
a033e71a9fdc7a30404bd7a39d3ad173,1,boleto,1,27.86
002691433f09002ac9ca0c4e8dbb8ead,1,credit_card,1,120.43
63638a6806d67773f3adba8534553fff,3,voucher,1,9.02
bcf5665129063675d2d1006d95d3c813,1,credit_card,1,118.90
ecfc862cb2fabd3d5f9c86117a9baff0,1,credit_card,2,29.42
86dcddd0920dec11c6faa2276be53edf,1,boleto,1,77.51
0c8675dc2e52ab52977a76d810e45303,1,credit_card,1,107.90
37944c14b9384f4494476b8979f9d0b3,1,credit_card,1,55.46
7419d74066b299f2c4c8640ce5fa8e7d,1,credit_card,10,137.26
26fb6c984069988017b2d12b79849865,1,credit_card,2,33.36
8d47519f5c9c42540b37bd3db0492878,1,credit_card,4,89.38
a9fc3ae13c740ad46532fd50b61c69d5,1,credit_card,3,34.42
72c6b41818d5e645f455986b59b7a964,1,credit_card,5,134.99
51c88c10daf1d028607325b9f19e3a5f,1,credit_card,10,109.15
12af24617f25e0c8cd411544f704f2f7,1,credit_card,6,64.22
3a1756d7060a993e85f1614b43da0c03,1,credit_card,3,215.76
578e93018456eabf67495ce86d6e6315,1,credit_card,2,139.59
e04d9eacedc0dca9d83c14fcb0d7276c,1,credit_card,1,96.10
1982a20c2a9d116da964e488d59eebe7,1,credit_card,3,34.37
eee77f4b54ff5aeb0312aa795fb9914c,1,credit_card,1,64.42
469f0b908881368c45917f1bed8240ce,1,credit_card,9,95.17
e85c92ee6a3ba1ef47e41c23286314d9,1,credit_card,10,3736.22
6d02a007afc7698b7dd60ffb07514d1c,1,credit_card,10,207.90
09514821d13482daa26aadf8c2273e7f,1,credit_card,4,358.53
30f7c25897bac24c9d57f04e7cd8903d,1,credit_card,1,121.62
0ca8aabee13c6aada48490f516f823a3,1,credit_card,1,86.18
9b42f8813f6bfa620e0c91a4e132f2c0,2,credit_card,2,63.25
6bc4d884c713e5a93fae26d2e3defe0f,1,credit_card,3,117.82
0ca768c507d1fc3c61bd950bb1c5231a,1,credit_card,1,112.52
66144189f7b5fbb4eb76eb513ac33a17,1,credit_card,6,349.95
3d668965eb89ea475911ce3364f73b07,1,boleto,1,100.64
021d08e4057e5b6414c8d2f69f4f72a0,1,credit_card,1,66.03
329465dad46fffab333860e92e7ac984,1,credit_card,3,224.98
e9555dc20eba7e4e62210df1f438ea00,1,credit_card,4,143.40
013bc5ce14f856d31efc8bebdc3a278f,1,credit_card,1,32.61
34ac523be174284d7b9df8e47bce2040,1,credit_card,2,108.12
7ca4e50d72a12009d398a335125b4871,1,credit_card,1,161.08
6d3130927406da969ab807821a93a65d,1,credit_card,3,54.96
ed79f88a78631eade029d1edbbe02881,1,credit_card,1,39.42
b51edc2e9375a9cc6fd96daf82dcfab8,1,boleto,1,38.41
75f1f96566e2fbecc5fe22dd4f16f8e8,1,credit_card,2,142.21
642b02cc49a41f1a1edfcad2d7222c3c,1,credit_card,4,506.87
984b006a1482a4e7916421a663b1e800,1,credit_card,1,125.99
b9b3a57801f2cb36617b727e256b4089,1,credit_card,7,70.79
72c1d87887d0b9a3965557013e74f543,1,credit_card,2,139.69
00042b26cf59d7ce69dfabb4e55b4fd9,1,credit_card,3,218.04
d3b59b9a0767514f777439a668f564b8,1,boleto,1,167.63
3c655487f0c8e34cde2c7b67de8f08cc,1,credit_card,4,121.05
032cf17f7a713287e46999fddea6051b,1,credit_card,4,110.92
0c995611a99f81268d859184a416f1db,1,credit_card,6,128.20
d3a49dd2f9c21558b7a82c8f076f6c1d,1,credit_card,8,665.70
3d24c492f9555a79d4d6fd3a22fbee1f,2,voucher,1,10.49
51fc12a7908ea200b269a6ecfb3e7740,1,boleto,1,30.96
a60c6548ab8ab949bbfce006f7b8a513,1,boleto,1,306.98
fd71c77a71b5d5d3107284571ec2e894,1,boleto,1,184.40
b174fa32929e4af3622213e835cfa84a,1,boleto,1,151.37
2e287cee637969033ec9ab49602e61ef,1,boleto,1,128.00
bb2dfe6031f35f7abc9a3c7dad5e4467,1,credit_card,8,651.84
4fb7f38042d214ada4d81cc23d228cc8,1,boleto,1,74.74
511812fa8f384ecf987128b77cdfbc18,1,credit_card,8,312.61
43f8e020752c67130ddf027e0297291a,1,credit_card,10,102.69
cd232b4fa3d7c031b04bc3d97e21344b,1,credit_card,1,76.25
91bcbd0102f5188ea47df5bcc83f3cad,1,boleto,1,227.90
b2f92b2f7047cd8b35580d629d7b3bfb,2,voucher,1,20.00
cf6264c37c96bc0cf63ebd0f9fba45da,1,credit_card,2,108.84
05a971ae7a83a0b371ae1b5bfc45514e,1,boleto,1,273.90
7764be5b6bee0dd95410f25abc0ecd6e,1,boleto,1,123.89
bbcec25aefec973dfa1b9499147fdf76,1,credit_card,2,425.07
e04f1da1f48bf2bbffcf57b9824f76e1,1,credit_card,7,76.19
fe2ac30768e07e362b649951cc625144,1,credit_card,1,93.72
1b694ef5b28d3e949a4f0ffeb2c9fcd6,1,boleto,1,18.62
c870c1f3a9ba62194d1060c0accb18dd,1,credit_card,1,56.03
b033a34245ae159e80dd599b3c5cb92f,1,credit_card,1,188.00
b08dfa6db006194a07108b6ff6330313,1,credit_card,2,81.00
e50cc13e9d831cb739ab84fe5d7fd249,1,credit_card,4,216.27
2e5dc86c8c4aa663549caf5e31de840d,1,boleto,1,299.92
338cd98c972c8d9b015759974ca7446c,1,boleto,1,64.42
9c0b834fc89f4dd70679baffe8bed38e,1,credit_card,2,186.46
02ff3675b59b53ca5cdcb2b6752aeea1,1,credit_card,3,69.54
2eed473a355a3965e5a3fbcea0ffa40d,1,boleto,1,66.51
0aaf52291c13507e7fe4f565f079ad9a,2,voucher,1,62.60
98e38b5d59b358aaf4d5a08ca9814883,1,credit_card,3,85.60
c022b7da8ab7a4a04bd561c8f765a14a,1,credit_card,1,194.00
c71cf183a3308543154b435e645f56d4,1,credit_card,8,530.01
c6522dab7d6b83ada4140b653c4db0b5,1,credit_card,2,135.30
d1922da6bb996e9c76dad9202618a7ca,1,credit_card,6,146.11
f4026d9ae34e982204b4f7b627939d32,1,credit_card,3,205.96
c7b2b75e4013ba825f8617a06936a014,1,boleto,1,201.83
4723d255a158f5b6c5a872264e3529c5,1,credit_card,4,68.72
bbd33e429ca683f6c4a848acdaab9f9a,1,credit_card,5,152.43
3aa779fc4b813797c16ac4f02fe808ec,1,credit_card,1,149.62
9ee391a01004a9f330f16ebf9f7f0966,1,boleto,1,137.99
6b07198fae1bb61de16e845a92fc876f,1,credit_card,1,150.89
09b38400b1601bc9dea9de02c710857f,1,boleto,1,60.42
6ece326e25f193d084e3dc092bbdd93b,1,credit_card,2,85.82
bd2623f3663c5daa3f89e6b527fd49da,1,credit_card,4,40.86
66f1a7baf73c12eb3af95058da54b6f8,1,credit_card,4,49.01
a41b16eb820cfb62112086ea0a18dee5,1,credit_card,3,79.52
8d9a9808c4a5546adb15d524d6ab2e91,1,credit_card,1,14.86
dbb31ed9185a040cb0e9c8fb4877e21f,1,boleto,1,79.22
9c40a111cc4f36ac3f23328139901312,1,boleto,1,60.95
83ca4ac8af7cb175c24225800f0e5abe,1,credit_card,4,81.78
c867dd64bd728f7a87d1c868c7c2c33f,2,voucher,1,20.00
14c06653b7d532679bdd383da5d8e0c8,1,credit_card,3,91.84
0927a4ea2d6af04c6e8a1aecd4f9951d,1,credit_card,2,146.01
cfec3311b95bf95d0d8d30e4ede143c8,1,boleto,1,730.34
1be5aa7ace982878dd1d68b4ed258127,1,credit_card,2,59.86
4b038a7f8dfc36755eca741381e379e3,1,credit_card,5,155.20
8c72f52f7655510c1ec81f3b9019c638,1,credit_card,5,419.06
b2f92b2f7047cd8b35580d629d7b3bfb,1,credit_card,1,31.21
f237e8ddc05a21386ec9441d40f8e09e,1,credit_card,1,4.75
c0c48daac5ca760ce57d4e500886dc56,1,credit_card,4,40.95
061a6c0d2222c7c9f49a21e108579b49,1,credit_card,1,94.63
6fb578cd2a36797ae65521816a678c1c,1,credit_card,1,54.11
aee92405acf40c19e4f73fb75727715d,1,credit_card,4,213.25
91c52e15672343c61768b4d10597eea8,1,credit_card,1,87.90
58c851c107a9a3e21e03a9e2a1951d12,1,credit_card,4,374.28
f5d54f3d6cc2c7125dc1de8888ce8975,1,boleto,1,121.84
d9a08faa201940dd3302f06944b5c739,1,credit_card,5,50.06
481f2db41ea6571226192db2b584fa6e,1,credit_card,2,45.49
e2ea01f68f92f0c55b08ca739af834b6,1,boleto,1,149.39
3ea870dceaaf86d0d1f024d34139d5a5,1,credit_card,1,36.96
bb9fd560a08ca7403789dedaca85da14,1,credit_card,3,217.30
1b2d622f7ebb8e65f7de3e389f052540,1,credit_card,4,51.93
c9bfa5aa446a8a2e13124ddcff398657,1,credit_card,1,69.54
e75011be2ec3dec23d2ed6757d35c792,1,credit_card,10,480.46
ca7d7c95b0f170aae8a2ee59e2f24f66,3,voucher,1,16.84
cd068e0974cffc5007e3b5dcb416da26,1,credit_card,8,222.33
7b177fcb9ffb753496f019d4ca317479,1,credit_card,5,184.85
6dfdc1eefc7a125d1bb81feb04a6c2e6,1,credit_card,4,116.90
d87efaa8a13d7d43b3464f49c528c787,1,credit_card,1,31.86
d01f0aba52a4d7b2cca8d7623538a434,1,credit_card,3,75.84
8a15d9098e2b9a4a791e07691801bd9f,1,credit_card,1,80.56
11769750147cf0a49a396b01ca004300,1,boleto,1,226.96
e7bbb39c507d08caa0aee263d3d6ca55,1,credit_card,4,201.58
bcb093f60b7e48f285bf92f681e65651,1,boleto,1,101.14
45ec58d30f2023e4dac16d956a657ddd,1,boleto,1,87.51
8a98b899923f5a4f37a74af5c8b1d774,1,credit_card,2,284.06
b78d95a93c70ace32ceafee76789a2f1,1,credit_card,4,210.48
e2eaf909eb6ba881117aa407992a5ffb,1,boleto,1,115.22
cda873529ca7ab71f677d5ec11a40304,1,credit_card,2,75.90
f237e8ddc05a21386ec9441d40f8e09e,3,voucher,1,11.12
b0f913cb83681e8a8563b96b641b3e1b,7,voucher,1,79.96
279976cba5252901895ff5af44890cca,1,boleto,1,577.00
0608991422469365a7b98644f2456aed,1,credit_card,10,243.72
ca7d7c95b0f170aae8a2ee59e2f24f66,1,voucher,1,20.00
2195712688ef03e20c8053de61c82493,1,credit_card,2,187.49
e3433a7caf6767057e8df08f1ac6d457,1,credit_card,8,87.13
acc3d4031cbd2f28ac6b5b71427a054c,1,credit_card,2,130.75
9b42f8813f6bfa620e0c91a4e132f2c0,1,credit_card,2,63.12
8a7f0e6d9767d52a05dd48229e24d766,1,credit_card,3,158.72
9980a5ade25fc8add3023440935ef36d,1,credit_card,6,609.24
5e24cd2a73451af2660215702f8abc57,1,boleto,1,230.57
4799c38fa3f9263d65b42c5f923538c6,1,credit_card,1,181.84
b3a60e4531d82485b6ed7c49ba266c66,1,credit_card,3,173.00
533e104c4193cf07d264603f7800fb71,1,credit_card,4,44.51
92fca7ed7b7df4695007bd7f227e3333,1,credit_card,1,52.57
1409fa8d66178147ed431573330397c0,1,credit_card,10,441.32
